Accident_Index;Location_Easting_OSGR;Location_Northing_OSGR;Longitude;Latitude;Police_Force;Accident_Severity;Number_of_Vehicles;Number_of_Casualties;Date;Day_of_Week;Time;Local_Authority_(District);Local_Authority_(Highway);1st_Road_Class;1st_Road_Number;Road_Type;Speed_limit;Junction_Detail;Junction_Control;2nd_Road_Class;2nd_Road_Number;Pedestrian_Crossing-Human_Control;Pedestrian_Crossing-Physical_Facilities;Light_Conditions;Weather_Conditions;Road_Surface_Conditions;Special_Conditions_at_Site;Carriageway_Hazards;Urban_or_Rural_Area;Did_Police_Officer_Attend_Scene_of_Accident;LSOA_of_Accident_Location;Vehicle_Reference_x;Casualty_Reference;Casualty_Class;Sex_of_Casualty;Age_of_Casualty;Age_Band_of_Casualty;Casualty_Severity;Pedestrian_Location;Pedestrian_Movement;Car_Passenger;Bus_or_Coach_Passenger;Pedestrian_Road_Maintenance_Worker;Casualty_Type;Casualty_Home_Area_Type;Casualty_IMD_Decile;Vehicle_Reference_y;Vehicle_Type;Towing_and_Articulation;Vehicle_Manoeuvre;Vehicle_Location-Restricted_Lane;Junction_Location;Skidding_and_Overturning;Hit_Object_in_Carriageway;Vehicle_Leaving_Carriageway;Hit_Object_off_Carriageway;1st_Point_of_Impact;Was_Vehicle_Left_Hand_Drive?;Journey_Purpose_of_Driver;Sex_of_Driver;Age_of_Driver;Age_Band_of_Driver;Engine_Capacity_(CC);Propulsion_Code;Age_of_Vehicle;Driver_IMD_Decile;Driver_Home_Area_Type;Vehicle_IMD_Decile
2019010155257;505349;183202;-0.482399;51.537901;Metropolitan Police;Slight;2;3;01/01/2019;Tuesday;11:20;Hillingdon;Hillingdon;A;408;Single carriageway;30 MPH;Crossroads;Auto traffic signal;C;0;None within 50 metres ;Pedestrian phase at traffic signal junction;Daylight;Fine no high winds;Dry;None;None;Urban;Yes;E01033724;2;3;Passenger;Female;17;4;Slight;Not a Pedestrian;Not a Pedestrian;Front seat passenger;Not a bus or coach passenger;No / Not applicable;9;Cyclist;More deprived 20-30%;2;Car;No tow/articulation;Going ahead other;On main c'way - not in restricted lane;Mid Junction - on roundabout or on main road;None;None;Did not leave carriageway;None;Front;1;Not known;Female;25;21 - 25;-1;-1;-1;3;Urban area;3
2019010155263;538972;171167;-0.00261;51.422484;Metropolitan Police;Serious;2;1;01/01/2019;Tuesday;13:48;Lewisham;Lewisham;A;21;Single carriageway;30 MPH;T or staggered junction;Give way or uncontrolled;Unclassified;0;None within 50 metres ;No physical crossing facilities within 50 metres;Daylight;Fine no high winds;Dry;None;None;Urban;Yes;E01003243;1;1;Driver or rider;Male;20;4;Serious;Not a Pedestrian;Not a Pedestrian;Not car passenger;Not a bus or coach passenger;No / Not applicable;4;Cyclist;More deprived 30-40%;1;Motorcycle over 125cc and up to 500cc;No tow/articulation;Slowing or stopping;On main c'way - not in restricted lane;Approaching junction or waiting/parked at junction approach;None;None;Did not leave carriageway;None;Front;1;Not known;Male;20;16 - 20;-1;-1;-1;4;Urban area;4
2019010155263;538972;171167;-0.00261;51.422484;Metropolitan Police;Serious;2;1;01/01/2019;Tuesday;13:48;Lewisham;Lewisham;A;21;Single carriageway;30 MPH;T or staggered junction;Give way or uncontrolled;Unclassified;0;None within 50 metres ;No physical crossing facilities within 50 metres;Daylight;Fine no high winds;Dry;None;None;Urban;Yes;E01003243;1;1;Driver or rider;Male;20;4;Serious;Not a Pedestrian;Not a Pedestrian;Not car passenger;Not a bus or coach passenger;No / Not applicable;4;Cyclist;More deprived 30-40%;2;Car;No tow/articulation;Turning right;On main c'way - not in restricted lane;Mid Junction - on roundabout or on main road;None;None;Did not leave carriageway;None;Offside;1;Not known;Male;58;56 - 65;-1;-1;-1;9;Urban area;9
2019010155276;519377;184736;-0.279706;51.548898;Metropolitan Police;Serious;2;1;01/01/2019;Tuesday;16:39;Brent;Brent;A;404;Single carriageway;30 MPH;T or staggered junction;Give way or uncontrolled;A;404;None within 50 metres ;No physical crossing facilities within 50 metres;Darkness - lights unlit;Fine no high winds;Wet or damp;None;None;Urban;Yes;E01000620;2;1;Driver or rider;Male;65;9;Serious;Not a Pedestrian;Not a Pedestrian;Not car passenger;Not a bus or coach passenger;No / Not applicable;5;-1;Data missing or out of range;1;Car;No tow/articulation;Turning left;On main c'way - not in restricted lane;Leaving main road;None;None;Did not leave carriageway;None;Nearside;1;Not known;Male;52;46 - 55;-1;-1;-1;-1;Data missing or out of range;-1
2019010155276;519377;184736;-0.279706;51.548898;Metropolitan Police;Serious;2;1;01/01/2019;Tuesday;16:39;Brent;Brent;A;404;Single carriageway;30 MPH;T or staggered junction;Give way or uncontrolled;A;404;None within 50 metres ;No physical crossing facilities within 50 metres;Darkness - lights unlit;Fine no high winds;Wet or damp;None;None;Urban;Yes;E01000620;2;1;Driver or rider;Male;65;9;Serious;Not a Pedestrian;Not a Pedestrian;Not car passenger;Not a bus or coach passenger;No / Not applicable;5;-1;Data missing or out of range;2;Motorcycle over 500cc;No tow/articulation;Going ahead other;Bus lane;Approaching junction or waiting/parked at junction approach;Skidded;None;Did not leave carriageway;None;Offside;1;Not known;Male;65;56 - 65;-1;-1;-1;-1;Data missing or out of range;-1
2019010155282;537560;182299;-0.018574;51.522863;Metropolitan Police;Serious;2;1;01/01/2019;Tuesday;17:37;Tower Hamlets;Tower Hamlets;C;0;Single carriageway;20 MPH;Not at junction or within 20 metres;Data missing or out of range;-1;0;Control by school crossing patrol;Pelican, puffin, toucan or similar non-junction pedestrian light crossing;Darkness - lights lit;Fine no high winds;Dry;None;None;Urban;Yes;E01004239;2;1;Driver or rider;Male;12;3;Serious;Not a Pedestrian;Not a Pedestrian;Not car passenger;Not a bus or coach passenger;No / Not applicable;1;Cyclist;More deprived 10-20%;1;Car;No tow/articulation;Going ahead other;On main c'way - not in restricted lane;Not at or within 20 metres of junction;None;None;Did not leave carriageway;None;Front;1;Not known;Male;23;21 - 25;-1;-1;-1;2;Urban area;2
2019010155282;537560;182299;-0.018574;51.522863;Metropolitan Police;Serious;2;1;01/01/2019;Tuesday;17:37;Tower Hamlets;Tower Hamlets;C;0;Single carriageway;20 MPH;Not at junction or within 20 metres;Data missing or out of range;-1;0;Control by school crossing patrol;Pelican, puffin, toucan or similar non-junction pedestrian light crossing;Darkness - lights lit;Fine no high winds;Dry;None;None;Urban;Yes;E01004239;2;1;Driver or rider;Male;12;3;Serious;Not a Pedestrian;Not a Pedestrian;Not car passenger;Not a bus or coach passenger;No / Not applicable;1;Cyclist;More deprived 10-20%;2;Pedal cycle;No tow/articulation;Going ahead other;On main c'way - not in restricted lane;Not at or within 20 metres of junction;None;None;Did not leave carriageway;None;Back;1;Not known;Male;12;11 - 15;-1;-1;-1;2;Urban area;2
2019010155284;534595;181757;-0.061492;51.518706;Metropolitan Police;Slight;2;1;01/01/2019;Tuesday;06:15;Tower Hamlets;Tower Hamlets;A;11;Single carriageway;20 MPH;Other junction;Data missing or out of range;Unclassified;0;None within 50 metres ;Data missing or out of range;Darkness - lighting unknown;Fine no high winds;Dry;None;None;Urban;No - accident was reported using a self completion  form (self rep only);E01004322;1;1;Driver or rider;Male;47;8;Slight;Not a Pedestrian;Not a Pedestrian;Not car passenger;Not a bus or coach passenger;No / Not applicable;5;Cyclist;Less deprived 20-30%;1;Motorcycle over 500cc;No tow/articulation;Data missing or out of range;Data missing or out of range;Data missing or out of range;Data missing or out of range;Data missing or out of range;Data missing or out of range;Data missing or out of range;Data missing or out of range;1;Commuting to/from work;Male;47;46 - 55;-1;-1;-1;8;Urban area;8
2019010155284;534595;181757;-0.061492;51.518706;Metropolitan Police;Slight;2;1;01/01/2019;Tuesday;06:15;Tower Hamlets;Tower Hamlets;A;11;Single carriageway;20 MPH;Other junction;Data missing or out of range;Unclassified;0;None within 50 metres ;Data missing or out of range;Darkness - lighting unknown;Fine no high winds;Dry;None;None;Urban;No - accident was reported using a self completion  form (self rep only);E01004322;1;1;Driver or rider;Male;47;8;Slight;Not a Pedestrian;Not a Pedestrian;Not car passenger;Not a bus or coach passenger;No / Not applicable;5;Cyclist;Less deprived 20-30%;2;Car;Data missing or out of range;Data missing or out of range;Data missing or out of range;Data missing or out of range;Data missing or out of range;Data missing or out of range;Data missing or out of range;Data missing or out of range;Data missing or out of range;-1;Not known;Not known;-1;Data missing or out of range;-1;-1;-1;-1;Data missing or out of range;-1
2019010155294;526033;177533;-0.186335;51.482719;Metropolitan Police;Slight;2;1;01/01/2019;Tuesday;17:51;Kensington and Chelsea;Kensington and Chelsea;A;304;Single carriageway;30 MPH;T or staggered junction;Give way or uncontrolled;Unclassified;0;None within 50 metres ;No physical crossing facilities within 50 metres;Darkness - lights lit;Fine no high winds;Dry;None;None;Urban;Yes;E01002912;2;1;Passenger;Female;36;7;Slight;Not a Pedestrian;Not a Pedestrian;Front seat passenger;Not a bus or coach passenger;No / Not applicable;9;Cyclist;Less deprived 10-20%;1;Car;No tow/articulation;Slowing or stopping;On main c'way - not in restricted lane;Approaching junction or waiting/parked at junction approach;None;None;Did not leave carriageway;None;Nearside;1;Not known;Female;35;26 - 35;-1;-1;-1;7;Urban area;7
2019010155294;526033;177533;-0.186335;51.482719;Metropolitan Police;Slight;2;1;01/01/2019;Tuesday;17:51;Kensington and Chelsea;Kensington and Chelsea;A;304;Single carriageway;30 MPH;T or staggered junction;Give way or uncontrolled;Unclassified;0;None within 50 metres ;No physical crossing facilities within 50 metres;Darkness - lights lit;Fine no high winds;Dry;None;None;Urban;Yes;E01002912;2;1;Passenger;Female;36;7;Slight;Not a Pedestrian;Not a Pedestrian;Front seat passenger;Not a bus or coach passenger;No / Not applicable;9;Cyclist;Less deprived 10-20%;2;Car;No tow/articulation;Turning right;On main c'way - not in restricted lane;Entering main road;None;None;Did not leave carriageway;None;Front;1;Not known;Male;31;26 - 35;-1;-1;-1;9;Urban area;9
2019010155297;523656;175151;-0.221382;51.461835;Metropolitan Police;Slight;1;1;01/01/2019;Tuesday;12:00;Wandsworth;Wandsworth;A;205;Single carriageway;30 MPH;Not at junction or within 20 metres;Data missing or out of range;-1;0;None within 50 metres ;No physical crossing facilities within 50 metres;Daylight;Fine no high winds;Dry;None;None;Urban;Yes;E01004506;1;1;Pedestrian;Male;33;6;Slight;On footway or verge;Unknown or other;Not car passenger;Not a bus or coach passenger;No / Not applicable;0;Cyclist;Less deprived 20-30%;1;Car;No tow/articulation;Going ahead other;Footway (pavement);Not at or within 20 metres of junction;None;None;Did not leave carriageway;None;Front;1;Not known;Female;31;26 - 35;-1;-1;-1;10;Urban area;10
2019010155298;547724;187222;0.129889;51.564533;Metropolitan Police;Slight;2;1;01/01/2019;Tuesday;18:07;Barking and Dagenham;Barking and Dagenham;C;0;Dual carriageway;30 MPH;Crossroads;Give way or uncontrolled;Unclassified;0;None within 50 metres ;No physical crossing facilities within 50 metres;Darkness - lights lit;Fine no high winds;Dry;None;None;Urban;Yes;E01000097;2;1;Driver or rider;Male;35;6;Slight;Not a Pedestrian;Not a Pedestrian;Not car passenger;Not a bus or coach passenger;No / Not applicable;9;Cyclist;More deprived 20-30%;1;Car;No tow/articulation;Going ahead other;On main c'way - not in restricted lane;Approaching junction or waiting/parked at junction approach;None;None;Did not leave carriageway;None;Front;1;Not known;Male;42;36 - 45;-1;-1;-1;8;Urban area;8
2019010155298;547724;187222;0.129889;51.564533;Metropolitan Police;Slight;2;1;01/01/2019;Tuesday;18:07;Barking and Dagenham;Barking and Dagenham;C;0;Dual carriageway;30 MPH;Crossroads;Give way or uncontrolled;Unclassified;0;None within 50 metres ;No physical crossing facilities within 50 metres;Darkness - lights lit;Fine no high winds;Dry;None;None;Urban;Yes;E01000097;2;1;Driver or rider;Male;35;6;Slight;Not a Pedestrian;Not a Pedestrian;Not car passenger;Not a bus or coach passenger;No / Not applicable;9;Cyclist;More deprived 20-30%;2;Car;No tow/articulation;Going ahead other;On main c'way - not in restricted lane;Approaching junction or waiting/parked at junction approach;None;None;Did not leave carriageway;None;Nearside;1;Not known;Male;35;26 - 35;-1;-1;-1;3;Urban area;3
2019010155301;531513;160055;-0.113933;51.3244;Metropolitan Police;Slight;2;1;01/01/2019;Tuesday;21:15;Croydon;Croydon;Unclassified;0;Single carriageway;20 MPH;Not at junction or within 20 metres;Data missing or out of range;-1;0;None within 50 metres ;No physical crossing facilities within 50 metres;Darkness - lights lit;Fine no high winds;Dry;None;None;Urban;Yes;E01001067;2;1;Driver or rider;Male;42;7;Slight;Not a Pedestrian;Not a Pedestrian;Not car passenger;Not a bus or coach passenger;No / Not applicable;1;Cyclist;More deprived 20-30%;1;Car;No tow/articulation;Turning right;On main c'way - not in restricted lane;Not at or within 20 metres of junction;None;None;Did not leave carriageway;None;Nearside;1;Journey as part of work;Male;41;36 - 45;-1;-1;-1;9;Urban area;9
2019010155301;531513;160055;-0.113933;51.3244;Metropolitan Police;Slight;2;1;01/01/2019;Tuesday;21:15;Croydon;Croydon;Unclassified;0;Single carriageway;20 MPH;Not at junction or within 20 metres;Data missing or out of range;-1;0;None within 50 metres ;No physical crossing facilities within 50 metres;Darkness - lights lit;Fine no high winds;Dry;None;None;Urban;Yes;E01001067;2;1;Driver or rider;Male;42;7;Slight;Not a Pedestrian;Not a Pedestrian;Not car passenger;Not a bus or coach passenger;No / Not applicable;1;Cyclist;More deprived 20-30%;2;Pedal cycle;No tow/articulation;Going ahead right-hand bend;On main c'way - not in restricted lane;Not at or within 20 metres of junction;None;None;Did not leave carriageway;None;Front;1;Not known;Male;42;36 - 45;-1;-1;-1;3;Urban area;3
2019010155302;538343;180659;-0.007938;51.507935;Metropolitan Police;Slight;2;1;01/01/2019;Tuesday;20:39;Tower Hamlets;Tower Hamlets;A;1206;Roundabout;40 MPH;Roundabout;Give way or uncontrolled;A;1261;None within 50 metres ;No physical crossing facilities within 50 metres;Darkness - lights lit;Fine no high winds;Dry;None;None;Urban;Yes;E01004219;1;1;Passenger;Female;45;7;Slight;Not a Pedestrian;Not a Pedestrian;Not car passenger;Seated passenger;No / Not applicable;11;Cyclist;More deprived 30-40%;1;Bus or coach (17 or more pass seats);No tow/articulation;Going ahead other;On main c'way - not in restricted lane;Entering roundabout;None;None;Did not leave carriageway;None;Front;1;Journey as part of work;Male;41;36 - 45;-1;-1;-1;1;Urban area;1
2019010155302;538343;180659;-0.007938;51.507935;Metropolitan Police;Slight;2;1;01/01/2019;Tuesday;20:39;Tower Hamlets;Tower Hamlets;A;1206;Roundabout;40 MPH;Roundabout;Give way or uncontrolled;A;1261;None within 50 metres ;No physical crossing facilities within 50 metres;Darkness - lights lit;Fine no high winds;Dry;None;None;Urban;Yes;E01004219;1;1;Passenger;Female;45;7;Slight;Not a Pedestrian;Not a Pedestrian;Not car passenger;Seated passenger;No / Not applicable;11;Cyclist;More deprived 30-40%;2;Car;No tow/articulation;Going ahead other;On main c'way - not in restricted lane;Entering from slip road;None;Any animal (except ridden horse);Did not leave carriageway;None;Front;1;Not known;Not known;-1;Data missing or out of range;-1;-1;-1;-1;Data missing or out of range;-1
2019010155303;535945;182215;-0.041871;51.522499;Metropolitan Police;Slight;2;3;01/01/2019;Tuesday;01:00;Tower Hamlets;Tower Hamlets;A;11;Dual carriageway;30 MPH;Crossroads;Data missing or out of range;C;0;Data missing or out of range;Pedestrian phase at traffic signal junction;Darkness - lights lit;Fine no high winds;Dry;None;None;Urban;No - accident was reported using a self completion  form (self rep only);E01004261;1;1;Driver or rider;Female;49;8;Slight;Not a Pedestrian;Not a Pedestrian;Not car passenger;Not a bus or coach passenger;No / Not applicable;9;Cyclist;More deprived 10-20%;1;Car;No tow/articulation;Data missing or out of range;Data missing or out of range;Data missing or out of range;Data missing or out of range;Data missing or out of range;Data missing or out of range;Data missing or out of range;Back;-1;Not known;Female;49;46 - 55;-1;-1;-1;2;Urban area;2
2019010155303;535945;182215;-0.041871;51.522499;Metropolitan Police;Slight;2;3;01/01/2019;Tuesday;01:00;Tower Hamlets;Tower Hamlets;A;11;Dual carriageway;30 MPH;Crossroads;Data missing or out of range;C;0;Data missing or out of range;Pedestrian phase at traffic signal junction;Darkness - lights lit;Fine no high winds;Dry;None;None;Urban;No - accident was reported using a self completion  form (self rep only);E01004261;1;1;Driver or rider;Female;49;8;Slight;Not a Pedestrian;Not a Pedestrian;Not car passenger;Not a bus or coach passenger;No / Not applicable;9;Cyclist;More deprived 10-20%;2;Car;No tow/articulation;Data missing or out of range;On main c'way - not in restricted lane;Data missing or out of range;None;None;Did not leave carriageway;None;Front;1;Not known;Male;-1;Data missing or out of range;-1;-1;-1;-1;Data missing or out of range;-1
2019010155303;535945;182215;-0.041871;51.522499;Metropolitan Police;Slight;2;3;01/01/2019;Tuesday;01:00;Tower Hamlets;Tower Hamlets;A;11;Dual carriageway;30 MPH;Crossroads;Data missing or out of range;C;0;Data missing or out of range;Pedestrian phase at traffic signal junction;Darkness - lights lit;Fine no high winds;Dry;None;None;Urban;No - accident was reported using a self completion  form (self rep only);E01004261;1;2;Passenger;Female;Data missing or out of range;-1;Slight;Not a Pedestrian;Not a Pedestrian;Rear seat passenger;Not a bus or coach passenger;No / Not applicable;9;Cyclist;More deprived 10-20%;1;Car;No tow/articulation;Data missing or out of range;Data missing or out of range;Data missing or out of range;Data missing or out of range;Data missing or out of range;Data missing or out of range;Data missing or out of range;Back;-1;Not known;Female;49;46 - 55;-1;-1;-1;2;Urban area;2
2019010155303;535945;182215;-0.041871;51.522499;Metropolitan Police;Slight;2;3;01/01/2019;Tuesday;01:00;Tower Hamlets;Tower Hamlets;A;11;Dual carriageway;30 MPH;Crossroads;Data missing or out of range;C;0;Data missing or out of range;Pedestrian phase at traffic signal junction;Darkness - lights lit;Fine no high winds;Dry;None;None;Urban;No - accident was reported using a self completion  form (self rep only);E01004261;1;2;Passenger;Female;Data missing or out of range;-1;Slight;Not a Pedestrian;Not a Pedestrian;Rear seat passenger;Not a bus or coach passenger;No / Not applicable;9;Cyclist;More deprived 10-20%;2;Car;No tow/articulation;Data missing or out of range;On main c'way - not in restricted lane;Data missing or out of range;None;None;Did not leave carriageway;None;Front;1;Not known;Male;-1;Data missing or out of range;-1;-1;-1;-1;Data missing or out of range;-1
2019010155303;535945;182215;-0.041871;51.522499;Metropolitan Police;Slight;2;3;01/01/2019;Tuesday;01:00;Tower Hamlets;Tower Hamlets;A;11;Dual carriageway;30 MPH;Crossroads;Data missing or out of range;C;0;Data missing or out of range;Pedestrian phase at traffic signal junction;Darkness - lights lit;Fine no high winds;Dry;None;None;Urban;No - accident was reported using a self completion  form (self rep only);E01004261;1;3;Passenger;Male;Data missing or out of range;-1;Slight;Not a Pedestrian;Not a Pedestrian;Rear seat passenger;Not a bus or coach passenger;No / Not applicable;9;Cyclist;More deprived 10-20%;1;Car;No tow/articulation;Data missing or out of range;Data missing or out of range;Data missing or out of range;Data missing or out of range;Data missing or out of range;Data missing or out of range;Data missing or out of range;Back;-1;Not known;Female;49;46 - 55;-1;-1;-1;2;Urban area;2
2019010155303;535945;182215;-0.041871;51.522499;Metropolitan Police;Slight;2;3;01/01/2019;Tuesday;01:00;Tower Hamlets;Tower Hamlets;A;11;Dual carriageway;30 MPH;Crossroads;Data missing or out of range;C;0;Data missing or out of range;Pedestrian phase at traffic signal junction;Darkness - lights lit;Fine no high winds;Dry;None;None;Urban;No - accident was reported using a self completion  form (self rep only);E01004261;1;3;Passenger;Male;Data missing or out of range;-1;Slight;Not a Pedestrian;Not a Pedestrian;Rear seat passenger;Not a bus or coach passenger;No / Not applicable;9;Cyclist;More deprived 10-20%;2;Car;No tow/articulation;Data missing or out of range;On main c'way - not in restricted lane;Data missing or out of range;None;None;Did not leave carriageway;None;Front;1;Not known;Male;-1;Data missing or out of range;-1;-1;-1;-1;Data missing or out of range;-1
2019010155305;533854;182488;-0.071888;51.525452;Metropolitan Police;Slight;2;1;01/01/2019;Tuesday;19:53;Tower Hamlets;Tower Hamlets;C;0;Single carriageway;20 MPH;Crossroads;Give way or uncontrolled;Unclassified;0;None within 50 metres ;No physical crossing facilities within 50 metres;Darkness - lights lit;Fine no high winds;Dry;None;None;Urban;Yes;E01004315;1;1;Driver or rider;Male;32;6;Slight;Not a Pedestrian;Not a Pedestrian;Not car passenger;Not a bus or coach passenger;No / Not applicable;4;Cyclist;More deprived 10-20%;1;Motorcycle over 125cc and up to 500cc;No tow/articulation;Slowing or stopping;On main c'way - not in restricted lane;Mid Junction - on roundabout or on main road;None;None;Did not leave carriageway;None;Front;1;Journey as part of work;Male;32;26 - 35;-1;-1;-1;2;Urban area;2
2019010155305;533854;182488;-0.071888;51.525452;Metropolitan Police;Slight;2;1;01/01/2019;Tuesday;19:53;Tower Hamlets;Tower Hamlets;C;0;Single carriageway;20 MPH;Crossroads;Give way or uncontrolled;Unclassified;0;None within 50 metres ;No physical crossing facilities within 50 metres;Darkness - lights lit;Fine no high winds;Dry;None;None;Urban;Yes;E01004315;1;1;Driver or rider;Male;32;6;Slight;Not a Pedestrian;Not a Pedestrian;Not car passenger;Not a bus or coach passenger;No / Not applicable;4;Cyclist;More deprived 10-20%;2;Car;No tow/articulation;Going ahead other;On main c'way - not in restricted lane;Mid Junction - on roundabout or on main road;None;None;Did not leave carriageway;None;Offside;1;Not known;Not known;-1;Data missing or out of range;-1;-1;-1;3;Urban area;3
2019010155306;536731;187414;-0.02853;51.569029;Metropolitan Police;Slight;2;1;01/01/2019;Tuesday;17:42;Waltham Forest;Waltham Forest;A;104;Single carriageway;20 MPH;Private drive or entrance;Give way or uncontrolled;Unclassified;0;None within 50 metres ;Pedestrian phase at traffic signal junction;Darkness - lights lit;Fine no high winds;Dry;None;None;Urban;Yes;E01004427;2;1;Driver or rider;Male;44;7;Slight;Not a Pedestrian;Not a Pedestrian;Not car passenger;Not a bus or coach passenger;No / Not applicable;1;Cyclist;More deprived 10-20%;1;Car;No tow/articulation;Turning left;Cycle lane (on main carriageway);Cleared junction or waiting/parked at junction exit;None;None;Did not leave carriageway;None;Did not impact;1;Not known;Female;49;46 - 55;-1;-1;-1;6;Urban area;6
2019010155306;536731;187414;-0.02853;51.569029;Metropolitan Police;Slight;2;1;01/01/2019;Tuesday;17:42;Waltham Forest;Waltham Forest;A;104;Single carriageway;20 MPH;Private drive or entrance;Give way or uncontrolled;Unclassified;0;None within 50 metres ;Pedestrian phase at traffic signal junction;Darkness - lights lit;Fine no high winds;Dry;None;None;Urban;Yes;E01004427;2;1;Driver or rider;Male;44;7;Slight;Not a Pedestrian;Not a Pedestrian;Not car passenger;Not a bus or coach passenger;No / Not applicable;1;Cyclist;More deprived 10-20%;2;Pedal cycle;No tow/articulation;Going ahead other;Cycle lane (on main carriageway);Cleared junction or waiting/parked at junction exit;Skidded and overturned;None;Did not leave carriageway;None;Front;1;Not known;Male;44;36 - 45;-1;-1;-1;2;Urban area;2
2019010155310;521954;178846;-0.244596;51.495412;Metropolitan Police;Slight;2;1;01/01/2019;Tuesday;19:35;Hammersmith and Fulham;Hammersmith and Fulham;Unclassified;0;Single carriageway;30 MPH;T or staggered junction;Give way or uncontrolled;A;402;None within 50 metres ;No physical crossing facilities within 50 metres;Darkness - lights lit;Fine no high winds;Dry;None;None;Urban;Yes;E01001931;2;1;Driver or rider;Male;17;4;Slight;Not a Pedestrian;Not a Pedestrian;Not car passenger;Not a bus or coach passenger;No / Not applicable;3;Cyclist;Less deprived 10-20%;1;Car;No tow/articulation;Turning right;On main c'way - not in restricted lane;Entering main road;None;None;Did not leave carriageway;None;Offside;1;Not known;Male;55;46 - 55;-1;-1;-1;3;Urban area;3
2019010155310;521954;178846;-0.244596;51.495412;Metropolitan Police;Slight;2;1;01/01/2019;Tuesday;19:35;Hammersmith and Fulham;Hammersmith and Fulham;Unclassified;0;Single carriageway;30 MPH;T or staggered junction;Give way or uncontrolled;A;402;None within 50 metres ;No physical crossing facilities within 50 metres;Darkness - lights lit;Fine no high winds;Dry;None;None;Urban;Yes;E01001931;2;1;Driver or rider;Male;17;4;Slight;Not a Pedestrian;Not a Pedestrian;Not car passenger;Not a bus or coach passenger;No / Not applicable;3;Cyclist;Less deprived 10-20%;2;Motorcycle 125cc and under;No tow/articulation;Going ahead other;On main c'way - not in restricted lane;Approaching junction or waiting/parked at junction approach;None;None;Did not leave carriageway;None;Front;1;Journey as part of work;Male;17;16 - 20;-1;-1;-1;9;Urban area;9
2019010155312;535643;199838;-0.039412;51.680934;Metropolitan Police;Slight;3;1;01/01/2019;Tuesday;18:51;Enfield;Enfield;A;105;Single carriageway;30 MPH;T or staggered junction;Give way or uncontrolled;Unclassified;0;None within 50 metres ;No physical crossing facilities within 50 metres;Darkness - lights lit;Fine no high winds;Dry;None;None;Urban;Yes;E01001552;1;1;Driver or rider;Female;49;8;Slight;Not a Pedestrian;Not a Pedestrian;Not car passenger;Not a bus or coach passenger;No / Not applicable;9;Cyclist;More deprived 20-30%;1;Car;No tow/articulation;Going ahead other;On main c'way - not in restricted lane;Approaching junction or waiting/parked at junction approach;None;None;Did not leave carriageway;None;Offside;1;Journey as part of work;Female;49;46 - 55;-1;-1;-1;3;Urban area;3
2019010155312;535643;199838;-0.039412;51.680934;Metropolitan Police;Slight;3;1;01/01/2019;Tuesday;18:51;Enfield;Enfield;A;105;Single carriageway;30 MPH;T or staggered junction;Give way or uncontrolled;Unclassified;0;None within 50 metres ;No physical crossing facilities within 50 metres;Darkness - lights lit;Fine no high winds;Dry;None;None;Urban;Yes;E01001552;1;1;Driver or rider;Female;49;8;Slight;Not a Pedestrian;Not a Pedestrian;Not car passenger;Not a bus or coach passenger;No / Not applicable;9;Cyclist;More deprived 20-30%;2;Car;No tow/articulation;Turning right;On main c'way - not in restricted lane;Approaching junction or waiting/parked at junction approach;None;None;Did not leave carriageway;None;Front;1;Not known;Male;48;46 - 55;-1;-1;-1;2;Urban area;2
2019010155312;535643;199838;-0.039412;51.680934;Metropolitan Police;Slight;3;1;01/01/2019;Tuesday;18:51;Enfield;Enfield;A;105;Single carriageway;30 MPH;T or staggered junction;Give way or uncontrolled;Unclassified;0;None within 50 metres ;No physical crossing facilities within 50 metres;Darkness - lights lit;Fine no high winds;Dry;None;None;Urban;Yes;E01001552;1;1;Driver or rider;Female;49;8;Slight;Not a Pedestrian;Not a Pedestrian;Not car passenger;Not a bus or coach passenger;No / Not applicable;9;Cyclist;More deprived 20-30%;3;Car;No tow/articulation;Waiting to go - held up;On main c'way - not in restricted lane;Approaching junction or waiting/parked at junction approach;None;None;Did not leave carriageway;None;Front;1;Not known;Male;39;36 - 45;-1;-1;-1;-1;Data missing or out of range;-1
2019010155315;525844;173963;-0.190325;51.450676;Metropolitan Police;Slight;2;1;01/01/2019;Tuesday;18:09;Wandsworth;Wandsworth;A;217;Single carriageway;30 MPH;T or staggered junction;Give way or uncontrolled;Unclassified;0;None within 50 metres ;No physical crossing facilities within 50 metres;Darkness - lights lit;Fine no high winds;Dry;None;None;Urban;Yes;E01004494;2;1;Driver or rider;Male;33;6;Slight;Not a Pedestrian;Not a Pedestrian;Not car passenger;Not a bus or coach passenger;No / Not applicable;3;Cyclist;Less deprived 30-40%;1;Car;No tow/articulation;Moving off;On main c'way - not in restricted lane;Entering main road;None;None;Nearside;None;Front;1;Not known;Male;40;36 - 45;-1;-1;-1;3;Urban area;3
2019010155315;525844;173963;-0.190325;51.450676;Metropolitan Police;Slight;2;1;01/01/2019;Tuesday;18:09;Wandsworth;Wandsworth;A;217;Single carriageway;30 MPH;T or staggered junction;Give way or uncontrolled;Unclassified;0;None within 50 metres ;No physical crossing facilities within 50 metres;Darkness - lights lit;Fine no high winds;Dry;None;None;Urban;Yes;E01004494;2;1;Driver or rider;Male;33;6;Slight;Not a Pedestrian;Not a Pedestrian;Not car passenger;Not a bus or coach passenger;No / Not applicable;3;Cyclist;Less deprived 30-40%;2;Motorcycle 125cc and under;No tow/articulation;Overtaking static vehicle - offside;On main c'way - not in restricted lane;Cleared junction or waiting/parked at junction exit;None;None;Did not leave carriageway;None;Front;1;Journey as part of work;Male;33;26 - 35;-1;-1;-1;7;Urban area;7