Accident_Index;Location_Easting_OSGR;Location_Northing_OSGR;Longitude;Latitude;Police_Force;Accident_Severity;Number_of_Vehicles;Number_of_Casualties;Date;Day_of_Week;Time;Local_Authority_(District);Local_Authority_(Highway);1st_Road_Class;1st_Road_Number;Road_Type;Speed_limit;Junction_Detail;Junction_Control;2nd_Road_Class;2nd_Road_Number;Pedestrian_Crossing-Human_Control;Pedestrian_Crossing-Physical_Facilities;Light_Conditions;Weather_Conditions;Road_Surface_Conditions;Special_Conditions_at_Site;Carriageway_Hazards;Urban_or_Rural_Area;Did_Police_Officer_Attend_Scene_of_Accident;LSOA_of_Accident_Location;Vehicle_Reference_x;Casualty_Reference;Casualty_Class;Sex_of_Casualty;Age_of_Casualty;Age_Band_of_Casualty;Casualty_Severity;Pedestrian_Location;Pedestrian_Movement;Car_Passenger;Bus_or_Coach_Passenger;Pedestrian_Road_Maintenance_Worker;Casualty_Type;Casualty_Home_Area_Type;Casualty_IMD_Decile;Vehicle_Reference_y;Vehicle_Type;Towing_and_Articulation;Vehicle_Manoeuvre;Vehicle_Location-Restricted_Lane;Junction_Location;Skidding_and_Overturning;Hit_Object_in_Carriageway;Vehicle_Leaving_Carriageway;Hit_Object_off_Carriageway;1st_Point_of_Impact;Was_Vehicle_Left_Hand_Drive?;Journey_Purpose_of_Driver;Sex_of_Driver;Age_of_Driver;Age_Band_of_Driver;Engine_Capacity_(CC);Propulsion_Code;Age_of_Vehicle;Driver_IMD_Decile;Driver_Home_Area_Type;Vehicle_IMD_Decile
2019010155321;534956;182937;-0.055841;51.529224;Metropolitan Police;Slight;2;1;01/01/2019;Tuesday;23:47;Tower Hamlets;Tower Hamlets;A;107;Single carriageway;30 MPH;T or staggered junction;Auto traffic signal;B;118;None within 50 metres ;No physical crossing facilities within 50 metres;Darkness - lights lit;Fine no high winds;Dry;None;None;Urban;Yes;E01004203;1;1;Driver or rider;Female;38;7;Slight;Not a Pedestrian;Not a Pedestrian;Not car passenger;Not a bus or coach passenger;No / Not applicable;9;-1;Data missing or out of range;1;Car;No tow/articulation;Turning right;On main c'way - not in restricted lane;Entering main road;None;None;Did not leave carriageway;None;Offside;1;Not known;Female;38;36 - 45;-1;-1;-1;-1;Data missing or out of range;-1
2019010155321;534956;182937;-0.055841;51.529224;Metropolitan Police;Slight;2;1;01/01/2019;Tuesday;23:47;Tower Hamlets;Tower Hamlets;A;107;Single carriageway;30 MPH;T or staggered junction;Auto traffic signal;B;118;None within 50 metres ;No physical crossing facilities within 50 metres;Darkness - lights lit;Fine no high winds;Dry;None;None;Urban;Yes;E01004203;1;1;Driver or rider;Female;38;7;Slight;Not a Pedestrian;Not a Pedestrian;Not car passenger;Not a bus or coach passenger;No / Not applicable;9;-1;Data missing or out of range;2;Car;No tow/articulation;Going ahead other;On main c'way - not in restricted lane;Approaching junction or waiting/parked at junction approach;None;None;Did not leave carriageway;None;Front;1;Not known;Not known;-1;Data missing or out of range;-1;-1;-1;-1;Data missing or out of range;-1
2019010155325;538912;175173;-0.001902;51.458497;Metropolitan Police;Slight;1;2;01/01/2019;Tuesday;18:51;Lewisham;Lewisham;A;20;Single carriageway;30 MPH;Other junction;Give way or uncontrolled;Unclassified;0;None within 50 metres ;No physical crossing facilities within 50 metres;Darkness - lights lit;Fine no high winds;Dry;None;None;Urban;Yes;E01003282;1;1;Driver or rider;Male;44;7;Slight;Not a Pedestrian;Not a Pedestrian;Not car passenger;Not a bus or coach passenger;No / Not applicable;5;Cyclist;More deprived 10-20%;1;Motorcycle over 500cc;No tow/articulation;Going ahead other;On main c'way - not in restricted lane;Cleared junction or waiting/parked at junction exit;None;Kerb;Did not leave carriageway;None;Front;1;Not known;Male;44;36 - 45;-1;-1;-1;2;Urban area;2
2019010155325;538912;175173;-0.001902;51.458497;Metropolitan Police;Slight;1;2;01/01/2019;Tuesday;18:51;Lewisham;Lewisham;A;20;Single carriageway;30 MPH;Other junction;Give way or uncontrolled;Unclassified;0;None within 50 metres ;No physical crossing facilities within 50 metres;Darkness - lights lit;Fine no high winds;Dry;None;None;Urban;Yes;E01003282;1;2;Passenger;Female;46;8;Slight;Not a Pedestrian;Not a Pedestrian;Not car passenger;Not a bus or coach passenger;No / Not applicable;5;Cyclist;More deprived 10-20%;1;Motorcycle over 500cc;No tow/articulation;Going ahead other;On main c'way - not in restricted lane;Cleared junction or waiting/parked at junction exit;None;Kerb;Did not leave carriageway;None;Front;1;Not known;Male;44;36 - 45;-1;-1;-1;2;Urban area;2
2019010155334;512229;176100;-0.385498;51.472743;Metropolitan Police;Slight;1;1;01/01/2019;Tuesday;23:43;Hounslow;Hounslow;A;3006;Single carriageway;30 MPH;T or staggered junction;Give way or uncontrolled;Unclassified;0;None within 50 metres ;Pelican, puffin, toucan or similar non-junction pedestrian light crossing;Darkness - lights lit;Fine no high winds;Dry;None;None;Urban;Yes;E01002624;1;1;Pedestrian;Female;21;5;Slight;Crossing on pedestrian crossing facility;Crossing from driver's offside;Not car passenger;Not a bus or coach passenger;No / Not applicable;0;-1;Data missing or out of range;1;Car;No tow/articulation;Going ahead other;On main c'way - not in restricted lane;Cleared junction or waiting/parked at junction exit;None;None;Did not leave carriageway;None;Offside;1;Journey as part of work;Male;22;21 - 25;-1;-1;-1;3;Urban area;3
2019010155341;542813;185954;0.058572;51.554403;Metropolitan Police;Slight;2;1;02/01/2019;Wednesday;07:20;Newham;Newham;A;118;Single carriageway;30 MPH;Crossroads;Auto traffic signal;B;165;None within 50 metres ;Pedestrian phase at traffic signal junction;Darkness - lights lit;Fine no high winds;Dry;None;None;Urban;Yes;E01003576;2;1;Driver or rider;Male;42;7;Slight;Not a Pedestrian;Not a Pedestrian;Not car passenger;Not a bus or coach passenger;No / Not applicable;9;Cyclist;More deprived 10-20%;1;Bus or coach (17 or more pass seats);No tow/articulation;Moving off;On main c'way - not in restricted lane;Cleared junction or waiting/parked at junction exit;None;None;Did not leave carriageway;None;Nearside;1;Journey as part of work;Male;66;66 - 75;-1;-1;-1;9;Urban area;9
2019010155341;542813;185954;0.058572;51.554403;Metropolitan Police;Slight;2;1;02/01/2019;Wednesday;07:20;Newham;Newham;A;118;Single carriageway;30 MPH;Crossroads;Auto traffic signal;B;165;None within 50 metres ;Pedestrian phase at traffic signal junction;Darkness - lights lit;Fine no high winds;Dry;None;None;Urban;Yes;E01003576;2;1;Driver or rider;Male;42;7;Slight;Not a Pedestrian;Not a Pedestrian;Not car passenger;Not a bus or coach passenger;No / Not applicable;9;Cyclist;More deprived 10-20%;2;Car;No tow/articulation;Overtaking moving vehicle - offside;On main c'way - not in restricted lane;Cleared junction or waiting/parked at junction exit;None;Bollard or refuge;Nearside;Road sign or traffic signal;Nearside;1;Commuting to/from work;Male;42;36 - 45;-1;-1;-1;2;Urban area;2
2019010155351;538877;165180;-0.006315;51.368707;Metropolitan Police;Slight;2;1;01/01/2019;Tuesday;06:45;Bromley;Bromley;C;0;Single carriageway;30 MPH;Not at junction or within 20 metres;Data missing or out of range;-1;0;Data missing or out of range;Data missing or out of range;Daylight;Fine no high winds;Dry;Data missing or out of range;Data missing or out of range;Urban;No - accident was reported using a self completion  form (self rep only);E01000840;1;1;Driver or rider;Male;37;7;Slight;Not a Pedestrian;Not a Pedestrian;Not car passenger;Not a bus or coach passenger;No / Not applicable;8;-1;Data missing or out of range;1;Taxi/Private hire car;No tow/articulation;Data missing or out of range;Data missing or out of range;Not at or within 20 metres of junction;Data missing or out of range;Data missing or out of range;Data missing or out of range;Data missing or out of range;Data missing or out of range;-1;Not known;Male;37;36 - 45;-1;-1;-1;-1;Data missing or out of range;-1
2019010155351;538877;165180;-0.006315;51.368707;Metropolitan Police;Slight;2;1;01/01/2019;Tuesday;06:45;Bromley;Bromley;C;0;Single carriageway;30 MPH;Not at junction or within 20 metres;Data missing or out of range;-1;0;Data missing or out of range;Data missing or out of range;Daylight;Fine no high winds;Dry;Data missing or out of range;Data missing or out of range;Urban;No - accident was reported using a self completion  form (self rep only);E01000840;1;1;Driver or rider;Male;37;7;Slight;Not a Pedestrian;Not a Pedestrian;Not car passenger;Not a bus or coach passenger;No / Not applicable;8;-1;Data missing or out of range;2;Car;No tow/articulation;Data missing or out of range;Data missing or out of range;Not at or within 20 metres of junction;Data missing or out of range;Data missing or out of range;Data missing or out of range;Data missing or out of range;Front;-1;Not known;Not known;-1;Data missing or out of range;-1;-1;-1;-1;Data missing or out of range;-1
2019010155354;530436;177849;-0.122845;51.484561;Metropolitan Police;Slight;2;1;02/01/2019;Wednesday;07:10;Lambeth;Lambeth;A;203;Roundabout;30 MPH;Roundabout;Auto traffic signal;A;203;Data missing or out of range;Pedestrian phase at traffic signal junction;Darkness - lights lit;Fine no high winds;Dry;Data missing or out of range;Data missing or out of range;Urban;No - accident was reported using a self completion  form (self rep only);E01003102;1;1;Driver or rider;Female;25;5;Slight;Not a Pedestrian;Not a Pedestrian;Not car passenger;Not a bus or coach passenger;No / Not applicable;9;Motorcycle 125cc and under rider or passenger;Less deprived 10-20%;1;Car;No tow/articulation;Data missing or out of range;Data missing or out of range;Data missing or out of range;Data missing or out of range;Data missing or out of range;Data missing or out of range;Data missing or out of range;Back;-1;Commuting to/from work;Female;25;21 - 25;-1;-1;-1;9;Rural;9
2019010155354;530436;177849;-0.122845;51.484561;Metropolitan Police;Slight;2;1;02/01/2019;Wednesday;07:10;Lambeth;Lambeth;A;203;Roundabout;30 MPH;Roundabout;Auto traffic signal;A;203;Data missing or out of range;Pedestrian phase at traffic signal junction;Darkness - lights lit;Fine no high winds;Dry;Data missing or out of range;Data missing or out of range;Urban;No - accident was reported using a self completion  form (self rep only);E01003102;1;1;Driver or rider;Female;25;5;Slight;Not a Pedestrian;Not a Pedestrian;Not car passenger;Not a bus or coach passenger;No / Not applicable;9;Motorcycle 125cc and under rider or passenger;Less deprived 10-20%;2;Car;No tow/articulation;Data missing or out of range;Data missing or out of range;Data missing or out of range;Data missing or out of range;Data missing or out of range;Data missing or out of range;Data missing or out of range;Front;-1;Not known;Not known;-1;Data missing or out of range;-1;-1;-1;-1;Data missing or out of range;-1
2019010155363;540090;184870;0.018891;51.545345;Metropolitan Police;Slight;2;1;01/01/2019;Tuesday;17:00;Newham;Newham;A;118;Single carriageway;30 MPH;T or staggered junction;Data missing or out of range;Unclassified;0;None within 50 metres ;No physical crossing facilities within 50 metres;Darkness - lights lit;Fine no high winds;Dry;None;None;Urban;No - accident was reported using a self completion  form (self rep only);E01003551;1;1;Driver or rider;Male;40;7;Slight;Not a Pedestrian;Not a Pedestrian;Not car passenger;Not a bus or coach passenger;No / Not applicable;5;Cyclist;Less deprived 30-40%;1;Motorcycle over 500cc;No tow/articulation;Data missing or out of range;Data missing or out of range;Data missing or out of range;Data missing or out of range;Data missing or out of range;Data missing or out of range;Data missing or out of range;Front;1;Commuting to/from work;Male;40;36 - 45;-1;-1;-1;7;Urban area;7
2019010155363;540090;184870;0.018891;51.545345;Metropolitan Police;Slight;2;1;01/01/2019;Tuesday;17:00;Newham;Newham;A;118;Single carriageway;30 MPH;T or staggered junction;Data missing or out of range;Unclassified;0;None within 50 metres ;No physical crossing facilities within 50 metres;Darkness - lights lit;Fine no high winds;Dry;None;None;Urban;No - accident was reported using a self completion  form (self rep only);E01003551;1;1;Driver or rider;Male;40;7;Slight;Not a Pedestrian;Not a Pedestrian;Not car passenger;Not a bus or coach passenger;No / Not applicable;5;Cyclist;Less deprived 30-40%;2;Car;No tow/articulation;Data missing or out of range;Data missing or out of range;Data missing or out of range;Data missing or out of range;Data missing or out of range;Data missing or out of range;Data missing or out of range;Data missing or out of range;-1;Not known;Male;47;46 - 55;-1;-1;-1;3;Urban area;3
2019010155369;525956;179068;-0.186896;51.496531;Metropolitan Police;Slight;2;1;02/01/2019;Wednesday;10:48;Kensington and Chelsea;Kensington and Chelsea;Unclassified;0;Single carriageway;30 MPH;T or staggered junction;Give way or uncontrolled;Unclassified;0;None within 50 metres ;No physical crossing facilities within 50 metres;Daylight;Fine no high winds;Dry;None;None;Urban;Yes;E01002888;2;1;Driver or rider;Male;23;5;Slight;Not a Pedestrian;Not a Pedestrian;Not car passenger;Not a bus or coach passenger;No / Not applicable;1;Cyclist;More deprived 20-30%;1;Car;No tow/articulation;Slowing or stopping;On main c'way - not in restricted lane;Approaching junction or waiting/parked at junction approach;None;None;Did not leave carriageway;None;Front;1;Journey as part of work;Male;29;26 - 35;-1;-1;-1;6;Urban area;6
2019010155369;525956;179068;-0.186896;51.496531;Metropolitan Police;Slight;2;1;02/01/2019;Wednesday;10:48;Kensington and Chelsea;Kensington and Chelsea;Unclassified;0;Single carriageway;30 MPH;T or staggered junction;Give way or uncontrolled;Unclassified;0;None within 50 metres ;No physical crossing facilities within 50 metres;Daylight;Fine no high winds;Dry;None;None;Urban;Yes;E01002888;2;1;Driver or rider;Male;23;5;Slight;Not a Pedestrian;Not a Pedestrian;Not car passenger;Not a bus or coach passenger;No / Not applicable;1;Cyclist;More deprived 20-30%;2;Pedal cycle;No tow/articulation;Turning left;On main c'way - not in restricted lane;Mid Junction - on roundabout or on main road;None;None;Did not leave carriageway;None;Front;1;Not known;Male;23;21 - 25;-1;-1;-1;3;Urban area;3
2019010155371;546074;175929;0.101426;51.463489;Metropolitan Police;Slight;2;4;02/01/2019;Wednesday;10:48;Bexley;Bexley;A;207;Single carriageway;30 MPH;Not at junction or within 20 metres;Data missing or out of range;-1;0;None within 50 metres ;Pedestrian phase at traffic signal junction;Daylight;Fine no high winds;Dry;None;None;Urban;Yes;E01000414;1;1;Passenger;Male;3;1;Slight;Not a Pedestrian;Not a Pedestrian;Not car passenger;Seated passenger;No / Not applicable;11;Cyclist;More deprived 20-30%;1;Bus or coach (17 or more pass seats);No tow/articulation;Overtaking - nearside;On main c'way - not in restricted lane;Not at or within 20 metres of junction;None;None;Did not leave carriageway;None;Front;1;Journey as part of work;Male;55;46 - 55;-1;-1;-1;-1;Data missing or out of range;-1
2019010155371;546074;175929;0.101426;51.463489;Metropolitan Police;Slight;2;4;02/01/2019;Wednesday;10:48;Bexley;Bexley;A;207;Single carriageway;30 MPH;Not at junction or within 20 metres;Data missing or out of range;-1;0;None within 50 metres ;Pedestrian phase at traffic signal junction;Daylight;Fine no high winds;Dry;None;None;Urban;Yes;E01000414;1;1;Passenger;Male;3;1;Slight;Not a Pedestrian;Not a Pedestrian;Not car passenger;Seated passenger;No / Not applicable;11;Cyclist;More deprived 20-30%;2;Van / Goods 3.5 tonnes mgw or under;No tow/articulation;Moving off;On main c'way - not in restricted lane;Not at or within 20 metres of junction;None;None;Did not leave carriageway;None;Front;1;Not known;Not known;-1;Data missing or out of range;-1;-1;-1;-1;Data missing or out of range;-1
2019010155371;546074;175929;0.101426;51.463489;Metropolitan Police;Slight;2;4;02/01/2019;Wednesday;10:48;Bexley;Bexley;A;207;Single carriageway;30 MPH;Not at junction or within 20 metres;Data missing or out of range;-1;0;None within 50 metres ;Pedestrian phase at traffic signal junction;Daylight;Fine no high winds;Dry;None;None;Urban;Yes;E01000414;1;2;Passenger;Male;79;11;Slight;Not a Pedestrian;Not a Pedestrian;Not car passenger;Seated passenger;No / Not applicable;11;Cyclist;Less deprived 10-20%;1;Bus or coach (17 or more pass seats);No tow/articulation;Overtaking - nearside;On main c'way - not in restricted lane;Not at or within 20 metres of junction;None;None;Did not leave carriageway;None;Front;1;Journey as part of work;Male;55;46 - 55;-1;-1;-1;-1;Data missing or out of range;-1
2019010155371;546074;175929;0.101426;51.463489;Metropolitan Police;Slight;2;4;02/01/2019;Wednesday;10:48;Bexley;Bexley;A;207;Single carriageway;30 MPH;Not at junction or within 20 metres;Data missing or out of range;-1;0;None within 50 metres ;Pedestrian phase at traffic signal junction;Daylight;Fine no high winds;Dry;None;None;Urban;Yes;E01000414;1;2;Passenger;Male;79;11;Slight;Not a Pedestrian;Not a Pedestrian;Not car passenger;Seated passenger;No / Not applicable;11;Cyclist;Less deprived 10-20%;2;Van / Goods 3.5 tonnes mgw or under;No tow/articulation;Moving off;On main c'way - not in restricted lane;Not at or within 20 metres of junction;None;None;Did not leave carriageway;None;Front;1;Not known;Not known;-1;Data missing or out of range;-1;-1;-1;-1;Data missing or out of range;-1
2019010155371;546074;175929;0.101426;51.463489;Metropolitan Police;Slight;2;4;02/01/2019;Wednesday;10:48;Bexley;Bexley;A;207;Single carriageway;30 MPH;Not at junction or within 20 metres;Data missing or out of range;-1;0;None within 50 metres ;Pedestrian phase at traffic signal junction;Daylight;Fine no high winds;Dry;None;None;Urban;Yes;E01000414;1;3;Passenger;Female;78;11;Slight;Not a Pedestrian;Not a Pedestrian;Not car passenger;Seated passenger;No / Not applicable;11;Cyclist;Less deprived 10-20%;1;Bus or coach (17 or more pass seats);No tow/articulation;Overtaking - nearside;On main c'way - not in restricted lane;Not at or within 20 metres of junction;None;None;Did not leave carriageway;None;Front;1;Journey as part of work;Male;55;46 - 55;-1;-1;-1;-1;Data missing or out of range;-1
2019010155371;546074;175929;0.101426;51.463489;Metropolitan Police;Slight;2;4;02/01/2019;Wednesday;10:48;Bexley;Bexley;A;207;Single carriageway;30 MPH;Not at junction or within 20 metres;Data missing or out of range;-1;0;None within 50 metres ;Pedestrian phase at traffic signal junction;Daylight;Fine no high winds;Dry;None;None;Urban;Yes;E01000414;1;3;Passenger;Female;78;11;Slight;Not a Pedestrian;Not a Pedestrian;Not car passenger;Seated passenger;No / Not applicable;11;Cyclist;Less deprived 10-20%;2;Van / Goods 3.5 tonnes mgw or under;No tow/articulation;Moving off;On main c'way - not in restricted lane;Not at or within 20 metres of junction;None;None;Did not leave carriageway;None;Front;1;Not known;Not known;-1;Data missing or out of range;-1;-1;-1;-1;Data missing or out of range;-1
2019010155371;546074;175929;0.101426;51.463489;Metropolitan Police;Slight;2;4;02/01/2019;Wednesday;10:48;Bexley;Bexley;A;207;Single carriageway;30 MPH;Not at junction or within 20 metres;Data missing or out of range;-1;0;None within 50 metres ;Pedestrian phase at traffic signal junction;Daylight;Fine no high winds;Dry;None;None;Urban;Yes;E01000414;1;4;Passenger;Female;67;10;Slight;Not a Pedestrian;Not a Pedestrian;Not car passenger;Seated passenger;No / Not applicable;11;Cyclist;Less deprived 20-30%;1;Bus or coach (17 or more pass seats);No tow/articulation;Overtaking - nearside;On main c'way - not in restricted lane;Not at or within 20 metres of junction;None;None;Did not leave carriageway;None;Front;1;Journey as part of work;Male;55;46 - 55;-1;-1;-1;-1;Data missing or out of range;-1
2019010155371;546074;175929;0.101426;51.463489;Metropolitan Police;Slight;2;4;02/01/2019;Wednesday;10:48;Bexley;Bexley;A;207;Single carriageway;30 MPH;Not at junction or within 20 metres;Data missing or out of range;-1;0;None within 50 metres ;Pedestrian phase at traffic signal junction;Daylight;Fine no high winds;Dry;None;None;Urban;Yes;E01000414;1;4;Passenger;Female;67;10;Slight;Not a Pedestrian;Not a Pedestrian;Not car passenger;Seated passenger;No / Not applicable;11;Cyclist;Less deprived 20-30%;2;Van / Goods 3.5 tonnes mgw or under;No tow/articulation;Moving off;On main c'way - not in restricted lane;Not at or within 20 metres of junction;None;None;Did not leave carriageway;None;Front;1;Not known;Not known;-1;Data missing or out of range;-1;-1;-1;-1;Data missing or out of range;-1
2019010155376;547548;177673;0.123358;51.478778;Metropolitan Police;Slight;2;1;01/01/2019;Tuesday;17:25;Bexley;Bexley;C;0;Single carriageway;30 MPH;T or staggered junction;Give way or uncontrolled;C;0;None within 50 metres ;Pedestrian phase at traffic signal junction;Darkness - lights lit;Fine no high winds;Dry;None;None;Urban;No - accident was reported using a self completion  form (self rep only);E01001574;1;1;Driver or rider;Male;16;4;Slight;Not a Pedestrian;Not a Pedestrian;Not car passenger;Not a bus or coach passenger;No / Not applicable;2;Cyclist;More deprived 10-20%;1;Motorcycle 50cc and under;No tow/articulation;Data missing or out of range;Data missing or out of range;Data missing or out of range;Data missing or out of range;Data missing or out of range;Data missing or out of range;Data missing or out of range;Data missing or out of range;1;Not known;Male;16;16 - 20;-1;-1;-1;2;Urban area;2
2019010155376;547548;177673;0.123358;51.478778;Metropolitan Police;Slight;2;1;01/01/2019;Tuesday;17:25;Bexley;Bexley;C;0;Single carriageway;30 MPH;T or staggered junction;Give way or uncontrolled;C;0;None within 50 metres ;Pedestrian phase at traffic signal junction;Darkness - lights lit;Fine no high winds;Dry;None;None;Urban;No - accident was reported using a self completion  form (self rep only);E01001574;1;1;Driver or rider;Male;16;4;Slight;Not a Pedestrian;Not a Pedestrian;Not car passenger;Not a bus or coach passenger;No / Not applicable;2;Cyclist;More deprived 10-20%;2;Car;No tow/articulation;Data missing or out of range;Data missing or out of range;Data missing or out of range;Data missing or out of range;Data missing or out of range;Data missing or out of range;Data missing or out of range;Data missing or out of range;-1;Not known;Not known;-1;Data missing or out of range;-1;-1;-1;2;Urban area;2
2019010155389;547688;183579;0.127843;51.531809;Metropolitan Police;Slight;2;2;02/01/2019;Wednesday;10:20;Barking and Dagenham;Barking and Dagenham;A;13;Single carriageway;30 MPH;T or staggered junction;Give way or uncontrolled;A;13;None within 50 metres ;No physical crossing facilities within 50 metres;Daylight;Fine no high winds;Dry;None;None;Urban;Yes;E01000095;1;1;Driver or rider;Male;50;8;Slight;Not a Pedestrian;Not a Pedestrian;Not car passenger;Not a bus or coach passenger;No / Not applicable;9;Cyclist;More deprived 20-30%;1;Car;No tow/articulation;Slowing or stopping;On main c'way - not in restricted lane;Approaching junction or waiting/parked at junction approach;None;None;Did not leave carriageway;None;Offside;1;Journey as part of work;Male;50;46 - 55;-1;-1;-1;3;Urban area;3
2019010155389;547688;183579;0.127843;51.531809;Metropolitan Police;Slight;2;2;02/01/2019;Wednesday;10:20;Barking and Dagenham;Barking and Dagenham;A;13;Single carriageway;30 MPH;T or staggered junction;Give way or uncontrolled;A;13;None within 50 metres ;No physical crossing facilities within 50 metres;Daylight;Fine no high winds;Dry;None;None;Urban;Yes;E01000095;1;1;Driver or rider;Male;50;8;Slight;Not a Pedestrian;Not a Pedestrian;Not car passenger;Not a bus or coach passenger;No / Not applicable;9;Cyclist;More deprived 20-30%;2;Car;No tow/articulation;Moving off;On main c'way - not in restricted lane;Approaching junction or waiting/parked at junction approach;None;None;Did not leave carriageway;None;Front;1;Not known;Male;45;36 - 45;-1;-1;-1;-1;Data missing or out of range;-1
2019010155389;547688;183579;0.127843;51.531809;Metropolitan Police;Slight;2;2;02/01/2019;Wednesday;10:20;Barking and Dagenham;Barking and Dagenham;A;13;Single carriageway;30 MPH;T or staggered junction;Give way or uncontrolled;A;13;None within 50 metres ;No physical crossing facilities within 50 metres;Daylight;Fine no high winds;Dry;None;None;Urban;Yes;E01000095;1;2;Passenger;Male;21;5;Slight;Not a Pedestrian;Not a Pedestrian;Rear seat passenger;Not a bus or coach passenger;No / Not applicable;9;Cyclist;More deprived 10-20%;1;Car;No tow/articulation;Slowing or stopping;On main c'way - not in restricted lane;Approaching junction or waiting/parked at junction approach;None;None;Did not leave carriageway;None;Offside;1;Journey as part of work;Male;50;46 - 55;-1;-1;-1;3;Urban area;3
2019010155389;547688;183579;0.127843;51.531809;Metropolitan Police;Slight;2;2;02/01/2019;Wednesday;10:20;Barking and Dagenham;Barking and Dagenham;A;13;Single carriageway;30 MPH;T or staggered junction;Give way or uncontrolled;A;13;None within 50 metres ;No physical crossing facilities within 50 metres;Daylight;Fine no high winds;Dry;None;None;Urban;Yes;E01000095;1;2;Passenger;Male;21;5;Slight;Not a Pedestrian;Not a Pedestrian;Rear seat passenger;Not a bus or coach passenger;No / Not applicable;9;Cyclist;More deprived 10-20%;2;Car;No tow/articulation;Moving off;On main c'way - not in restricted lane;Approaching junction or waiting/parked at junction approach;None;None;Did not leave carriageway;None;Front;1;Not known;Male;45;36 - 45;-1;-1;-1;-1;Data missing or out of range;-1
2019010155400;517742;191177;-0.301117;51.60713;Metropolitan Police;Slight;2;1;01/01/2019;Tuesday;20:10;Harrow;Harrow;A;4140;Dual carriageway;30 MPH;Crossroads;Auto traffic signal;C;0;None within 50 metres ;Pedestrian phase at traffic signal junction;Darkness - lighting unknown;Fine no high winds;Dry;None;None;Urban;No - accident was reported using a self completion  form (self rep only);E01002110;1;1;Driver or rider;Male;25;5;Slight;Not a Pedestrian;Not a Pedestrian;Not car passenger;Not a bus or coach passenger;No / Not applicable;9;Cyclist;Less deprived 40-50%;1;Car;No tow/articulation;Data missing or out of range;Data missing or out of range;Data missing or out of range;Data missing or out of range;Data missing or out of range;Data missing or out of range;Data missing or out of range;Back;-1;Commuting to/from work;Male;25;21 - 25;-1;-1;-1;6;Urban area;6
2019010155400;517742;191177;-0.301117;51.60713;Metropolitan Police;Slight;2;1;01/01/2019;Tuesday;20:10;Harrow;Harrow;A;4140;Dual carriageway;30 MPH;Crossroads;Auto traffic signal;C;0;None within 50 metres ;Pedestrian phase at traffic signal junction;Darkness - lighting unknown;Fine no high winds;Dry;None;None;Urban;No - accident was reported using a self completion  form (self rep only);E01002110;1;1;Driver or rider;Male;25;5;Slight;Not a Pedestrian;Not a Pedestrian;Not car passenger;Not a bus or coach passenger;No / Not applicable;9;Cyclist;Less deprived 40-50%;2;Car;No tow/articulation;Data missing or out of range;Data missing or out of range;Data missing or out of range;Data missing or out of range;Data missing or out of range;Data missing or out of range;Data missing or out of range;Front;-1;Not known;Not known;-1;Data missing or out of range;-1;-1;-1;-1;Data missing or out of range;-1
2019010155402;527649;176054;-0.163609;51.469065;Metropolitan Police;Slight;2;1;02/01/2019;Wednesday;10:08;Wandsworth;Wandsworth;A;3220;Single carriageway;30 MPH;Other junction;Give way or uncontrolled;Unclassified;0;None within 50 metres ;No physical crossing facilities within 50 metres;Daylight;Fine no high winds;Dry;None;None;Urban;Yes;E01004534;1;1;Driver or rider;Male;30;6;Slight;Not a Pedestrian;Not a Pedestrian;Not car passenger;Not a bus or coach passenger;No / Not applicable;3;Cyclist;More deprived 30-40%;1;Motorcycle 125cc and under;No tow/articulation;Overtaking moving vehicle - offside;On main c'way - not in restricted lane;Approaching junction or waiting/parked at junction approach;None;None;Did not leave carriageway;None;Nearside;1;Not known;Male;30;26 - 35;-1;-1;-1;4;Urban area;4
2019010155402;527649;176054;-0.163609;51.469065;Metropolitan Police;Slight;2;1;02/01/2019;Wednesday;10:08;Wandsworth;Wandsworth;A;3220;Single carriageway;30 MPH;Other junction;Give way or uncontrolled;Unclassified;0;None within 50 metres ;No physical crossing facilities within 50 metres;Daylight;Fine no high winds;Dry;None;None;Urban;Yes;E01004534;1;1;Driver or rider;Male;30;6;Slight;Not a Pedestrian;Not a Pedestrian;Not car passenger;Not a bus or coach passenger;No / Not applicable;3;Cyclist;More deprived 30-40%;2;Taxi/Private hire car;No tow/articulation;Turning right;On main c'way - not in restricted lane;Leaving main road;None;None;Did not leave carriageway;None;Front;2;Journey as part of work;Male;44;36 - 45;-1;-1;-1;4;Urban area;4
2019010155409;533443;161885;-0.085565;51.340397;Metropolitan Police;Slight;2;2;02/01/2019;Wednesday;15:00;Croydon;Croydon;B;269;Single carriageway;30 MPH;Not at junction or within 20 metres;Data missing or out of range;-1;0;None within 50 metres ;No physical crossing facilities within 50 metres;Daylight;Fine no high winds;Dry;None;None;Urban;Yes;E01001108;1;1;Driver or rider;Male;60;9;Slight;Not a Pedestrian;Not a Pedestrian;Not car passenger;Not a bus or coach passenger;No / Not applicable;9;Cyclist;Less deprived 40-50%;1;Car;No tow/articulation;Going ahead other;On main c'way - not in restricted lane;Not at or within 20 metres of junction;None;None;Did not leave carriageway;None;Front;1;Commuting to/from work;Male;60;56 - 65;-1;-1;-1;6;Urban area;6