Accident_Index;Location_Easting_OSGR;Location_Northing_OSGR;Longitude;Latitude;Police_Force;Accident_Severity;Number_of_Vehicles;Number_of_Casualties;Date;Day_of_Week;Time;Local_Authority_(District);Local_Authority_(Highway);1st_Road_Class;1st_Road_Number;Road_Type;Speed_limit;Junction_Detail;Junction_Control;2nd_Road_Class;2nd_Road_Number;Pedestrian_Crossing-Human_Control;Pedestrian_Crossing-Physical_Facilities;Light_Conditions;Weather_Conditions;Road_Surface_Conditions;Special_Conditions_at_Site;Carriageway_Hazards;Urban_or_Rural_Area;Did_Police_Officer_Attend_Scene_of_Accident;LSOA_of_Accident_Location;Vehicle_Reference_x;Casualty_Reference;Casualty_Class;Sex_of_Casualty;Age_of_Casualty;Age_Band_of_Casualty;Casualty_Severity;Pedestrian_Location;Pedestrian_Movement;Car_Passenger;Bus_or_Coach_Passenger;Pedestrian_Road_Maintenance_Worker;Casualty_Type;Casualty_Home_Area_Type;Casualty_IMD_Decile;Vehicle_Reference_y;Vehicle_Type;Towing_and_Articulation;Vehicle_Manoeuvre;Vehicle_Location-Restricted_Lane;Junction_Location;Skidding_and_Overturning;Hit_Object_in_Carriageway;Vehicle_Leaving_Carriageway;Hit_Object_off_Carriageway;1st_Point_of_Impact;Was_Vehicle_Left_Hand_Drive?;Journey_Purpose_of_Driver;Sex_of_Driver;Age_of_Driver;Age_Band_of_Driver;Engine_Capacity_(CC);Propulsion_Code;Age_of_Vehicle;Driver_IMD_Decile;Driver_Home_Area_Type;Vehicle_IMD_Decile
2019010155567;529979;180310;-0.128517;51.506783;Metropolitan Police;Serious;1;1;03/01/2019;Thursday;10:45;Westminster;Westminster;C;0;Single carriageway;30 MPH;Not at junction or within 20 metres;Data missing or out of range;-1;0;None within 50 metres ;No physical crossing facilities within 50 metres;Daylight;Fine no high winds;Dry;None;None;Urban;Yes;E01004736;1;1;Driver or rider;Female;34;6;Serious;Not a Pedestrian;Not a Pedestrian;Not car passenger;Not a bus or coach passenger;No / Not applicable;1;Cyclist;More deprived 10-20%;1;Pedal cycle;No tow/articulation;Going ahead other;On main c'way - not in restricted lane;Not at or within 20 metres of junction;None;None;Did not leave carriageway;None;Did not impact;1;Not known;Female;34;26 - 35;-1;-1;-1;2;Urban area;2
2019010155576;527895;179556;-0.158802;51.500482;Metropolitan Police;Slight;1;1;03/01/2019;Thursday;10:40;Kensington and Chelsea;Kensington and Chelsea;Unclassified;0;One way street;30 MPH;Not at junction or within 20 metres;Data missing or out of range;-1;0;None within 50 metres ;No physical crossing facilities within 50 metres;Daylight;Fine no high winds;Dry;None;None;Urban;Yes;E01002818;1;1;Pedestrian;Male;27;6;Slight;In carriageway, not crossing;In carriageway, stationary - not crossing  (standing or playing);Not car passenger;Not a bus or coach passenger;No / Not applicable;0;-1;Data missing or out of range;1;Car;No tow/articulation;Going ahead other;On main c'way - not in restricted lane;Not at or within 20 metres of junction;None;None;Did not leave carriageway;None;Nearside;1;Journey as part of work;Male;39;36 - 45;-1;-1;-1;3;Urban area;3
2019010155582;542333;183969;0.050851;51.536687;Metropolitan Police;Slight;2;1;03/01/2019;Thursday;13:10;Newham;Newham;Unclassified;0;Roundabout;30 MPH;Not at junction or within 20 metres;Data missing or out of range;-1;0;None within 50 metres ;No physical crossing facilities within 50 metres;Daylight;Fine no high winds;Dry;None;None;Urban;Yes;E01003521;2;1;Passenger;Female;28;6;Slight;Not a Pedestrian;Not a Pedestrian;Front seat passenger;Not a bus or coach passenger;No / Not applicable;9;Cyclist;More deprived 20-30%;1;Car;No tow/articulation;Turning right;On main c'way - not in restricted lane;Not at or within 20 metres of junction;None;None;Did not leave carriageway;None;Offside;1;Not known;Male;36;36 - 45;-1;-1;-1;3;Urban area;3
2019010155582;542333;183969;0.050851;51.536687;Metropolitan Police;Slight;2;1;03/01/2019;Thursday;13:10;Newham;Newham;Unclassified;0;Roundabout;30 MPH;Not at junction or within 20 metres;Data missing or out of range;-1;0;None within 50 metres ;No physical crossing facilities within 50 metres;Daylight;Fine no high winds;Dry;None;None;Urban;Yes;E01003521;2;1;Passenger;Female;28;6;Slight;Not a Pedestrian;Not a Pedestrian;Front seat passenger;Not a bus or coach passenger;No / Not applicable;9;Cyclist;More deprived 20-30%;2;Car;No tow/articulation;Turning right;On main c'way - not in restricted lane;Not at or within 20 metres of junction;None;None;Did not leave carriageway;None;Front;1;Not known;Male;30;26 - 35;-1;-1;-1;3;Urban area;3
2019010155586;526477;178924;-0.179446;51.495121;Metropolitan Police;Slight;2;2;03/01/2019;Thursday;16:01;Kensington and Chelsea;Kensington and Chelsea;A;4;Single carriageway;30 MPH;T or staggered junction;Auto traffic signal;C;0;None within 50 metres ;Pelican, puffin, toucan or similar non-junction pedestrian light crossing;Darkness - lights unlit;Fine no high winds;Dry;None;None;Urban;Yes;E01002835;1;1;Passenger;Male;6;2;Slight;Not a Pedestrian;Not a Pedestrian;Rear seat passenger;Not a bus or coach passenger;No / Not applicable;9;Cyclist;Less deprived 20-30%;1;Car;No tow/articulation;Going ahead other;On main c'way - not in restricted lane;Mid Junction - on roundabout or on main road;None;None;Did not leave carriageway;None;Front;1;Not known;Female;41;36 - 45;-1;-1;-1;8;Urban area;8
2019010155586;526477;178924;-0.179446;51.495121;Metropolitan Police;Slight;2;2;03/01/2019;Thursday;16:01;Kensington and Chelsea;Kensington and Chelsea;A;4;Single carriageway;30 MPH;T or staggered junction;Auto traffic signal;C;0;None within 50 metres ;Pelican, puffin, toucan or similar non-junction pedestrian light crossing;Darkness - lights unlit;Fine no high winds;Dry;None;None;Urban;Yes;E01002835;1;1;Passenger;Male;6;2;Slight;Not a Pedestrian;Not a Pedestrian;Rear seat passenger;Not a bus or coach passenger;No / Not applicable;9;Cyclist;Less deprived 20-30%;2;Taxi/Private hire car;No tow/articulation;Going ahead other;On main c'way - not in restricted lane;Mid Junction - on roundabout or on main road;None;None;Did not leave carriageway;None;Back;1;Not known;Male;53;46 - 55;-1;-1;-1;3;Urban area;3
2019010155586;526477;178924;-0.179446;51.495121;Metropolitan Police;Slight;2;2;03/01/2019;Thursday;16:01;Kensington and Chelsea;Kensington and Chelsea;A;4;Single carriageway;30 MPH;T or staggered junction;Auto traffic signal;C;0;None within 50 metres ;Pelican, puffin, toucan or similar non-junction pedestrian light crossing;Darkness - lights unlit;Fine no high winds;Dry;None;None;Urban;Yes;E01002835;2;2;Driver or rider;Male;53;8;Slight;Not a Pedestrian;Not a Pedestrian;Not car passenger;Not a bus or coach passenger;No / Not applicable;8;Cyclist;More deprived 20-30%;1;Car;No tow/articulation;Going ahead other;On main c'way - not in restricted lane;Mid Junction - on roundabout or on main road;None;None;Did not leave carriageway;None;Front;1;Not known;Female;41;36 - 45;-1;-1;-1;8;Urban area;8
2019010155586;526477;178924;-0.179446;51.495121;Metropolitan Police;Slight;2;2;03/01/2019;Thursday;16:01;Kensington and Chelsea;Kensington and Chelsea;A;4;Single carriageway;30 MPH;T or staggered junction;Auto traffic signal;C;0;None within 50 metres ;Pelican, puffin, toucan or similar non-junction pedestrian light crossing;Darkness - lights unlit;Fine no high winds;Dry;None;None;Urban;Yes;E01002835;2;2;Driver or rider;Male;53;8;Slight;Not a Pedestrian;Not a Pedestrian;Not car passenger;Not a bus or coach passenger;No / Not applicable;8;Cyclist;More deprived 20-30%;2;Taxi/Private hire car;No tow/articulation;Going ahead other;On main c'way - not in restricted lane;Mid Junction - on roundabout or on main road;None;None;Did not leave carriageway;None;Back;1;Not known;Male;53;46 - 55;-1;-1;-1;3;Urban area;3
2019010155601;527414;182102;-0.164808;51.523471;Metropolitan Police;Serious;3;2;03/01/2019;Thursday;17:20;Westminster;Westminster;Unclassified;0;Single carriageway;30 MPH;T or staggered junction;Give way or uncontrolled;Unclassified;0;None within 50 metres ;No physical crossing facilities within 50 metres;Darkness - lights lit;Fine no high winds;Dry;None;None;Urban;Yes;E01004659;1;1;Driver or rider;Male;25;5;Serious;Not a Pedestrian;Not a Pedestrian;Not car passenger;Not a bus or coach passenger;No / Not applicable;9;Cyclist;Most deprived 10%;1;Car;No tow/articulation;Going ahead other;On main c'way - not in restricted lane;Approaching junction or waiting/parked at junction approach;None;None;Nearside;Wall or fence;Front;1;Not known;Male;25;21 - 25;-1;-1;-1;1;Urban area;1
2019010155601;527414;182102;-0.164808;51.523471;Metropolitan Police;Serious;3;2;03/01/2019;Thursday;17:20;Westminster;Westminster;Unclassified;0;Single carriageway;30 MPH;T or staggered junction;Give way or uncontrolled;Unclassified;0;None within 50 metres ;No physical crossing facilities within 50 metres;Darkness - lights lit;Fine no high winds;Dry;None;None;Urban;Yes;E01004659;1;1;Driver or rider;Male;25;5;Serious;Not a Pedestrian;Not a Pedestrian;Not car passenger;Not a bus or coach passenger;No / Not applicable;9;Cyclist;Most deprived 10%;2;Car;No tow/articulation;U-turn;On main c'way - not in restricted lane;Approaching junction or waiting/parked at junction approach;None;None;Did not leave carriageway;None;Front;1;Not known;Male;62;56 - 65;-1;-1;-1;10;Small town;10
2019010155601;527414;182102;-0.164808;51.523471;Metropolitan Police;Serious;3;2;03/01/2019;Thursday;17:20;Westminster;Westminster;Unclassified;0;Single carriageway;30 MPH;T or staggered junction;Give way or uncontrolled;Unclassified;0;None within 50 metres ;No physical crossing facilities within 50 metres;Darkness - lights lit;Fine no high winds;Dry;None;None;Urban;Yes;E01004659;1;1;Driver or rider;Male;25;5;Serious;Not a Pedestrian;Not a Pedestrian;Not car passenger;Not a bus or coach passenger;No / Not applicable;9;Cyclist;Most deprived 10%;3;Car;No tow/articulation;Parked;On main c'way - not in restricted lane;Approaching junction or waiting/parked at junction approach;None;None;Did not leave carriageway;None;Offside;1;Not known;Not known;-1;Data missing or out of range;-1;-1;-1;-1;Data missing or out of range;-1
2019010155601;527414;182102;-0.164808;51.523471;Metropolitan Police;Serious;3;2;03/01/2019;Thursday;17:20;Westminster;Westminster;Unclassified;0;Single carriageway;30 MPH;T or staggered junction;Give way or uncontrolled;Unclassified;0;None within 50 metres ;No physical crossing facilities within 50 metres;Darkness - lights lit;Fine no high winds;Dry;None;None;Urban;Yes;E01004659;2;2;Driver or rider;Male;62;9;Slight;Not a Pedestrian;Not a Pedestrian;Not car passenger;Not a bus or coach passenger;No / Not applicable;9;Motorcycle 50cc and under rider or passenger;Least deprived 10%;1;Car;No tow/articulation;Going ahead other;On main c'way - not in restricted lane;Approaching junction or waiting/parked at junction approach;None;None;Nearside;Wall or fence;Front;1;Not known;Male;25;21 - 25;-1;-1;-1;1;Urban area;1
2019010155601;527414;182102;-0.164808;51.523471;Metropolitan Police;Serious;3;2;03/01/2019;Thursday;17:20;Westminster;Westminster;Unclassified;0;Single carriageway;30 MPH;T or staggered junction;Give way or uncontrolled;Unclassified;0;None within 50 metres ;No physical crossing facilities within 50 metres;Darkness - lights lit;Fine no high winds;Dry;None;None;Urban;Yes;E01004659;2;2;Driver or rider;Male;62;9;Slight;Not a Pedestrian;Not a Pedestrian;Not car passenger;Not a bus or coach passenger;No / Not applicable;9;Motorcycle 50cc and under rider or passenger;Least deprived 10%;2;Car;No tow/articulation;U-turn;On main c'way - not in restricted lane;Approaching junction or waiting/parked at junction approach;None;None;Did not leave carriageway;None;Front;1;Not known;Male;62;56 - 65;-1;-1;-1;10;Small town;10
2019010155601;527414;182102;-0.164808;51.523471;Metropolitan Police;Serious;3;2;03/01/2019;Thursday;17:20;Westminster;Westminster;Unclassified;0;Single carriageway;30 MPH;T or staggered junction;Give way or uncontrolled;Unclassified;0;None within 50 metres ;No physical crossing facilities within 50 metres;Darkness - lights lit;Fine no high winds;Dry;None;None;Urban;Yes;E01004659;2;2;Driver or rider;Male;62;9;Slight;Not a Pedestrian;Not a Pedestrian;Not car passenger;Not a bus or coach passenger;No / Not applicable;9;Motorcycle 50cc and under rider or passenger;Least deprived 10%;3;Car;No tow/articulation;Parked;On main c'way - not in restricted lane;Approaching junction or waiting/parked at junction approach;None;None;Did not leave carriageway;None;Offside;1;Not known;Not known;-1;Data missing or out of range;-1;-1;-1;-1;Data missing or out of range;-1
2019010155602;548322;172820;0.13246;51.43497;Metropolitan Police;Slight;2;1;03/01/2019;Thursday;16:29;Bexley;Bexley;Unclassified;0;Single carriageway;30 MPH;T or staggered junction;Give way or uncontrolled;Unclassified;0;None within 50 metres ;No physical crossing facilities within 50 metres;Darkness - lights lit;Fine no high winds;Dry;None;None;Urban;Yes;E01000387;1;1;Driver or rider;Male;18;4;Slight;Not a Pedestrian;Not a Pedestrian;Not car passenger;Not a bus or coach passenger;No / Not applicable;3;Cyclist;More deprived 20-30%;1;Motorcycle 125cc and under;No tow/articulation;Going ahead other;On main c'way - not in restricted lane;Cleared junction or waiting/parked at junction exit;None;None;Did not leave carriageway;None;Nearside;1;Not known;Male;18;16 - 20;-1;-1;-1;3;Urban area;3
2019010155602;548322;172820;0.13246;51.43497;Metropolitan Police;Slight;2;1;03/01/2019;Thursday;16:29;Bexley;Bexley;Unclassified;0;Single carriageway;30 MPH;T or staggered junction;Give way or uncontrolled;Unclassified;0;None within 50 metres ;No physical crossing facilities within 50 metres;Darkness - lights lit;Fine no high winds;Dry;None;None;Urban;Yes;E01000387;1;1;Driver or rider;Male;18;4;Slight;Not a Pedestrian;Not a Pedestrian;Not car passenger;Not a bus or coach passenger;No / Not applicable;3;Cyclist;More deprived 20-30%;2;Car;No tow/articulation;U-turn;On main c'way - not in restricted lane;Mid Junction - on roundabout or on main road;None;None;Did not leave carriageway;None;Offside;1;Not known;Female;50;46 - 55;-1;-1;-1;3;Urban area;3
2019010155611;534240;176740;-0.068514;51.473706;Metropolitan Police;Slight;2;2;03/01/2019;Thursday;18:15;Southwark;Southwark;A;202;Single carriageway;30 MPH;T or staggered junction;Data missing or out of range;B;215;None within 50 metres ;Pedestrian phase at traffic signal junction;Daylight;Other;Dry;None;None;Urban;No - accident was reported using a self completion  form (self rep only);E01004067;1;1;Passenger;Female;Data missing or out of range;-1;Slight;Not a Pedestrian;Not a Pedestrian;Rear seat passenger;Not a bus or coach passenger;No / Not applicable;9;Cyclist;More deprived 30-40%;1;Car;No tow/articulation;Data missing or out of range;Data missing or out of range;Data missing or out of range;Data missing or out of range;Data missing or out of range;Data missing or out of range;Data missing or out of range;Back;-1;Not known;Female;-1;Data missing or out of range;-1;-1;-1;7;Urban area;7
2019010155611;534240;176740;-0.068514;51.473706;Metropolitan Police;Slight;2;2;03/01/2019;Thursday;18:15;Southwark;Southwark;A;202;Single carriageway;30 MPH;T or staggered junction;Data missing or out of range;B;215;None within 50 metres ;Pedestrian phase at traffic signal junction;Daylight;Other;Dry;None;None;Urban;No - accident was reported using a self completion  form (self rep only);E01004067;1;1;Passenger;Female;Data missing or out of range;-1;Slight;Not a Pedestrian;Not a Pedestrian;Rear seat passenger;Not a bus or coach passenger;No / Not applicable;9;Cyclist;More deprived 30-40%;2;Car;No tow/articulation;Data missing or out of range;Data missing or out of range;Data missing or out of range;Data missing or out of range;Data missing or out of range;Data missing or out of range;Data missing or out of range;Front;-1;Not known;Not known;-1;Data missing or out of range;-1;-1;-1;-1;Data missing or out of range;-1
2019010155611;534240;176740;-0.068514;51.473706;Metropolitan Police;Slight;2;2;03/01/2019;Thursday;18:15;Southwark;Southwark;A;202;Single carriageway;30 MPH;T or staggered junction;Data missing or out of range;B;215;None within 50 metres ;Pedestrian phase at traffic signal junction;Daylight;Other;Dry;None;None;Urban;No - accident was reported using a self completion  form (self rep only);E01004067;1;2;Passenger;Female;Data missing or out of range;-1;Slight;Not a Pedestrian;Not a Pedestrian;Rear seat passenger;Not a bus or coach passenger;No / Not applicable;9;Cyclist;Less deprived 30-40%;1;Car;No tow/articulation;Data missing or out of range;Data missing or out of range;Data missing or out of range;Data missing or out of range;Data missing or out of range;Data missing or out of range;Data missing or out of range;Back;-1;Not known;Female;-1;Data missing or out of range;-1;-1;-1;7;Urban area;7
2019010155611;534240;176740;-0.068514;51.473706;Metropolitan Police;Slight;2;2;03/01/2019;Thursday;18:15;Southwark;Southwark;A;202;Single carriageway;30 MPH;T or staggered junction;Data missing or out of range;B;215;None within 50 metres ;Pedestrian phase at traffic signal junction;Daylight;Other;Dry;None;None;Urban;No - accident was reported using a self completion  form (self rep only);E01004067;1;2;Passenger;Female;Data missing or out of range;-1;Slight;Not a Pedestrian;Not a Pedestrian;Rear seat passenger;Not a bus or coach passenger;No / Not applicable;9;Cyclist;Less deprived 30-40%;2;Car;No tow/articulation;Data missing or out of range;Data missing or out of range;Data missing or out of range;Data missing or out of range;Data missing or out of range;Data missing or out of range;Data missing or out of range;Front;-1;Not known;Not known;-1;Data missing or out of range;-1;-1;-1;-1;Data missing or out of range;-1
2019010155613;537138;177689;-0.026445;51.481539;Metropolitan Police;Slight;2;1;03/01/2019;Thursday;17:00;Lewisham;Lewisham;A;2209;Single carriageway;30 MPH;T or staggered junction;Give way or uncontrolled;A;200;None within 50 metres ;No physical crossing facilities within 50 metres;Darkness - lights lit;Fine no high winds;Dry;None;None;Urban;Yes;E01003253;1;1;Driver or rider;Male;13;3;Slight;Not a Pedestrian;Not a Pedestrian;Not car passenger;Not a bus or coach passenger;No / Not applicable;1;Cyclist;More deprived 30-40%;1;Pedal cycle;No tow/articulation;Moving off;On main c'way - not in restricted lane;Approaching junction or waiting/parked at junction approach;None;None;Did not leave carriageway;None;Offside;1;Not known;Male;13;11 - 15;-1;-1;-1;4;Urban area;4
2019010155613;537138;177689;-0.026445;51.481539;Metropolitan Police;Slight;2;1;03/01/2019;Thursday;17:00;Lewisham;Lewisham;A;2209;Single carriageway;30 MPH;T or staggered junction;Give way or uncontrolled;A;200;None within 50 metres ;No physical crossing facilities within 50 metres;Darkness - lights lit;Fine no high winds;Dry;None;None;Urban;Yes;E01003253;1;1;Driver or rider;Male;13;3;Slight;Not a Pedestrian;Not a Pedestrian;Not car passenger;Not a bus or coach passenger;No / Not applicable;1;Cyclist;More deprived 30-40%;2;Car;No tow/articulation;Turning right;On main c'way - not in restricted lane;Approaching junction or waiting/parked at junction approach;None;None;Did not leave carriageway;None;Front;1;Not known;Male;55;46 - 55;-1;-1;-1;4;Urban area;4
2019010155618;556208;185042;0.251225;51.542663;Metropolitan Police;Slight;2;6;03/01/2019;Thursday;17:30;Havering;Havering;B;1421;Single carriageway;30 MPH;T or staggered junction;Give way or uncontrolled;B;1421;None within 50 metres ;No physical crossing facilities within 50 metres;Darkness - lighting unknown;Fine no high winds;Dry;None;None;Urban;Yes;E01002385;1;1;Passenger;Female;12;3;Slight;Not a Pedestrian;Not a Pedestrian;Front seat passenger;Not a bus or coach passenger;No / Not applicable;9;Cyclist;Less deprived 20-30%;1;Car;No tow/articulation;Turning right;On main c'way - not in restricted lane;Entering main road;None;None;Did not leave carriageway;None;Offside;1;Not known;Female;18;16 - 20;-1;-1;-1;8;Urban area;8
2019010155618;556208;185042;0.251225;51.542663;Metropolitan Police;Slight;2;6;03/01/2019;Thursday;17:30;Havering;Havering;B;1421;Single carriageway;30 MPH;T or staggered junction;Give way or uncontrolled;B;1421;None within 50 metres ;No physical crossing facilities within 50 metres;Darkness - lighting unknown;Fine no high winds;Dry;None;None;Urban;Yes;E01002385;1;1;Passenger;Female;12;3;Slight;Not a Pedestrian;Not a Pedestrian;Front seat passenger;Not a bus or coach passenger;No / Not applicable;9;Cyclist;Less deprived 20-30%;2;Car;No tow/articulation;Going ahead right-hand bend;On main c'way - not in restricted lane;Mid Junction - on roundabout or on main road;None;None;Did not leave carriageway;None;Front;1;Not known;Female;42;36 - 45;-1;-1;-1;5;Urban area;5
2019010155618;556208;185042;0.251225;51.542663;Metropolitan Police;Slight;2;6;03/01/2019;Thursday;17:30;Havering;Havering;B;1421;Single carriageway;30 MPH;T or staggered junction;Give way or uncontrolled;B;1421;None within 50 metres ;No physical crossing facilities within 50 metres;Darkness - lighting unknown;Fine no high winds;Dry;None;None;Urban;Yes;E01002385;1;2;Passenger;Female;18;4;Slight;Not a Pedestrian;Not a Pedestrian;Rear seat passenger;Not a bus or coach passenger;No / Not applicable;9;Cyclist;Less deprived 20-30%;1;Car;No tow/articulation;Turning right;On main c'way - not in restricted lane;Entering main road;None;None;Did not leave carriageway;None;Offside;1;Not known;Female;18;16 - 20;-1;-1;-1;8;Urban area;8
2019010155618;556208;185042;0.251225;51.542663;Metropolitan Police;Slight;2;6;03/01/2019;Thursday;17:30;Havering;Havering;B;1421;Single carriageway;30 MPH;T or staggered junction;Give way or uncontrolled;B;1421;None within 50 metres ;No physical crossing facilities within 50 metres;Darkness - lighting unknown;Fine no high winds;Dry;None;None;Urban;Yes;E01002385;1;2;Passenger;Female;18;4;Slight;Not a Pedestrian;Not a Pedestrian;Rear seat passenger;Not a bus or coach passenger;No / Not applicable;9;Cyclist;Less deprived 20-30%;2;Car;No tow/articulation;Going ahead right-hand bend;On main c'way - not in restricted lane;Mid Junction - on roundabout or on main road;None;None;Did not leave carriageway;None;Front;1;Not known;Female;42;36 - 45;-1;-1;-1;5;Urban area;5
2019010155618;556208;185042;0.251225;51.542663;Metropolitan Police;Slight;2;6;03/01/2019;Thursday;17:30;Havering;Havering;B;1421;Single carriageway;30 MPH;T or staggered junction;Give way or uncontrolled;B;1421;None within 50 metres ;No physical crossing facilities within 50 metres;Darkness - lighting unknown;Fine no high winds;Dry;None;None;Urban;Yes;E01002385;2;3;Driver or rider;Female;42;7;Slight;Not a Pedestrian;Not a Pedestrian;Not car passenger;Not a bus or coach passenger;No / Not applicable;9;Cyclist;More deprived 40-50%;1;Car;No tow/articulation;Turning right;On main c'way - not in restricted lane;Entering main road;None;None;Did not leave carriageway;None;Offside;1;Not known;Female;18;16 - 20;-1;-1;-1;8;Urban area;8
2019010155618;556208;185042;0.251225;51.542663;Metropolitan Police;Slight;2;6;03/01/2019;Thursday;17:30;Havering;Havering;B;1421;Single carriageway;30 MPH;T or staggered junction;Give way or uncontrolled;B;1421;None within 50 metres ;No physical crossing facilities within 50 metres;Darkness - lighting unknown;Fine no high winds;Dry;None;None;Urban;Yes;E01002385;2;3;Driver or rider;Female;42;7;Slight;Not a Pedestrian;Not a Pedestrian;Not car passenger;Not a bus or coach passenger;No / Not applicable;9;Cyclist;More deprived 40-50%;2;Car;No tow/articulation;Going ahead right-hand bend;On main c'way - not in restricted lane;Mid Junction - on roundabout or on main road;None;None;Did not leave carriageway;None;Front;1;Not known;Female;42;36 - 45;-1;-1;-1;5;Urban area;5
2019010155618;556208;185042;0.251225;51.542663;Metropolitan Police;Slight;2;6;03/01/2019;Thursday;17:30;Havering;Havering;B;1421;Single carriageway;30 MPH;T or staggered junction;Give way or uncontrolled;B;1421;None within 50 metres ;No physical crossing facilities within 50 metres;Darkness - lighting unknown;Fine no high winds;Dry;None;None;Urban;Yes;E01002385;2;4;Passenger;Female;10;2;Slight;Not a Pedestrian;Not a Pedestrian;Front seat passenger;Not a bus or coach passenger;No / Not applicable;9;Cyclist;More deprived 40-50%;1;Car;No tow/articulation;Turning right;On main c'way - not in restricted lane;Entering main road;None;None;Did not leave carriageway;None;Offside;1;Not known;Female;18;16 - 20;-1;-1;-1;8;Urban area;8
2019010155618;556208;185042;0.251225;51.542663;Metropolitan Police;Slight;2;6;03/01/2019;Thursday;17:30;Havering;Havering;B;1421;Single carriageway;30 MPH;T or staggered junction;Give way or uncontrolled;B;1421;None within 50 metres ;No physical crossing facilities within 50 metres;Darkness - lighting unknown;Fine no high winds;Dry;None;None;Urban;Yes;E01002385;2;4;Passenger;Female;10;2;Slight;Not a Pedestrian;Not a Pedestrian;Front seat passenger;Not a bus or coach passenger;No / Not applicable;9;Cyclist;More deprived 40-50%;2;Car;No tow/articulation;Going ahead right-hand bend;On main c'way - not in restricted lane;Mid Junction - on roundabout or on main road;None;None;Did not leave carriageway;None;Front;1;Not known;Female;42;36 - 45;-1;-1;-1;5;Urban area;5
2019010155618;556208;185042;0.251225;51.542663;Metropolitan Police;Slight;2;6;03/01/2019;Thursday;17:30;Havering;Havering;B;1421;Single carriageway;30 MPH;T or staggered junction;Give way or uncontrolled;B;1421;None within 50 metres ;No physical crossing facilities within 50 metres;Darkness - lighting unknown;Fine no high winds;Dry;None;None;Urban;Yes;E01002385;2;5;Passenger;Female;11;3;Slight;Not a Pedestrian;Not a Pedestrian;Rear seat passenger;Not a bus or coach passenger;No / Not applicable;9;Cyclist;More deprived 40-50%;1;Car;No tow/articulation;Turning right;On main c'way - not in restricted lane;Entering main road;None;None;Did not leave carriageway;None;Offside;1;Not known;Female;18;16 - 20;-1;-1;-1;8;Urban area;8
2019010155618;556208;185042;0.251225;51.542663;Metropolitan Police;Slight;2;6;03/01/2019;Thursday;17:30;Havering;Havering;B;1421;Single carriageway;30 MPH;T or staggered junction;Give way or uncontrolled;B;1421;None within 50 metres ;No physical crossing facilities within 50 metres;Darkness - lighting unknown;Fine no high winds;Dry;None;None;Urban;Yes;E01002385;2;5;Passenger;Female;11;3;Slight;Not a Pedestrian;Not a Pedestrian;Rear seat passenger;Not a bus or coach passenger;No / Not applicable;9;Cyclist;More deprived 40-50%;2;Car;No tow/articulation;Going ahead right-hand bend;On main c'way - not in restricted lane;Mid Junction - on roundabout or on main road;None;None;Did not leave carriageway;None;Front;1;Not known;Female;42;36 - 45;-1;-1;-1;5;Urban area;5
2019010155618;556208;185042;0.251225;51.542663;Metropolitan Police;Slight;2;6;03/01/2019;Thursday;17:30;Havering;Havering;B;1421;Single carriageway;30 MPH;T or staggered junction;Give way or uncontrolled;B;1421;None within 50 metres ;No physical crossing facilities within 50 metres;Darkness - lighting unknown;Fine no high winds;Dry;None;None;Urban;Yes;E01002385;2;6;Passenger;Female;11;3;Slight;Not a Pedestrian;Not a Pedestrian;Rear seat passenger;Not a bus or coach passenger;No / Not applicable;9;Cyclist;Less deprived 40-50%;1;Car;No tow/articulation;Turning right;On main c'way - not in restricted lane;Entering main road;None;None;Did not leave carriageway;None;Offside;1;Not known;Female;18;16 - 20;-1;-1;-1;8;Urban area;8
2019010155618;556208;185042;0.251225;51.542663;Metropolitan Police;Slight;2;6;03/01/2019;Thursday;17:30;Havering;Havering;B;1421;Single carriageway;30 MPH;T or staggered junction;Give way or uncontrolled;B;1421;None within 50 metres ;No physical crossing facilities within 50 metres;Darkness - lighting unknown;Fine no high winds;Dry;None;None;Urban;Yes;E01002385;2;6;Passenger;Female;11;3;Slight;Not a Pedestrian;Not a Pedestrian;Rear seat passenger;Not a bus or coach passenger;No / Not applicable;9;Cyclist;Less deprived 40-50%;2;Car;No tow/articulation;Going ahead right-hand bend;On main c'way - not in restricted lane;Mid Junction - on roundabout or on main road;None;None;Did not leave carriageway;None;Front;1;Not known;Female;42;36 - 45;-1;-1;-1;5;Urban area;5
2019010155619;548792;187465;0.145389;51.566436;Metropolitan Police;Slight;2;1;02/01/2019;Wednesday;17:21;Barking and Dagenham;Barking and Dagenham;A;1112;Single carriageway;30 MPH;T or staggered junction;Give way or uncontrolled;Unclassified;0;None within 50 metres ;No physical crossing facilities within 50 metres;Darkness - lights unlit;Fine no high winds;Dry;None;Previous accident;Urban;Yes;E01000111;2;1;Driver or rider;Male;71;10;Slight;Not a Pedestrian;Not a Pedestrian;Not car passenger;Not a bus or coach passenger;No / Not applicable;1;Cyclist;More deprived 30-40%;1;Car;No tow/articulation;Turning right;On main c'way - not in restricted lane;Leaving main road;None;Other object;Did not leave carriageway;None;Front;1;Not known;Male;52;46 - 55;-1;-1;-1;-1;Data missing or out of range;-1
2019010155619;548792;187465;0.145389;51.566436;Metropolitan Police;Slight;2;1;02/01/2019;Wednesday;17:21;Barking and Dagenham;Barking and Dagenham;A;1112;Single carriageway;30 MPH;T or staggered junction;Give way or uncontrolled;Unclassified;0;None within 50 metres ;No physical crossing facilities within 50 metres;Darkness - lights unlit;Fine no high winds;Dry;None;Previous accident;Urban;Yes;E01000111;2;1;Driver or rider;Male;71;10;Slight;Not a Pedestrian;Not a Pedestrian;Not car passenger;Not a bus or coach passenger;No / Not applicable;1;Cyclist;More deprived 30-40%;2;Pedal cycle;No tow/articulation;Going ahead other;On main c'way - not in restricted lane;Approaching junction or waiting/parked at junction approach;Skidded and overturned;None;Did not leave carriageway;None;Nearside;1;Not known;Male;71;66 - 75;-1;-1;-1;4;Urban area;4