Accident_Index;Location_Easting_OSGR;Location_Northing_OSGR;Longitude;Latitude;Police_Force;Accident_Severity;Number_of_Vehicles;Number_of_Casualties;Date;Day_of_Week;Time;Local_Authority_(District);Local_Authority_(Highway);1st_Road_Class;1st_Road_Number;Road_Type;Speed_limit;Junction_Detail;Junction_Control;2nd_Road_Class;2nd_Road_Number;Pedestrian_Crossing-Human_Control;Pedestrian_Crossing-Physical_Facilities;Light_Conditions;Weather_Conditions;Road_Surface_Conditions;Special_Conditions_at_Site;Carriageway_Hazards;Urban_or_Rural_Area;Did_Police_Officer_Attend_Scene_of_Accident;LSOA_of_Accident_Location;Vehicle_Reference_x;Casualty_Reference;Casualty_Class;Sex_of_Casualty;Age_of_Casualty;Age_Band_of_Casualty;Casualty_Severity;Pedestrian_Location;Pedestrian_Movement;Car_Passenger;Bus_or_Coach_Passenger;Pedestrian_Road_Maintenance_Worker;Casualty_Type;Casualty_Home_Area_Type;Casualty_IMD_Decile;Vehicle_Reference_y;Vehicle_Type;Towing_and_Articulation;Vehicle_Manoeuvre;Vehicle_Location-Restricted_Lane;Junction_Location;Skidding_and_Overturning;Hit_Object_in_Carriageway;Vehicle_Leaving_Carriageway;Hit_Object_off_Carriageway;1st_Point_of_Impact;Was_Vehicle_Left_Hand_Drive?;Journey_Purpose_of_Driver;Sex_of_Driver;Age_of_Driver;Age_Band_of_Driver;Engine_Capacity_(CC);Propulsion_Code;Age_of_Vehicle;Driver_IMD_Decile;Driver_Home_Area_Type;Vehicle_IMD_Decile
2019010155622;524959;169822;-0.204514;51.413655;Metropolitan Police;Serious;2;1;03/01/2019;Thursday;18:30;Merton;Merton;A;238;Dual carriageway;30 MPH;T or staggered junction;Give way or uncontrolled;Unclassified;0;None within 50 metres ;No physical crossing facilities within 50 metres;Darkness - lights lit;Fine no high winds;Dry;None;None;Urban;Yes;E01003428;2;1;Driver or rider;Male;38;7;Serious;Not a Pedestrian;Not a Pedestrian;Not car passenger;Not a bus or coach passenger;No / Not applicable;1;Cyclist;Less deprived 10-20%;1;Car;No tow/articulation;Turning right;On main c'way - not in restricted lane;Approaching junction or waiting/parked at junction approach;None;None;Did not leave carriageway;None;Front;1;Commuting to/from work;Male;36;36 - 45;-1;-1;-1;2;Urban area;2
2019010155622;524959;169822;-0.204514;51.413655;Metropolitan Police;Serious;2;1;03/01/2019;Thursday;18:30;Merton;Merton;A;238;Dual carriageway;30 MPH;T or staggered junction;Give way or uncontrolled;Unclassified;0;None within 50 metres ;No physical crossing facilities within 50 metres;Darkness - lights lit;Fine no high winds;Dry;None;None;Urban;Yes;E01003428;2;1;Driver or rider;Male;38;7;Serious;Not a Pedestrian;Not a Pedestrian;Not car passenger;Not a bus or coach passenger;No / Not applicable;1;Cyclist;Less deprived 10-20%;2;Pedal cycle;No tow/articulation;Going ahead other;On main c'way - not in restricted lane;Approaching junction or waiting/parked at junction approach;None;None;Did not leave carriageway;None;Front;1;Commuting to/from work;Male;38;36 - 45;-1;-1;-1;9;Urban area;9
2019010155627;520571;179155;-0.264403;51.498486;Metropolitan Police;Serious;2;1;03/01/2019;Thursday;18:45;Ealing;Ealing;B;490;Single carriageway;30 MPH;T or staggered junction;Give way or uncontrolled;Unclassified;0;None within 50 metres ;No physical crossing facilities within 50 metres;Daylight;Fine no high winds;Dry;None;None;Urban;Yes;E01032572;1;1;Driver or rider;Male;25;5;Serious;Not a Pedestrian;Not a Pedestrian;Not car passenger;Not a bus or coach passenger;No / Not applicable;3;-1;Data missing or out of range;1;Motorcycle 125cc and under;No tow/articulation;Going ahead other;On main c'way - not in restricted lane;Mid Junction - on roundabout or on main road;None;None;Did not leave carriageway;None;Nearside;1;Journey as part of work;Male;25;21 - 25;125;Petrol;1;-1;Data missing or out of range;-1
2019010155627;520571;179155;-0.264403;51.498486;Metropolitan Police;Serious;2;1;03/01/2019;Thursday;18:45;Ealing;Ealing;B;490;Single carriageway;30 MPH;T or staggered junction;Give way or uncontrolled;Unclassified;0;None within 50 metres ;No physical crossing facilities within 50 metres;Daylight;Fine no high winds;Dry;None;None;Urban;Yes;E01032572;1;1;Driver or rider;Male;25;5;Serious;Not a Pedestrian;Not a Pedestrian;Not car passenger;Not a bus or coach passenger;No / Not applicable;3;-1;Data missing or out of range;2;Car;No tow/articulation;Going ahead other;On main c'way - not in restricted lane;Mid Junction - on roundabout or on main road;None;None;Did not leave carriageway;None;Front;1;Not known;Male;40;36 - 45;1388;Petrol;14;5;Urban area;5
2019010155631;534040;170498;-0.073753;51.417658;Metropolitan Police;Serious;2;1;03/01/2019;Thursday;19:30;Bromley;Bromley;A;214;Single carriageway;30 MPH;T or staggered junction;Give way or uncontrolled;Unclassified;0;None within 50 metres ;Pelican, puffin, toucan or similar non-junction pedestrian light crossing;Darkness - lights lit;Fine no high winds;Dry;None;None;Urban;Yes;E01000740;2;1;Driver or rider;Male;41;7;Serious;Not a Pedestrian;Not a Pedestrian;Not car passenger;Not a bus or coach passenger;No / Not applicable;5;Cyclist;More deprived 10-20%;1;Car;No tow/articulation;Turning right;On main c'way - not in restricted lane;Leaving main road;None;None;Did not leave carriageway;None;Front;1;Not known;Female;55;46 - 55;-1;-1;-1;3;Urban area;3
2019010155631;534040;170498;-0.073753;51.417658;Metropolitan Police;Serious;2;1;03/01/2019;Thursday;19:30;Bromley;Bromley;A;214;Single carriageway;30 MPH;T or staggered junction;Give way or uncontrolled;Unclassified;0;None within 50 metres ;Pelican, puffin, toucan or similar non-junction pedestrian light crossing;Darkness - lights lit;Fine no high winds;Dry;None;None;Urban;Yes;E01000740;2;1;Driver or rider;Male;41;7;Serious;Not a Pedestrian;Not a Pedestrian;Not car passenger;Not a bus or coach passenger;No / Not applicable;5;Cyclist;More deprived 10-20%;2;Motorcycle over 500cc;No tow/articulation;Going ahead other;On main c'way - not in restricted lane;Approaching junction or waiting/parked at junction approach;None;None;Did not leave carriageway;None;Front;1;Not known;Male;41;36 - 45;-1;-1;-1;2;Urban area;2
2019010155632;521578;170594;-0.252843;51.421328;Metropolitan Police;Slight;2;1;03/01/2019;Thursday;20:19;Kingston upon Thames;Kingston upon Thames;A;3;Dual carriageway;50 MPH;Not at junction or within 20 metres;Data missing or out of range;-1;0;None within 50 metres ;No physical crossing facilities within 50 metres;Darkness - lights lit;Fine no high winds;Dry;None;None;Urban;Yes;E01002953;2;1;Driver or rider;Male;33;6;Slight;Not a Pedestrian;Not a Pedestrian;Not car passenger;Not a bus or coach passenger;No / Not applicable;1;Cyclist;More deprived 10-20%;1;Car;No tow/articulation;Going ahead other;On main c'way - not in restricted lane;Not at or within 20 metres of junction;None;None;Did not leave carriageway;None;Front;1;Not known;Male;43;36 - 45;-1;-1;-1;2;Urban area;2
2019010155632;521578;170594;-0.252843;51.421328;Metropolitan Police;Slight;2;1;03/01/2019;Thursday;20:19;Kingston upon Thames;Kingston upon Thames;A;3;Dual carriageway;50 MPH;Not at junction or within 20 metres;Data missing or out of range;-1;0;None within 50 metres ;No physical crossing facilities within 50 metres;Darkness - lights lit;Fine no high winds;Dry;None;None;Urban;Yes;E01002953;2;1;Driver or rider;Male;33;6;Slight;Not a Pedestrian;Not a Pedestrian;Not car passenger;Not a bus or coach passenger;No / Not applicable;1;Cyclist;More deprived 10-20%;2;Pedal cycle;No tow/articulation;Going ahead other;On main c'way - not in restricted lane;Not at or within 20 metres of junction;None;None;Did not leave carriageway;None;Offside;1;Not known;Male;33;26 - 35;-1;-1;-1;2;Urban area;2
2019010155634;527616;181879;-0.161979;51.521422;Metropolitan Police;Slight;2;1;03/01/2019;Thursday;19:10;Westminster;Westminster;A;501;Dual carriageway;40 MPH;T or staggered junction;Give way or uncontrolled;Unclassified;0;None within 50 metres ;No physical crossing facilities within 50 metres;Darkness - lights lit;Fine no high winds;Dry;None;None;Urban;Yes;E01004661;2;1;Driver or rider;Male;26;6;Slight;Not a Pedestrian;Not a Pedestrian;Not car passenger;Not a bus or coach passenger;No / Not applicable;3;Cyclist;Less deprived 30-40%;1;Van / Goods 3.5 tonnes mgw or under;No tow/articulation;Turning left;On main c'way - not in restricted lane;Mid Junction - on roundabout or on main road;None;None;Did not leave carriageway;None;Nearside;1;Journey as part of work;Male;48;46 - 55;-1;-1;-1;5;Urban area;5
2019010155634;527616;181879;-0.161979;51.521422;Metropolitan Police;Slight;2;1;03/01/2019;Thursday;19:10;Westminster;Westminster;A;501;Dual carriageway;40 MPH;T or staggered junction;Give way or uncontrolled;Unclassified;0;None within 50 metres ;No physical crossing facilities within 50 metres;Darkness - lights lit;Fine no high winds;Dry;None;None;Urban;Yes;E01004661;2;1;Driver or rider;Male;26;6;Slight;Not a Pedestrian;Not a Pedestrian;Not car passenger;Not a bus or coach passenger;No / Not applicable;3;Cyclist;Less deprived 30-40%;2;Motorcycle 125cc and under;No tow/articulation;Going ahead other;Bus lane;Approaching junction or waiting/parked at junction approach;None;None;Did not leave carriageway;None;Front;1;Commuting to/from work;Male;26;26 - 35;-1;-1;-1;7;Urban area;7
2019010155639;544619;186279;0.084737;51.556863;Metropolitan Police;Slight;2;4;03/01/2019;Thursday;17:10;Redbridge;Redbridge;Unclassified;0;Single carriageway;30 MPH;Crossroads;Give way or uncontrolled;Unclassified;0;None within 50 metres ;No physical crossing facilities within 50 metres;Darkness - lights lit;Fine no high winds;Dry;None;None;Urban;Yes;E01003686;1;1;Driver or rider;Female;24;5;Slight;Not a Pedestrian;Not a Pedestrian;Not car passenger;Not a bus or coach passenger;No / Not applicable;9;-1;Data missing or out of range;1;Car;No tow/articulation;Going ahead other;On main c'way - not in restricted lane;Mid Junction - on roundabout or on main road;None;None;Offside;None;Nearside;1;Not known;Female;24;21 - 25;-1;-1;-1;-1;Data missing or out of range;-1
2019010155639;544619;186279;0.084737;51.556863;Metropolitan Police;Slight;2;4;03/01/2019;Thursday;17:10;Redbridge;Redbridge;Unclassified;0;Single carriageway;30 MPH;Crossroads;Give way or uncontrolled;Unclassified;0;None within 50 metres ;No physical crossing facilities within 50 metres;Darkness - lights lit;Fine no high winds;Dry;None;None;Urban;Yes;E01003686;1;1;Driver or rider;Female;24;5;Slight;Not a Pedestrian;Not a Pedestrian;Not car passenger;Not a bus or coach passenger;No / Not applicable;9;-1;Data missing or out of range;2;Car;No tow/articulation;Moving off;On main c'way - not in restricted lane;Mid Junction - on roundabout or on main road;None;None;Did not leave carriageway;None;Front;1;Not known;Male;19;16 - 20;-1;-1;-1;-1;Data missing or out of range;-1
2019010155639;544619;186279;0.084737;51.556863;Metropolitan Police;Slight;2;4;03/01/2019;Thursday;17:10;Redbridge;Redbridge;Unclassified;0;Single carriageway;30 MPH;Crossroads;Give way or uncontrolled;Unclassified;0;None within 50 metres ;No physical crossing facilities within 50 metres;Darkness - lights lit;Fine no high winds;Dry;None;None;Urban;Yes;E01003686;1;2;Passenger;Female;22;5;Slight;Not a Pedestrian;Not a Pedestrian;Front seat passenger;Not a bus or coach passenger;No / Not applicable;9;Cyclist;More deprived 20-30%;1;Car;No tow/articulation;Going ahead other;On main c'way - not in restricted lane;Mid Junction - on roundabout or on main road;None;None;Offside;None;Nearside;1;Not known;Female;24;21 - 25;-1;-1;-1;-1;Data missing or out of range;-1
2019010155639;544619;186279;0.084737;51.556863;Metropolitan Police;Slight;2;4;03/01/2019;Thursday;17:10;Redbridge;Redbridge;Unclassified;0;Single carriageway;30 MPH;Crossroads;Give way or uncontrolled;Unclassified;0;None within 50 metres ;No physical crossing facilities within 50 metres;Darkness - lights lit;Fine no high winds;Dry;None;None;Urban;Yes;E01003686;1;2;Passenger;Female;22;5;Slight;Not a Pedestrian;Not a Pedestrian;Front seat passenger;Not a bus or coach passenger;No / Not applicable;9;Cyclist;More deprived 20-30%;2;Car;No tow/articulation;Moving off;On main c'way - not in restricted lane;Mid Junction - on roundabout or on main road;None;None;Did not leave carriageway;None;Front;1;Not known;Male;19;16 - 20;-1;-1;-1;-1;Data missing or out of range;-1
2019010155639;544619;186279;0.084737;51.556863;Metropolitan Police;Slight;2;4;03/01/2019;Thursday;17:10;Redbridge;Redbridge;Unclassified;0;Single carriageway;30 MPH;Crossroads;Give way or uncontrolled;Unclassified;0;None within 50 metres ;No physical crossing facilities within 50 metres;Darkness - lights lit;Fine no high winds;Dry;None;None;Urban;Yes;E01003686;2;3;Driver or rider;Male;19;4;Slight;Not a Pedestrian;Not a Pedestrian;Not car passenger;Not a bus or coach passenger;No / Not applicable;9;-1;Data missing or out of range;1;Car;No tow/articulation;Going ahead other;On main c'way - not in restricted lane;Mid Junction - on roundabout or on main road;None;None;Offside;None;Nearside;1;Not known;Female;24;21 - 25;-1;-1;-1;-1;Data missing or out of range;-1
2019010155639;544619;186279;0.084737;51.556863;Metropolitan Police;Slight;2;4;03/01/2019;Thursday;17:10;Redbridge;Redbridge;Unclassified;0;Single carriageway;30 MPH;Crossroads;Give way or uncontrolled;Unclassified;0;None within 50 metres ;No physical crossing facilities within 50 metres;Darkness - lights lit;Fine no high winds;Dry;None;None;Urban;Yes;E01003686;2;3;Driver or rider;Male;19;4;Slight;Not a Pedestrian;Not a Pedestrian;Not car passenger;Not a bus or coach passenger;No / Not applicable;9;-1;Data missing or out of range;2;Car;No tow/articulation;Moving off;On main c'way - not in restricted lane;Mid Junction - on roundabout or on main road;None;None;Did not leave carriageway;None;Front;1;Not known;Male;19;16 - 20;-1;-1;-1;-1;Data missing or out of range;-1
2019010155639;544619;186279;0.084737;51.556863;Metropolitan Police;Slight;2;4;03/01/2019;Thursday;17:10;Redbridge;Redbridge;Unclassified;0;Single carriageway;30 MPH;Crossroads;Give way or uncontrolled;Unclassified;0;None within 50 metres ;No physical crossing facilities within 50 metres;Darkness - lights lit;Fine no high winds;Dry;None;None;Urban;Yes;E01003686;2;4;Passenger;Female;9;2;Slight;Not a Pedestrian;Not a Pedestrian;Front seat passenger;Not a bus or coach passenger;No / Not applicable;9;Cyclist;More deprived 40-50%;1;Car;No tow/articulation;Going ahead other;On main c'way - not in restricted lane;Mid Junction - on roundabout or on main road;None;None;Offside;None;Nearside;1;Not known;Female;24;21 - 25;-1;-1;-1;-1;Data missing or out of range;-1
2019010155639;544619;186279;0.084737;51.556863;Metropolitan Police;Slight;2;4;03/01/2019;Thursday;17:10;Redbridge;Redbridge;Unclassified;0;Single carriageway;30 MPH;Crossroads;Give way or uncontrolled;Unclassified;0;None within 50 metres ;No physical crossing facilities within 50 metres;Darkness - lights lit;Fine no high winds;Dry;None;None;Urban;Yes;E01003686;2;4;Passenger;Female;9;2;Slight;Not a Pedestrian;Not a Pedestrian;Front seat passenger;Not a bus or coach passenger;No / Not applicable;9;Cyclist;More deprived 40-50%;2;Car;No tow/articulation;Moving off;On main c'way - not in restricted lane;Mid Junction - on roundabout or on main road;None;None;Did not leave carriageway;None;Front;1;Not known;Male;19;16 - 20;-1;-1;-1;-1;Data missing or out of range;-1
2019010155646;528345;171358;-0.155295;51.426704;Metropolitan Police;Slight;2;1;03/01/2019;Thursday;21:36;Wandsworth;Wandsworth;C;0;Single carriageway;20 MPH;T or staggered junction;Give way or uncontrolled;Unclassified;0;None within 50 metres ;No physical crossing facilities within 50 metres;Darkness - lights lit;Fine no high winds;Dry;None;None;Urban;Yes;E01004528;1;1;Driver or rider;Male;24;5;Slight;Not a Pedestrian;Not a Pedestrian;Not car passenger;Not a bus or coach passenger;No / Not applicable;2;Cyclist;More deprived 40-50%;1;Motorcycle 50cc and under;No tow/articulation;Going ahead other;On main c'way - not in restricted lane;Approaching junction or waiting/parked at junction approach;None;None;Did not leave carriageway;None;Offside;1;Journey as part of work;Male;24;21 - 25;-1;-1;-1;5;Urban area;5
2019010155646;528345;171358;-0.155295;51.426704;Metropolitan Police;Slight;2;1;03/01/2019;Thursday;21:36;Wandsworth;Wandsworth;C;0;Single carriageway;20 MPH;T or staggered junction;Give way or uncontrolled;Unclassified;0;None within 50 metres ;No physical crossing facilities within 50 metres;Darkness - lights lit;Fine no high winds;Dry;None;None;Urban;Yes;E01004528;1;1;Driver or rider;Male;24;5;Slight;Not a Pedestrian;Not a Pedestrian;Not car passenger;Not a bus or coach passenger;No / Not applicable;2;Cyclist;More deprived 40-50%;2;Car;No tow/articulation;Turning right;On main c'way - not in restricted lane;Cleared junction or waiting/parked at junction exit;None;None;Did not leave carriageway;None;Did not impact;1;Not known;Male;31;26 - 35;-1;-1;-1;3;Urban area;3
2019010155647;535702;176017;-0.047753;51.46686;Metropolitan Police;Serious;2;1;03/01/2019;Thursday;21:00;Lewisham;Lewisham;B;2142;Single carriageway;20 MPH;Not at junction or within 20 metres;Data missing or out of range;-1;0;None within 50 metres ;No physical crossing facilities within 50 metres;Darkness - lights lit;Fine no high winds;Dry;None;None;Urban;Yes;E01003343;1;1;Driver or rider;Male;38;7;Serious;Not a Pedestrian;Not a Pedestrian;Not car passenger;Not a bus or coach passenger;No / Not applicable;9;Cyclist;More deprived 10-20%;1;Car;No tow/articulation;Going ahead other;On main c'way - not in restricted lane;Not at or within 20 metres of junction;None;None;Did not leave carriageway;None;Front;1;Not known;Male;38;36 - 45;-1;-1;-1;2;Urban area;2
2019010155647;535702;176017;-0.047753;51.46686;Metropolitan Police;Serious;2;1;03/01/2019;Thursday;21:00;Lewisham;Lewisham;B;2142;Single carriageway;20 MPH;Not at junction or within 20 metres;Data missing or out of range;-1;0;None within 50 metres ;No physical crossing facilities within 50 metres;Darkness - lights lit;Fine no high winds;Dry;None;None;Urban;Yes;E01003343;1;1;Driver or rider;Male;38;7;Serious;Not a Pedestrian;Not a Pedestrian;Not car passenger;Not a bus or coach passenger;No / Not applicable;9;Cyclist;More deprived 10-20%;2;Car;No tow/articulation;Parked;On main c'way - not in restricted lane;Not at or within 20 metres of junction;None;None;Did not leave carriageway;None;Front;1;Not known;Not known;-1;Data missing or out of range;-1;-1;-1;-1;Data missing or out of range;-1
2019010155650;525661;174635;-0.192719;51.456756;Metropolitan Police;Slight;2;1;03/01/2019;Thursday;03:00;Wandsworth;Wandsworth;A;3;Single carriageway;30 MPH;Crossroads;Auto traffic signal;A;217;None within 50 metres ;Pedestrian phase at traffic signal junction;Darkness - lights lit;Fine no high winds;Dry;None;None;Urban;Yes;E01004509;1;1;Driver or rider;Male;38;7;Slight;Not a Pedestrian;Not a Pedestrian;Not car passenger;Not a bus or coach passenger;No / Not applicable;5;Cyclist;Less deprived 40-50%;1;Motorcycle over 500cc;No tow/articulation;Going ahead other;On main c'way - not in restricted lane;Approaching junction or waiting/parked at junction approach;Skidded and overturned;None;Did not leave carriageway;None;Did not impact;1;Commuting to/from work;Male;38;36 - 45;-1;-1;-1;6;Urban area;6
2019010155650;525661;174635;-0.192719;51.456756;Metropolitan Police;Slight;2;1;03/01/2019;Thursday;03:00;Wandsworth;Wandsworth;A;3;Single carriageway;30 MPH;Crossroads;Auto traffic signal;A;217;None within 50 metres ;Pedestrian phase at traffic signal junction;Darkness - lights lit;Fine no high winds;Dry;None;None;Urban;Yes;E01004509;1;1;Driver or rider;Male;38;7;Slight;Not a Pedestrian;Not a Pedestrian;Not car passenger;Not a bus or coach passenger;No / Not applicable;5;Cyclist;Less deprived 40-50%;2;Minibus (8 - 16 passenger seats);No tow/articulation;Turning right;On main c'way - not in restricted lane;Cleared junction or waiting/parked at junction exit;None;None;Did not leave carriageway;None;Did not impact;1;Journey as part of work;Male;24;21 - 25;-1;-1;-1;10;Urban area;10
2019010155652;528607;180095;-0.148353;51.505164;Metropolitan Police;Slight;2;1;04/01/2019;Friday;00:15;Westminster;Westminster;Unclassified;0;Single carriageway;30 MPH;T or staggered junction;Data missing or out of range;Unclassified;0;None within 50 metres ;No physical crossing facilities within 50 metres;Darkness - lights lit;Fine no high winds;Dry;Data missing or out of range;Data missing or out of range;Urban;No - accident was reported using a self completion  form (self rep only);E01004761;1;1;Driver or rider;Male;41;7;Slight;Not a Pedestrian;Not a Pedestrian;Not car passenger;Not a bus or coach passenger;No / Not applicable;8;Cyclist;More deprived 30-40%;1;Taxi/Private hire car;No tow/articulation;Data missing or out of range;Data missing or out of range;Data missing or out of range;Data missing or out of range;Data missing or out of range;Data missing or out of range;Data missing or out of range;Data missing or out of range;-1;Not known;Male;41;36 - 45;-1;-1;-1;4;Urban area;4
2019010155652;528607;180095;-0.148353;51.505164;Metropolitan Police;Slight;2;1;04/01/2019;Friday;00:15;Westminster;Westminster;Unclassified;0;Single carriageway;30 MPH;T or staggered junction;Data missing or out of range;Unclassified;0;None within 50 metres ;No physical crossing facilities within 50 metres;Darkness - lights lit;Fine no high winds;Dry;Data missing or out of range;Data missing or out of range;Urban;No - accident was reported using a self completion  form (self rep only);E01004761;1;1;Driver or rider;Male;41;7;Slight;Not a Pedestrian;Not a Pedestrian;Not car passenger;Not a bus or coach passenger;No / Not applicable;8;Cyclist;More deprived 30-40%;2;Taxi/Private hire car;No tow/articulation;Data missing or out of range;Data missing or out of range;Data missing or out of range;Data missing or out of range;Data missing or out of range;Data missing or out of range;Data missing or out of range;Back;-1;Not known;Not known;-1;Data missing or out of range;-1;-1;-1;-1;Data missing or out of range;-1
2019010155654;520247;188683;-0.265814;51.584187;Metropolitan Police;Slight;2;1;03/01/2019;Thursday;22:43;Brent;Brent;A;4006;Single carriageway;30 MPH;Crossroads;Auto traffic signal;C;0;None within 50 metres ;Pedestrian phase at traffic signal junction;Darkness - lights lit;Fine no high winds;Dry;None;None;Urban;Yes;E01000515;1;1;Driver or rider;Female;49;8;Slight;Not a Pedestrian;Not a Pedestrian;Not car passenger;Not a bus or coach passenger;No / Not applicable;9;Cyclist;More deprived 20-30%;1;Car;No tow/articulation;Going ahead other;On main c'way - not in restricted lane;Mid Junction - on roundabout or on main road;None;None;Did not leave carriageway;None;Front;1;Not known;Female;49;46 - 55;-1;-1;-1;3;Urban area;3
2019010155654;520247;188683;-0.265814;51.584187;Metropolitan Police;Slight;2;1;03/01/2019;Thursday;22:43;Brent;Brent;A;4006;Single carriageway;30 MPH;Crossroads;Auto traffic signal;C;0;None within 50 metres ;Pedestrian phase at traffic signal junction;Darkness - lights lit;Fine no high winds;Dry;None;None;Urban;Yes;E01000515;1;1;Driver or rider;Female;49;8;Slight;Not a Pedestrian;Not a Pedestrian;Not car passenger;Not a bus or coach passenger;No / Not applicable;9;Cyclist;More deprived 20-30%;2;Car;No tow/articulation;Turning right;On main c'way - not in restricted lane;Entering main road;None;None;Did not leave carriageway;None;Offside;1;Not known;Male;24;21 - 25;-1;-1;-1;5;Urban area;5
2019010155655;532482;173504;-0.095022;51.445039;Metropolitan Police;Slight;3;3;04/01/2019;Friday;01:30;Lambeth;Lambeth;Unclassified;0;Single carriageway;20 MPH;Other junction;Give way or uncontrolled;A;2199;None within 50 metres ;No physical crossing facilities within 50 metres;Darkness - lights lit;Fine no high winds;Dry;None;None;Urban;Yes;E01003170;1;1;Driver or rider;Male;48;8;Slight;Not a Pedestrian;Not a Pedestrian;Not car passenger;Not a bus or coach passenger;No / Not applicable;8;Cyclist;More deprived 20-30%;1;Taxi/Private hire car;No tow/articulation;Turning right;On main c'way - not in restricted lane;Approaching junction or waiting/parked at junction approach;None;None;Did not leave carriageway;None;Offside;1;Journey as part of work;Male;48;46 - 55;1798;Hybrid electric;7;3;Urban area;3
2019010155655;532482;173504;-0.095022;51.445039;Metropolitan Police;Slight;3;3;04/01/2019;Friday;01:30;Lambeth;Lambeth;Unclassified;0;Single carriageway;20 MPH;Other junction;Give way or uncontrolled;A;2199;None within 50 metres ;No physical crossing facilities within 50 metres;Darkness - lights lit;Fine no high winds;Dry;None;None;Urban;Yes;E01003170;1;1;Driver or rider;Male;48;8;Slight;Not a Pedestrian;Not a Pedestrian;Not car passenger;Not a bus or coach passenger;No / Not applicable;8;Cyclist;More deprived 20-30%;2;Car;No tow/articulation;Going ahead other;On main c'way - not in restricted lane;Approaching junction or waiting/parked at junction approach;None;None;Did not leave carriageway;None;Front;1;Not known;Male;28;26 - 35;1598;Petrol;12;-1;Data missing or out of range;-1
2019010155655;532482;173504;-0.095022;51.445039;Metropolitan Police;Slight;3;3;04/01/2019;Friday;01:30;Lambeth;Lambeth;Unclassified;0;Single carriageway;20 MPH;Other junction;Give way or uncontrolled;A;2199;None within 50 metres ;No physical crossing facilities within 50 metres;Darkness - lights lit;Fine no high winds;Dry;None;None;Urban;Yes;E01003170;1;1;Driver or rider;Male;48;8;Slight;Not a Pedestrian;Not a Pedestrian;Not car passenger;Not a bus or coach passenger;No / Not applicable;8;Cyclist;More deprived 20-30%;3;Car;No tow/articulation;Parked;On main c'way - not in restricted lane;Approaching junction or waiting/parked at junction approach;None;None;Did not leave carriageway;None;Front;1;Not known;Not known;-1;Data missing or out of range;2993;Heavy oil;15;-1;Data missing or out of range;-1
2019010155655;532482;173504;-0.095022;51.445039;Metropolitan Police;Slight;3;3;04/01/2019;Friday;01:30;Lambeth;Lambeth;Unclassified;0;Single carriageway;20 MPH;Other junction;Give way or uncontrolled;A;2199;None within 50 metres ;No physical crossing facilities within 50 metres;Darkness - lights lit;Fine no high winds;Dry;None;None;Urban;Yes;E01003170;1;2;Passenger;Male;28;6;Slight;Not a Pedestrian;Not a Pedestrian;Rear seat passenger;Not a bus or coach passenger;No / Not applicable;8;Cyclist;Less deprived 30-40%;1;Taxi/Private hire car;No tow/articulation;Turning right;On main c'way - not in restricted lane;Approaching junction or waiting/parked at junction approach;None;None;Did not leave carriageway;None;Offside;1;Journey as part of work;Male;48;46 - 55;1798;Hybrid electric;7;3;Urban area;3
2019010155655;532482;173504;-0.095022;51.445039;Metropolitan Police;Slight;3;3;04/01/2019;Friday;01:30;Lambeth;Lambeth;Unclassified;0;Single carriageway;20 MPH;Other junction;Give way or uncontrolled;A;2199;None within 50 metres ;No physical crossing facilities within 50 metres;Darkness - lights lit;Fine no high winds;Dry;None;None;Urban;Yes;E01003170;1;2;Passenger;Male;28;6;Slight;Not a Pedestrian;Not a Pedestrian;Rear seat passenger;Not a bus or coach passenger;No / Not applicable;8;Cyclist;Less deprived 30-40%;2;Car;No tow/articulation;Going ahead other;On main c'way - not in restricted lane;Approaching junction or waiting/parked at junction approach;None;None;Did not leave carriageway;None;Front;1;Not known;Male;28;26 - 35;1598;Petrol;12;-1;Data missing or out of range;-1
2019010155655;532482;173504;-0.095022;51.445039;Metropolitan Police;Slight;3;3;04/01/2019;Friday;01:30;Lambeth;Lambeth;Unclassified;0;Single carriageway;20 MPH;Other junction;Give way or uncontrolled;A;2199;None within 50 metres ;No physical crossing facilities within 50 metres;Darkness - lights lit;Fine no high winds;Dry;None;None;Urban;Yes;E01003170;1;2;Passenger;Male;28;6;Slight;Not a Pedestrian;Not a Pedestrian;Rear seat passenger;Not a bus or coach passenger;No / Not applicable;8;Cyclist;Less deprived 30-40%;3;Car;No tow/articulation;Parked;On main c'way - not in restricted lane;Approaching junction or waiting/parked at junction approach;None;None;Did not leave carriageway;None;Front;1;Not known;Not known;-1;Data missing or out of range;2993;Heavy oil;15;-1;Data missing or out of range;-1
2019010155655;532482;173504;-0.095022;51.445039;Metropolitan Police;Slight;3;3;04/01/2019;Friday;01:30;Lambeth;Lambeth;Unclassified;0;Single carriageway;20 MPH;Other junction;Give way or uncontrolled;A;2199;None within 50 metres ;No physical crossing facilities within 50 metres;Darkness - lights lit;Fine no high winds;Dry;None;None;Urban;Yes;E01003170;1;3;Passenger;Female;28;6;Slight;Not a Pedestrian;Not a Pedestrian;Rear seat passenger;Not a bus or coach passenger;No / Not applicable;8;Cyclist;Less deprived 30-40%;1;Taxi/Private hire car;No tow/articulation;Turning right;On main c'way - not in restricted lane;Approaching junction or waiting/parked at junction approach;None;None;Did not leave carriageway;None;Offside;1;Journey as part of work;Male;48;46 - 55;1798;Hybrid electric;7;3;Urban area;3