Accident_Index;Location_Easting_OSGR;Location_Northing_OSGR;Longitude;Latitude;Police_Force;Accident_Severity;Number_of_Vehicles;Number_of_Casualties;Date;Day_of_Week;Time;Local_Authority_(District);Local_Authority_(Highway);1st_Road_Class;1st_Road_Number;Road_Type;Speed_limit;Junction_Detail;Junction_Control;2nd_Road_Class;2nd_Road_Number;Pedestrian_Crossing-Human_Control;Pedestrian_Crossing-Physical_Facilities;Light_Conditions;Weather_Conditions;Road_Surface_Conditions;Special_Conditions_at_Site;Carriageway_Hazards;Urban_or_Rural_Area;Did_Police_Officer_Attend_Scene_of_Accident;LSOA_of_Accident_Location;Vehicle_Reference_x;Casualty_Reference;Casualty_Class;Sex_of_Casualty;Age_of_Casualty;Age_Band_of_Casualty;Casualty_Severity;Pedestrian_Location;Pedestrian_Movement;Car_Passenger;Bus_or_Coach_Passenger;Pedestrian_Road_Maintenance_Worker;Casualty_Type;Casualty_Home_Area_Type;Casualty_IMD_Decile;Vehicle_Reference_y;Vehicle_Type;Towing_and_Articulation;Vehicle_Manoeuvre;Vehicle_Location-Restricted_Lane;Junction_Location;Skidding_and_Overturning;Hit_Object_in_Carriageway;Vehicle_Leaving_Carriageway;Hit_Object_off_Carriageway;1st_Point_of_Impact;Was_Vehicle_Left_Hand_Drive?;Journey_Purpose_of_Driver;Sex_of_Driver;Age_of_Driver;Age_Band_of_Driver;Engine_Capacity_(CC);Propulsion_Code;Age_of_Vehicle;Driver_IMD_Decile;Driver_Home_Area_Type;Vehicle_IMD_Decile
2019010155655;532482;173504;-0.095022;51.445039;Metropolitan Police;Slight;3;3;04/01/2019;Friday;01:30;Lambeth;Lambeth;Unclassified;0;Single carriageway;20 MPH;Other junction;Give way or uncontrolled;A;2199;None within 50 metres ;No physical crossing facilities within 50 metres;Darkness - lights lit;Fine no high winds;Dry;None;None;Urban;Yes;E01003170;1;3;Passenger;Female;28;6;Slight;Not a Pedestrian;Not a Pedestrian;Rear seat passenger;Not a bus or coach passenger;No / Not applicable;8;Cyclist;Less deprived 30-40%;2;Car;No tow/articulation;Going ahead other;On main c'way - not in restricted lane;Approaching junction or waiting/parked at junction approach;None;None;Did not leave carriageway;None;Front;1;Not known;Male;28;26 - 35;1598;Petrol;12;-1;Data missing or out of range;-1
2019010155655;532482;173504;-0.095022;51.445039;Metropolitan Police;Slight;3;3;04/01/2019;Friday;01:30;Lambeth;Lambeth;Unclassified;0;Single carriageway;20 MPH;Other junction;Give way or uncontrolled;A;2199;None within 50 metres ;No physical crossing facilities within 50 metres;Darkness - lights lit;Fine no high winds;Dry;None;None;Urban;Yes;E01003170;1;3;Passenger;Female;28;6;Slight;Not a Pedestrian;Not a Pedestrian;Rear seat passenger;Not a bus or coach passenger;No / Not applicable;8;Cyclist;Less deprived 30-40%;3;Car;No tow/articulation;Parked;On main c'way - not in restricted lane;Approaching junction or waiting/parked at junction approach;None;None;Did not leave carriageway;None;Front;1;Not known;Not known;-1;Data missing or out of range;2993;Heavy oil;15;-1;Data missing or out of range;-1
2019010155656;509456;190820;-0.420834;51.605592;Metropolitan Police;Slight;3;2;03/01/2019;Thursday;22:45;Hillingdon;Hillingdon;A;404;Single carriageway;30 MPH;Not at junction or within 20 metres;Data missing or out of range;-1;0;None within 50 metres ;No physical crossing facilities within 50 metres;Darkness - lights lit;Fine no high winds;Dry;None;None;Urban;Yes;E01002474;1;1;Driver or rider;Male;76;11;Slight;Not a Pedestrian;Not a Pedestrian;Not car passenger;Not a bus or coach passenger;No / Not applicable;9;Cyclist;Less deprived 40-50%;1;Car;No tow/articulation;Going ahead other;On main c'way - not in restricted lane;Not at or within 20 metres of junction;Overturned;Parked vehicle;Did not leave carriageway;None;Front;1;Not known;Male;76;Over 75;-1;-1;-1;6;Urban area;6
2019010155656;509456;190820;-0.420834;51.605592;Metropolitan Police;Slight;3;2;03/01/2019;Thursday;22:45;Hillingdon;Hillingdon;A;404;Single carriageway;30 MPH;Not at junction or within 20 metres;Data missing or out of range;-1;0;None within 50 metres ;No physical crossing facilities within 50 metres;Darkness - lights lit;Fine no high winds;Dry;None;None;Urban;Yes;E01002474;1;1;Driver or rider;Male;76;11;Slight;Not a Pedestrian;Not a Pedestrian;Not car passenger;Not a bus or coach passenger;No / Not applicable;9;Cyclist;Less deprived 40-50%;2;Car;No tow/articulation;Parked;On main c'way - not in restricted lane;Not at or within 20 metres of junction;None;None;Nearside;None;Back;1;Not known;Not known;-1;Data missing or out of range;-1;-1;-1;-1;Data missing or out of range;-1
2019010155656;509456;190820;-0.420834;51.605592;Metropolitan Police;Slight;3;2;03/01/2019;Thursday;22:45;Hillingdon;Hillingdon;A;404;Single carriageway;30 MPH;Not at junction or within 20 metres;Data missing or out of range;-1;0;None within 50 metres ;No physical crossing facilities within 50 metres;Darkness - lights lit;Fine no high winds;Dry;None;None;Urban;Yes;E01002474;1;1;Driver or rider;Male;76;11;Slight;Not a Pedestrian;Not a Pedestrian;Not car passenger;Not a bus or coach passenger;No / Not applicable;9;Cyclist;Less deprived 40-50%;3;Car;No tow/articulation;Parked;On main c'way - not in restricted lane;Not at or within 20 metres of junction;None;None;Nearside;None;Did not impact;1;Not known;Not known;-1;Data missing or out of range;-1;-1;-1;-1;Data missing or out of range;-1
2019010155656;509456;190820;-0.420834;51.605592;Metropolitan Police;Slight;3;2;03/01/2019;Thursday;22:45;Hillingdon;Hillingdon;A;404;Single carriageway;30 MPH;Not at junction or within 20 metres;Data missing or out of range;-1;0;None within 50 metres ;No physical crossing facilities within 50 metres;Darkness - lights lit;Fine no high winds;Dry;None;None;Urban;Yes;E01002474;1;2;Passenger;Male;77;11;Slight;Not a Pedestrian;Not a Pedestrian;Front seat passenger;Not a bus or coach passenger;No / Not applicable;9;Cyclist;More deprived 40-50%;1;Car;No tow/articulation;Going ahead other;On main c'way - not in restricted lane;Not at or within 20 metres of junction;Overturned;Parked vehicle;Did not leave carriageway;None;Front;1;Not known;Male;76;Over 75;-1;-1;-1;6;Urban area;6
2019010155656;509456;190820;-0.420834;51.605592;Metropolitan Police;Slight;3;2;03/01/2019;Thursday;22:45;Hillingdon;Hillingdon;A;404;Single carriageway;30 MPH;Not at junction or within 20 metres;Data missing or out of range;-1;0;None within 50 metres ;No physical crossing facilities within 50 metres;Darkness - lights lit;Fine no high winds;Dry;None;None;Urban;Yes;E01002474;1;2;Passenger;Male;77;11;Slight;Not a Pedestrian;Not a Pedestrian;Front seat passenger;Not a bus or coach passenger;No / Not applicable;9;Cyclist;More deprived 40-50%;2;Car;No tow/articulation;Parked;On main c'way - not in restricted lane;Not at or within 20 metres of junction;None;None;Nearside;None;Back;1;Not known;Not known;-1;Data missing or out of range;-1;-1;-1;-1;Data missing or out of range;-1
2019010155656;509456;190820;-0.420834;51.605592;Metropolitan Police;Slight;3;2;03/01/2019;Thursday;22:45;Hillingdon;Hillingdon;A;404;Single carriageway;30 MPH;Not at junction or within 20 metres;Data missing or out of range;-1;0;None within 50 metres ;No physical crossing facilities within 50 metres;Darkness - lights lit;Fine no high winds;Dry;None;None;Urban;Yes;E01002474;1;2;Passenger;Male;77;11;Slight;Not a Pedestrian;Not a Pedestrian;Front seat passenger;Not a bus or coach passenger;No / Not applicable;9;Cyclist;More deprived 40-50%;3;Car;No tow/articulation;Parked;On main c'way - not in restricted lane;Not at or within 20 metres of junction;None;None;Nearside;None;Did not impact;1;Not known;Not known;-1;Data missing or out of range;-1;-1;-1;-1;Data missing or out of range;-1
2019010155657;531697;168006;-0.108352;51.395813;Metropolitan Police;Slight;2;1;04/01/2019;Friday;00:25;Croydon;Croydon;B;266;Single carriageway;30 MPH;T or staggered junction;Give way or uncontrolled;Unclassified;0;None within 50 metres ;No physical crossing facilities within 50 metres;Darkness - lights lit;Fine no high winds;Dry;None;None;Urban;Yes;E01001002;2;1;Driver or rider;Male;27;6;Slight;Not a Pedestrian;Not a Pedestrian;Not car passenger;Not a bus or coach passenger;No / Not applicable;9;-1;Data missing or out of range;1;Car;No tow/articulation;Turning right;On main c'way - not in restricted lane;Leaving main road;None;None;Did not leave carriageway;None;Front;1;Not known;Female;39;36 - 45;-1;-1;-1;-1;Data missing or out of range;-1
2019010155657;531697;168006;-0.108352;51.395813;Metropolitan Police;Slight;2;1;04/01/2019;Friday;00:25;Croydon;Croydon;B;266;Single carriageway;30 MPH;T or staggered junction;Give way or uncontrolled;Unclassified;0;None within 50 metres ;No physical crossing facilities within 50 metres;Darkness - lights lit;Fine no high winds;Dry;None;None;Urban;Yes;E01001002;2;1;Driver or rider;Male;27;6;Slight;Not a Pedestrian;Not a Pedestrian;Not car passenger;Not a bus or coach passenger;No / Not applicable;9;-1;Data missing or out of range;2;Car;No tow/articulation;Going ahead other;On main c'way - not in restricted lane;Cleared junction or waiting/parked at junction exit;None;None;Did not leave carriageway;None;Front;1;Not known;Male;27;26 - 35;-1;-1;-1;-1;Data missing or out of range;-1
2019010155658;526055;171067;-0.18832;51.424602;Metropolitan Police;Slight;3;1;02/01/2019;Wednesday;18:40;Merton;Merton;A;218;Single carriageway;30 MPH;Slip road;Give way or uncontrolled;Unclassified;0;None within 50 metres ;Zebra;Darkness - lights lit;Fine no high winds;Dry;None;None;Urban;Yes;E01003455;2;1;Driver or rider;Male;26;6;Slight;Not a Pedestrian;Not a Pedestrian;Not car passenger;Not a bus or coach passenger;No / Not applicable;9;Cyclist;More deprived 10-20%;1;Car;No tow/articulation;Going ahead right-hand bend;On main c'way - not in restricted lane;Cleared junction or waiting/parked at junction exit;None;None;Did not leave carriageway;None;Back;1;Commuting to/from work;Male;45;36 - 45;-1;-1;-1;7;Urban area;7
2019010155658;526055;171067;-0.18832;51.424602;Metropolitan Police;Slight;3;1;02/01/2019;Wednesday;18:40;Merton;Merton;A;218;Single carriageway;30 MPH;Slip road;Give way or uncontrolled;Unclassified;0;None within 50 metres ;Zebra;Darkness - lights lit;Fine no high winds;Dry;None;None;Urban;Yes;E01003455;2;1;Driver or rider;Male;26;6;Slight;Not a Pedestrian;Not a Pedestrian;Not car passenger;Not a bus or coach passenger;No / Not applicable;9;Cyclist;More deprived 10-20%;2;Car;No tow/articulation;Slowing or stopping;On main c'way - not in restricted lane;Cleared junction or waiting/parked at junction exit;None;Parked vehicle;Did not leave carriageway;None;Back;1;Journey as part of work;Male;26;26 - 35;-1;-1;-1;2;Urban area;2
2019010155658;526055;171067;-0.18832;51.424602;Metropolitan Police;Slight;3;1;02/01/2019;Wednesday;18:40;Merton;Merton;A;218;Single carriageway;30 MPH;Slip road;Give way or uncontrolled;Unclassified;0;None within 50 metres ;Zebra;Darkness - lights lit;Fine no high winds;Dry;None;None;Urban;Yes;E01003455;2;1;Driver or rider;Male;26;6;Slight;Not a Pedestrian;Not a Pedestrian;Not car passenger;Not a bus or coach passenger;No / Not applicable;9;Cyclist;More deprived 10-20%;3;Car;No tow/articulation;Parked;On main c'way - not in restricted lane;Cleared junction or waiting/parked at junction exit;None;None;Did not leave carriageway;None;Back;1;Not known;Not known;-1;Data missing or out of range;-1;-1;-1;-1;Data missing or out of range;-1
2019010155668;537338;182819;-0.021569;51.52759;Metropolitan Police;Slight;2;1;04/01/2019;Friday;07:05;Tower Hamlets;Tower Hamlets;C;0;Single carriageway;30 MPH;T or staggered junction;Auto traffic signal;A;11;None within 50 metres ;Pedestrian phase at traffic signal junction;Darkness - lighting unknown;Fine no high winds;Dry;Data missing or out of range;None;Urban;No - accident was reported using a self completion  form (self rep only);E01004267;1;1;Driver or rider;Male;30;6;Slight;Not a Pedestrian;Not a Pedestrian;Not car passenger;Not a bus or coach passenger;No / Not applicable;1;Cyclist;More deprived 40-50%;1;Pedal cycle;Data missing or out of range;Data missing or out of range;Data missing or out of range;Data missing or out of range;Data missing or out of range;Data missing or out of range;Data missing or out of range;Data missing or out of range;Front;1;Commuting to/from work;Male;30;26 - 35;-1;-1;-1;5;Urban area;5
2019010155668;537338;182819;-0.021569;51.52759;Metropolitan Police;Slight;2;1;04/01/2019;Friday;07:05;Tower Hamlets;Tower Hamlets;C;0;Single carriageway;30 MPH;T or staggered junction;Auto traffic signal;A;11;None within 50 metres ;Pedestrian phase at traffic signal junction;Darkness - lighting unknown;Fine no high winds;Dry;Data missing or out of range;None;Urban;No - accident was reported using a self completion  form (self rep only);E01004267;1;1;Driver or rider;Male;30;6;Slight;Not a Pedestrian;Not a Pedestrian;Not car passenger;Not a bus or coach passenger;No / Not applicable;1;Cyclist;More deprived 40-50%;2;Van / Goods 3.5 tonnes mgw or under;No tow/articulation;Data missing or out of range;Data missing or out of range;Data missing or out of range;Data missing or out of range;Data missing or out of range;Data missing or out of range;Data missing or out of range;Data missing or out of range;-1;Not known;Male;47;46 - 55;-1;-1;-1;3;Urban area;3
2019010155695;533161;196600;-0.076523;51.652431;Metropolitan Police;Slight;3;1;03/01/2019;Thursday;13:00;Enfield;Enfield;C;0;Single carriageway;30 MPH;Other junction;Auto traffic signal;A;110;None within 50 metres ;Pelican, puffin, toucan or similar non-junction pedestrian light crossing;Daylight;Fine no high winds;Dry;None;None;Urban;Yes;E01001544;1;1;Pedestrian;Female;55;8;Slight;Crossing on pedestrian crossing facility;Crossing from driver's offside;Not car passenger;Not a bus or coach passenger;No / Not applicable;0;Cyclist;More deprived 40-50%;1;Car;No tow/articulation;Going ahead other;On main c'way - not in restricted lane;Entering main road;None;None;Did not leave carriageway;None;Nearside;1;Not known;Male;82;Over 75;-1;-1;-1;8;Urban area;8
2019010155695;533161;196600;-0.076523;51.652431;Metropolitan Police;Slight;3;1;03/01/2019;Thursday;13:00;Enfield;Enfield;C;0;Single carriageway;30 MPH;Other junction;Auto traffic signal;A;110;None within 50 metres ;Pelican, puffin, toucan or similar non-junction pedestrian light crossing;Daylight;Fine no high winds;Dry;None;None;Urban;Yes;E01001544;1;1;Pedestrian;Female;55;8;Slight;Crossing on pedestrian crossing facility;Crossing from driver's offside;Not car passenger;Not a bus or coach passenger;No / Not applicable;0;Cyclist;More deprived 40-50%;2;Car;No tow/articulation;Waiting to turn left;On main c'way - not in restricted lane;Entering main road;None;None;Did not leave carriageway;None;Did not impact;1;Not known;Male;-1;Data missing or out of range;-1;-1;-1;-1;Data missing or out of range;-1
2019010155695;533161;196600;-0.076523;51.652431;Metropolitan Police;Slight;3;1;03/01/2019;Thursday;13:00;Enfield;Enfield;C;0;Single carriageway;30 MPH;Other junction;Auto traffic signal;A;110;None within 50 metres ;Pelican, puffin, toucan or similar non-junction pedestrian light crossing;Daylight;Fine no high winds;Dry;None;None;Urban;Yes;E01001544;1;1;Pedestrian;Female;55;8;Slight;Crossing on pedestrian crossing facility;Crossing from driver's offside;Not car passenger;Not a bus or coach passenger;No / Not applicable;0;Cyclist;More deprived 40-50%;3;Van / Goods 3.5 tonnes mgw or under;No tow/articulation;Waiting to turn left;On main c'way - not in restricted lane;Entering main road;None;None;Did not leave carriageway;None;Did not impact;1;Not known;Male;-1;Data missing or out of range;-1;-1;-1;-1;Data missing or out of range;-1
2019010155696;523006;184869;-0.227347;51.549315;Metropolitan Police;Slight;1;1;04/01/2019;Friday;09:51;Brent;Brent;Unclassified;0;Single carriageway;20 MPH;T or staggered junction;Give way or uncontrolled;Unclassified;0;None within 50 metres ;No physical crossing facilities within 50 metres;Daylight;Fine no high winds;Dry;None;None;Urban;Yes;E01000639;1;1;Driver or rider;Female;41;7;Slight;Not a Pedestrian;Not a Pedestrian;Not car passenger;Not a bus or coach passenger;No / Not applicable;9;Cyclist;More deprived 40-50%;1;Car;No tow/articulation;Turning left;On main c'way - not in restricted lane;Cleared junction or waiting/parked at junction exit;Overturned;Bollard or refuge;Did not leave carriageway;None;Front;1;Not known;Female;41;36 - 45;-1;-1;-1;5;Urban area;5
2019010155699;549649;191040;0.159267;51.598331;Metropolitan Police;Slight;1;1;04/01/2019;Friday;09:50;Havering;Havering;B;174;Single carriageway;30 MPH;Not at junction or within 20 metres;Data missing or out of range;-1;0;None within 50 metres ;No physical crossing facilities within 50 metres;Daylight;Fine no high winds;Dry;None;None;Urban;Yes;E01002326;1;1;Passenger;Female;78;11;Slight;Not a Pedestrian;Not a Pedestrian;Not car passenger;Seated passenger;No / Not applicable;11;Cyclist;More deprived 20-30%;1;Bus or coach (17 or more pass seats);No tow/articulation;Moving off;On main c'way - not in restricted lane;Not at or within 20 metres of junction;None;None;Offside;None;Did not impact;1;Journey as part of work;Male;64;56 - 65;-1;-1;-1;6;Urban area;6
2019010155710;531931;179000;-0.100897;51.494558;Metropolitan Police;Slight;2;1;04/01/2019;Friday;10:45;Southwark;Southwark;A;201;Roundabout;20 MPH;Roundabout;Give way or uncontrolled;A;201;None within 50 metres ;Pelican, puffin, toucan or similar non-junction pedestrian light crossing;Daylight;Fine no high winds;Dry;None;None;Urban;Yes;E01003933;1;1;Driver or rider;Male;46;8;Slight;Not a Pedestrian;Not a Pedestrian;Not car passenger;Not a bus or coach passenger;No / Not applicable;9;-1;Data missing or out of range;1;Car;No tow/articulation;Waiting to go - held up;On main c'way - not in restricted lane;Cleared junction or waiting/parked at junction exit;None;None;Did not leave carriageway;None;Back;1;Not known;Male;46;46 - 55;-1;-1;-1;-1;Data missing or out of range;-1
2019010155710;531931;179000;-0.100897;51.494558;Metropolitan Police;Slight;2;1;04/01/2019;Friday;10:45;Southwark;Southwark;A;201;Roundabout;20 MPH;Roundabout;Give way or uncontrolled;A;201;None within 50 metres ;Pelican, puffin, toucan or similar non-junction pedestrian light crossing;Daylight;Fine no high winds;Dry;None;None;Urban;Yes;E01003933;1;1;Driver or rider;Male;46;8;Slight;Not a Pedestrian;Not a Pedestrian;Not car passenger;Not a bus or coach passenger;No / Not applicable;9;-1;Data missing or out of range;2;Car;No tow/articulation;Going ahead other;On main c'way - not in restricted lane;Cleared junction or waiting/parked at junction exit;None;None;Did not leave carriageway;None;Front;1;Journey as part of work;Female;56;56 - 65;-1;-1;-1;6;Urban area;6
2019010155722;529420;171215;-0.139893;51.425175;Metropolitan Police;Slight;2;1;04/01/2019;Friday;10:00;Wandsworth;Wandsworth;A;216;Dual carriageway;30 MPH;Crossroads;Give way or uncontrolled;Unclassified;0;None within 50 metres ;No physical crossing facilities within 50 metres;Daylight;Unknown;Dry;None;None;Urban;Yes;E01004517;2;1;Driver or rider;Male;37;7;Slight;Not a Pedestrian;Not a Pedestrian;Not car passenger;Not a bus or coach passenger;No / Not applicable;1;Cyclist;More deprived 40-50%;1;Car;No tow/articulation;Waiting to turn right;On main c'way - not in restricted lane;Approaching junction or waiting/parked at junction approach;None;None;Did not leave carriageway;None;Nearside;1;Commuting to/from work;Female;34;26 - 35;-1;-1;-1;7;Urban area;7
2019010155722;529420;171215;-0.139893;51.425175;Metropolitan Police;Slight;2;1;04/01/2019;Friday;10:00;Wandsworth;Wandsworth;A;216;Dual carriageway;30 MPH;Crossroads;Give way or uncontrolled;Unclassified;0;None within 50 metres ;No physical crossing facilities within 50 metres;Daylight;Unknown;Dry;None;None;Urban;Yes;E01004517;2;1;Driver or rider;Male;37;7;Slight;Not a Pedestrian;Not a Pedestrian;Not car passenger;Not a bus or coach passenger;No / Not applicable;1;Cyclist;More deprived 40-50%;2;Pedal cycle;No tow/articulation;Slowing or stopping;On main c'way - not in restricted lane;Approaching junction or waiting/parked at junction approach;None;None;Did not leave carriageway;None;Front;1;Not known;Male;37;36 - 45;-1;-1;-1;5;Urban area;5
2019010155724;534584;181326;-0.061815;51.514836;Metropolitan Police;Slight;2;1;03/01/2019;Thursday;16:50;Tower Hamlets;Tower Hamlets;B;108;Single carriageway;30 MPH;Crossroads;Auto traffic signal;A;13;None within 50 metres ;Pedestrian phase at traffic signal junction;Darkness - lights lit;Fine no high winds;Dry;None;None;Urban;No - accident was reported using a self completion  form (self rep only);E01004321;1;1;Passenger;Female;Data missing or out of range;-1;Slight;Not a Pedestrian;Not a Pedestrian;Not car passenger;Standing passenger;No / Not applicable;11;Cyclist;More deprived 20-30%;1;Bus or coach (17 or more pass seats);No tow/articulation;Data missing or out of range;Data missing or out of range;Approaching junction or waiting/parked at junction approach;Data missing or out of range;Data missing or out of range;Data missing or out of range;Data missing or out of range;Did not impact;1;Not known;Male;46;46 - 55;-1;-1;-1;5;Urban area;5
2019010155724;534584;181326;-0.061815;51.514836;Metropolitan Police;Slight;2;1;03/01/2019;Thursday;16:50;Tower Hamlets;Tower Hamlets;B;108;Single carriageway;30 MPH;Crossroads;Auto traffic signal;A;13;None within 50 metres ;Pedestrian phase at traffic signal junction;Darkness - lights lit;Fine no high winds;Dry;None;None;Urban;No - accident was reported using a self completion  form (self rep only);E01004321;1;1;Passenger;Female;Data missing or out of range;-1;Slight;Not a Pedestrian;Not a Pedestrian;Not car passenger;Standing passenger;No / Not applicable;11;Cyclist;More deprived 20-30%;2;Car;Data missing or out of range;Data missing or out of range;Data missing or out of range;Approaching junction or waiting/parked at junction approach;Data missing or out of range;Data missing or out of range;Data missing or out of range;Data missing or out of range;Data missing or out of range;1;Not known;Not known;-1;Data missing or out of range;-1;-1;-1;-1;Data missing or out of range;-1
2019010155725;539647;187603;0.013591;51.570013;Metropolitan Police;Slight;2;1;03/01/2019;Thursday;17:15;Waltham Forest;Waltham Forest;A;11;Single carriageway;20 MPH;Not at junction or within 20 metres;Data missing or out of range;-1;0;None within 50 metres ;No physical crossing facilities within 50 metres;Darkness - lights lit;Fine no high winds;Dry;None;None;Urban;No - accident was reported using a self completion  form (self rep only);E01004438;2;1;Driver or rider;Male;34;6;Slight;Not a Pedestrian;Not a Pedestrian;Not car passenger;Not a bus or coach passenger;No / Not applicable;22;Cyclist;More deprived 20-30%;1;Car;No tow/articulation;Data missing or out of range;Data missing or out of range;Not at or within 20 metres of junction;Data missing or out of range;Data missing or out of range;Data missing or out of range;Data missing or out of range;Front;-1;Not known;Not known;-1;Data missing or out of range;-1;-1;-1;-1;Data missing or out of range;-1
2019010155725;539647;187603;0.013591;51.570013;Metropolitan Police;Slight;2;1;03/01/2019;Thursday;17:15;Waltham Forest;Waltham Forest;A;11;Single carriageway;20 MPH;Not at junction or within 20 metres;Data missing or out of range;-1;0;None within 50 metres ;No physical crossing facilities within 50 metres;Darkness - lights lit;Fine no high winds;Dry;None;None;Urban;No - accident was reported using a self completion  form (self rep only);E01004438;2;1;Driver or rider;Male;34;6;Slight;Not a Pedestrian;Not a Pedestrian;Not car passenger;Not a bus or coach passenger;No / Not applicable;22;Cyclist;More deprived 20-30%;2;Mobility scooter;Data missing or out of range;Data missing or out of range;On main c'way - not in restricted lane;Not at or within 20 metres of junction;Data missing or out of range;Data missing or out of range;Data missing or out of range;Data missing or out of range;Data missing or out of range;1;Not known;Male;34;26 - 35;-1;-1;-1;3;Urban area;3
2019010155729;529663;186682;-0.130722;51.56412;Metropolitan Police;Slight;2;1;04/01/2019;Friday;12:54;Islington;Islington;A;1;Single carriageway;20 MPH;Other junction;Give way or uncontrolled;A;1;None within 50 metres ;No physical crossing facilities within 50 metres;Daylight;Fine no high winds;Dry;None;None;Urban;Yes;E01002772;2;1;Driver or rider;Male;31;6;Slight;Not a Pedestrian;Not a Pedestrian;Not car passenger;Not a bus or coach passenger;No / Not applicable;9;Cyclist;More deprived 20-30%;1;Car;No tow/articulation;Turning right;On main c'way - not in restricted lane;Entering main road;None;None;Did not leave carriageway;None;Front;1;Not known;Male;29;26 - 35;-1;-1;-1;5;Urban area;5
2019010155729;529663;186682;-0.130722;51.56412;Metropolitan Police;Slight;2;1;04/01/2019;Friday;12:54;Islington;Islington;A;1;Single carriageway;20 MPH;Other junction;Give way or uncontrolled;A;1;None within 50 metres ;No physical crossing facilities within 50 metres;Daylight;Fine no high winds;Dry;None;None;Urban;Yes;E01002772;2;1;Driver or rider;Male;31;6;Slight;Not a Pedestrian;Not a Pedestrian;Not car passenger;Not a bus or coach passenger;No / Not applicable;9;Cyclist;More deprived 20-30%;2;Car;No tow/articulation;Overtaking static vehicle - offside;On main c'way - not in restricted lane;Cleared junction or waiting/parked at junction exit;None;None;Did not leave carriageway;None;Front;1;Not known;Male;31;26 - 35;-1;-1;-1;3;Urban area;3
2019010155739;524419;186887;-0.206265;51.567142;Metropolitan Police;Serious;1;1;04/01/2019;Friday;10:40;Barnet;Barnet;A;41;Single carriageway;40 MPH;T or staggered junction;Give way or uncontrolled;A;41;None within 50 metres ;No physical crossing facilities within 50 metres;Daylight;Fine no high winds;Dry;None;None;Urban;Yes;E01000135;1;1;Pedestrian;Male;30;6;Serious;On footway or verge;Unknown or other;Not car passenger;Not a bus or coach passenger;No / Not applicable;0;Cyclist;More deprived 10-20%;1;Van / Goods 3.5 tonnes mgw or under;No tow/articulation;Overtaking - nearside;Footway (pavement);Leaving main road;None;None;Did not leave carriageway;None;Front;1;Journey as part of work;Male;26;26 - 35;-1;-1;-1;3;Urban area;3
2019010155740;529238;183385;-0.138061;51.534587;Metropolitan Police;Slight;2;1;04/01/2019;Friday;13:28;Camden;Camden;B;512;One way street;20 MPH;Not at junction or within 20 metres;Data missing or out of range;-1;0;None within 50 metres ;Pedestrian phase at traffic signal junction;Daylight;Fine no high winds;Dry;None;None;Urban;Yes;E01000947;2;1;Driver or rider;Male;12;3;Slight;Not a Pedestrian;Not a Pedestrian;Not car passenger;Not a bus or coach passenger;No / Not applicable;1;Cyclist;More deprived 10-20%;1;Taxi/Private hire car;No tow/articulation;Slowing or stopping;On main c'way - not in restricted lane;Not at or within 20 metres of junction;None;None;Did not leave carriageway;None;Front;1;Journey as part of work;Male;65;56 - 65;-1;-1;-1;3;Urban area;3
2019010155740;529238;183385;-0.138061;51.534587;Metropolitan Police;Slight;2;1;04/01/2019;Friday;13:28;Camden;Camden;B;512;One way street;20 MPH;Not at junction or within 20 metres;Data missing or out of range;-1;0;None within 50 metres ;Pedestrian phase at traffic signal junction;Daylight;Fine no high winds;Dry;None;None;Urban;Yes;E01000947;2;1;Driver or rider;Male;12;3;Slight;Not a Pedestrian;Not a Pedestrian;Not car passenger;Not a bus or coach passenger;No / Not applicable;1;Cyclist;More deprived 10-20%;2;Pedal cycle;No tow/articulation;Going ahead other;On main c'way - not in restricted lane;Not at or within 20 metres of junction;None;None;Did not leave carriageway;None;Front;1;Not known;Male;12;11 - 15;-1;-1;-1;2;Urban area;2
2019010155741;543386;186092;0.066888;51.555498;Metropolitan Police;Serious;1;1;03/01/2019;Thursday;03:40;Redbridge;Redbridge;A;406;Unknown;30 MPH;Data missing or out of range;Give way or uncontrolled;A;118;Data missing or out of range;Data missing or out of range;Daylight;Fine no high winds;Dry;None;None;Urban;No - accident was reported using a self completion  form (self rep only);E01003728;1;1;Driver or rider;Female;23;5;Serious;Not a Pedestrian;Not a Pedestrian;Not car passenger;Not a bus or coach passenger;No / Not applicable;9;Cyclist;More deprived 10-20%;1;Car;No tow/articulation;Data missing or out of range;Data missing or out of range;Data missing or out of range;Data missing or out of range;Data missing or out of range;Data missing or out of range;Data missing or out of range;Back;-1;Not known;Female;23;21 - 25;-1;-1;-1;2;Urban area;2
2019010155744;536761;169482;-0.035039;51.407879;Metropolitan Police;Slight;2;2;04/01/2019;Friday;12:40;Bromley;Bromley;Unclassified;0;Roundabout;30 MPH;Mini-roundabout;Give way or uncontrolled;A;234;None within 50 metres ;Central refuge;Daylight;Fine no high winds;Dry;None;None;Urban;Yes;E01000709;1;1;Driver or rider;Male;69;10;Slight;Not a Pedestrian;Not a Pedestrian;Not car passenger;Not a bus or coach passenger;No / Not applicable;9;Cyclist;Less deprived 10-20%;1;Car;No tow/articulation;Going ahead other;On main c'way - not in restricted lane;Entering roundabout;None;None;Did not leave carriageway;None;Front;1;Not known;Male;69;66 - 75;-1;-1;-1;9;Urban area;9
2019010155744;536761;169482;-0.035039;51.407879;Metropolitan Police;Slight;2;2;04/01/2019;Friday;12:40;Bromley;Bromley;Unclassified;0;Roundabout;30 MPH;Mini-roundabout;Give way or uncontrolled;A;234;None within 50 metres ;Central refuge;Daylight;Fine no high winds;Dry;None;None;Urban;Yes;E01000709;1;1;Driver or rider;Male;69;10;Slight;Not a Pedestrian;Not a Pedestrian;Not car passenger;Not a bus or coach passenger;No / Not applicable;9;Cyclist;Less deprived 10-20%;2;Car;No tow/articulation;Going ahead other;On main c'way - not in restricted lane;Mid Junction - on roundabout or on main road;None;None;Did not leave carriageway;None;Offside;1;Not known;Female;68;66 - 75;-1;-1;-1;5;Urban area;5