Accident_Index;Location_Easting_OSGR;Location_Northing_OSGR;Longitude;Latitude;Police_Force;Accident_Severity;Number_of_Vehicles;Number_of_Casualties;Date;Day_of_Week;Time;Local_Authority_(District);Local_Authority_(Highway);1st_Road_Class;1st_Road_Number;Road_Type;Speed_limit;Junction_Detail;Junction_Control;2nd_Road_Class;2nd_Road_Number;Pedestrian_Crossing-Human_Control;Pedestrian_Crossing-Physical_Facilities;Light_Conditions;Weather_Conditions;Road_Surface_Conditions;Special_Conditions_at_Site;Carriageway_Hazards;Urban_or_Rural_Area;Did_Police_Officer_Attend_Scene_of_Accident;LSOA_of_Accident_Location;Vehicle_Reference_x;Casualty_Reference;Casualty_Class;Sex_of_Casualty;Age_of_Casualty;Age_Band_of_Casualty;Casualty_Severity;Pedestrian_Location;Pedestrian_Movement;Car_Passenger;Bus_or_Coach_Passenger;Pedestrian_Road_Maintenance_Worker;Casualty_Type;Casualty_Home_Area_Type;Casualty_IMD_Decile;Vehicle_Reference_y;Vehicle_Type;Towing_and_Articulation;Vehicle_Manoeuvre;Vehicle_Location-Restricted_Lane;Junction_Location;Skidding_and_Overturning;Hit_Object_in_Carriageway;Vehicle_Leaving_Carriageway;Hit_Object_off_Carriageway;1st_Point_of_Impact;Was_Vehicle_Left_Hand_Drive?;Journey_Purpose_of_Driver;Sex_of_Driver;Age_of_Driver;Age_Band_of_Driver;Engine_Capacity_(CC);Propulsion_Code;Age_of_Vehicle;Driver_IMD_Decile;Driver_Home_Area_Type;Vehicle_IMD_Decile
2019010155744;536761;169482;-0.035039;51.407879;Metropolitan Police;Slight;2;2;04/01/2019;Friday;12:40;Bromley;Bromley;Unclassified;0;Roundabout;30 MPH;Mini-roundabout;Give way or uncontrolled;A;234;None within 50 metres ;Central refuge;Daylight;Fine no high winds;Dry;None;None;Urban;Yes;E01000709;2;2;Driver or rider;Female;68;10;Slight;Not a Pedestrian;Not a Pedestrian;Not car passenger;Not a bus or coach passenger;No / Not applicable;9;Cyclist;More deprived 40-50%;1;Car;No tow/articulation;Going ahead other;On main c'way - not in restricted lane;Entering roundabout;None;None;Did not leave carriageway;None;Front;1;Not known;Male;69;66 - 75;-1;-1;-1;9;Urban area;9
2019010155744;536761;169482;-0.035039;51.407879;Metropolitan Police;Slight;2;2;04/01/2019;Friday;12:40;Bromley;Bromley;Unclassified;0;Roundabout;30 MPH;Mini-roundabout;Give way or uncontrolled;A;234;None within 50 metres ;Central refuge;Daylight;Fine no high winds;Dry;None;None;Urban;Yes;E01000709;2;2;Driver or rider;Female;68;10;Slight;Not a Pedestrian;Not a Pedestrian;Not car passenger;Not a bus or coach passenger;No / Not applicable;9;Cyclist;More deprived 40-50%;2;Car;No tow/articulation;Going ahead other;On main c'way - not in restricted lane;Mid Junction - on roundabout or on main road;None;None;Did not leave carriageway;None;Offside;1;Not known;Female;68;66 - 75;-1;-1;-1;5;Urban area;5
2019010155755;525924;179710;-0.187128;51.502308;Metropolitan Police;Slight;2;1;04/01/2019;Friday;12:38;Kensington and Chelsea;Kensington and Chelsea;A;315;Single carriageway;30 MPH;T or staggered junction;Give way or uncontrolled;Unclassified;0;Control by other authorised person;Pelican, puffin, toucan or similar non-junction pedestrian light crossing;Daylight;Fine no high winds;Dry;None;None;Urban;Yes;E01002826;2;1;Driver or rider;Male;59;9;Slight;Not a Pedestrian;Not a Pedestrian;Not car passenger;Not a bus or coach passenger;No / Not applicable;1;Cyclist;More deprived 20-30%;1;Car;No tow/articulation;Going ahead other;On main c'way - not in restricted lane;Cleared junction or waiting/parked at junction exit;None;None;Did not leave carriageway;None;Offside;1;Not known;Female;38;36 - 45;-1;-1;-1;-1;Data missing or out of range;-1
2019010155755;525924;179710;-0.187128;51.502308;Metropolitan Police;Slight;2;1;04/01/2019;Friday;12:38;Kensington and Chelsea;Kensington and Chelsea;A;315;Single carriageway;30 MPH;T or staggered junction;Give way or uncontrolled;Unclassified;0;Control by other authorised person;Pelican, puffin, toucan or similar non-junction pedestrian light crossing;Daylight;Fine no high winds;Dry;None;None;Urban;Yes;E01002826;2;1;Driver or rider;Male;59;9;Slight;Not a Pedestrian;Not a Pedestrian;Not car passenger;Not a bus or coach passenger;No / Not applicable;1;Cyclist;More deprived 20-30%;2;Pedal cycle;No tow/articulation;Moving off;On main c'way - not in restricted lane;Cleared junction or waiting/parked at junction exit;None;None;Did not leave carriageway;None;Back;1;Not known;Male;59;56 - 65;-1;-1;-1;3;Urban area;3
2019010155756;515559;189595;-0.333148;51.593363;Metropolitan Police;Slight;2;1;03/01/2019;Thursday;17:15;Harrow;Harrow;Unclassified;0;Roundabout;30 MPH;Roundabout;Give way or uncontrolled;A;409;None within 50 metres ;Pelican, puffin, toucan or similar non-junction pedestrian light crossing;Darkness - lights lit;Fine no high winds;Dry;None;None;Urban;Yes;E01002180;1;1;Driver or rider;Male;29;6;Slight;Not a Pedestrian;Not a Pedestrian;Not car passenger;Not a bus or coach passenger;No / Not applicable;9;Cyclist;More deprived 30-40%;1;Car;No tow/articulation;Going ahead right-hand bend;On main c'way - not in restricted lane;Leaving roundabout;None;None;Did not leave carriageway;None;Nearside;1;Journey as part of work;Male;29;26 - 35;-1;-1;-1;4;Urban area;4
2019010155756;515559;189595;-0.333148;51.593363;Metropolitan Police;Slight;2;1;03/01/2019;Thursday;17:15;Harrow;Harrow;Unclassified;0;Roundabout;30 MPH;Roundabout;Give way or uncontrolled;A;409;None within 50 metres ;Pelican, puffin, toucan or similar non-junction pedestrian light crossing;Darkness - lights lit;Fine no high winds;Dry;None;None;Urban;Yes;E01002180;1;1;Driver or rider;Male;29;6;Slight;Not a Pedestrian;Not a Pedestrian;Not car passenger;Not a bus or coach passenger;No / Not applicable;9;Cyclist;More deprived 30-40%;2;Car;No tow/articulation;Going ahead other;On main c'way - not in restricted lane;Entering roundabout;None;Central island of roundabout;Did not leave carriageway;None;Front;1;Not known;Female;40;36 - 45;-1;-1;-1;5;Urban area;5
2019010155760;527016;177527;-0.172188;51.482445;Metropolitan Police;Slight;2;1;04/01/2019;Friday;13:52;Kensington and Chelsea;Kensington and Chelsea;A;3212;Single carriageway;30 MPH;T or staggered junction;Give way or uncontrolled;Unclassified;0;None within 50 metres ;No physical crossing facilities within 50 metres;Daylight;Fine no high winds;Dry;None;None;Urban;Yes;E01002845;1;1;Driver or rider;Male;37;7;Slight;Not a Pedestrian;Not a Pedestrian;Not car passenger;Not a bus or coach passenger;No / Not applicable;3;-1;More deprived 20-30%;1;Motorcycle 125cc and under;No tow/articulation;Slowing or stopping;On main c'way - not in restricted lane;Approaching junction or waiting/parked at junction approach;None;None;Did not leave carriageway;None;Front;1;Not known;Male;37;36 - 45;-1;-1;-1;3;Data missing or out of range;3
2019010155760;527016;177527;-0.172188;51.482445;Metropolitan Police;Slight;2;1;04/01/2019;Friday;13:52;Kensington and Chelsea;Kensington and Chelsea;A;3212;Single carriageway;30 MPH;T or staggered junction;Give way or uncontrolled;Unclassified;0;None within 50 metres ;No physical crossing facilities within 50 metres;Daylight;Fine no high winds;Dry;None;None;Urban;Yes;E01002845;1;1;Driver or rider;Male;37;7;Slight;Not a Pedestrian;Not a Pedestrian;Not car passenger;Not a bus or coach passenger;No / Not applicable;3;-1;More deprived 20-30%;2;Car;No tow/articulation;Moving off;On main c'way - not in restricted lane;Approaching junction or waiting/parked at junction approach;None;None;Did not leave carriageway;None;Offside;1;Not known;Male;48;46 - 55;-1;-1;-1;5;Urban area;5
2019010155765;519310;178327;-0.28284;51.491311;Metropolitan Police;Slight;1;1;04/01/2019;Friday;12:40;Hounslow;Hounslow;A;205;Roundabout;30 MPH;Roundabout;Give way or uncontrolled;A;4;None within 50 metres ;Pedestrian phase at traffic signal junction;Daylight;Fine no high winds;Dry;None;Other object on road;Urban;Yes;E01002566;1;1;Pedestrian;Male;54;8;Slight;In carriageway, not crossing;In carriageway, stationary - not crossing  (standing or playing) - masked by parked or stationary vehicle;Not car passenger;Not a bus or coach passenger;No / Not applicable;0;-1;Data missing or out of range;1;Car;No tow/articulation;Going ahead other;On main c'way - not in restricted lane;Mid Junction - on roundabout or on main road;None;Other object;Did not leave carriageway;None;Nearside;1;Commuting to/from work;Male;56;56 - 65;-1;-1;-1;4;Urban area;4
2019010155767;529627;175394;-0.135389;51.462684;Metropolitan Police;Slight;2;1;04/01/2019;Friday;13:45;Lambeth;Lambeth;A;3;Single carriageway;30 MPH;T or staggered junction;Give way or uncontrolled;Unclassified;0;None within 50 metres ;Pedestrian phase at traffic signal junction;Daylight;Fine no high winds;Dry;None;None;Urban;Yes;E01003035;2;1;Driver or rider;Male;19;4;Slight;Not a Pedestrian;Not a Pedestrian;Not car passenger;Not a bus or coach passenger;No / Not applicable;9;Cyclist;More deprived 30-40%;1;Taxi/Private hire car;No tow/articulation;Waiting to turn left;On main c'way - not in restricted lane;Entering main road;None;None;Nearside;None;Offside;1;Commuting to/from work;Male;34;26 - 35;-1;-1;-1;2;Urban area;2
2019010155767;529627;175394;-0.135389;51.462684;Metropolitan Police;Slight;2;1;04/01/2019;Friday;13:45;Lambeth;Lambeth;A;3;Single carriageway;30 MPH;T or staggered junction;Give way or uncontrolled;Unclassified;0;None within 50 metres ;Pedestrian phase at traffic signal junction;Daylight;Fine no high winds;Dry;None;None;Urban;Yes;E01003035;2;1;Driver or rider;Male;19;4;Slight;Not a Pedestrian;Not a Pedestrian;Not car passenger;Not a bus or coach passenger;No / Not applicable;9;Cyclist;More deprived 30-40%;2;Car;No tow/articulation;Overtaking - nearside;On main c'way - not in restricted lane;Cleared junction or waiting/parked at junction exit;None;None;Did not leave carriageway;None;Nearside;1;Not known;Male;19;16 - 20;-1;-1;-1;4;Urban area;4
2019010155774;539416;174540;0.005098;51.452685;Metropolitan Police;Slight;2;1;03/01/2019;Thursday;12:10;Lewisham;Lewisham;Unclassified;0;Slip road;20 MPH;Not at junction or within 20 metres;Data missing or out of range;-1;0;Data missing or out of range;Data missing or out of range;Daylight;Other;Dry;None;None;Urban;No - accident was reported using a self completion  form (self rep only);E01003287;1;1;Driver or rider;Male;26;6;Slight;Not a Pedestrian;Not a Pedestrian;Not car passenger;Not a bus or coach passenger;No / Not applicable;22;Cyclist;More deprived 10-20%;1;Mobility scooter;No tow/articulation;Data missing or out of range;Data missing or out of range;Not at or within 20 metres of junction;Data missing or out of range;Data missing or out of range;Data missing or out of range;Data missing or out of range;Front;1;Commuting to/from work;Male;26;26 - 35;-1;-1;-1;2;Urban area;2
2019010155774;539416;174540;0.005098;51.452685;Metropolitan Police;Slight;2;1;03/01/2019;Thursday;12:10;Lewisham;Lewisham;Unclassified;0;Slip road;20 MPH;Not at junction or within 20 metres;Data missing or out of range;-1;0;Data missing or out of range;Data missing or out of range;Daylight;Other;Dry;None;None;Urban;No - accident was reported using a self completion  form (self rep only);E01003287;1;1;Driver or rider;Male;26;6;Slight;Not a Pedestrian;Not a Pedestrian;Not car passenger;Not a bus or coach passenger;No / Not applicable;22;Cyclist;More deprived 10-20%;2;Van / Goods 3.5 tonnes mgw or under;No tow/articulation;Data missing or out of range;Data missing or out of range;Not at or within 20 metres of junction;Data missing or out of range;Data missing or out of range;Data missing or out of range;Data missing or out of range;Back;-1;Not known;Not known;-1;Data missing or out of range;-1;-1;-1;1;Urban area;1
2019010155778;527149;178023;-0.170096;51.486873;Metropolitan Police;Serious;2;1;04/01/2019;Friday;16:40;Kensington and Chelsea;Kensington and Chelsea;A;3217;Single carriageway;30 MPH;T or staggered junction;Auto traffic signal;B;304;None within 50 metres ;Pedestrian phase at traffic signal junction;Darkness - lights lit;Fine no high winds;Dry;None;None;Urban;Yes;E01002844;2;1;Driver or rider;Female;81;11;Serious;Not a Pedestrian;Not a Pedestrian;Not car passenger;Not a bus or coach passenger;No / Not applicable;1;Cyclist;More deprived 30-40%;1;Motorcycle 50cc and under;No tow/articulation;Going ahead other;On main c'way - not in restricted lane;Mid Junction - on roundabout or on main road;None;None;Did not leave carriageway;None;Nearside;1;Not known;Female;75;66 - 75;-1;-1;-1;-1;Data missing or out of range;-1
2019010155778;527149;178023;-0.170096;51.486873;Metropolitan Police;Serious;2;1;04/01/2019;Friday;16:40;Kensington and Chelsea;Kensington and Chelsea;A;3217;Single carriageway;30 MPH;T or staggered junction;Auto traffic signal;B;304;None within 50 metres ;Pedestrian phase at traffic signal junction;Darkness - lights lit;Fine no high winds;Dry;None;None;Urban;Yes;E01002844;2;1;Driver or rider;Female;81;11;Serious;Not a Pedestrian;Not a Pedestrian;Not car passenger;Not a bus or coach passenger;No / Not applicable;1;Cyclist;More deprived 30-40%;2;Pedal cycle;No tow/articulation;Moving off;On main c'way - not in restricted lane;Entering main road;None;None;Did not leave carriageway;None;Front;1;Not known;Female;81;Over 75;-1;-1;-1;4;Urban area;4
2019010155781;540530;169424;0.019092;51.406437;Metropolitan Police;Slight;1;1;04/01/2019;Friday;16:40;Bromley;Bromley;A;222;Dual carriageway;30 MPH;Crossroads;Auto traffic signal;A;21;Control by school crossing patrol;Pelican, puffin, toucan or similar non-junction pedestrian light crossing;Darkness - lights lit;Fine no high winds;Dry;None;None;Urban;Yes;E01000825;1;1;Pedestrian;Male;32;6;Slight;Crossing on pedestrian crossing facility;Crossing from driver's nearside;Not car passenger;Not a bus or coach passenger;No / Not applicable;0;Cyclist;More deprived 30-40%;1;Motorcycle - unknown cc;No tow/articulation;Turning right;On main c'way - not in restricted lane;Entering main road;Skidded and overturned;Other object;Nearside and rebounded;None;Front;1;Not known;Not known;-1;Data missing or out of range;-1;-1;-1;-1;Data missing or out of range;-1
2019010155783;527704;179698;-0.161501;51.501801;Metropolitan Police;Slight;2;1;04/01/2019;Friday;10:03;Westminster;Westminster;A;4;Dual carriageway;30 MPH;T or staggered junction;Auto traffic signal;A;3216;None within 50 metres ;Pedestrian phase at traffic signal junction;Daylight;Fine no high winds;Dry;None;None;Urban;Yes;E01004689;1;1;Driver or rider;Male;21;5;Slight;Not a Pedestrian;Not a Pedestrian;Not car passenger;Not a bus or coach passenger;No / Not applicable;9;Cyclist;Less deprived 40-50%;1;Car;No tow/articulation;Changing lane to right;On main c'way - not in restricted lane;Approaching junction or waiting/parked at junction approach;None;None;Did not leave carriageway;None;Back;1;Not known;Male;21;21 - 25;-1;-1;-1;6;Urban area;6
2019010155783;527704;179698;-0.161501;51.501801;Metropolitan Police;Slight;2;1;04/01/2019;Friday;10:03;Westminster;Westminster;A;4;Dual carriageway;30 MPH;T or staggered junction;Auto traffic signal;A;3216;None within 50 metres ;Pedestrian phase at traffic signal junction;Daylight;Fine no high winds;Dry;None;None;Urban;Yes;E01004689;1;1;Driver or rider;Male;21;5;Slight;Not a Pedestrian;Not a Pedestrian;Not car passenger;Not a bus or coach passenger;No / Not applicable;9;Cyclist;Less deprived 40-50%;2;Van / Goods 3.5 tonnes mgw or under;No tow/articulation;Moving off;On main c'way - not in restricted lane;Approaching junction or waiting/parked at junction approach;None;None;Did not leave carriageway;None;Front;1;Journey as part of work;Male;71;66 - 75;-1;-1;-1;8;Small town;8
2019010155785;530544;181099;-0.120088;51.513743;Metropolitan Police;Serious;2;1;04/01/2019;Friday;14:58;Westminster;Westminster;C;0;One way street;30 MPH;More than 4 arms (not roundabout);Give way or uncontrolled;Unclassified;0;None within 50 metres ;No physical crossing facilities within 50 metres;Daylight;Fine no high winds;Dry;None;None;Urban;Yes;E01004735;2;1;Driver or rider;Male;25;5;Serious;Not a Pedestrian;Not a Pedestrian;Not car passenger;Not a bus or coach passenger;No / Not applicable;3;Cyclist;More deprived 10-20%;1;Taxi/Private hire car;No tow/articulation;Going ahead other;On main c'way - not in restricted lane;Approaching junction or waiting/parked at junction approach;None;None;Did not leave carriageway;None;Front;1;Journey as part of work;Male;47;46 - 55;-1;-1;-1;9;Urban area;9
2019010155785;530544;181099;-0.120088;51.513743;Metropolitan Police;Serious;2;1;04/01/2019;Friday;14:58;Westminster;Westminster;C;0;One way street;30 MPH;More than 4 arms (not roundabout);Give way or uncontrolled;Unclassified;0;None within 50 metres ;No physical crossing facilities within 50 metres;Daylight;Fine no high winds;Dry;None;None;Urban;Yes;E01004735;2;1;Driver or rider;Male;25;5;Serious;Not a Pedestrian;Not a Pedestrian;Not car passenger;Not a bus or coach passenger;No / Not applicable;3;Cyclist;More deprived 10-20%;2;Motorcycle 125cc and under;No tow/articulation;Moving off;On main c'way - not in restricted lane;Entering main road;None;None;Did not leave carriageway;None;Front;1;Journey as part of work;Male;25;21 - 25;-1;-1;-1;2;Urban area;2
2019010155790;540597;176724;0.022951;51.472019;Metropolitan Police;Slight;2;1;04/01/2019;Friday;14:20;Greenwich;Greenwich;A;2213;Single carriageway;30 MPH;T or staggered junction;Give way or uncontrolled;Unclassified;0;None within 50 metres ;No physical crossing facilities within 50 metres;Daylight;Fine no high winds;Dry;None;None;Urban;Yes;E01001583;1;1;Driver or rider;Female;59;9;Slight;Not a Pedestrian;Not a Pedestrian;Not car passenger;Not a bus or coach passenger;No / Not applicable;9;Cyclist;Less deprived 40-50%;1;Car;No tow/articulation;Turning right;On main c'way - not in restricted lane;Entering main road;Skidded;None;Did not leave carriageway;None;Front;1;Not known;Female;59;56 - 65;-1;-1;-1;6;Urban area;6
2019010155790;540597;176724;0.022951;51.472019;Metropolitan Police;Slight;2;1;04/01/2019;Friday;14:20;Greenwich;Greenwich;A;2213;Single carriageway;30 MPH;T or staggered junction;Give way or uncontrolled;Unclassified;0;None within 50 metres ;No physical crossing facilities within 50 metres;Daylight;Fine no high winds;Dry;None;None;Urban;Yes;E01001583;1;1;Driver or rider;Female;59;9;Slight;Not a Pedestrian;Not a Pedestrian;Not car passenger;Not a bus or coach passenger;No / Not applicable;9;Cyclist;Less deprived 40-50%;2;Car;No tow/articulation;Going ahead other;On main c'way - not in restricted lane;Approaching junction or waiting/parked at junction approach;Skidded;Kerb;Did not leave carriageway;None;Front;1;Journey as part of work;Male;48;46 - 55;-1;-1;-1;9;Urban area;9
2019010155795;528507;182114;-0.149058;51.523332;Metropolitan Police;Slight;2;1;04/01/2019;Friday;16:20;Westminster;Westminster;A;501;Dual carriageway;30 MPH;T or staggered junction;Auto traffic signal;A;501;None within 50 metres ;Pedestrian phase at traffic signal junction;Daylight;Fine no high winds;Dry;None;None;Urban;Yes;E01004716;1;1;Driver or rider;Male;58;9;Slight;Not a Pedestrian;Not a Pedestrian;Not car passenger;Not a bus or coach passenger;No / Not applicable;8;-1;Data missing or out of range;1;Taxi/Private hire car;No tow/articulation;Waiting to turn right;On main c'way - not in restricted lane;Approaching junction or waiting/parked at junction approach;None;None;Did not leave carriageway;None;Back;1;Journey as part of work;Male;58;56 - 65;-1;-1;-1;-1;Data missing or out of range;-1
2019010155795;528507;182114;-0.149058;51.523332;Metropolitan Police;Slight;2;1;04/01/2019;Friday;16:20;Westminster;Westminster;A;501;Dual carriageway;30 MPH;T or staggered junction;Auto traffic signal;A;501;None within 50 metres ;Pedestrian phase at traffic signal junction;Daylight;Fine no high winds;Dry;None;None;Urban;Yes;E01004716;1;1;Driver or rider;Male;58;9;Slight;Not a Pedestrian;Not a Pedestrian;Not car passenger;Not a bus or coach passenger;No / Not applicable;8;-1;Data missing or out of range;2;Van / Goods 3.5 tonnes mgw or under;No tow/articulation;Going ahead other;On main c'way - not in restricted lane;Approaching junction or waiting/parked at junction approach;None;None;Did not leave carriageway;None;Front;1;Journey as part of work;Male;42;36 - 45;-1;-1;-1;5;Small town;5
2019010155797;529385;186789;-0.134691;51.565145;Metropolitan Police;Slight;1;2;04/01/2019;Friday;18:48;Islington;Islington;A;400;Dual carriageway;20 MPH;Not at junction or within 20 metres;Data missing or out of range;-1;0;None within 50 metres ;Pedestrian phase at traffic signal junction;Darkness - lights lit;Fine no high winds;Dry;None;None;Urban;Yes;E01002770;1;1;Driver or rider;Male;22;5;Slight;Not a Pedestrian;Not a Pedestrian;Not car passenger;Not a bus or coach passenger;No / Not applicable;5;Cyclist;Less deprived 10-20%;1;Motorcycle over 500cc;No tow/articulation;Going ahead other;On main c'way - not in restricted lane;Not at or within 20 metres of junction;Overturned;None;Did not leave carriageway;None;Front;1;Commuting to/from work;Male;22;21 - 25;-1;-1;-1;9;Urban area;9
2019010155797;529385;186789;-0.134691;51.565145;Metropolitan Police;Slight;1;2;04/01/2019;Friday;18:48;Islington;Islington;A;400;Dual carriageway;20 MPH;Not at junction or within 20 metres;Data missing or out of range;-1;0;None within 50 metres ;Pedestrian phase at traffic signal junction;Darkness - lights lit;Fine no high winds;Dry;None;None;Urban;Yes;E01002770;1;2;Pedestrian;Male;41;7;Slight;In centre of carriageway - not on refuge, island or central reservation;Crossing from offside - masked by  parked or stationary vehicle;Not car passenger;Not a bus or coach passenger;No / Not applicable;0;Cyclist;More deprived 40-50%;1;Motorcycle over 500cc;No tow/articulation;Going ahead other;On main c'way - not in restricted lane;Not at or within 20 metres of junction;Overturned;None;Did not leave carriageway;None;Front;1;Commuting to/from work;Male;22;21 - 25;-1;-1;-1;9;Urban area;9
2019010155799;526484;166217;-0.18388;51.380919;Metropolitan Police;Slight;2;1;04/01/2019;Friday;19:00;Sutton;Sutton;B;278;Single carriageway;30 MPH;T or staggered junction;Auto traffic signal;Unclassified;0;Control by school crossing patrol;Pedestrian phase at traffic signal junction;Darkness - lights lit;Fine no high winds;Dry;None;None;Urban;Yes;E01004123;1;1;Driver or rider;Female;19;4;Slight;Not a Pedestrian;Not a Pedestrian;Not car passenger;Not a bus or coach passenger;No / Not applicable;9;Cyclist;Less deprived 30-40%;1;Car;No tow/articulation;Slowing or stopping;On main c'way - not in restricted lane;Approaching junction or waiting/parked at junction approach;None;None;Did not leave carriageway;None;Back;1;Not known;Female;19;16 - 20;-1;-1;-1;7;Urban area;7
2019010155799;526484;166217;-0.18388;51.380919;Metropolitan Police;Slight;2;1;04/01/2019;Friday;19:00;Sutton;Sutton;B;278;Single carriageway;30 MPH;T or staggered junction;Auto traffic signal;Unclassified;0;Control by school crossing patrol;Pedestrian phase at traffic signal junction;Darkness - lights lit;Fine no high winds;Dry;None;None;Urban;Yes;E01004123;1;1;Driver or rider;Female;19;4;Slight;Not a Pedestrian;Not a Pedestrian;Not car passenger;Not a bus or coach passenger;No / Not applicable;9;Cyclist;Less deprived 30-40%;2;Car;No tow/articulation;Going ahead other;On main c'way - not in restricted lane;Approaching junction or waiting/parked at junction approach;None;None;Did not leave carriageway;None;Front;1;Not known;Not known;-1;Data missing or out of range;-1;-1;-1;-1;Data missing or out of range;-1
2019010155800;526249;182619;-0.181406;51.528379;Metropolitan Police;Slight;2;1;04/01/2019;Friday;16:15;Westminster;Westminster;A;5;Single carriageway;20 MPH;Crossroads;Auto traffic signal;A;5;None within 50 metres ;Pelican, puffin, toucan or similar non-junction pedestrian light crossing;Darkness - lights lit;Fine no high winds;Dry;None;None;Urban;Yes;E01004726;2;1;Driver or rider;Male;32;6;Slight;Not a Pedestrian;Not a Pedestrian;Not car passenger;Not a bus or coach passenger;No / Not applicable;1;Cyclist;More deprived 20-30%;1;Car;No tow/articulation;Going ahead other;On main c'way - not in restricted lane;Approaching junction or waiting/parked at junction approach;None;None;Did not leave carriageway;None;Nearside;1;Not known;Male;29;26 - 35;-1;-1;-1;3;Data missing or out of range;3
2019010155800;526249;182619;-0.181406;51.528379;Metropolitan Police;Slight;2;1;04/01/2019;Friday;16:15;Westminster;Westminster;A;5;Single carriageway;20 MPH;Crossroads;Auto traffic signal;A;5;None within 50 metres ;Pelican, puffin, toucan or similar non-junction pedestrian light crossing;Darkness - lights lit;Fine no high winds;Dry;None;None;Urban;Yes;E01004726;2;1;Driver or rider;Male;32;6;Slight;Not a Pedestrian;Not a Pedestrian;Not car passenger;Not a bus or coach passenger;No / Not applicable;1;Cyclist;More deprived 20-30%;2;Pedal cycle;No tow/articulation;Going ahead other;On main c'way - not in restricted lane;Approaching junction or waiting/parked at junction approach;None;None;Did not leave carriageway;None;Front;1;Not known;Male;32;26 - 35;-1;-1;-1;3;Urban area;3
2019010155803;525247;183867;-0.1954;51.539818;Metropolitan Police;Slight;2;1;04/01/2019;Friday;11:00;Camden;Camden;A;5;Single carriageway;20 MPH;Crossroads;Auto traffic signal;A;5;None within 50 metres ;Pedestrian phase at traffic signal junction;Daylight;Fine no high winds;Dry;None;None;Urban;No - accident was reported using a self completion  form (self rep only);E01000933;1;1;Driver or rider;Female;33;6;Slight;Not a Pedestrian;Not a Pedestrian;Not car passenger;Not a bus or coach passenger;No / Not applicable;1;Cyclist;More deprived 40-50%;1;Pedal cycle;Data missing or out of range;Data missing or out of range;Data missing or out of range;Data missing or out of range;Data missing or out of range;Data missing or out of range;Data missing or out of range;Data missing or out of range;Data missing or out of range;1;Not known;Female;33;26 - 35;-1;-1;-1;5;Urban area;5
2019010155803;525247;183867;-0.1954;51.539818;Metropolitan Police;Slight;2;1;04/01/2019;Friday;11:00;Camden;Camden;A;5;Single carriageway;20 MPH;Crossroads;Auto traffic signal;A;5;None within 50 metres ;Pedestrian phase at traffic signal junction;Daylight;Fine no high winds;Dry;None;None;Urban;No - accident was reported using a self completion  form (self rep only);E01000933;1;1;Driver or rider;Female;33;6;Slight;Not a Pedestrian;Not a Pedestrian;Not car passenger;Not a bus or coach passenger;No / Not applicable;1;Cyclist;More deprived 40-50%;2;Car;No tow/articulation;Data missing or out of range;Data missing or out of range;Data missing or out of range;Data missing or out of range;Data missing or out of range;Data missing or out of range;Data missing or out of range;Data missing or out of range;-1;Not known;Not known;-1;Data missing or out of range;-1;-1;-1;-1;Data missing or out of range;-1
2019010155804;515314;190792;-0.33629;51.604172;Metropolitan Police;Slight;2;1;04/01/2019;Friday;16:15;Harrow;Harrow;C;0;Single carriageway;30 MPH;T or staggered junction;Give way or uncontrolled;Unclassified;0;None within 50 metres ;No physical crossing facilities within 50 metres;Darkness - lights lit;Fine no high winds;Dry;None;None;Urban;Yes;E01002142;1;1;Driver or rider;Male;37;7;Slight;Not a Pedestrian;Not a Pedestrian;Not car passenger;Not a bus or coach passenger;No / Not applicable;3;-1;Data missing or out of range;1;Motorcycle 125cc and under;No tow/articulation;Going ahead other;On main c'way - not in restricted lane;Approaching junction or waiting/parked at junction approach;None;None;Did not leave carriageway;None;Offside;1;Not known;Male;37;36 - 45;-1;-1;-1;-1;Data missing or out of range;-1
2019010155804;515314;190792;-0.33629;51.604172;Metropolitan Police;Slight;2;1;04/01/2019;Friday;16:15;Harrow;Harrow;C;0;Single carriageway;30 MPH;T or staggered junction;Give way or uncontrolled;Unclassified;0;None within 50 metres ;No physical crossing facilities within 50 metres;Darkness - lights lit;Fine no high winds;Dry;None;None;Urban;Yes;E01002142;1;1;Driver or rider;Male;37;7;Slight;Not a Pedestrian;Not a Pedestrian;Not car passenger;Not a bus or coach passenger;No / Not applicable;3;-1;Data missing or out of range;2;Car;No tow/articulation;Waiting to turn right;On main c'way - not in restricted lane;Approaching junction or waiting/parked at junction approach;None;None;Did not leave carriageway;None;Front;1;Not known;Female;33;26 - 35;-1;-1;-1;-1;Data missing or out of range;-1
2019010155807;534973;166758;-0.061765;51.383828;Metropolitan Police;Slight;1;1;04/01/2019;Friday;20:05;Croydon;Croydon;Unclassified;0;Single carriageway;30 MPH;Other junction;Give way or uncontrolled;Unclassified;0;None within 50 metres ;No physical crossing facilities within 50 metres;Darkness - lights lit;Fine no high winds;Dry;None;None;Urban;Yes;E01000992;1;1;Driver or rider;Female;45;7;Slight;Not a Pedestrian;Not a Pedestrian;Not car passenger;Not a bus or coach passenger;No / Not applicable;9;Cyclist;More deprived 10-20%;1;Car;No tow/articulation;Slowing or stopping;On main c'way - not in restricted lane;Cleared junction or waiting/parked at junction exit;None;None;Did not leave carriageway;None;Front;1;Commuting to/from work;Female;45;36 - 45;-1;-1;-1;2;Urban area;2