Accident_Index;Location_Easting_OSGR;Location_Northing_OSGR;Longitude;Latitude;Police_Force;Accident_Severity;Number_of_Vehicles;Number_of_Casualties;Date;Day_of_Week;Time;Local_Authority_(District);Local_Authority_(Highway);1st_Road_Class;1st_Road_Number;Road_Type;Speed_limit;Junction_Detail;Junction_Control;2nd_Road_Class;2nd_Road_Number;Pedestrian_Crossing-Human_Control;Pedestrian_Crossing-Physical_Facilities;Light_Conditions;Weather_Conditions;Road_Surface_Conditions;Special_Conditions_at_Site;Carriageway_Hazards;Urban_or_Rural_Area;Did_Police_Officer_Attend_Scene_of_Accident;LSOA_of_Accident_Location;Vehicle_Reference_x;Casualty_Reference;Casualty_Class;Sex_of_Casualty;Age_of_Casualty;Age_Band_of_Casualty;Casualty_Severity;Pedestrian_Location;Pedestrian_Movement;Car_Passenger;Bus_or_Coach_Passenger;Pedestrian_Road_Maintenance_Worker;Casualty_Type;Casualty_Home_Area_Type;Casualty_IMD_Decile;Vehicle_Reference_y;Vehicle_Type;Towing_and_Articulation;Vehicle_Manoeuvre;Vehicle_Location-Restricted_Lane;Junction_Location;Skidding_and_Overturning;Hit_Object_in_Carriageway;Vehicle_Leaving_Carriageway;Hit_Object_off_Carriageway;1st_Point_of_Impact;Was_Vehicle_Left_Hand_Drive?;Journey_Purpose_of_Driver;Sex_of_Driver;Age_of_Driver;Age_Band_of_Driver;Engine_Capacity_(CC);Propulsion_Code;Age_of_Vehicle;Driver_IMD_Decile;Driver_Home_Area_Type;Vehicle_IMD_Decile
2019010156014;541125;174288;0.029577;51.449998;Metropolitan Police;Slight;2;2;06/01/2019;Sunday;16:37;Greenwich;Greenwich;A;205;Roundabout;30 MPH;Roundabout;Give way or uncontrolled;A;20;None within 50 metres ;No physical crossing facilities within 50 metres;Darkness - lights lit;Fine no high winds;Dry;None;None;Urban;Yes;E01001660;1;1;Driver or rider;Female;43;7;Slight;Not a Pedestrian;Not a Pedestrian;Not car passenger;Not a bus or coach passenger;No / Not applicable;9;-1;Data missing or out of range;2;Car;No tow/articulation;Going ahead other;On main c'way - not in restricted lane;Entering roundabout;None;None;Did not leave carriageway;None;Front;1;Taking pupil to/from school;Female;30;26 - 35;-1;-1;-1;2;Urban area;2
2019010156014;541125;174288;0.029577;51.449998;Metropolitan Police;Slight;2;2;06/01/2019;Sunday;16:37;Greenwich;Greenwich;A;205;Roundabout;30 MPH;Roundabout;Give way or uncontrolled;A;20;None within 50 metres ;No physical crossing facilities within 50 metres;Darkness - lights lit;Fine no high winds;Dry;None;None;Urban;Yes;E01001660;1;2;Passenger;Male;42;7;Slight;Not a Pedestrian;Not a Pedestrian;Front seat passenger;Not a bus or coach passenger;No / Not applicable;9;-1;Data missing or out of range;1;Car;No tow/articulation;Going ahead other;On main c'way - not in restricted lane;Approaching junction or waiting/parked at junction approach;None;None;Did not leave carriageway;None;Back;1;Not known;Female;43;36 - 45;-1;-1;-1;-1;Data missing or out of range;-1
2019010156014;541125;174288;0.029577;51.449998;Metropolitan Police;Slight;2;2;06/01/2019;Sunday;16:37;Greenwich;Greenwich;A;205;Roundabout;30 MPH;Roundabout;Give way or uncontrolled;A;20;None within 50 metres ;No physical crossing facilities within 50 metres;Darkness - lights lit;Fine no high winds;Dry;None;None;Urban;Yes;E01001660;1;2;Passenger;Male;42;7;Slight;Not a Pedestrian;Not a Pedestrian;Front seat passenger;Not a bus or coach passenger;No / Not applicable;9;-1;Data missing or out of range;2;Car;No tow/articulation;Going ahead other;On main c'way - not in restricted lane;Entering roundabout;None;None;Did not leave carriageway;None;Front;1;Taking pupil to/from school;Female;30;26 - 35;-1;-1;-1;2;Urban area;2
2019010156017;529013;181251;-0.142084;51.515461;Metropolitan Police;Slight;1;1;06/01/2019;Sunday;16:50;Westminster;Westminster;A;40;Single carriageway;20 MPH;Crossroads;Auto traffic signal;A;4201;None within 50 metres ;Pedestrian phase at traffic signal junction;Darkness - lights lit;Fine no high winds;Dry;None;None;Urban;Yes;E01033595;1;1;Pedestrian;Female;3;1;Slight;On footway or verge;Unknown or other;Not car passenger;Not a bus or coach passenger;No / Not applicable;0;-1;Data missing or out of range;1;Motorcycle 50cc and under;No tow/articulation;Going ahead other;On main c'way - not in restricted lane;Approaching junction or waiting/parked at junction approach;None;None;Did not leave carriageway;None;Front;1;Not known;Female;33;26 - 35;-1;-1;-1;3;Urban area;3
2019010156018;526078;166635;-0.189563;51.384766;Metropolitan Police;Slight;2;1;06/01/2019;Sunday;17:45;Sutton;Sutton;A;297;Roundabout;30 MPH;Roundabout;Auto traffic signal;A;217;None within 50 metres ;Pedestrian phase at traffic signal junction;Darkness - lights lit;Fine no high winds;Dry;Data missing or out of range;None;Urban;No - accident was reported using a self completion  form (self rep only);E01004129;1;1;Driver or rider;Male;38;7;Slight;Not a Pedestrian;Not a Pedestrian;Not car passenger;Not a bus or coach passenger;No / Not applicable;9;Cyclist;Less deprived 10-20%;1;Car;No tow/articulation;Data missing or out of range;Data missing or out of range;Data missing or out of range;Data missing or out of range;Data missing or out of range;Data missing or out of range;Data missing or out of range;Front;-1;Not known;Male;38;36 - 45;-1;-1;-1;9;Urban area;9
2019010156018;526078;166635;-0.189563;51.384766;Metropolitan Police;Slight;2;1;06/01/2019;Sunday;17:45;Sutton;Sutton;A;297;Roundabout;30 MPH;Roundabout;Auto traffic signal;A;217;None within 50 metres ;Pedestrian phase at traffic signal junction;Darkness - lights lit;Fine no high winds;Dry;Data missing or out of range;None;Urban;No - accident was reported using a self completion  form (self rep only);E01004129;1;1;Driver or rider;Male;38;7;Slight;Not a Pedestrian;Not a Pedestrian;Not car passenger;Not a bus or coach passenger;No / Not applicable;9;Cyclist;Less deprived 10-20%;2;Car;No tow/articulation;Data missing or out of range;Data missing or out of range;Data missing or out of range;Data missing or out of range;Data missing or out of range;Data missing or out of range;Data missing or out of range;Nearside;-1;Not known;Not known;-1;Data missing or out of range;-1;-1;-1;-1;Data missing or out of range;-1
2019010156026;529514;194352;-0.130041;51.63308;Metropolitan Police;Slight;2;1;06/01/2019;Sunday;18:35;Enfield;Enfield;A;111;Single carriageway;30 MPH;Private drive or entrance;Give way or uncontrolled;Unclassified;0;None within 50 metres ;Pelican, puffin, toucan or similar non-junction pedestrian light crossing;Darkness - lights lit;Fine no high winds;Dry;None;None;Urban;Yes;E01001519;2;1;Driver or rider;Male;34;6;Slight;Not a Pedestrian;Not a Pedestrian;Not car passenger;Not a bus or coach passenger;No / Not applicable;3;-1;Data missing or out of range;1;Car;No tow/articulation;Turning right;On main c'way - not in restricted lane;Leaving main road;None;None;Did not leave carriageway;None;Offside;1;Not known;Male;22;21 - 25;-1;-1;-1;8;Urban area;8
2019010156026;529514;194352;-0.130041;51.63308;Metropolitan Police;Slight;2;1;06/01/2019;Sunday;18:35;Enfield;Enfield;A;111;Single carriageway;30 MPH;Private drive or entrance;Give way or uncontrolled;Unclassified;0;None within 50 metres ;Pelican, puffin, toucan or similar non-junction pedestrian light crossing;Darkness - lights lit;Fine no high winds;Dry;None;None;Urban;Yes;E01001519;2;1;Driver or rider;Male;34;6;Slight;Not a Pedestrian;Not a Pedestrian;Not car passenger;Not a bus or coach passenger;No / Not applicable;3;-1;Data missing or out of range;2;Motorcycle 125cc and under;No tow/articulation;Overtaking moving vehicle - offside;On main c'way - not in restricted lane;Approaching junction or waiting/parked at junction approach;None;None;Did not leave carriageway;None;Front;1;Journey as part of work;Male;34;26 - 35;-1;-1;-1;-1;Data missing or out of range;-1
2019010156027;536461;177024;-0.036445;51.475727;Metropolitan Police;Slight;1;1;06/01/2019;Sunday;18:04;Lewisham;Lewisham;A;2;Single carriageway;30 MPH;Other junction;Auto traffic signal;A;2;None within 50 metres ;No physical crossing facilities within 50 metres;Darkness - no lighting;Fine no high winds;Dry;None;None;Urban;Yes;E01003303;1;1;Pedestrian;Male;37;7;Slight;In carriageway, crossing elsewhere;Crossing from driver's nearside;Not car passenger;Not a bus or coach passenger;No / Not applicable;0;-1;Data missing or out of range;1;Bus or coach (17 or more pass seats);No tow/articulation;Going ahead other;On main c'way - not in restricted lane;Cleared junction or waiting/parked at junction exit;None;None;Did not leave carriageway;None;Nearside;1;Not known;Male;51;46 - 55;-1;-1;-1;2;Urban area;2
2019010156029;540984;182888;0.030982;51.527312;Metropolitan Police;Slight;2;1;05/01/2019;Saturday;20:02;Newham;Newham;A;124;Single carriageway;30 MPH;Not at junction or within 20 metres;Data missing or out of range;-1;0;Data missing or out of range;Data missing or out of range;Darkness - lighting unknown;Fine no high winds;Dry;None;None;Urban;No - accident was reported using a self completion  form (self rep only);E01003606;1;1;Driver or rider;Male;34;6;Slight;Not a Pedestrian;Not a Pedestrian;Not car passenger;Not a bus or coach passenger;No / Not applicable;9;Cyclist;Less deprived 30-40%;1;Car;No tow/articulation;Data missing or out of range;Data missing or out of range;Not at or within 20 metres of junction;Data missing or out of range;Data missing or out of range;Data missing or out of range;Data missing or out of range;Data missing or out of range;-1;Not known;Male;34;26 - 35;-1;-1;-1;7;Urban area;7
2019010156029;540984;182888;0.030982;51.527312;Metropolitan Police;Slight;2;1;05/01/2019;Saturday;20:02;Newham;Newham;A;124;Single carriageway;30 MPH;Not at junction or within 20 metres;Data missing or out of range;-1;0;Data missing or out of range;Data missing or out of range;Darkness - lighting unknown;Fine no high winds;Dry;None;None;Urban;No - accident was reported using a self completion  form (self rep only);E01003606;1;1;Driver or rider;Male;34;6;Slight;Not a Pedestrian;Not a Pedestrian;Not car passenger;Not a bus or coach passenger;No / Not applicable;9;Cyclist;Less deprived 30-40%;2;Car;No tow/articulation;Data missing or out of range;Data missing or out of range;Data missing or out of range;Data missing or out of range;Data missing or out of range;Data missing or out of range;Data missing or out of range;Data missing or out of range;-1;Not known;Male;32;26 - 35;-1;-1;-1;2;Urban area;2
2019010156031;515449;189982;-0.334608;51.596864;Metropolitan Police;Slight;1;1;06/01/2019;Sunday;13:11;Harrow;Harrow;C;0;Single carriageway;20 MPH;T or staggered junction;Give way or uncontrolled;Unclassified;0;None within 50 metres ;Pelican, puffin, toucan or similar non-junction pedestrian light crossing;Daylight;Fine no high winds;Dry;None;None;Urban;Yes;E01002233;1;1;Driver or rider;Male;33;6;Slight;Not a Pedestrian;Not a Pedestrian;Not car passenger;Not a bus or coach passenger;No / Not applicable;3;Cyclist;More deprived 30-40%;1;Motorcycle 125cc and under;No tow/articulation;Going ahead other;On main c'way - not in restricted lane;Approaching junction or waiting/parked at junction approach;Skidded;None;Did not leave carriageway;None;Did not impact;1;Commuting to/from work;Male;33;26 - 35;-1;-1;-1;4;Urban area;4
2019010156036;519369;178391;-0.281969;51.491874;Metropolitan Police;Slight;3;1;06/01/2019;Sunday;19:27;Hounslow;Hounslow;A;315;Roundabout;30 MPH;Roundabout;Auto traffic signal;A;406;None within 50 metres ;No physical crossing facilities within 50 metres;Darkness - lights lit;Fine no high winds;Dry;None;None;Urban;Yes;E01002692;1;1;Driver or rider;Female;52;8;Slight;Not a Pedestrian;Not a Pedestrian;Not car passenger;Not a bus or coach passenger;No / Not applicable;9;Cyclist;More deprived 40-50%;1;Car;No tow/articulation;Going ahead right-hand bend;On main c'way - not in restricted lane;Mid Junction - on roundabout or on main road;None;None;Did not leave carriageway;None;Back;1;Not known;Female;52;46 - 55;-1;-1;-1;5;Urban area;5
2019010156036;519369;178391;-0.281969;51.491874;Metropolitan Police;Slight;3;1;06/01/2019;Sunday;19:27;Hounslow;Hounslow;A;315;Roundabout;30 MPH;Roundabout;Auto traffic signal;A;406;None within 50 metres ;No physical crossing facilities within 50 metres;Darkness - lights lit;Fine no high winds;Dry;None;None;Urban;Yes;E01002692;1;1;Driver or rider;Female;52;8;Slight;Not a Pedestrian;Not a Pedestrian;Not car passenger;Not a bus or coach passenger;No / Not applicable;9;Cyclist;More deprived 40-50%;2;Car;No tow/articulation;Going ahead right-hand bend;On main c'way - not in restricted lane;Mid Junction - on roundabout or on main road;None;None;Did not leave carriageway;None;Nearside;1;Not known;Female;44;36 - 45;-1;-1;-1;-1;Data missing or out of range;-1
2019010156036;519369;178391;-0.281969;51.491874;Metropolitan Police;Slight;3;1;06/01/2019;Sunday;19:27;Hounslow;Hounslow;A;315;Roundabout;30 MPH;Roundabout;Auto traffic signal;A;406;None within 50 metres ;No physical crossing facilities within 50 metres;Darkness - lights lit;Fine no high winds;Dry;None;None;Urban;Yes;E01002692;1;1;Driver or rider;Female;52;8;Slight;Not a Pedestrian;Not a Pedestrian;Not car passenger;Not a bus or coach passenger;No / Not applicable;9;Cyclist;More deprived 40-50%;3;Car;No tow/articulation;Going ahead right-hand bend;On main c'way - not in restricted lane;Mid Junction - on roundabout or on main road;None;None;Did not leave carriageway;None;Offside;1;Not known;Male;26;26 - 35;-1;-1;-1;5;Urban area;5
2019010156044;530434;173444;-0.124497;51.444975;Metropolitan Police;Slight;2;1;06/01/2019;Sunday;02:50;Lambeth;Lambeth;A;23;Dual carriageway;30 MPH;More than 4 arms (not roundabout);Auto traffic signal;A;205;Control by other authorised person;No physical crossing facilities within 50 metres;Darkness - lights lit;Fine no high winds;Dry;None;None;Urban;Yes;E01003137;2;1;Driver or rider;Male;34;6;Slight;Not a Pedestrian;Not a Pedestrian;Not car passenger;Not a bus or coach passenger;No / Not applicable;9;Cyclist;More deprived 20-30%;1;Car;No tow/articulation;Going ahead other;On main c'way - not in restricted lane;Approaching junction or waiting/parked at junction approach;None;None;Did not leave carriageway;None;Front;1;Not known;Male;31;26 - 35;-1;-1;-1;3;Urban area;3
2019010156044;530434;173444;-0.124497;51.444975;Metropolitan Police;Slight;2;1;06/01/2019;Sunday;02:50;Lambeth;Lambeth;A;23;Dual carriageway;30 MPH;More than 4 arms (not roundabout);Auto traffic signal;A;205;Control by other authorised person;No physical crossing facilities within 50 metres;Darkness - lights lit;Fine no high winds;Dry;None;None;Urban;Yes;E01003137;2;1;Driver or rider;Male;34;6;Slight;Not a Pedestrian;Not a Pedestrian;Not car passenger;Not a bus or coach passenger;No / Not applicable;9;Cyclist;More deprived 20-30%;2;Car;No tow/articulation;Going ahead other;On main c'way - not in restricted lane;Approaching junction or waiting/parked at junction approach;None;None;Did not leave carriageway;None;Back;1;Journey as part of work;Male;34;26 - 35;-1;-1;-1;3;Urban area;3
2019010156048;535230;196073;-0.046838;51.647201;Metropolitan Police;Slight;2;1;06/01/2019;Sunday;23:15;Enfield;Enfield;A;1010;Dual carriageway;30 MPH;Crossroads;Give way or uncontrolled;Unclassified;0;None within 50 metres ;No physical crossing facilities within 50 metres;Darkness - lights lit;Fine no high winds;Dry;None;None;Urban;Yes;E01001507;1;1;Driver or rider;Male;23;5;Slight;Not a Pedestrian;Not a Pedestrian;Not car passenger;Not a bus or coach passenger;No / Not applicable;3;Cyclist;More deprived 20-30%;1;Motorcycle 125cc and under;No tow/articulation;Going ahead other;On main c'way - not in restricted lane;Approaching junction or waiting/parked at junction approach;None;None;Did not leave carriageway;None;Front;1;Not known;Male;23;21 - 25;-1;-1;-1;3;Urban area;3
2019010156048;535230;196073;-0.046838;51.647201;Metropolitan Police;Slight;2;1;06/01/2019;Sunday;23:15;Enfield;Enfield;A;1010;Dual carriageway;30 MPH;Crossroads;Give way or uncontrolled;Unclassified;0;None within 50 metres ;No physical crossing facilities within 50 metres;Darkness - lights lit;Fine no high winds;Dry;None;None;Urban;Yes;E01001507;1;1;Driver or rider;Male;23;5;Slight;Not a Pedestrian;Not a Pedestrian;Not car passenger;Not a bus or coach passenger;No / Not applicable;3;Cyclist;More deprived 20-30%;2;Car;No tow/articulation;Moving off;On main c'way - not in restricted lane;Entering main road;None;None;Did not leave carriageway;None;Offside;1;Not known;Not known;-1;Data missing or out of range;-1;-1;-1;-1;Data missing or out of range;-1
2019010156050;510648;173218;-0.409152;51.44715;Metropolitan Police;Slight;2;1;06/01/2019;Sunday;11:45;Hounslow;Hounslow;A;244;Dual carriageway;20 MPH;Not at junction or within 20 metres;Data missing or out of range;-1;0;None within 50 metres ;Pedestrian phase at traffic signal junction;Daylight;Fine no high winds;Dry;Roadworks;None;Urban;Yes;E01002612;2;1;Driver or rider;Female;28;6;Slight;Not a Pedestrian;Not a Pedestrian;Not car passenger;Not a bus or coach passenger;No / Not applicable;1;Cyclist;More deprived 30-40%;1;Van / Goods 3.5 tonnes mgw or under;No tow/articulation;Waiting to go - held up;On main c'way - not in restricted lane;Not at or within 20 metres of junction;None;Open door of vehicle;Did not leave carriageway;None;Offside;1;Not known;Male;39;36 - 45;-1;-1;-1;8;Urban area;8
2019010156050;510648;173218;-0.409152;51.44715;Metropolitan Police;Slight;2;1;06/01/2019;Sunday;11:45;Hounslow;Hounslow;A;244;Dual carriageway;20 MPH;Not at junction or within 20 metres;Data missing or out of range;-1;0;None within 50 metres ;Pedestrian phase at traffic signal junction;Daylight;Fine no high winds;Dry;Roadworks;None;Urban;Yes;E01002612;2;1;Driver or rider;Female;28;6;Slight;Not a Pedestrian;Not a Pedestrian;Not car passenger;Not a bus or coach passenger;No / Not applicable;1;Cyclist;More deprived 30-40%;2;Pedal cycle;No tow/articulation;Moving off;On main c'way - not in restricted lane;Not at or within 20 metres of junction;Overturned;None;Offside on to central reservation;None;Nearside;1;Not known;Female;28;26 - 35;-1;-1;-1;4;Urban area;4
2019010156052;517869;183779;-0.301764;51.540614;Metropolitan Police;Slight;2;1;07/01/2019;Monday;07:57;Brent;Brent;A;4005;Roundabout;30 MPH;Roundabout;Give way or uncontrolled;C;0;None within 50 metres ;No physical crossing facilities within 50 metres;Daylight;Fine no high winds;Dry;None;None;Urban;Yes;E01000475;2;1;Driver or rider;Male;56;9;Slight;Not a Pedestrian;Not a Pedestrian;Not car passenger;Not a bus or coach passenger;No / Not applicable;1;Cyclist;Less deprived 40-50%;1;Car;No tow/articulation;Moving off;On main c'way - not in restricted lane;Entering roundabout;None;None;Did not leave carriageway;None;Front;1;Not known;Male;31;26 - 35;-1;-1;-1;4;Urban area;4
2019010156052;517869;183779;-0.301764;51.540614;Metropolitan Police;Slight;2;1;07/01/2019;Monday;07:57;Brent;Brent;A;4005;Roundabout;30 MPH;Roundabout;Give way or uncontrolled;C;0;None within 50 metres ;No physical crossing facilities within 50 metres;Daylight;Fine no high winds;Dry;None;None;Urban;Yes;E01000475;2;1;Driver or rider;Male;56;9;Slight;Not a Pedestrian;Not a Pedestrian;Not car passenger;Not a bus or coach passenger;No / Not applicable;1;Cyclist;Less deprived 40-50%;2;Pedal cycle;No tow/articulation;Moving off;On main c'way - not in restricted lane;Leaving roundabout;None;None;Did not leave carriageway;None;Offside;1;Commuting to/from work;Male;56;56 - 65;-1;-1;-1;6;Urban area;6
2019010156054;524321;174236;-0.212136;51.453466;Metropolitan Police;Slight;2;1;07/01/2019;Monday;07:20;Wandsworth;Wandsworth;A;3;Dual carriageway;30 MPH;T or staggered junction;Give way or uncontrolled;Unclassified;0;None within 50 metres ;No physical crossing facilities within 50 metres;Darkness - lights lit;Fine no high winds;Dry;None;None;Urban;Yes;E01004628;2;1;Driver or rider;Male;25;5;Slight;Not a Pedestrian;Not a Pedestrian;Not car passenger;Not a bus or coach passenger;No / Not applicable;3;Cyclist;Less deprived 20-30%;1;Car;No tow/articulation;Waiting to turn right;On main c'way - not in restricted lane;Leaving main road;None;None;Did not leave carriageway;None;Front;1;Not known;Male;73;66 - 75;-1;-1;-1;6;Urban area;6
2019010156054;524321;174236;-0.212136;51.453466;Metropolitan Police;Slight;2;1;07/01/2019;Monday;07:20;Wandsworth;Wandsworth;A;3;Dual carriageway;30 MPH;T or staggered junction;Give way or uncontrolled;Unclassified;0;None within 50 metres ;No physical crossing facilities within 50 metres;Darkness - lights lit;Fine no high winds;Dry;None;None;Urban;Yes;E01004628;2;1;Driver or rider;Male;25;5;Slight;Not a Pedestrian;Not a Pedestrian;Not car passenger;Not a bus or coach passenger;No / Not applicable;3;Cyclist;Less deprived 20-30%;2;Motorcycle 125cc and under;No tow/articulation;Overtaking - nearside;On main c'way - not in restricted lane;Approaching junction or waiting/parked at junction approach;None;None;Did not leave carriageway;None;Front;1;Commuting to/from work;Male;25;21 - 25;-1;-1;-1;8;Urban area;8
2019010156057;534765;161999;-0.066554;51.34111;Metropolitan Police;Slight;2;1;07/01/2019;Monday;07:04;Croydon;Croydon;Unclassified;0;Single carriageway;30 MPH;T or staggered junction;Give way or uncontrolled;A;2022;None within 50 metres ;No physical crossing facilities within 50 metres;Darkness - lights lit;Fine no high winds;Dry;None;None;Rural;Yes;E01001121;2;1;Driver or rider;Male;25;5;Slight;Not a Pedestrian;Not a Pedestrian;Not car passenger;Not a bus or coach passenger;No / Not applicable;3;Cyclist;Less deprived 20-30%;1;Car;No tow/articulation;Turning right;On main c'way - not in restricted lane;Approaching junction or waiting/parked at junction approach;None;None;Did not leave carriageway;None;Nearside;1;Journey as part of work;Male;28;26 - 35;-1;-1;-1;7;Urban area;7
2019010156057;534765;161999;-0.066554;51.34111;Metropolitan Police;Slight;2;1;07/01/2019;Monday;07:04;Croydon;Croydon;Unclassified;0;Single carriageway;30 MPH;T or staggered junction;Give way or uncontrolled;A;2022;None within 50 metres ;No physical crossing facilities within 50 metres;Darkness - lights lit;Fine no high winds;Dry;None;None;Rural;Yes;E01001121;2;1;Driver or rider;Male;25;5;Slight;Not a Pedestrian;Not a Pedestrian;Not car passenger;Not a bus or coach passenger;No / Not applicable;3;Cyclist;Less deprived 20-30%;2;Motorcycle 125cc and under;No tow/articulation;Going ahead other;On main c'way - not in restricted lane;Approaching junction or waiting/parked at junction approach;None;None;Did not leave carriageway;None;Front;1;Journey as part of work;Male;25;21 - 25;-1;-1;-1;8;Urban area;8
2019010156059;549165;188244;0.151097;51.573337;Metropolitan Police;Slight;2;1;06/01/2019;Sunday;12:55;Havering;Havering;A;118;Single carriageway;30 MPH;Not at junction or within 20 metres;Data missing or out of range;-1;0;None within 50 metres ;No physical crossing facilities within 50 metres;Daylight;Fine no high winds;Dry;None;None;Rural;Yes;E01002250;2;1;Driver or rider;Male;70;10;Slight;Not a Pedestrian;Not a Pedestrian;Not car passenger;Not a bus or coach passenger;No / Not applicable;9;Cyclist;More deprived 30-40%;1;Car;No tow/articulation;Going ahead other;On main c'way - not in restricted lane;Not at or within 20 metres of junction;Skidded;Kerb;Did not leave carriageway;None;Back;1;Not known;Male;26;26 - 35;-1;-1;-1;2;Urban area;2
2019010156059;549165;188244;0.151097;51.573337;Metropolitan Police;Slight;2;1;06/01/2019;Sunday;12:55;Havering;Havering;A;118;Single carriageway;30 MPH;Not at junction or within 20 metres;Data missing or out of range;-1;0;None within 50 metres ;No physical crossing facilities within 50 metres;Daylight;Fine no high winds;Dry;None;None;Rural;Yes;E01002250;2;1;Driver or rider;Male;70;10;Slight;Not a Pedestrian;Not a Pedestrian;Not car passenger;Not a bus or coach passenger;No / Not applicable;9;Cyclist;More deprived 30-40%;2;Car;No tow/articulation;Going ahead other;On main c'way - not in restricted lane;Not at or within 20 metres of junction;None;None;Did not leave carriageway;None;Front;1;Not known;Male;70;66 - 75;-1;-1;-1;4;Urban area;4
2019010156060;543348;186091;0.066339;51.555498;Metropolitan Police;Slight;1;1;06/01/2019;Sunday;13:55;Redbridge;Redbridge;A;406;Unknown;40 MPH;Data missing or out of range;Give way or uncontrolled;A;118;Data missing or out of range;No physical crossing facilities within 50 metres;Daylight;Fine no high winds;Dry;Data missing or out of range;None;Urban;No - accident was reported using a self completion  form (self rep only);E01003728;1;1;Driver or rider;Female;22;5;Slight;Not a Pedestrian;Not a Pedestrian;Not car passenger;Not a bus or coach passenger;No / Not applicable;9;Cyclist;More deprived 20-30%;1;Car;No tow/articulation;Data missing or out of range;Data missing or out of range;Data missing or out of range;Data missing or out of range;Data missing or out of range;Data missing or out of range;Data missing or out of range;Back;-1;Not known;Female;22;21 - 25;-1;-1;-1;3;Urban area;3
2019010156065;531147;175835;-0.113357;51.466298;Metropolitan Police;Slight;1;1;07/01/2019;Monday;07:15;Lambeth;Lambeth;A;23;Single carriageway;20 MPH;Data missing or out of range;Auto traffic signal;Unclassified;0;Data missing or out of range;Pedestrian phase at traffic signal junction;Daylight;Fine no high winds;Dry;None;None;Urban;No - accident was reported using a self completion  form (self rep only);E01003060;1;1;Driver or rider;Male;37;7;Slight;Not a Pedestrian;Not a Pedestrian;Not car passenger;Not a bus or coach passenger;No / Not applicable;3;Cyclist;More deprived 10-20%;1;Motorcycle 125cc and under;No tow/articulation;Data missing or out of range;Data missing or out of range;Data missing or out of range;Data missing or out of range;Data missing or out of range;Data missing or out of range;Data missing or out of range;Back;1;Commuting to/from work;Male;37;36 - 45;-1;-1;-1;2;Urban area;2
2019010156067;534265;189939;-0.063126;51.592311;Metropolitan Police;Slight;2;1;07/01/2019;Monday;08:00;Haringey;Haringey;C;0;Single carriageway;20 MPH;T or staggered junction;Give way or uncontrolled;Unclassified;0;None within 50 metres ;No physical crossing facilities within 50 metres;Daylight;Fine no high winds;Dry;None;None;Urban;Yes;E01002080;2;1;Driver or rider;Male;27;6;Slight;Not a Pedestrian;Not a Pedestrian;Not car passenger;Not a bus or coach passenger;No / Not applicable;3;Cyclist;Most deprived 10%;1;Car;No tow/articulation;Moving off;On main c'way - not in restricted lane;Entering main road;None;None;Did not leave carriageway;None;Front;1;Commuting to/from work;Female;38;36 - 45;-1;-1;-1;1;Urban area;1
2019010156067;534265;189939;-0.063126;51.592311;Metropolitan Police;Slight;2;1;07/01/2019;Monday;08:00;Haringey;Haringey;C;0;Single carriageway;20 MPH;T or staggered junction;Give way or uncontrolled;Unclassified;0;None within 50 metres ;No physical crossing facilities within 50 metres;Daylight;Fine no high winds;Dry;None;None;Urban;Yes;E01002080;2;1;Driver or rider;Male;27;6;Slight;Not a Pedestrian;Not a Pedestrian;Not car passenger;Not a bus or coach passenger;No / Not applicable;3;Cyclist;Most deprived 10%;2;Motorcycle 125cc and under;No tow/articulation;Going ahead other;On main c'way - not in restricted lane;Cleared junction or waiting/parked at junction exit;None;None;Did not leave carriageway;None;Back;1;Commuting to/from work;Male;27;26 - 35;-1;-1;-1;1;Urban area;1
2019010156071;532046;177043;-0.099972;51.476945;Metropolitan Police;Slight;1;1;07/01/2019;Monday;08:40;Lambeth;Lambeth;A;202;Single carriageway;20 MPH;T or staggered junction;Give way or uncontrolled;A;202;None within 50 metres ;No physical crossing facilities within 50 metres;Daylight;Fine no high winds;Dry;None;None;Urban;Yes;E01003919;1;1;Pedestrian;Female;24;5;Slight;In carriageway, crossing elsewhere;Crossing from driver's offside;Not car passenger;Not a bus or coach passenger;No / Not applicable;0;Cyclist;More deprived 10-20%;1;Car;No tow/articulation;Moving off;On main c'way - not in restricted lane;Entering main road;None;None;Did not leave carriageway;None;Front;2;Not known;Male;43;36 - 45;-1;-1;-1;2;Urban area;2
2019010156072;545922;184113;0.102622;51.537066;Metropolitan Police;Slight;1;1;07/01/2019;Monday;09:10;Barking and Dagenham;Barking and Dagenham;C;0;Single carriageway;30 MPH;Other junction;Auto traffic signal;Unclassified;0;None within 50 metres ;Pelican, puffin, toucan or similar non-junction pedestrian light crossing;Daylight;Fine no high winds;Dry;None;None;Urban;Yes;E01000042;1;1;Pedestrian;Female;18;4;Slight;Crossing on pedestrian crossing facility;Crossing from driver's offside;Not car passenger;Not a bus or coach passenger;No / Not applicable;0;Cyclist;More deprived 10-20%;1;Car;No tow/articulation;Moving off;On main c'way - not in restricted lane;Cleared junction or waiting/parked at junction exit;None;None;Did not leave carriageway;None;Front;1;Commuting to/from work;Female;23;21 - 25;-1;-1;-1;-1;Data missing or out of range;-1