Accident_Index;Location_Easting_OSGR;Location_Northing_OSGR;Longitude;Latitude;Police_Force;Accident_Severity;Number_of_Vehicles;Number_of_Casualties;Date;Day_of_Week;Time;Local_Authority_(District);Local_Authority_(Highway);1st_Road_Class;1st_Road_Number;Road_Type;Speed_limit;Junction_Detail;Junction_Control;2nd_Road_Class;2nd_Road_Number;Pedestrian_Crossing-Human_Control;Pedestrian_Crossing-Physical_Facilities;Light_Conditions;Weather_Conditions;Road_Surface_Conditions;Special_Conditions_at_Site;Carriageway_Hazards;Urban_or_Rural_Area;Did_Police_Officer_Attend_Scene_of_Accident;LSOA_of_Accident_Location;Vehicle_Reference_x;Casualty_Reference;Casualty_Class;Sex_of_Casualty;Age_of_Casualty;Age_Band_of_Casualty;Casualty_Severity;Pedestrian_Location;Pedestrian_Movement;Car_Passenger;Bus_or_Coach_Passenger;Pedestrian_Road_Maintenance_Worker;Casualty_Type;Casualty_Home_Area_Type;Casualty_IMD_Decile;Vehicle_Reference_y;Vehicle_Type;Towing_and_Articulation;Vehicle_Manoeuvre;Vehicle_Location-Restricted_Lane;Junction_Location;Skidding_and_Overturning;Hit_Object_in_Carriageway;Vehicle_Leaving_Carriageway;Hit_Object_off_Carriageway;1st_Point_of_Impact;Was_Vehicle_Left_Hand_Drive?;Journey_Purpose_of_Driver;Sex_of_Driver;Age_of_Driver;Age_Band_of_Driver;Engine_Capacity_(CC);Propulsion_Code;Age_of_Vehicle;Driver_IMD_Decile;Driver_Home_Area_Type;Vehicle_IMD_Decile
2019010156075;538613;194269;0.001312;51.630167;Metropolitan Police;Slight;2;1;07/01/2019;Monday;08:45;Waltham Forest;Waltham Forest;A;110;Single carriageway;30 MPH;T or staggered junction;Give way or uncontrolled;A;1069;None within 50 metres ;No physical crossing facilities within 50 metres;Daylight;Fine no high winds;Dry;None;None;Urban;Yes;E01004354;1;1;Driver or rider;Male;18;4;Slight;Not a Pedestrian;Not a Pedestrian;Not car passenger;Not a bus or coach passenger;No / Not applicable;3;Cyclist;More deprived 30-40%;1;Motorcycle 125cc and under;No tow/articulation;Overtaking static vehicle - offside;On main c'way - not in restricted lane;Approaching junction or waiting/parked at junction approach;None;None;Did not leave carriageway;None;Nearside;1;Taking pupil to/from school;Male;18;16 - 20;-1;-1;-1;4;Urban area;4
2019010156075;538613;194269;0.001312;51.630167;Metropolitan Police;Slight;2;1;07/01/2019;Monday;08:45;Waltham Forest;Waltham Forest;A;110;Single carriageway;30 MPH;T or staggered junction;Give way or uncontrolled;A;1069;None within 50 metres ;No physical crossing facilities within 50 metres;Daylight;Fine no high winds;Dry;None;None;Urban;Yes;E01004354;1;1;Driver or rider;Male;18;4;Slight;Not a Pedestrian;Not a Pedestrian;Not car passenger;Not a bus or coach passenger;No / Not applicable;3;Cyclist;More deprived 30-40%;2;Car;No tow/articulation;Waiting to turn right;On main c'way - not in restricted lane;Approaching junction or waiting/parked at junction approach;None;None;Did not leave carriageway;None;Nearside;1;Commuting to/from work;Male;29;26 - 35;-1;-1;-1;1;Urban area;1
2019010156076;529128;183964;-0.139433;51.539816;Metropolitan Police;Slight;2;1;07/01/2019;Monday;08:45;Camden;Camden;A;400;One way street;20 MPH;T or staggered junction;Give way or uncontrolled;Unclassified;0;None within 50 metres ;No physical crossing facilities within 50 metres;Daylight;Fine no high winds;Dry;Auto traffic signal - out;None;Urban;Yes;E01000861;2;1;Driver or rider;Male;38;7;Slight;Not a Pedestrian;Not a Pedestrian;Not car passenger;Not a bus or coach passenger;No / Not applicable;3;Cyclist;Less deprived 40-50%;1;Car;No tow/articulation;Turning right;On main c'way - not in restricted lane;Approaching junction or waiting/parked at junction approach;None;None;Did not leave carriageway;None;Front;1;Journey as part of work;Male;39;36 - 45;-1;-1;-1;7;Urban area;7
2019010156076;529128;183964;-0.139433;51.539816;Metropolitan Police;Slight;2;1;07/01/2019;Monday;08:45;Camden;Camden;A;400;One way street;20 MPH;T or staggered junction;Give way or uncontrolled;Unclassified;0;None within 50 metres ;No physical crossing facilities within 50 metres;Daylight;Fine no high winds;Dry;Auto traffic signal - out;None;Urban;Yes;E01000861;2;1;Driver or rider;Male;38;7;Slight;Not a Pedestrian;Not a Pedestrian;Not car passenger;Not a bus or coach passenger;No / Not applicable;3;Cyclist;Less deprived 40-50%;2;Motorcycle 125cc and under;No tow/articulation;Going ahead other;On main c'way - not in restricted lane;Approaching junction or waiting/parked at junction approach;None;None;Did not leave carriageway;None;Front;1;Commuting to/from work;Male;38;36 - 45;-1;-1;-1;6;Urban area;6
2019010156078;529375;163081;-0.143502;51.352085;Metropolitan Police;Slight;2;1;05/01/2019;Saturday;20:30;Sutton;Sutton;C;0;Roundabout;30 MPH;T or staggered junction;Give way or uncontrolled;Unclassified;0;None within 50 metres ;No physical crossing facilities within 50 metres;Darkness - lighting unknown;Fine no high winds;Dry;None;None;Urban;No - accident was reported using a self completion  form (self rep only);E01004084;1;1;Driver or rider;Male;33;6;Slight;Not a Pedestrian;Not a Pedestrian;Not car passenger;Not a bus or coach passenger;No / Not applicable;9;Motorcycle 125cc and under rider or passenger;Less deprived 10-20%;1;Car;No tow/articulation;Data missing or out of range;On main c'way - not in restricted lane;Mid Junction - on roundabout or on main road;None;None;Did not leave carriageway;None;Front;-1;Not known;Male;33;26 - 35;-1;-1;-1;9;Rural;9
2019010156078;529375;163081;-0.143502;51.352085;Metropolitan Police;Slight;2;1;05/01/2019;Saturday;20:30;Sutton;Sutton;C;0;Roundabout;30 MPH;T or staggered junction;Give way or uncontrolled;Unclassified;0;None within 50 metres ;No physical crossing facilities within 50 metres;Darkness - lighting unknown;Fine no high winds;Dry;None;None;Urban;No - accident was reported using a self completion  form (self rep only);E01004084;1;1;Driver or rider;Male;33;6;Slight;Not a Pedestrian;Not a Pedestrian;Not car passenger;Not a bus or coach passenger;No / Not applicable;9;Motorcycle 125cc and under rider or passenger;Less deprived 10-20%;2;Car;No tow/articulation;Data missing or out of range;On main c'way - not in restricted lane;Mid Junction - on roundabout or on main road;None;None;Did not leave carriageway;None;Front;-1;Not known;Not known;-1;Data missing or out of range;-1;-1;-1;-1;Data missing or out of range;-1
2019010156081;528803;174103;-0.147713;51.45127;Metropolitan Police;Fatal;1;1;07/01/2019;Monday;09:04;Wandsworth;Wandsworth;A;24;Single carriageway;30 MPH;Other junction;Auto traffic signal;Unclassified;0;None within 50 metres ;Pedestrian phase at traffic signal junction;Daylight;Fine no high winds;Dry;None;None;Urban;Yes;E01004476;1;1;Pedestrian;Male;37;7;Fatal;Crossing on pedestrian crossing facility;Crossing from driver's nearside;Not car passenger;Not a bus or coach passenger;No / Not applicable;0;Cyclist;Less deprived 20-30%;1;Van / Goods 3.5 tonnes mgw or under;No tow/articulation;Going ahead other;On main c'way - not in restricted lane;Approaching junction or waiting/parked at junction approach;None;None;Did not leave carriageway;None;Front;1;Commuting to/from work;Male;46;46 - 55;2143;Heavy oil;1;6;Urban area;6
2019010156082;529435;175261;-0.1382;51.461533;Metropolitan Police;Slight;1;1;05/01/2019;Saturday;21:55;Lambeth;Lambeth;A;24;Dual carriageway;30 MPH;Not at junction or within 20 metres;Data missing or out of range;-1;0;None within 50 metres ;Zebra;Darkness - lights lit;Fine no high winds;Dry;None;None;Urban;Yes;E01003032;1;1;Pedestrian;Female;33;6;Slight;In centre of carriageway - not on refuge, island or central reservation;Crossing from driver's offside;Not car passenger;Not a bus or coach passenger;No / Not applicable;0;Cyclist;More deprived 30-40%;1;Car;No tow/articulation;Going ahead other;On main c'way - not in restricted lane;Not at or within 20 metres of junction;None;None;Did not leave carriageway;None;Front;1;Not known;Not known;-1;Data missing or out of range;-1;-1;-1;-1;Data missing or out of range;-1
2019010156084;530979;187156;-0.111571;51.568075;Metropolitan Police;Serious;2;1;07/01/2019;Monday;10:49;Islington;Islington;C;0;Single carriageway;20 MPH;Not at junction or within 20 metres;Data missing or out of range;-1;0;None within 50 metres ;No physical crossing facilities within 50 metres;Daylight;Fine no high winds;Dry;None;None;Urban;Yes;E01002805;2;1;Driver or rider;Male;47;8;Serious;Not a Pedestrian;Not a Pedestrian;Not car passenger;Not a bus or coach passenger;No / Not applicable;3;Cyclist;More deprived 20-30%;1;Car;No tow/articulation;Going ahead other;On main c'way - not in restricted lane;Not at or within 20 metres of junction;None;None;Did not leave carriageway;None;Front;1;Not known;Male;31;26 - 35;-1;-1;-1;2;Urban area;2
2019010156084;530979;187156;-0.111571;51.568075;Metropolitan Police;Serious;2;1;07/01/2019;Monday;10:49;Islington;Islington;C;0;Single carriageway;20 MPH;Not at junction or within 20 metres;Data missing or out of range;-1;0;None within 50 metres ;No physical crossing facilities within 50 metres;Daylight;Fine no high winds;Dry;None;None;Urban;Yes;E01002805;2;1;Driver or rider;Male;47;8;Serious;Not a Pedestrian;Not a Pedestrian;Not car passenger;Not a bus or coach passenger;No / Not applicable;3;Cyclist;More deprived 20-30%;2;Motorcycle 125cc and under;No tow/articulation;Going ahead other;On main c'way - not in restricted lane;Not at or within 20 metres of junction;None;None;Did not leave carriageway;None;Front;1;Not known;Male;47;46 - 55;-1;-1;-1;3;Urban area;3
2019010156090;529744;182591;-0.131062;51.527336;Metropolitan Police;Slight;1;1;07/01/2019;Monday;10:06;Camden;Camden;A;4200;Dual carriageway;30 MPH;Crossroads;Auto traffic signal;A;501;None within 50 metres ;No physical crossing facilities within 50 metres;Daylight;Fine no high winds;Dry;None;None;Urban;Yes;E01000945;1;1;Pedestrian;Female;51;8;Slight;On footway or verge;Unknown or other;Not car passenger;Not a bus or coach passenger;No / Not applicable;0;Cyclist;Least deprived 10%;1;Goods 7.5 tonnes mgw and over;Articulated vehicle;Moving off;On main c'way - not in restricted lane;Approaching junction or waiting/parked at junction approach;None;None;Did not leave carriageway;None;Nearside;1;Journey as part of work;Male;48;46 - 55;-1;-1;-1;6;Urban area;6
2019010156091;546256;183632;0.107235;51.532658;Metropolitan Police;Slight;4;2;07/01/2019;Monday;09:10;Barking and Dagenham;Barking and Dagenham;A;13;Single carriageway;40 MPH;Not at junction or within 20 metres;Data missing or out of range;-1;0;None within 50 metres ;No physical crossing facilities within 50 metres;Daylight;Fine no high winds;Dry;None;None;Urban;Yes;E01000045;3;1;Driver or rider;Male;35;6;Slight;Not a Pedestrian;Not a Pedestrian;Not car passenger;Not a bus or coach passenger;No / Not applicable;9;-1;Data missing or out of range;1;Car;No tow/articulation;Going ahead other;On main c'way - not in restricted lane;Not at or within 20 metres of junction;None;None;Did not leave carriageway;None;Back;1;Not known;Female;25;21 - 25;-1;-1;-1;9;Urban area;9
2019010156091;546256;183632;0.107235;51.532658;Metropolitan Police;Slight;4;2;07/01/2019;Monday;09:10;Barking and Dagenham;Barking and Dagenham;A;13;Single carriageway;40 MPH;Not at junction or within 20 metres;Data missing or out of range;-1;0;None within 50 metres ;No physical crossing facilities within 50 metres;Daylight;Fine no high winds;Dry;None;None;Urban;Yes;E01000045;3;1;Driver or rider;Male;35;6;Slight;Not a Pedestrian;Not a Pedestrian;Not car passenger;Not a bus or coach passenger;No / Not applicable;9;-1;Data missing or out of range;2;Car;No tow/articulation;Going ahead other;On main c'way - not in restricted lane;Not at or within 20 metres of junction;None;None;Did not leave carriageway;None;Back;1;Not known;Male;18;16 - 20;-1;-1;-1;3;Urban area;3
2019010156091;546256;183632;0.107235;51.532658;Metropolitan Police;Slight;4;2;07/01/2019;Monday;09:10;Barking and Dagenham;Barking and Dagenham;A;13;Single carriageway;40 MPH;Not at junction or within 20 metres;Data missing or out of range;-1;0;None within 50 metres ;No physical crossing facilities within 50 metres;Daylight;Fine no high winds;Dry;None;None;Urban;Yes;E01000045;3;1;Driver or rider;Male;35;6;Slight;Not a Pedestrian;Not a Pedestrian;Not car passenger;Not a bus or coach passenger;No / Not applicable;9;-1;Data missing or out of range;3;Car;No tow/articulation;Going ahead other;On main c'way - not in restricted lane;Not at or within 20 metres of junction;None;None;Did not leave carriageway;None;Back;1;Not known;Male;35;26 - 35;-1;-1;-1;-1;Data missing or out of range;-1
2019010156091;546256;183632;0.107235;51.532658;Metropolitan Police;Slight;4;2;07/01/2019;Monday;09:10;Barking and Dagenham;Barking and Dagenham;A;13;Single carriageway;40 MPH;Not at junction or within 20 metres;Data missing or out of range;-1;0;None within 50 metres ;No physical crossing facilities within 50 metres;Daylight;Fine no high winds;Dry;None;None;Urban;Yes;E01000045;3;1;Driver or rider;Male;35;6;Slight;Not a Pedestrian;Not a Pedestrian;Not car passenger;Not a bus or coach passenger;No / Not applicable;9;-1;Data missing or out of range;4;Car;No tow/articulation;Going ahead other;On main c'way - not in restricted lane;Not at or within 20 metres of junction;None;None;Did not leave carriageway;None;Front;1;Not known;Male;43;36 - 45;-1;-1;-1;4;Urban area;4
2019010156091;546256;183632;0.107235;51.532658;Metropolitan Police;Slight;4;2;07/01/2019;Monday;09:10;Barking and Dagenham;Barking and Dagenham;A;13;Single carriageway;40 MPH;Not at junction or within 20 metres;Data missing or out of range;-1;0;None within 50 metres ;No physical crossing facilities within 50 metres;Daylight;Fine no high winds;Dry;None;None;Urban;Yes;E01000045;4;2;Driver or rider;Male;43;7;Slight;Not a Pedestrian;Not a Pedestrian;Not car passenger;Not a bus or coach passenger;No / Not applicable;9;Cyclist;More deprived 30-40%;1;Car;No tow/articulation;Going ahead other;On main c'way - not in restricted lane;Not at or within 20 metres of junction;None;None;Did not leave carriageway;None;Back;1;Not known;Female;25;21 - 25;-1;-1;-1;9;Urban area;9
2019010156091;546256;183632;0.107235;51.532658;Metropolitan Police;Slight;4;2;07/01/2019;Monday;09:10;Barking and Dagenham;Barking and Dagenham;A;13;Single carriageway;40 MPH;Not at junction or within 20 metres;Data missing or out of range;-1;0;None within 50 metres ;No physical crossing facilities within 50 metres;Daylight;Fine no high winds;Dry;None;None;Urban;Yes;E01000045;4;2;Driver or rider;Male;43;7;Slight;Not a Pedestrian;Not a Pedestrian;Not car passenger;Not a bus or coach passenger;No / Not applicable;9;Cyclist;More deprived 30-40%;2;Car;No tow/articulation;Going ahead other;On main c'way - not in restricted lane;Not at or within 20 metres of junction;None;None;Did not leave carriageway;None;Back;1;Not known;Male;18;16 - 20;-1;-1;-1;3;Urban area;3
2019010156091;546256;183632;0.107235;51.532658;Metropolitan Police;Slight;4;2;07/01/2019;Monday;09:10;Barking and Dagenham;Barking and Dagenham;A;13;Single carriageway;40 MPH;Not at junction or within 20 metres;Data missing or out of range;-1;0;None within 50 metres ;No physical crossing facilities within 50 metres;Daylight;Fine no high winds;Dry;None;None;Urban;Yes;E01000045;4;2;Driver or rider;Male;43;7;Slight;Not a Pedestrian;Not a Pedestrian;Not car passenger;Not a bus or coach passenger;No / Not applicable;9;Cyclist;More deprived 30-40%;3;Car;No tow/articulation;Going ahead other;On main c'way - not in restricted lane;Not at or within 20 metres of junction;None;None;Did not leave carriageway;None;Back;1;Not known;Male;35;26 - 35;-1;-1;-1;-1;Data missing or out of range;-1
2019010156091;546256;183632;0.107235;51.532658;Metropolitan Police;Slight;4;2;07/01/2019;Monday;09:10;Barking and Dagenham;Barking and Dagenham;A;13;Single carriageway;40 MPH;Not at junction or within 20 metres;Data missing or out of range;-1;0;None within 50 metres ;No physical crossing facilities within 50 metres;Daylight;Fine no high winds;Dry;None;None;Urban;Yes;E01000045;4;2;Driver or rider;Male;43;7;Slight;Not a Pedestrian;Not a Pedestrian;Not car passenger;Not a bus or coach passenger;No / Not applicable;9;Cyclist;More deprived 30-40%;4;Car;No tow/articulation;Going ahead other;On main c'way - not in restricted lane;Not at or within 20 metres of junction;None;None;Did not leave carriageway;None;Front;1;Not known;Male;43;36 - 45;-1;-1;-1;4;Urban area;4
2019010156096;536128;187187;-0.037313;51.567134;Metropolitan Police;Slight;1;1;07/01/2019;Monday;11:41;Waltham Forest;Waltham Forest;Unclassified;0;Slip road;30 MPH;Not at junction or within 20 metres;Data missing or out of range;-1;0;None within 50 metres ;No physical crossing facilities within 50 metres;Daylight;Fine no high winds;Dry;None;None;Urban;Yes;E01004422;1;1;Pedestrian;Male;43;7;Slight;Unknown or other;Unknown or other;Not car passenger;Not a bus or coach passenger;No / Not applicable;0;Cyclist;More deprived 10-20%;1;Goods 7.5 tonnes mgw and over;No tow/articulation;Turning left;Footway (pavement);Not at or within 20 metres of junction;None;None;Did not leave carriageway;None;Nearside;1;Journey as part of work;Male;52;46 - 55;-1;-1;-1;-1;Data missing or out of range;-1
2019010156114;529827;175534;-0.13246;51.463897;Metropolitan Police;Slight;2;1;07/01/2019;Monday;07:37;Lambeth;Lambeth;A;3;Single carriageway;20 MPH;Other junction;Give way or uncontrolled;Unclassified;0;None within 50 metres ;No physical crossing facilities within 50 metres;Daylight;Fine no high winds;Dry;None;None;Urban;Yes;E01003035;2;1;Driver or rider;Male;58;9;Slight;Not a Pedestrian;Not a Pedestrian;Not car passenger;Not a bus or coach passenger;No / Not applicable;1;Cyclist;Less deprived 20-30%;1;Car;No tow/articulation;Turning left;Cycle lane (on main carriageway);Mid Junction - on roundabout or on main road;None;None;Did not leave carriageway;None;Nearside;1;Journey as part of work;Male;28;26 - 35;-1;-1;-1;5;Urban area;5
2019010156114;529827;175534;-0.13246;51.463897;Metropolitan Police;Slight;2;1;07/01/2019;Monday;07:37;Lambeth;Lambeth;A;3;Single carriageway;20 MPH;Other junction;Give way or uncontrolled;Unclassified;0;None within 50 metres ;No physical crossing facilities within 50 metres;Daylight;Fine no high winds;Dry;None;None;Urban;Yes;E01003035;2;1;Driver or rider;Male;58;9;Slight;Not a Pedestrian;Not a Pedestrian;Not car passenger;Not a bus or coach passenger;No / Not applicable;1;Cyclist;Less deprived 20-30%;2;Pedal cycle;No tow/articulation;Going ahead other;Cycle lane (on main carriageway);Cleared junction or waiting/parked at junction exit;None;None;Did not leave carriageway;None;Offside;1;Journey as part of work;Male;58;56 - 65;-1;-1;-1;8;Urban area;8
2019010156120;533888;182295;-0.071472;51.523709;Metropolitan Police;Slight;1;1;07/01/2019;Monday;12:35;Tower Hamlets;Tower Hamlets;B;134;One way street;20 MPH;T or staggered junction;Give way or uncontrolled;Unclassified;0;None within 50 metres ;No physical crossing facilities within 50 metres;Daylight;Fine no high winds;Dry;None;None;Urban;Yes;E01004317;1;1;Pedestrian;Male;25;5;Slight;In carriageway, not crossing;Unknown or other;Not car passenger;Not a bus or coach passenger;No / Not applicable;0;Cyclist;Less deprived 40-50%;1;Van / Goods 3.5 tonnes mgw or under;No tow/articulation;Turning left;On main c'way - not in restricted lane;Leaving main road;None;None;Did not leave carriageway;None;Did not impact;1;Journey as part of work;Male;31;26 - 35;-1;-1;-1;4;Urban area;4
2019010156132;524053;174038;-0.21606;51.451745;Metropolitan Police;Slight;2;1;07/01/2019;Monday;13:44;Wandsworth;Wandsworth;A;3;Single carriageway;30 MPH;T or staggered junction;Give way or uncontrolled;Unclassified;0;None within 50 metres ;No physical crossing facilities within 50 metres;Daylight;Fine no high winds;Dry;None;None;Urban;Yes;E01004505;2;1;Driver or rider;Male;22;5;Slight;Not a Pedestrian;Not a Pedestrian;Not car passenger;Not a bus or coach passenger;No / Not applicable;5;Cyclist;More deprived 10-20%;1;Car;No tow/articulation;Turning right;On main c'way - not in restricted lane;Cleared junction or waiting/parked at junction exit;None;None;Did not leave carriageway;None;Offside;1;Not known;Male;27;26 - 35;-1;-1;-1;3;Urban area;3
2019010156132;524053;174038;-0.21606;51.451745;Metropolitan Police;Slight;2;1;07/01/2019;Monday;13:44;Wandsworth;Wandsworth;A;3;Single carriageway;30 MPH;T or staggered junction;Give way or uncontrolled;Unclassified;0;None within 50 metres ;No physical crossing facilities within 50 metres;Daylight;Fine no high winds;Dry;None;None;Urban;Yes;E01004505;2;1;Driver or rider;Male;22;5;Slight;Not a Pedestrian;Not a Pedestrian;Not car passenger;Not a bus or coach passenger;No / Not applicable;5;Cyclist;More deprived 10-20%;2;Motorcycle over 500cc;No tow/articulation;Going ahead other;On main c'way - not in restricted lane;Cleared junction or waiting/parked at junction exit;None;None;Did not leave carriageway;None;Front;1;Journey as part of work;Male;22;21 - 25;-1;-1;-1;2;Urban area;2
2019010156136;525523;184869;-0.191065;51.548762;Metropolitan Police;Slight;2;1;07/01/2019;Monday;08:10;Camden;Camden;B;510;One way street;20 MPH;Not at junction or within 20 metres;Data missing or out of range;-1;0;None within 50 metres ;Zebra;Daylight;Other;Dry;None;None;Urban;No - accident was reported using a self completion  form (self rep only);E01000972;1;1;Driver or rider;Male;35;6;Slight;Not a Pedestrian;Not a Pedestrian;Not car passenger;Not a bus or coach passenger;No / Not applicable;1;Cyclist;Less deprived 30-40%;1;Pedal cycle;Data missing or out of range;Data missing or out of range;Data missing or out of range;Not at or within 20 metres of junction;Data missing or out of range;Data missing or out of range;Data missing or out of range;Data missing or out of range;Front;1;Commuting to/from work;Male;35;26 - 35;-1;-1;-1;7;Urban area;7
2019010156136;525523;184869;-0.191065;51.548762;Metropolitan Police;Slight;2;1;07/01/2019;Monday;08:10;Camden;Camden;B;510;One way street;20 MPH;Not at junction or within 20 metres;Data missing or out of range;-1;0;None within 50 metres ;Zebra;Daylight;Other;Dry;None;None;Urban;No - accident was reported using a self completion  form (self rep only);E01000972;1;1;Driver or rider;Male;35;6;Slight;Not a Pedestrian;Not a Pedestrian;Not car passenger;Not a bus or coach passenger;No / Not applicable;1;Cyclist;Less deprived 30-40%;2;Car;No tow/articulation;Data missing or out of range;Data missing or out of range;Not at or within 20 metres of junction;Data missing or out of range;Data missing or out of range;Data missing or out of range;Data missing or out of range;Front;-1;Not known;Not known;-1;Data missing or out of range;-1;-1;-1;-1;Data missing or out of range;-1
2019010156138;527365;166110;-0.171266;51.37976;Metropolitan Police;Slight;2;1;07/01/2019;Monday;08:30;Sutton;Sutton;C;0;Single carriageway;30 MPH;T or staggered junction;Give way or uncontrolled;Unclassified;0;None within 50 metres ;Central refuge;Daylight;Fine no high winds;Dry;None;None;Urban;Yes;E01004127;2;1;Driver or rider;Male;11;3;Slight;Not a Pedestrian;Not a Pedestrian;Not car passenger;Not a bus or coach passenger;No / Not applicable;1;-1;Data missing or out of range;1;Car;No tow/articulation;Going ahead other;On main c'way - not in restricted lane;Mid Junction - on roundabout or on main road;None;None;Did not leave carriageway;None;Nearside;1;Not known;Female;47;46 - 55;-1;-1;-1;6;Urban area;6
2019010156138;527365;166110;-0.171266;51.37976;Metropolitan Police;Slight;2;1;07/01/2019;Monday;08:30;Sutton;Sutton;C;0;Single carriageway;30 MPH;T or staggered junction;Give way or uncontrolled;Unclassified;0;None within 50 metres ;Central refuge;Daylight;Fine no high winds;Dry;None;None;Urban;Yes;E01004127;2;1;Driver or rider;Male;11;3;Slight;Not a Pedestrian;Not a Pedestrian;Not car passenger;Not a bus or coach passenger;No / Not applicable;1;-1;Data missing or out of range;2;Pedal cycle;No tow/articulation;Going ahead other;On main c'way - not in restricted lane;Mid Junction - on roundabout or on main road;None;None;Did not leave carriageway;None;Front;1;Pupil riding to/from school;Male;11;11 - 15;-1;-1;-1;-1;Data missing or out of range;-1
2019010156141;530162;163178;-0.132171;51.352777;Metropolitan Police;Serious;2;4;07/01/2019;Monday;13:00;Sutton;Sutton;C;0;Single carriageway;30 MPH;Other junction;Give way or uncontrolled;Unclassified;0;None within 50 metres ;Zebra;Daylight;Fine no high winds;Dry;None;None;Urban;Yes;E01004083;1;1;Driver or rider;Male;26;6;Serious;Not a Pedestrian;Not a Pedestrian;Not car passenger;Not a bus or coach passenger;No / Not applicable;19;Cyclist;Less deprived 20-30%;1;Van / Goods 3.5 tonnes mgw or under;No tow/articulation;Going ahead other;On main c'way - not in restricted lane;Cleared junction or waiting/parked at junction exit;None;None;Did not leave carriageway;None;Front;1;Not known;Male;26;26 - 35;-1;-1;-1;8;Urban area;8
2019010156141;530162;163178;-0.132171;51.352777;Metropolitan Police;Serious;2;4;07/01/2019;Monday;13:00;Sutton;Sutton;C;0;Single carriageway;30 MPH;Other junction;Give way or uncontrolled;Unclassified;0;None within 50 metres ;Zebra;Daylight;Fine no high winds;Dry;None;None;Urban;Yes;E01004083;1;1;Driver or rider;Male;26;6;Serious;Not a Pedestrian;Not a Pedestrian;Not car passenger;Not a bus or coach passenger;No / Not applicable;19;Cyclist;Less deprived 20-30%;2;Car;No tow/articulation;Going ahead other;On main c'way - not in restricted lane;Approaching junction or waiting/parked at junction approach;None;None;Did not leave carriageway;None;Did not impact;1;Not known;Female;68;66 - 75;-1;-1;-1;4;Urban area;4
2019010156141;530162;163178;-0.132171;51.352777;Metropolitan Police;Serious;2;4;07/01/2019;Monday;13:00;Sutton;Sutton;C;0;Single carriageway;30 MPH;Other junction;Give way or uncontrolled;Unclassified;0;None within 50 metres ;Zebra;Daylight;Fine no high winds;Dry;None;None;Urban;Yes;E01004083;2;2;Driver or rider;Female;68;10;Slight;Not a Pedestrian;Not a Pedestrian;Not car passenger;Not a bus or coach passenger;No / Not applicable;9;Cyclist;More deprived 30-40%;1;Van / Goods 3.5 tonnes mgw or under;No tow/articulation;Going ahead other;On main c'way - not in restricted lane;Cleared junction or waiting/parked at junction exit;None;None;Did not leave carriageway;None;Front;1;Not known;Male;26;26 - 35;-1;-1;-1;8;Urban area;8
2019010156141;530162;163178;-0.132171;51.352777;Metropolitan Police;Serious;2;4;07/01/2019;Monday;13:00;Sutton;Sutton;C;0;Single carriageway;30 MPH;Other junction;Give way or uncontrolled;Unclassified;0;None within 50 metres ;Zebra;Daylight;Fine no high winds;Dry;None;None;Urban;Yes;E01004083;2;2;Driver or rider;Female;68;10;Slight;Not a Pedestrian;Not a Pedestrian;Not car passenger;Not a bus or coach passenger;No / Not applicable;9;Cyclist;More deprived 30-40%;2;Car;No tow/articulation;Going ahead other;On main c'way - not in restricted lane;Approaching junction or waiting/parked at junction approach;None;None;Did not leave carriageway;None;Did not impact;1;Not known;Female;68;66 - 75;-1;-1;-1;4;Urban area;4
2019010156141;530162;163178;-0.132171;51.352777;Metropolitan Police;Serious;2;4;07/01/2019;Monday;13:00;Sutton;Sutton;C;0;Single carriageway;30 MPH;Other junction;Give way or uncontrolled;Unclassified;0;None within 50 metres ;Zebra;Daylight;Fine no high winds;Dry;None;None;Urban;Yes;E01004083;2;3;Passenger;Male;1;1;Slight;Not a Pedestrian;Not a Pedestrian;Rear seat passenger;Not a bus or coach passenger;No / Not applicable;9;Cyclist;Less deprived 20-30%;1;Van / Goods 3.5 tonnes mgw or under;No tow/articulation;Going ahead other;On main c'way - not in restricted lane;Cleared junction or waiting/parked at junction exit;None;None;Did not leave carriageway;None;Front;1;Not known;Male;26;26 - 35;-1;-1;-1;8;Urban area;8
2019010156141;530162;163178;-0.132171;51.352777;Metropolitan Police;Serious;2;4;07/01/2019;Monday;13:00;Sutton;Sutton;C;0;Single carriageway;30 MPH;Other junction;Give way or uncontrolled;Unclassified;0;None within 50 metres ;Zebra;Daylight;Fine no high winds;Dry;None;None;Urban;Yes;E01004083;2;3;Passenger;Male;1;1;Slight;Not a Pedestrian;Not a Pedestrian;Rear seat passenger;Not a bus or coach passenger;No / Not applicable;9;Cyclist;Less deprived 20-30%;2;Car;No tow/articulation;Going ahead other;On main c'way - not in restricted lane;Approaching junction or waiting/parked at junction approach;None;None;Did not leave carriageway;None;Did not impact;1;Not known;Female;68;66 - 75;-1;-1;-1;4;Urban area;4
2019010156141;530162;163178;-0.132171;51.352777;Metropolitan Police;Serious;2;4;07/01/2019;Monday;13:00;Sutton;Sutton;C;0;Single carriageway;30 MPH;Other junction;Give way or uncontrolled;Unclassified;0;None within 50 metres ;Zebra;Daylight;Fine no high winds;Dry;None;None;Urban;Yes;E01004083;2;4;Passenger;Female;6;2;Slight;Not a Pedestrian;Not a Pedestrian;Rear seat passenger;Not a bus or coach passenger;No / Not applicable;9;Cyclist;Less deprived 20-30%;1;Van / Goods 3.5 tonnes mgw or under;No tow/articulation;Going ahead other;On main c'way - not in restricted lane;Cleared junction or waiting/parked at junction exit;None;None;Did not leave carriageway;None;Front;1;Not known;Male;26;26 - 35;-1;-1;-1;8;Urban area;8
2019010156141;530162;163178;-0.132171;51.352777;Metropolitan Police;Serious;2;4;07/01/2019;Monday;13:00;Sutton;Sutton;C;0;Single carriageway;30 MPH;Other junction;Give way or uncontrolled;Unclassified;0;None within 50 metres ;Zebra;Daylight;Fine no high winds;Dry;None;None;Urban;Yes;E01004083;2;4;Passenger;Female;6;2;Slight;Not a Pedestrian;Not a Pedestrian;Rear seat passenger;Not a bus or coach passenger;No / Not applicable;9;Cyclist;Less deprived 20-30%;2;Car;No tow/articulation;Going ahead other;On main c'way - not in restricted lane;Approaching junction or waiting/parked at junction approach;None;None;Did not leave carriageway;None;Did not impact;1;Not known;Female;68;66 - 75;-1;-1;-1;4;Urban area;4