Accident_Index;Location_Easting_OSGR;Location_Northing_OSGR;Longitude;Latitude;Police_Force;Accident_Severity;Number_of_Vehicles;Number_of_Casualties;Date;Day_of_Week;Time;Local_Authority_(District);Local_Authority_(Highway);1st_Road_Class;1st_Road_Number;Road_Type;Speed_limit;Junction_Detail;Junction_Control;2nd_Road_Class;2nd_Road_Number;Pedestrian_Crossing-Human_Control;Pedestrian_Crossing-Physical_Facilities;Light_Conditions;Weather_Conditions;Road_Surface_Conditions;Special_Conditions_at_Site;Carriageway_Hazards;Urban_or_Rural_Area;Did_Police_Officer_Attend_Scene_of_Accident;LSOA_of_Accident_Location;Vehicle_Reference_x;Casualty_Reference;Casualty_Class;Sex_of_Casualty;Age_of_Casualty;Age_Band_of_Casualty;Casualty_Severity;Pedestrian_Location;Pedestrian_Movement;Car_Passenger;Bus_or_Coach_Passenger;Pedestrian_Road_Maintenance_Worker;Casualty_Type;Casualty_Home_Area_Type;Casualty_IMD_Decile;Vehicle_Reference_y;Vehicle_Type;Towing_and_Articulation;Vehicle_Manoeuvre;Vehicle_Location-Restricted_Lane;Junction_Location;Skidding_and_Overturning;Hit_Object_in_Carriageway;Vehicle_Leaving_Carriageway;Hit_Object_off_Carriageway;1st_Point_of_Impact;Was_Vehicle_Left_Hand_Drive?;Journey_Purpose_of_Driver;Sex_of_Driver;Age_of_Driver;Age_Band_of_Driver;Engine_Capacity_(CC);Propulsion_Code;Age_of_Vehicle;Driver_IMD_Decile;Driver_Home_Area_Type;Vehicle_IMD_Decile
2019010156265;515112;168929;-0.346336;51.407712;Metropolitan Police;Slight;1;1;07/01/2019;Monday;16:45;Richmond upon Thames;Richmond upon Thames;Unclassified;0;Single carriageway;30 MPH;Data missing or out of range;Data missing or out of range;A;308;None within 50 metres ;Data missing or out of range;Darkness - lighting unknown;Fine no high winds;Dry;None;None;Urban;No - accident was reported using a self completion  form (self rep only);E01003823;1;1;Pedestrian;Male;41;7;Slight;In carriageway, crossing elsewhere;Unknown or other;Not car passenger;Not a bus or coach passenger;No / Not applicable;0;Cyclist;Less deprived 10-20%;1;Car;No tow/articulation;Data missing or out of range;Data missing or out of range;Data missing or out of range;Data missing or out of range;Data missing or out of range;Data missing or out of range;Data missing or out of range;Did not impact;-1;Commuting to/from work;Female;41;36 - 45;-1;-1;-1;8;Small town;8
2019010156274;521155;185778;-0.253717;51.557885;Metropolitan Police;Slight;2;1;08/01/2019;Tuesday;07:45;Brent;Brent;A;406;Dual carriageway;30 MPH;T or staggered junction;Give way or uncontrolled;A;406;None within 50 metres ;No physical crossing facilities within 50 metres;Daylight;Fine no high winds;Dry;None;None;Urban;Yes;E01000627;1;1;Driver or rider;Male;47;8;Slight;Not a Pedestrian;Not a Pedestrian;Not car passenger;Not a bus or coach passenger;No / Not applicable;9;Cyclist;More deprived 40-50%;1;Car;No tow/articulation;Turning left;On main c'way - not in restricted lane;Entering main road;None;None;Nearside;Road sign or traffic signal;Offside;1;Commuting to/from work;Male;47;46 - 55;-1;-1;-1;5;Urban area;5
2019010156274;521155;185778;-0.253717;51.557885;Metropolitan Police;Slight;2;1;08/01/2019;Tuesday;07:45;Brent;Brent;A;406;Dual carriageway;30 MPH;T or staggered junction;Give way or uncontrolled;A;406;None within 50 metres ;No physical crossing facilities within 50 metres;Daylight;Fine no high winds;Dry;None;None;Urban;Yes;E01000627;1;1;Driver or rider;Male;47;8;Slight;Not a Pedestrian;Not a Pedestrian;Not car passenger;Not a bus or coach passenger;No / Not applicable;9;Cyclist;More deprived 40-50%;2;Goods 7.5 tonnes mgw and over;Articulated vehicle;Going ahead other;On main c'way - not in restricted lane;Cleared junction or waiting/parked at junction exit;None;None;Did not leave carriageway;None;Nearside;1;Journey as part of work;Male;72;66 - 75;-1;-1;-1;5;Urban area;5
2019010156285;534247;189430;-0.06358;51.587741;Metropolitan Police;Slight;2;1;08/01/2019;Tuesday;11:15;Haringey;Haringey;A;503;Single carriageway;30 MPH;T or staggered junction;Give way or uncontrolled;Unclassified;0;None within 50 metres ;No physical crossing facilities within 50 metres;Daylight;Fine no high winds;Dry;None;None;Urban;Yes;E01002068;1;1;Driver or rider;Female;34;6;Slight;Not a Pedestrian;Not a Pedestrian;Not car passenger;Not a bus or coach passenger;No / Not applicable;9;Cyclist;More deprived 10-20%;1;Car;No tow/articulation;Waiting to turn right;On main c'way - not in restricted lane;Approaching junction or waiting/parked at junction approach;None;None;Did not leave carriageway;None;Back;1;Not known;Female;34;26 - 35;-1;-1;-1;2;Urban area;2
2019010156285;534247;189430;-0.06358;51.587741;Metropolitan Police;Slight;2;1;08/01/2019;Tuesday;11:15;Haringey;Haringey;A;503;Single carriageway;30 MPH;T or staggered junction;Give way or uncontrolled;Unclassified;0;None within 50 metres ;No physical crossing facilities within 50 metres;Daylight;Fine no high winds;Dry;None;None;Urban;Yes;E01002068;1;1;Driver or rider;Female;34;6;Slight;Not a Pedestrian;Not a Pedestrian;Not car passenger;Not a bus or coach passenger;No / Not applicable;9;Cyclist;More deprived 10-20%;2;Van / Goods 3.5 tonnes mgw or under;No tow/articulation;Overtaking - nearside;On main c'way - not in restricted lane;Approaching junction or waiting/parked at junction approach;None;None;Did not leave carriageway;None;Front;2;Not known;Male;41;36 - 45;-1;-1;-1;-1;Data missing or out of range;-1
2019010156291;521739;185633;-0.245347;51.556456;Metropolitan Police;Slight;2;1;08/01/2019;Tuesday;08:23;Brent;Brent;A;4088;Single carriageway;30 MPH;T or staggered junction;Give way or uncontrolled;Unclassified;0;None within 50 metres ;No physical crossing facilities within 50 metres;Daylight;Fine no high winds;Dry;None;None;Urban;Yes;E01000511;2;1;Driver or rider;Male;27;6;Slight;Not a Pedestrian;Not a Pedestrian;Not car passenger;Not a bus or coach passenger;No / Not applicable;1;Cyclist;More deprived 20-30%;1;Car;No tow/articulation;Turning left;On main c'way - not in restricted lane;Leaving main road;None;None;Offside;None;Front;1;Taking pupil to/from school;Male;56;56 - 65;-1;-1;-1;2;Urban area;2
2019010156291;521739;185633;-0.245347;51.556456;Metropolitan Police;Slight;2;1;08/01/2019;Tuesday;08:23;Brent;Brent;A;4088;Single carriageway;30 MPH;T or staggered junction;Give way or uncontrolled;Unclassified;0;None within 50 metres ;No physical crossing facilities within 50 metres;Daylight;Fine no high winds;Dry;None;None;Urban;Yes;E01000511;2;1;Driver or rider;Male;27;6;Slight;Not a Pedestrian;Not a Pedestrian;Not car passenger;Not a bus or coach passenger;No / Not applicable;1;Cyclist;More deprived 20-30%;2;Pedal cycle;No tow/articulation;Going ahead other;On main c'way - not in restricted lane;Approaching junction or waiting/parked at junction approach;None;None;Did not leave carriageway;None;Nearside;1;Not known;Male;27;26 - 35;-1;-1;-1;3;Urban area;3
2019010156292;526474;177271;-0.180081;51.480266;Metropolitan Police;Slight;1;1;07/01/2019;Monday;16:30;Kensington and Chelsea;Kensington and Chelsea;A;3220;One way street;30 MPH;T or staggered junction;Give way or uncontrolled;A;3220;None within 50 metres ;Zebra;Darkness - lights lit;Fine no high winds;Dry;None;None;Urban;No - accident was reported using a self completion  form (self rep only);E01002841;1;1;Pedestrian;Male;76;11;Slight;Crossing on pedestrian crossing facility;Unknown or other;Not car passenger;Not a bus or coach passenger;No / Not applicable;0;-1;Data missing or out of range;1;Car;No tow/articulation;Data missing or out of range;Data missing or out of range;Data missing or out of range;Data missing or out of range;Data missing or out of range;Data missing or out of range;Data missing or out of range;Front;-1;Not known;Not known;-1;Data missing or out of range;-1;-1;-1;-1;Data missing or out of range;-1
2019010156294;523054;179603;-0.228494;51.501978;Metropolitan Police;Slight;2;1;08/01/2019;Tuesday;09:10;Hammersmith and Fulham;Hammersmith and Fulham;A;402;Single carriageway;30 MPH;T or staggered junction;Auto traffic signal;C;0;None within 50 metres ;Pedestrian phase at traffic signal junction;Daylight;Fine no high winds;Dry;None;None;Urban;Yes;E01001896;2;1;Driver or rider;Male;36;7;Slight;Not a Pedestrian;Not a Pedestrian;Not car passenger;Not a bus or coach passenger;No / Not applicable;1;Cyclist;Less deprived 40-50%;1;Taxi/Private hire car;No tow/articulation;Overtaking - nearside;On main c'way - not in restricted lane;Cleared junction or waiting/parked at junction exit;None;None;Did not leave carriageway;None;Front;1;Journey as part of work;Male;26;26 - 35;-1;-1;-1;4;Urban area;4
2019010156294;523054;179603;-0.228494;51.501978;Metropolitan Police;Slight;2;1;08/01/2019;Tuesday;09:10;Hammersmith and Fulham;Hammersmith and Fulham;A;402;Single carriageway;30 MPH;T or staggered junction;Auto traffic signal;C;0;None within 50 metres ;Pedestrian phase at traffic signal junction;Daylight;Fine no high winds;Dry;None;None;Urban;Yes;E01001896;2;1;Driver or rider;Male;36;7;Slight;Not a Pedestrian;Not a Pedestrian;Not car passenger;Not a bus or coach passenger;No / Not applicable;1;Cyclist;Less deprived 40-50%;2;Pedal cycle;No tow/articulation;Overtaking - nearside;On main c'way - not in restricted lane;Cleared junction or waiting/parked at junction exit;None;None;Did not leave carriageway;None;Back;1;Journey as part of work;Male;36;36 - 45;-1;-1;-1;6;Urban area;6
2019010156304;531333;166107;-0.114284;51.378831;Metropolitan Police;Slight;2;1;08/01/2019;Tuesday;08:15;Croydon;Croydon;Unclassified;0;Dual carriageway;30 MPH;Other junction;Give way or uncontrolled;Unclassified;0;None within 50 metres ;No physical crossing facilities within 50 metres;Daylight;Fine no high winds;Dry;None;None;Urban;Yes;E01001010;2;1;Driver or rider;Male;19;4;Slight;Not a Pedestrian;Not a Pedestrian;Not car passenger;Not a bus or coach passenger;No / Not applicable;3;Cyclist;More deprived 10-20%;1;Car;No tow/articulation;Turning right;On main c'way - not in restricted lane;Approaching junction or waiting/parked at junction approach;None;None;Did not leave carriageway;None;Nearside;1;Not known;Male;27;26 - 35;-1;-1;-1;-1;Data missing or out of range;-1
2019010156304;531333;166107;-0.114284;51.378831;Metropolitan Police;Slight;2;1;08/01/2019;Tuesday;08:15;Croydon;Croydon;Unclassified;0;Dual carriageway;30 MPH;Other junction;Give way or uncontrolled;Unclassified;0;None within 50 metres ;No physical crossing facilities within 50 metres;Daylight;Fine no high winds;Dry;None;None;Urban;Yes;E01001010;2;1;Driver or rider;Male;19;4;Slight;Not a Pedestrian;Not a Pedestrian;Not car passenger;Not a bus or coach passenger;No / Not applicable;3;Cyclist;More deprived 10-20%;2;Motorcycle 125cc and under;No tow/articulation;Going ahead other;On main c'way - not in restricted lane;Approaching junction or waiting/parked at junction approach;Skidded and overturned;None;Did not leave carriageway;None;Front;1;Not known;Male;19;16 - 20;-1;-1;-1;2;Urban area;2
2019010156305;534550;190411;-0.058834;51.596484;Metropolitan Police;Serious;1;1;08/01/2019;Tuesday;09:09;Haringey;Haringey;C;0;Dual carriageway;20 MPH;T or staggered junction;Give way or uncontrolled;Unclassified;0;None within 50 metres ;No physical crossing facilities within 50 metres;Daylight;Fine no high winds;Dry;None;None;Urban;Yes;E01002076;1;1;Pedestrian;Male;38;7;Serious;In carriageway, crossing elsewhere;Crossing from nearside - masked by parked or stationary vehicle;Not car passenger;Not a bus or coach passenger;No / Not applicable;0;Cyclist;Most deprived 10%;1;Car;No tow/articulation;Moving off;On main c'way - not in restricted lane;Cleared junction or waiting/parked at junction exit;None;None;Did not leave carriageway;None;Nearside;1;Not known;Male;61;56 - 65;-1;-1;-1;1;Data missing or out of range;1
2019010156320;529444;175276;-0.138065;51.461666;Metropolitan Police;Slight;1;1;08/01/2019;Tuesday;13:21;Lambeth;Lambeth;A;3;Single carriageway;30 MPH;T or staggered junction;Auto traffic signal;A;24;None within 50 metres ;Pelican, puffin, toucan or similar non-junction pedestrian light crossing;Daylight;Fine no high winds;Dry;None;None;Urban;Yes;E01003032;1;1;Pedestrian;Female;19;4;Slight;Crossing on pedestrian crossing facility;Crossing from driver's nearside;Not car passenger;Not a bus or coach passenger;No / Not applicable;0;Cyclist;Less deprived 20-30%;1;Car;No tow/articulation;Going ahead left-hand bend;On main c'way - not in restricted lane;Cleared junction or waiting/parked at junction exit;None;None;Did not leave carriageway;None;Front;1;Not known;Female;88;Over 75;-1;-1;-1;8;Urban area;8
2019010156322;523093;175867;-0.229233;51.468392;Metropolitan Police;Serious;2;1;08/01/2019;Tuesday;13:21;Wandsworth;Wandsworth;B;349;Roundabout;30 MPH;Mini-roundabout;Give way or uncontrolled;B;306;None within 50 metres ;No physical crossing facilities within 50 metres;Daylight;Fine + high winds;Dry;None;None;Rural;Yes;E01004604;2;1;Driver or rider;Male;68;10;Serious;Not a Pedestrian;Not a Pedestrian;Not car passenger;Not a bus or coach passenger;No / Not applicable;1;Cyclist;Less deprived 40-50%;1;Bus or coach (17 or more pass seats);No tow/articulation;Moving off;On main c'way - not in restricted lane;Leaving roundabout;None;None;Did not leave carriageway;None;Front;1;Journey as part of work;Male;63;56 - 65;-1;-1;-1;8;Urban area;8
2019010156322;523093;175867;-0.229233;51.468392;Metropolitan Police;Serious;2;1;08/01/2019;Tuesday;13:21;Wandsworth;Wandsworth;B;349;Roundabout;30 MPH;Mini-roundabout;Give way or uncontrolled;B;306;None within 50 metres ;No physical crossing facilities within 50 metres;Daylight;Fine + high winds;Dry;None;None;Rural;Yes;E01004604;2;1;Driver or rider;Male;68;10;Serious;Not a Pedestrian;Not a Pedestrian;Not car passenger;Not a bus or coach passenger;No / Not applicable;1;Cyclist;Less deprived 40-50%;2;Pedal cycle;No tow/articulation;Going ahead other;On main c'way - not in restricted lane;Entering roundabout;None;None;Did not leave carriageway;None;Nearside;1;Not known;Male;68;66 - 75;-1;-1;-1;6;Urban area;6
2019010156334;529963;187646;-0.126041;51.572714;Metropolitan Police;Slight;2;1;08/01/2019;Tuesday;14:35;Islington;Islington;A;103;Single carriageway;20 MPH;T or staggered junction;Give way or uncontrolled;Unclassified;0;None within 50 metres ;No physical crossing facilities within 50 metres;Daylight;Fine no high winds;Dry;None;None;Urban;Yes;E01002755;1;1;Driver or rider;Male;54;8;Slight;Not a Pedestrian;Not a Pedestrian;Not car passenger;Not a bus or coach passenger;No / Not applicable;1;Cyclist;Less deprived 20-30%;1;Pedal cycle;No tow/articulation;Going ahead other;On main c'way - not in restricted lane;Approaching junction or waiting/parked at junction approach;None;None;Did not leave carriageway;None;Offside;1;Not known;Male;54;46 - 55;-1;-1;-1;8;Urban area;8
2019010156334;529963;187646;-0.126041;51.572714;Metropolitan Police;Slight;2;1;08/01/2019;Tuesday;14:35;Islington;Islington;A;103;Single carriageway;20 MPH;T or staggered junction;Give way or uncontrolled;Unclassified;0;None within 50 metres ;No physical crossing facilities within 50 metres;Daylight;Fine no high winds;Dry;None;None;Urban;Yes;E01002755;1;1;Driver or rider;Male;54;8;Slight;Not a Pedestrian;Not a Pedestrian;Not car passenger;Not a bus or coach passenger;No / Not applicable;1;Cyclist;Less deprived 20-30%;2;Car;No tow/articulation;Going ahead other;On main c'way - not in restricted lane;Approaching junction or waiting/parked at junction approach;None;None;Did not leave carriageway;None;Nearside;1;Not known;Not known;-1;Data missing or out of range;-1;-1;-1;-1;Data missing or out of range;-1
2019010156338;519631;180236;-0.277572;51.508401;Metropolitan Police;Slight;2;1;08/01/2019;Tuesday;15:39;Ealing;Ealing;A;4020;Single carriageway;20 MPH;T or staggered junction;Auto traffic signal;Unclassified;0;None within 50 metres ;No physical crossing facilities within 50 metres;Daylight;Fine no high winds;Dry;None;None;Urban;Yes;E01001351;1;1;Driver or rider;Male;36;7;Slight;Not a Pedestrian;Not a Pedestrian;Not car passenger;Not a bus or coach passenger;No / Not applicable;3;Cyclist;More deprived 20-30%;1;Motorcycle 125cc and under;No tow/articulation;Overtaking static vehicle - offside;On main c'way - not in restricted lane;Approaching junction or waiting/parked at junction approach;Overturned;None;Did not leave carriageway;None;Nearside;1;Not known;Male;36;36 - 45;-1;-1;-1;3;Urban area;3
2019010156338;519631;180236;-0.277572;51.508401;Metropolitan Police;Slight;2;1;08/01/2019;Tuesday;15:39;Ealing;Ealing;A;4020;Single carriageway;20 MPH;T or staggered junction;Auto traffic signal;Unclassified;0;None within 50 metres ;No physical crossing facilities within 50 metres;Daylight;Fine no high winds;Dry;None;None;Urban;Yes;E01001351;1;1;Driver or rider;Male;36;7;Slight;Not a Pedestrian;Not a Pedestrian;Not car passenger;Not a bus or coach passenger;No / Not applicable;3;Cyclist;More deprived 20-30%;2;Car;No tow/articulation;Overtaking moving vehicle - offside;On main c'way - not in restricted lane;Approaching junction or waiting/parked at junction approach;None;None;Did not leave carriageway;None;Offside;1;Not known;Male;39;36 - 45;-1;-1;-1;3;Urban area;3
2019010156339;519379;179597;-0.281417;51.502711;Metropolitan Police;Slight;2;1;08/01/2019;Tuesday;16:07;Ealing;Ealing;A;4000;Single carriageway;30 MPH;T or staggered junction;Give way or uncontrolled;Unclassified;0;None within 50 metres ;No physical crossing facilities within 50 metres;Darkness - lights lit;Fine no high winds;Dry;None;None;Urban;Yes;E01001231;2;1;Driver or rider;Male;22;5;Slight;Not a Pedestrian;Not a Pedestrian;Not car passenger;Not a bus or coach passenger;No / Not applicable;2;Cyclist;Less deprived 30-40%;1;Car;No tow/articulation;Waiting to turn right;On main c'way - not in restricted lane;Approaching junction or waiting/parked at junction approach;None;None;Did not leave carriageway;None;Offside;1;Journey as part of work;Male;28;26 - 35;-1;-1;-1;5;Urban area;5
2019010156339;519379;179597;-0.281417;51.502711;Metropolitan Police;Slight;2;1;08/01/2019;Tuesday;16:07;Ealing;Ealing;A;4000;Single carriageway;30 MPH;T or staggered junction;Give way or uncontrolled;Unclassified;0;None within 50 metres ;No physical crossing facilities within 50 metres;Darkness - lights lit;Fine no high winds;Dry;None;None;Urban;Yes;E01001231;2;1;Driver or rider;Male;22;5;Slight;Not a Pedestrian;Not a Pedestrian;Not car passenger;Not a bus or coach passenger;No / Not applicable;2;Cyclist;Less deprived 30-40%;2;Motorcycle 50cc and under;No tow/articulation;Overtaking moving vehicle - offside;On main c'way - not in restricted lane;Cleared junction or waiting/parked at junction exit;None;None;Did not leave carriageway;None;Nearside;1;Not known;Male;22;21 - 25;-1;-1;-1;7;Urban area;7
2019010156340;523907;182328;-0.215253;51.526282;Metropolitan Police;Slight;2;1;08/01/2019;Tuesday;14:34;Kensington and Chelsea;Kensington and Chelsea;B;450;Roundabout;30 MPH;Roundabout;Give way or uncontrolled;B;450;None within 50 metres ;Pelican, puffin, toucan or similar non-junction pedestrian light crossing;Daylight;Fine no high winds;Dry;None;None;Urban;Yes;E01002852;2;1;Driver or rider;Male;54;8;Slight;Not a Pedestrian;Not a Pedestrian;Not car passenger;Not a bus or coach passenger;No / Not applicable;3;Cyclist;More deprived 30-40%;1;Car;No tow/articulation;Waiting to turn right;On main c'way - not in restricted lane;Entering roundabout;None;None;Did not leave carriageway;None;Front;1;Commuting to/from work;Male;52;46 - 55;-1;-1;-1;6;Urban area;6
2019010156340;523907;182328;-0.215253;51.526282;Metropolitan Police;Slight;2;1;08/01/2019;Tuesday;14:34;Kensington and Chelsea;Kensington and Chelsea;B;450;Roundabout;30 MPH;Roundabout;Give way or uncontrolled;B;450;None within 50 metres ;Pelican, puffin, toucan or similar non-junction pedestrian light crossing;Daylight;Fine no high winds;Dry;None;None;Urban;Yes;E01002852;2;1;Driver or rider;Male;54;8;Slight;Not a Pedestrian;Not a Pedestrian;Not car passenger;Not a bus or coach passenger;No / Not applicable;3;Cyclist;More deprived 30-40%;2;Motorcycle 125cc and under;No tow/articulation;Waiting to go - held up;On main c'way - not in restricted lane;Leaving roundabout;None;None;Did not leave carriageway;None;Did not impact;1;Commuting to/from work;Male;54;46 - 55;-1;-1;-1;4;Urban area;4
2019010156347;518072;169040;-0.303761;51.408102;Metropolitan Police;Slight;1;1;08/01/2019;Tuesday;17:12;Kingston upon Thames;Kingston upon Thames;Unclassified;0;Single carriageway;20 MPH;T or staggered junction;Give way or uncontrolled;A;307;None within 50 metres ;No physical crossing facilities within 50 metres;Darkness - lights lit;Fine no high winds;Dry;None;None;Urban;Yes;E01002968;1;1;Passenger;Female;69;10;Slight;Not a Pedestrian;Not a Pedestrian;Not car passenger;Standing passenger;No / Not applicable;11;Cyclist;Least deprived 10%;1;Bus or coach (17 or more pass seats);No tow/articulation;Slowing or stopping;On main c'way - not in restricted lane;Approaching junction or waiting/parked at junction approach;None;None;Did not leave carriageway;None;Did not impact;1;Journey as part of work;Male;57;56 - 65;-1;-1;-1;7;Urban area;7
2019010156348;547542;177689;0.123278;51.478923;Metropolitan Police;Slight;2;1;08/01/2019;Tuesday;16:50;Bexley;Bexley;C;0;Single carriageway;30 MPH;Crossroads;Give way or uncontrolled;C;0;None within 50 metres ;Central refuge;Darkness - lights lit;Fine no high winds;Dry;None;None;Urban;Yes;E01001574;2;1;Driver or rider;Female;53;8;Slight;Not a Pedestrian;Not a Pedestrian;Not car passenger;Not a bus or coach passenger;No / Not applicable;9;Cyclist;More deprived 40-50%;1;Car;No tow/articulation;Going ahead other;On main c'way - not in restricted lane;Mid Junction - on roundabout or on main road;None;None;Did not leave carriageway;None;Front;1;Commuting to/from work;Male;31;26 - 35;-1;-1;-1;4;Urban area;4
2019010156348;547542;177689;0.123278;51.478923;Metropolitan Police;Slight;2;1;08/01/2019;Tuesday;16:50;Bexley;Bexley;C;0;Single carriageway;30 MPH;Crossroads;Give way or uncontrolled;C;0;None within 50 metres ;Central refuge;Darkness - lights lit;Fine no high winds;Dry;None;None;Urban;Yes;E01001574;2;1;Driver or rider;Female;53;8;Slight;Not a Pedestrian;Not a Pedestrian;Not car passenger;Not a bus or coach passenger;No / Not applicable;9;Cyclist;More deprived 40-50%;2;Car;No tow/articulation;Waiting to turn right;On main c'way - not in restricted lane;Approaching junction or waiting/parked at junction approach;None;None;Did not leave carriageway;None;Front;1;Not known;Female;53;46 - 55;-1;-1;-1;5;Urban area;5
2019010156350;534163;177888;-0.069186;51.484041;Metropolitan Police;Serious;2;1;07/01/2019;Monday;17:40;Southwark;Southwark;Unclassified;0;Roundabout;30 MPH;Roundabout;Give way or uncontrolled;Unclassified;0;None within 50 metres ;No physical crossing facilities within 50 metres;Darkness - lights lit;Fine no high winds;Dry;None;None;Urban;Yes;E01003964;2;1;Driver or rider;Male;39;7;Serious;Not a Pedestrian;Not a Pedestrian;Not car passenger;Not a bus or coach passenger;No / Not applicable;3;Cyclist;More deprived 20-30%;1;Car;No tow/articulation;Slowing or stopping;On main c'way - not in restricted lane;Entering roundabout;None;None;Did not leave carriageway;None;Back;1;Not known;Male;44;36 - 45;-1;-1;-1;2;Urban area;2
2019010156350;534163;177888;-0.069186;51.484041;Metropolitan Police;Serious;2;1;07/01/2019;Monday;17:40;Southwark;Southwark;Unclassified;0;Roundabout;30 MPH;Roundabout;Give way or uncontrolled;Unclassified;0;None within 50 metres ;No physical crossing facilities within 50 metres;Darkness - lights lit;Fine no high winds;Dry;None;None;Urban;Yes;E01003964;2;1;Driver or rider;Male;39;7;Serious;Not a Pedestrian;Not a Pedestrian;Not car passenger;Not a bus or coach passenger;No / Not applicable;3;Cyclist;More deprived 20-30%;2;Motorcycle 125cc and under;No tow/articulation;Moving off;On main c'way - not in restricted lane;Entering roundabout;None;None;Did not leave carriageway;None;Front;1;Commuting to/from work;Male;39;36 - 45;-1;-1;-1;3;Urban area;3
2019010156353;537275;192084;-0.018862;51.61086;Metropolitan Police;Slight;1;1;08/01/2019;Tuesday;14:02;Waltham Forest;Waltham Forest;Unclassified;0;Single carriageway;20 MPH;Not at junction or within 20 metres;Data missing or out of range;-1;0;None within 50 metres ;No physical crossing facilities within 50 metres;Daylight;Fine no high winds;Dry;None;None;Urban;Yes;E01004455;1;1;Pedestrian;Male;36;7;Slight;In carriageway, crossing elsewhere;Crossing from driver's nearside;Not car passenger;Not a bus or coach passenger;No / Not applicable;0;Cyclist;More deprived 10-20%;1;Car;No tow/articulation;Slowing or stopping;Footway (pavement);Not at or within 20 metres of junction;None;None;Did not leave carriageway;None;Front;1;Not known;Male;57;56 - 65;-1;-1;-1;3;Urban area;3
2019010156357;536070;199727;-0.033283;51.679834;Metropolitan Police;Slight;2;1;08/01/2019;Tuesday;14:55;Enfield;Enfield;A;1055;Unknown;30 MPH;Crossroads;Auto traffic signal;Unclassified;0;None within 50 metres ;Pedestrian phase at traffic signal junction;Daylight;Fine no high winds;Dry;None;None;Urban;No - accident was reported using a self completion  form (self rep only);E01001444;1;1;Driver or rider;Female;22;5;Slight;Not a Pedestrian;Not a Pedestrian;Not car passenger;Not a bus or coach passenger;No / Not applicable;9;Cyclist;More deprived 10-20%;1;Car;No tow/articulation;Data missing or out of range;Data missing or out of range;Data missing or out of range;Data missing or out of range;Data missing or out of range;Data missing or out of range;Data missing or out of range;Offside;-1;Not known;Female;22;21 - 25;-1;-1;-1;2;Urban area;2
2019010156357;536070;199727;-0.033283;51.679834;Metropolitan Police;Slight;2;1;08/01/2019;Tuesday;14:55;Enfield;Enfield;A;1055;Unknown;30 MPH;Crossroads;Auto traffic signal;Unclassified;0;None within 50 metres ;Pedestrian phase at traffic signal junction;Daylight;Fine no high winds;Dry;None;None;Urban;No - accident was reported using a self completion  form (self rep only);E01001444;1;1;Driver or rider;Female;22;5;Slight;Not a Pedestrian;Not a Pedestrian;Not car passenger;Not a bus or coach passenger;No / Not applicable;9;Cyclist;More deprived 10-20%;2;Goods 7.5 tonnes mgw and over;No tow/articulation;Data missing or out of range;Data missing or out of range;Data missing or out of range;Data missing or out of range;Data missing or out of range;Data missing or out of range;Data missing or out of range;Nearside;1;Not known;Not known;-1;Data missing or out of range;-1;-1;-1;7;Small town;7
2019010156361;526887;184630;-0.17149;51.546309;Metropolitan Police;Serious;2;1;08/01/2019;Tuesday;15:52;Camden;Camden;Unclassified;0;Single carriageway;20 MPH;T or staggered junction;Give way or uncontrolled;Unclassified;0;None within 50 metres ;No physical crossing facilities within 50 metres;Daylight;Fine no high winds;Dry;None;None;Urban;Yes;E01000844;2;1;Driver or rider;Male;29;6;Serious;Not a Pedestrian;Not a Pedestrian;Not car passenger;Not a bus or coach passenger;No / Not applicable;3;Cyclist;More deprived 30-40%;1;Taxi/Private hire car;No tow/articulation;Going ahead other;On main c'way - not in restricted lane;Approaching junction or waiting/parked at junction approach;None;None;Did not leave carriageway;None;Front;1;Journey as part of work;Male;48;46 - 55;-1;-1;-1;2;Urban area;2
2019010156361;526887;184630;-0.17149;51.546309;Metropolitan Police;Serious;2;1;08/01/2019;Tuesday;15:52;Camden;Camden;Unclassified;0;Single carriageway;20 MPH;T or staggered junction;Give way or uncontrolled;Unclassified;0;None within 50 metres ;No physical crossing facilities within 50 metres;Daylight;Fine no high winds;Dry;None;None;Urban;Yes;E01000844;2;1;Driver or rider;Male;29;6;Serious;Not a Pedestrian;Not a Pedestrian;Not car passenger;Not a bus or coach passenger;No / Not applicable;3;Cyclist;More deprived 30-40%;2;Motorcycle 125cc and under;No tow/articulation;Turning left;On main c'way - not in restricted lane;Entering main road;None;None;Did not leave carriageway;None;Front;1;Journey as part of work;Male;29;26 - 35;-1;-1;-1;4;Urban area;4
2019010156363;529523;190902;-0.131186;51.602075;Metropolitan Police;Slight;1;1;08/01/2019;Tuesday;17:38;Haringey;Haringey;B;106;Single carriageway;20 MPH;Not at junction or within 20 metres;Data missing or out of range;-1;0;Control by other authorised person;Zebra;Darkness - lights lit;Fine no high winds;Dry;None;None;Urban;Yes;E01001962;1;1;Pedestrian;Female;17;4;Slight;Crossing on pedestrian crossing facility;Crossing from driver's nearside;Not car passenger;Not a bus or coach passenger;No / Not applicable;0;Cyclist;Less deprived 40-50%;1;Car;No tow/articulation;Going ahead other;On main c'way - not in restricted lane;Not at or within 20 metres of junction;None;None;Did not leave carriageway;None;Front;1;Commuting to/from work;Female;52;46 - 55;-1;-1;-1;4;Urban area;4
2019010156372;523768;179889;-0.218112;51.504392;Metropolitan Police;Serious;1;1;08/01/2019;Tuesday;18:10;Hammersmith and Fulham;Hammersmith and Fulham;A;402;Single carriageway;20 MPH;Roundabout;Auto traffic signal;Unclassified;0;Control by other authorised person;Pedestrian phase at traffic signal junction;Darkness - lights lit;Fine no high winds;Dry;None;None;Urban;Yes;E01001943;1;1;Pedestrian;Female;50;8;Serious;Crossing on pedestrian crossing facility;Crossing from driver's nearside;Not car passenger;Not a bus or coach passenger;No / Not applicable;0;Cyclist;More deprived 40-50%;1;Car;No tow/articulation;Going ahead other;On main c'way - not in restricted lane;Approaching junction or waiting/parked at junction approach;None;None;Did not leave carriageway;None;Front;1;Not known;Male;71;66 - 75;-1;-1;-1;5;Urban area;5