Accident_Index;Location_Easting_OSGR;Location_Northing_OSGR;Longitude;Latitude;Police_Force;Accident_Severity;Number_of_Vehicles;Number_of_Casualties;Date;Day_of_Week;Time;Local_Authority_(District);Local_Authority_(Highway);1st_Road_Class;1st_Road_Number;Road_Type;Speed_limit;Junction_Detail;Junction_Control;2nd_Road_Class;2nd_Road_Number;Pedestrian_Crossing-Human_Control;Pedestrian_Crossing-Physical_Facilities;Light_Conditions;Weather_Conditions;Road_Surface_Conditions;Special_Conditions_at_Site;Carriageway_Hazards;Urban_or_Rural_Area;Did_Police_Officer_Attend_Scene_of_Accident;LSOA_of_Accident_Location;Vehicle_Reference_x;Casualty_Reference;Casualty_Class;Sex_of_Casualty;Age_of_Casualty;Age_Band_of_Casualty;Casualty_Severity;Pedestrian_Location;Pedestrian_Movement;Car_Passenger;Bus_or_Coach_Passenger;Pedestrian_Road_Maintenance_Worker;Casualty_Type;Casualty_Home_Area_Type;Casualty_IMD_Decile;Vehicle_Reference_y;Vehicle_Type;Towing_and_Articulation;Vehicle_Manoeuvre;Vehicle_Location-Restricted_Lane;Junction_Location;Skidding_and_Overturning;Hit_Object_in_Carriageway;Vehicle_Leaving_Carriageway;Hit_Object_off_Carriageway;1st_Point_of_Impact;Was_Vehicle_Left_Hand_Drive?;Journey_Purpose_of_Driver;Sex_of_Driver;Age_of_Driver;Age_Band_of_Driver;Engine_Capacity_(CC);Propulsion_Code;Age_of_Vehicle;Driver_IMD_Decile;Driver_Home_Area_Type;Vehicle_IMD_Decile
2019010156374;532154;193417;-0.092272;51.624065;Metropolitan Police;Slight;2;1;08/01/2019;Tuesday;16:40;Enfield;Enfield;Unclassified;0;Single carriageway;30 MPH;Not at junction or within 20 metres;Data missing or out of range;-1;0;None within 50 metres ;No physical crossing facilities within 50 metres;Darkness - lights lit;Fine no high winds;Dry;None;None;Urban;Yes;E01001494;1;1;Driver or rider;Male;27;6;Slight;Not a Pedestrian;Not a Pedestrian;Not car passenger;Not a bus or coach passenger;No / Not applicable;9;Cyclist;Most deprived 10%;1;Car;No tow/articulation;Going ahead other;On main c'way - not in restricted lane;Not at or within 20 metres of junction;None;None;Nearside;Tree;Front;1;Not known;Male;27;26 - 35;-1;-1;-1;1;Urban area;1
2019010156374;532154;193417;-0.092272;51.624065;Metropolitan Police;Slight;2;1;08/01/2019;Tuesday;16:40;Enfield;Enfield;Unclassified;0;Single carriageway;30 MPH;Not at junction or within 20 metres;Data missing or out of range;-1;0;None within 50 metres ;No physical crossing facilities within 50 metres;Darkness - lights lit;Fine no high winds;Dry;None;None;Urban;Yes;E01001494;1;1;Driver or rider;Male;27;6;Slight;Not a Pedestrian;Not a Pedestrian;Not car passenger;Not a bus or coach passenger;No / Not applicable;9;Cyclist;Most deprived 10%;2;Van / Goods 3.5 tonnes mgw or under;No tow/articulation;Moving off;On main c'way - not in restricted lane;Not at or within 20 metres of junction;None;None;Did not leave carriageway;None;Did not impact;1;Not known;Male;29;26 - 35;-1;-1;-1;2;Urban area;2
2019010156379;526084;175292;-0.1864;51.462567;Metropolitan Police;Slight;1;1;08/01/2019;Tuesday;18:30;Wandsworth;Wandsworth;A;217;Roundabout;20 MPH;Roundabout;Auto traffic signal;A;3205;None within 50 metres ;Pedestrian phase at traffic signal junction;Darkness - lights lit;Other;Dry;None;None;Urban;No - accident was reported using a self completion  form (self rep only);E01004509;1;1;Passenger;Female;Data missing or out of range;-1;Slight;Not a Pedestrian;Not a Pedestrian;Front seat passenger;Not a bus or coach passenger;No / Not applicable;9;-1;Data missing or out of range;1;Car;No tow/articulation;Data missing or out of range;Data missing or out of range;Data missing or out of range;Data missing or out of range;Data missing or out of range;Data missing or out of range;Data missing or out of range;Back;-1;Not known;Female;28;26 - 35;-1;-1;-1;4;Urban area;4
2019010156380;533178;196813;-0.076196;51.654341;Metropolitan Police;Serious;1;1;08/01/2019;Tuesday;17:50;Enfield;Enfield;C;0;Single carriageway;30 MPH;Other junction;Give way or uncontrolled;Unclassified;0;None within 50 metres ;Central refuge;Darkness - lighting unknown;Fine no high winds;Dry;None;None;Urban;Yes;E01001544;1;1;Pedestrian;Male;14;3;Serious;Crossing elsewhere within 50m. of pedestrian crossing;Crossing from driver's offside;Not car passenger;Not a bus or coach passenger;No / Not applicable;0;Cyclist;Less deprived 20-30%;1;Car;No tow/articulation;Going ahead other;On main c'way - not in restricted lane;Approaching junction or waiting/parked at junction approach;None;None;Did not leave carriageway;None;Offside;1;Not known;Male;68;66 - 75;-1;-1;-1;8;Urban area;8
2019010156381;546872;187041;0.117531;51.563128;Metropolitan Police;Serious;1;1;08/01/2019;Tuesday;15:45;Redbridge;Redbridge;A;1083;Single carriageway;30 MPH;T or staggered junction;Give way or uncontrolled;Unclassified;0;None within 50 metres ;No physical crossing facilities within 50 metres;Daylight;Fine no high winds;Dry;None;None;Urban;Yes;E01032581;1;1;Pedestrian;Male;10;2;Serious;In carriageway, crossing elsewhere;Crossing from driver's offside;Not car passenger;Not a bus or coach passenger;No / Not applicable;0;Cyclist;More deprived 20-30%;1;Taxi/Private hire car;No tow/articulation;Going ahead other;On main c'way - not in restricted lane;Approaching junction or waiting/parked at junction approach;None;None;Did not leave carriageway;None;Offside;1;Not known;Male;43;36 - 45;-1;-1;-1;2;Urban area;2
2019010156384;538217;171817;-0.013208;51.428509;Metropolitan Police;Serious;2;1;08/01/2019;Tuesday;18:20;Lewisham;Lewisham;A;21;Dual carriageway;30 MPH;Crossroads;Auto traffic signal;A;2218;None within 50 metres ;Pedestrian phase at traffic signal junction;Darkness - lights lit;Fine no high winds;Dry;None;None;Urban;Yes;E01003352;2;1;Driver or rider;Male;26;6;Serious;Not a Pedestrian;Not a Pedestrian;Not car passenger;Not a bus or coach passenger;No / Not applicable;9;Cyclist;More deprived 40-50%;1;Car;No tow/articulation;Turning right;On main c'way - not in restricted lane;Mid Junction - on roundabout or on main road;None;None;Did not leave carriageway;None;Front;1;Not known;Male;31;26 - 35;-1;-1;-1;1;Urban area;1
2019010156384;538217;171817;-0.013208;51.428509;Metropolitan Police;Serious;2;1;08/01/2019;Tuesday;18:20;Lewisham;Lewisham;A;21;Dual carriageway;30 MPH;Crossroads;Auto traffic signal;A;2218;None within 50 metres ;Pedestrian phase at traffic signal junction;Darkness - lights lit;Fine no high winds;Dry;None;None;Urban;Yes;E01003352;2;1;Driver or rider;Male;26;6;Serious;Not a Pedestrian;Not a Pedestrian;Not car passenger;Not a bus or coach passenger;No / Not applicable;9;Cyclist;More deprived 40-50%;2;Car;No tow/articulation;Going ahead other;On main c'way - not in restricted lane;Mid Junction - on roundabout or on main road;None;None;Did not leave carriageway;None;Front;1;Not known;Male;26;26 - 35;-1;-1;-1;5;Urban area;5
2019010156388;524502;196612;-0.201617;51.654521;Metropolitan Police;Slight;2;1;04/01/2019;Friday;17:30;Barnet;Barnet;Unclassified;0;Single carriageway;30 MPH;Other junction;Data missing or out of range;A;1000;Data missing or out of range;Data missing or out of range;Darkness - lighting unknown;Fine no high winds;Dry;Data missing or out of range;Data missing or out of range;Urban;No - accident was reported using a self completion  form (self rep only);E01000250;1;1;Driver or rider;Female;32;6;Slight;Not a Pedestrian;Not a Pedestrian;Not car passenger;Not a bus or coach passenger;No / Not applicable;9;Cyclist;Less deprived 20-30%;1;Car;No tow/articulation;Data missing or out of range;Data missing or out of range;Data missing or out of range;Data missing or out of range;Data missing or out of range;Data missing or out of range;Data missing or out of range;Front;-1;Not known;Female;32;26 - 35;-1;-1;-1;8;Urban area;8
2019010156388;524502;196612;-0.201617;51.654521;Metropolitan Police;Slight;2;1;04/01/2019;Friday;17:30;Barnet;Barnet;Unclassified;0;Single carriageway;30 MPH;Other junction;Data missing or out of range;A;1000;Data missing or out of range;Data missing or out of range;Darkness - lighting unknown;Fine no high winds;Dry;Data missing or out of range;Data missing or out of range;Urban;No - accident was reported using a self completion  form (self rep only);E01000250;1;1;Driver or rider;Female;32;6;Slight;Not a Pedestrian;Not a Pedestrian;Not car passenger;Not a bus or coach passenger;No / Not applicable;9;Cyclist;Less deprived 20-30%;2;Bus or coach (17 or more pass seats);No tow/articulation;Data missing or out of range;Data missing or out of range;Data missing or out of range;Data missing or out of range;Data missing or out of range;Data missing or out of range;Data missing or out of range;Back;-1;Not known;Not known;-1;Data missing or out of range;-1;-1;-1;-1;Data missing or out of range;-1
2019010156389;525384;181971;-0.1941;51.522748;Metropolitan Police;Serious;1;1;08/01/2019;Tuesday;19:45;Westminster;Westminster;A;404;Single carriageway;30 MPH;T or staggered junction;Give way or uncontrolled;C;0;None within 50 metres ;Central refuge;Darkness - lights lit;Fine no high winds;Dry;None;None;Urban;Yes;E01004755;1;1;Pedestrian;Male;48;8;Serious;Unknown or other;Unknown or other;Not car passenger;Not a bus or coach passenger;No / Not applicable;0;Cyclist;More deprived 10-20%;1;Bus or coach (17 or more pass seats);No tow/articulation;Moving off;On main c'way - not in restricted lane;Cleared junction or waiting/parked at junction exit;None;None;Did not leave carriageway;None;Front;1;Journey as part of work;Male;58;56 - 65;-1;-1;-1;2;Urban area;2
2019010156390;526911;190001;-0.169206;51.594572;Metropolitan Police;Slight;2;1;08/01/2019;Tuesday;08:55;Barnet;Barnet;A;1000;One way street;20 MPH;T or staggered junction;Give way or uncontrolled;A;1000;None within 50 metres ;Zebra;Daylight;Fine no high winds;Dry;None;None;Urban;No - accident was reported using a self completion  form (self rep only);E01000178;1;1;Driver or rider;Male;41;7;Slight;Not a Pedestrian;Not a Pedestrian;Not car passenger;Not a bus or coach passenger;No / Not applicable;1;Cyclist;Less deprived 40-50%;1;Pedal cycle;Data missing or out of range;Data missing or out of range;Data missing or out of range;Data missing or out of range;Data missing or out of range;Data missing or out of range;Data missing or out of range;Data missing or out of range;Data missing or out of range;1;Commuting to/from work;Male;41;36 - 45;-1;-1;-1;6;Urban area;6
2019010156390;526911;190001;-0.169206;51.594572;Metropolitan Police;Slight;2;1;08/01/2019;Tuesday;08:55;Barnet;Barnet;A;1000;One way street;20 MPH;T or staggered junction;Give way or uncontrolled;A;1000;None within 50 metres ;Zebra;Daylight;Fine no high winds;Dry;None;None;Urban;No - accident was reported using a self completion  form (self rep only);E01000178;1;1;Driver or rider;Male;41;7;Slight;Not a Pedestrian;Not a Pedestrian;Not car passenger;Not a bus or coach passenger;No / Not applicable;1;Cyclist;Less deprived 40-50%;2;Car;No tow/articulation;Data missing or out of range;Data missing or out of range;Data missing or out of range;Data missing or out of range;Data missing or out of range;Data missing or out of range;Data missing or out of range;Front;-1;Not known;Not known;-1;Data missing or out of range;-1;-1;-1;4;Urban area;4
2019010156394;542795;182755;0.057016;51.525662;Metropolitan Police;Slight;1;1;08/01/2019;Tuesday;18:15;Newham;Newham;Unclassified;0;Single carriageway;30 MPH;T or staggered junction;Give way or uncontrolled;A;117;None within 50 metres ;No physical crossing facilities within 50 metres;Darkness - lights lit;Fine no high winds;Dry;None;None;Urban;Yes;E01003542;1;1;Pedestrian;Female;13;3;Slight;In carriageway, crossing elsewhere;Crossing from driver's offside;Not car passenger;Not a bus or coach passenger;No / Not applicable;0;Cyclist;More deprived 10-20%;1;Car;No tow/articulation;Turning left;On main c'way - not in restricted lane;Leaving main road;None;None;Did not leave carriageway;None;Front;1;Not known;Male;34;26 - 35;-1;-1;-1;2;Urban area;2
2019010156397;546434;187864;0.111559;51.570637;Metropolitan Police;Slight;3;1;08/01/2019;Tuesday;14:30;Redbridge;Redbridge;B;177;Single carriageway;30 MPH;Crossroads;Data missing or out of range;Unclassified;0;None within 50 metres ;Pedestrian phase at traffic signal junction;Daylight;Fine no high winds;Dry;None;None;Urban;No - accident was reported using a self completion  form (self rep only);E01003773;1;1;Driver or rider;Male;24;5;Slight;Not a Pedestrian;Not a Pedestrian;Not car passenger;Not a bus or coach passenger;No / Not applicable;1;Cyclist;More deprived 40-50%;1;Pedal cycle;Data missing or out of range;Data missing or out of range;Data missing or out of range;Data missing or out of range;Data missing or out of range;Data missing or out of range;Data missing or out of range;Data missing or out of range;Data missing or out of range;1;Commuting to/from work;Male;24;21 - 25;-1;-1;-1;5;Urban area;5
2019010156397;546434;187864;0.111559;51.570637;Metropolitan Police;Slight;3;1;08/01/2019;Tuesday;14:30;Redbridge;Redbridge;B;177;Single carriageway;30 MPH;Crossroads;Data missing or out of range;Unclassified;0;None within 50 metres ;Pedestrian phase at traffic signal junction;Daylight;Fine no high winds;Dry;None;None;Urban;No - accident was reported using a self completion  form (self rep only);E01003773;1;1;Driver or rider;Male;24;5;Slight;Not a Pedestrian;Not a Pedestrian;Not car passenger;Not a bus or coach passenger;No / Not applicable;1;Cyclist;More deprived 40-50%;2;Car;No tow/articulation;Data missing or out of range;Data missing or out of range;Data missing or out of range;Data missing or out of range;Data missing or out of range;Data missing or out of range;Data missing or out of range;Front;-1;Not known;Not known;-1;Data missing or out of range;-1;-1;-1;-1;Data missing or out of range;-1
2019010156397;546434;187864;0.111559;51.570637;Metropolitan Police;Slight;3;1;08/01/2019;Tuesday;14:30;Redbridge;Redbridge;B;177;Single carriageway;30 MPH;Crossroads;Data missing or out of range;Unclassified;0;None within 50 metres ;Pedestrian phase at traffic signal junction;Daylight;Fine no high winds;Dry;None;None;Urban;No - accident was reported using a self completion  form (self rep only);E01003773;1;1;Driver or rider;Male;24;5;Slight;Not a Pedestrian;Not a Pedestrian;Not car passenger;Not a bus or coach passenger;No / Not applicable;1;Cyclist;More deprived 40-50%;3;Car;No tow/articulation;Data missing or out of range;Data missing or out of range;Data missing or out of range;Data missing or out of range;Data missing or out of range;Data missing or out of range;Data missing or out of range;Did not impact;-1;Not known;Not known;-1;Data missing or out of range;-1;-1;-1;-1;Data missing or out of range;-1
2019010156398;526578;182877;-0.176574;51.530624;Metropolitan Police;Serious;2;1;08/01/2019;Tuesday;13:40;Westminster;Westminster;B;507;Single carriageway;20 MPH;Crossroads;Auto traffic signal;C;0;Data missing or out of range;Pedestrian phase at traffic signal junction;Daylight;Fine no high winds;Dry;None;None;Urban;No - accident was reported using a self completion  form (self rep only);E01004726;1;1;Driver or rider;Male;20;4;Serious;Not a Pedestrian;Not a Pedestrian;Not car passenger;Not a bus or coach passenger;No / Not applicable;1;Cyclist;Less deprived 20-30%;1;Pedal cycle;Data missing or out of range;Data missing or out of range;Data missing or out of range;Data missing or out of range;Data missing or out of range;Data missing or out of range;Data missing or out of range;Data missing or out of range;Front;1;Commuting to/from work;Male;20;16 - 20;-1;-1;-1;8;Urban area;8
2019010156398;526578;182877;-0.176574;51.530624;Metropolitan Police;Serious;2;1;08/01/2019;Tuesday;13:40;Westminster;Westminster;B;507;Single carriageway;20 MPH;Crossroads;Auto traffic signal;C;0;Data missing or out of range;Pedestrian phase at traffic signal junction;Daylight;Fine no high winds;Dry;None;None;Urban;No - accident was reported using a self completion  form (self rep only);E01004726;1;1;Driver or rider;Male;20;4;Serious;Not a Pedestrian;Not a Pedestrian;Not car passenger;Not a bus or coach passenger;No / Not applicable;1;Cyclist;Less deprived 20-30%;2;Car;No tow/articulation;Data missing or out of range;Data missing or out of range;Data missing or out of range;Data missing or out of range;Data missing or out of range;Data missing or out of range;Data missing or out of range;Data missing or out of range;-1;Not known;Not known;-1;Data missing or out of range;-1;-1;-1;2;Urban area;2
2019010156400;530261;178973;-0.124949;51.494703;Metropolitan Police;Slight;2;1;08/01/2019;Tuesday;20:00;Westminster;Westminster;A;3212;Roundabout;30 MPH;Roundabout;Give way or uncontrolled;A;3203;None within 50 metres ;Zebra;Darkness - lights lit;Fine no high winds;Dry;None;None;Urban;Yes;E01004745;1;1;Driver or rider;Male;29;6;Slight;Not a Pedestrian;Not a Pedestrian;Not car passenger;Not a bus or coach passenger;No / Not applicable;3;Cyclist;Most deprived 10%;1;Motorcycle 125cc and under;No tow/articulation;Waiting to go - held up;On main c'way - not in restricted lane;Entering roundabout;None;None;Did not leave carriageway;None;Back;1;Journey as part of work;Male;29;26 - 35;-1;-1;-1;1;Urban area;1
2019010156400;530261;178973;-0.124949;51.494703;Metropolitan Police;Slight;2;1;08/01/2019;Tuesday;20:00;Westminster;Westminster;A;3212;Roundabout;30 MPH;Roundabout;Give way or uncontrolled;A;3203;None within 50 metres ;Zebra;Darkness - lights lit;Fine no high winds;Dry;None;None;Urban;Yes;E01004745;1;1;Driver or rider;Male;29;6;Slight;Not a Pedestrian;Not a Pedestrian;Not car passenger;Not a bus or coach passenger;No / Not applicable;3;Cyclist;Most deprived 10%;2;Car;No tow/articulation;Moving off;On main c'way - not in restricted lane;Entering roundabout;None;None;Did not leave carriageway;None;Front;1;Not known;Male;73;66 - 75;-1;-1;-1;-1;Data missing or out of range;-1
2019010156401;520741;177944;-0.262369;51.487566;Metropolitan Police;Slight;3;1;08/01/2019;Tuesday;19:30;Hounslow;Hounslow;A;4;Dual carriageway;40 MPH;Not at junction or within 20 metres;Data missing or out of range;-1;0;None within 50 metres ;No physical crossing facilities within 50 metres;Darkness - lights lit;Fine no high winds;Dry;None;None;Urban;Yes;E01002577;2;1;Driver or rider;Male;51;8;Slight;Not a Pedestrian;Not a Pedestrian;Not car passenger;Not a bus or coach passenger;No / Not applicable;3;Cyclist;More deprived 20-30%;1;Car;No tow/articulation;Overtaking - nearside;On main c'way - not in restricted lane;Not at or within 20 metres of junction;None;None;Did not leave carriageway;None;Nearside;1;Journey as part of work;Male;50;46 - 55;-1;-1;-1;1;Urban area;1
2019010156401;520741;177944;-0.262369;51.487566;Metropolitan Police;Slight;3;1;08/01/2019;Tuesday;19:30;Hounslow;Hounslow;A;4;Dual carriageway;40 MPH;Not at junction or within 20 metres;Data missing or out of range;-1;0;None within 50 metres ;No physical crossing facilities within 50 metres;Darkness - lights lit;Fine no high winds;Dry;None;None;Urban;Yes;E01002577;2;1;Driver or rider;Male;51;8;Slight;Not a Pedestrian;Not a Pedestrian;Not car passenger;Not a bus or coach passenger;No / Not applicable;3;Cyclist;More deprived 20-30%;2;Motorcycle 125cc and under;No tow/articulation;Changing lane to right;On main c'way - not in restricted lane;Not at or within 20 metres of junction;None;None;Did not leave carriageway;None;Offside;1;Journey as part of work;Male;51;46 - 55;-1;-1;-1;3;Urban area;3
2019010156401;520741;177944;-0.262369;51.487566;Metropolitan Police;Slight;3;1;08/01/2019;Tuesday;19:30;Hounslow;Hounslow;A;4;Dual carriageway;40 MPH;Not at junction or within 20 metres;Data missing or out of range;-1;0;None within 50 metres ;No physical crossing facilities within 50 metres;Darkness - lights lit;Fine no high winds;Dry;None;None;Urban;Yes;E01002577;2;1;Driver or rider;Male;51;8;Slight;Not a Pedestrian;Not a Pedestrian;Not car passenger;Not a bus or coach passenger;No / Not applicable;3;Cyclist;More deprived 20-30%;3;Car;No tow/articulation;Going ahead other;On main c'way - not in restricted lane;Not at or within 20 metres of junction;None;None;Did not leave carriageway;None;Back;1;Journey as part of work;Male;42;36 - 45;-1;-1;-1;-1;Data missing or out of range;-1
2019010156405;540509;166201;0.017517;51.377481;Metropolitan Police;Slight;2;1;07/01/2019;Monday;16:14;Bromley;Bromley;B;251;Roundabout;30 MPH;Roundabout;Give way or uncontrolled;B;265;Data missing or out of range;Data missing or out of range;Darkness - lights lit;Fine no high winds;Dry;None;Other object on road;Urban;No - accident was reported using a self completion  form (self rep only);E01000765;1;1;Driver or rider;Male;47;8;Slight;Not a Pedestrian;Not a Pedestrian;Not car passenger;Not a bus or coach passenger;No / Not applicable;1;Motorcycle 125cc and under rider or passenger;Less deprived 30-40%;1;Pedal cycle;Data missing or out of range;Data missing or out of range;Data missing or out of range;Data missing or out of range;Data missing or out of range;Data missing or out of range;Data missing or out of range;Data missing or out of range;Front;1;Commuting to/from work;Male;47;46 - 55;-1;-1;-1;7;Rural;7
2019010156405;540509;166201;0.017517;51.377481;Metropolitan Police;Slight;2;1;07/01/2019;Monday;16:14;Bromley;Bromley;B;251;Roundabout;30 MPH;Roundabout;Give way or uncontrolled;B;265;Data missing or out of range;Data missing or out of range;Darkness - lights lit;Fine no high winds;Dry;None;Other object on road;Urban;No - accident was reported using a self completion  form (self rep only);E01000765;1;1;Driver or rider;Male;47;8;Slight;Not a Pedestrian;Not a Pedestrian;Not car passenger;Not a bus or coach passenger;No / Not applicable;1;Motorcycle 125cc and under rider or passenger;Less deprived 30-40%;2;Car;No tow/articulation;Turning right;On main c'way - not in restricted lane;Entering roundabout;None;None;Did not leave carriageway;None;Front;1;Not known;Male;68;66 - 75;-1;-1;-1;-1;Data missing or out of range;-1
2019010156406;547477;185306;0.125526;51.547381;Metropolitan Police;Serious;2;1;08/01/2019;Tuesday;20:30;Barking and Dagenham;Barking and Dagenham;A;1153;Single carriageway;20 MPH;T or staggered junction;Give way or uncontrolled;Unclassified;0;None within 50 metres ;No physical crossing facilities within 50 metres;Darkness - lights lit;Fine no high winds;Dry;None;None;Urban;Yes;E01000077;2;1;Pedestrian;Male;30;6;Serious;On footway or verge;Unknown or other;Not car passenger;Not a bus or coach passenger;No / Not applicable;0;-1;Data missing or out of range;1;Car;No tow/articulation;Going ahead other;On main c'way - not in restricted lane;Leaving main road;None;None;Did not leave carriageway;None;Did not impact;1;Journey as part of work;Male;36;36 - 45;-1;-1;-1;2;Urban area;2
2019010156406;547477;185306;0.125526;51.547381;Metropolitan Police;Serious;2;1;08/01/2019;Tuesday;20:30;Barking and Dagenham;Barking and Dagenham;A;1153;Single carriageway;20 MPH;T or staggered junction;Give way or uncontrolled;Unclassified;0;None within 50 metres ;No physical crossing facilities within 50 metres;Darkness - lights lit;Fine no high winds;Dry;None;None;Urban;Yes;E01000077;2;1;Pedestrian;Male;30;6;Serious;On footway or verge;Unknown or other;Not car passenger;Not a bus or coach passenger;No / Not applicable;0;-1;Data missing or out of range;2;Car;No tow/articulation;Going ahead left-hand bend;On main c'way - not in restricted lane;Leaving main road;None;None;Did not leave carriageway;None;Front;1;Not known;Not known;-1;Data missing or out of range;-1;-1;-1;-1;Data missing or out of range;-1
2019010156411;535259;181996;-0.051836;51.520696;Metropolitan Police;Slight;2;3;08/01/2019;Tuesday;04:00;Tower Hamlets;Tower Hamlets;A;11;Single carriageway;20 MPH;Data missing or out of range;Data missing or out of range;C;0;Data missing or out of range;Pedestrian phase at traffic signal junction;Daylight;Fine no high winds;Dry;None;None;Urban;No - accident was reported using a self completion  form (self rep only);E01004208;1;1;Driver or rider;Male;48;8;Slight;Not a Pedestrian;Not a Pedestrian;Not car passenger;Not a bus or coach passenger;No / Not applicable;9;Cyclist;Most deprived 10%;1;Car;No tow/articulation;Data missing or out of range;Data missing or out of range;Data missing or out of range;Data missing or out of range;Data missing or out of range;Data missing or out of range;Data missing or out of range;Data missing or out of range;-1;Not known;Male;48;46 - 55;-1;-1;-1;1;Urban area;1
2019010156411;535259;181996;-0.051836;51.520696;Metropolitan Police;Slight;2;3;08/01/2019;Tuesday;04:00;Tower Hamlets;Tower Hamlets;A;11;Single carriageway;20 MPH;Data missing or out of range;Data missing or out of range;C;0;Data missing or out of range;Pedestrian phase at traffic signal junction;Daylight;Fine no high winds;Dry;None;None;Urban;No - accident was reported using a self completion  form (self rep only);E01004208;1;1;Driver or rider;Male;48;8;Slight;Not a Pedestrian;Not a Pedestrian;Not car passenger;Not a bus or coach passenger;No / Not applicable;9;Cyclist;Most deprived 10%;2;Goods vehicle - unknown weight;Data missing or out of range;Going ahead other;Data missing or out of range;Data missing or out of range;Data missing or out of range;Data missing or out of range;Data missing or out of range;Data missing or out of range;Data missing or out of range;-1;Not known;Not known;-1;Data missing or out of range;-1;-1;-1;-1;Data missing or out of range;-1
2019010156411;535259;181996;-0.051836;51.520696;Metropolitan Police;Slight;2;3;08/01/2019;Tuesday;04:00;Tower Hamlets;Tower Hamlets;A;11;Single carriageway;20 MPH;Data missing or out of range;Data missing or out of range;C;0;Data missing or out of range;Pedestrian phase at traffic signal junction;Daylight;Fine no high winds;Dry;None;None;Urban;No - accident was reported using a self completion  form (self rep only);E01004208;1;2;Passenger;Male;Data missing or out of range;-1;Slight;Not a Pedestrian;Not a Pedestrian;Front seat passenger;Not a bus or coach passenger;No / Not applicable;9;-1;Data missing or out of range;1;Car;No tow/articulation;Data missing or out of range;Data missing or out of range;Data missing or out of range;Data missing or out of range;Data missing or out of range;Data missing or out of range;Data missing or out of range;Data missing or out of range;-1;Not known;Male;48;46 - 55;-1;-1;-1;1;Urban area;1
2019010156411;535259;181996;-0.051836;51.520696;Metropolitan Police;Slight;2;3;08/01/2019;Tuesday;04:00;Tower Hamlets;Tower Hamlets;A;11;Single carriageway;20 MPH;Data missing or out of range;Data missing or out of range;C;0;Data missing or out of range;Pedestrian phase at traffic signal junction;Daylight;Fine no high winds;Dry;None;None;Urban;No - accident was reported using a self completion  form (self rep only);E01004208;1;2;Passenger;Male;Data missing or out of range;-1;Slight;Not a Pedestrian;Not a Pedestrian;Front seat passenger;Not a bus or coach passenger;No / Not applicable;9;-1;Data missing or out of range;2;Goods vehicle - unknown weight;Data missing or out of range;Going ahead other;Data missing or out of range;Data missing or out of range;Data missing or out of range;Data missing or out of range;Data missing or out of range;Data missing or out of range;Data missing or out of range;-1;Not known;Not known;-1;Data missing or out of range;-1;-1;-1;-1;Data missing or out of range;-1
2019010156411;535259;181996;-0.051836;51.520696;Metropolitan Police;Slight;2;3;08/01/2019;Tuesday;04:00;Tower Hamlets;Tower Hamlets;A;11;Single carriageway;20 MPH;Data missing or out of range;Data missing or out of range;C;0;Data missing or out of range;Pedestrian phase at traffic signal junction;Daylight;Fine no high winds;Dry;None;None;Urban;No - accident was reported using a self completion  form (self rep only);E01004208;1;3;Passenger;Male;Data missing or out of range;-1;Slight;Not a Pedestrian;Not a Pedestrian;Rear seat passenger;Not a bus or coach passenger;No / Not applicable;9;-1;Data missing or out of range;1;Car;No tow/articulation;Data missing or out of range;Data missing or out of range;Data missing or out of range;Data missing or out of range;Data missing or out of range;Data missing or out of range;Data missing or out of range;Data missing or out of range;-1;Not known;Male;48;46 - 55;-1;-1;-1;1;Urban area;1
2019010156411;535259;181996;-0.051836;51.520696;Metropolitan Police;Slight;2;3;08/01/2019;Tuesday;04:00;Tower Hamlets;Tower Hamlets;A;11;Single carriageway;20 MPH;Data missing or out of range;Data missing or out of range;C;0;Data missing or out of range;Pedestrian phase at traffic signal junction;Daylight;Fine no high winds;Dry;None;None;Urban;No - accident was reported using a self completion  form (self rep only);E01004208;1;3;Passenger;Male;Data missing or out of range;-1;Slight;Not a Pedestrian;Not a Pedestrian;Rear seat passenger;Not a bus or coach passenger;No / Not applicable;9;-1;Data missing or out of range;2;Goods vehicle - unknown weight;Data missing or out of range;Going ahead other;Data missing or out of range;Data missing or out of range;Data missing or out of range;Data missing or out of range;Data missing or out of range;Data missing or out of range;Data missing or out of range;-1;Not known;Not known;-1;Data missing or out of range;-1;-1;-1;-1;Data missing or out of range;-1