Accident_Index;Location_Easting_OSGR;Location_Northing_OSGR;Longitude;Latitude;Police_Force;Accident_Severity;Number_of_Vehicles;Number_of_Casualties;Date;Day_of_Week;Time;Local_Authority_(District);Local_Authority_(Highway);1st_Road_Class;1st_Road_Number;Road_Type;Speed_limit;Junction_Detail;Junction_Control;2nd_Road_Class;2nd_Road_Number;Pedestrian_Crossing-Human_Control;Pedestrian_Crossing-Physical_Facilities;Light_Conditions;Weather_Conditions;Road_Surface_Conditions;Special_Conditions_at_Site;Carriageway_Hazards;Urban_or_Rural_Area;Did_Police_Officer_Attend_Scene_of_Accident;LSOA_of_Accident_Location;Vehicle_Reference_x;Casualty_Reference;Casualty_Class;Sex_of_Casualty;Age_of_Casualty;Age_Band_of_Casualty;Casualty_Severity;Pedestrian_Location;Pedestrian_Movement;Car_Passenger;Bus_or_Coach_Passenger;Pedestrian_Road_Maintenance_Worker;Casualty_Type;Casualty_Home_Area_Type;Casualty_IMD_Decile;Vehicle_Reference_y;Vehicle_Type;Towing_and_Articulation;Vehicle_Manoeuvre;Vehicle_Location-Restricted_Lane;Junction_Location;Skidding_and_Overturning;Hit_Object_in_Carriageway;Vehicle_Leaving_Carriageway;Hit_Object_off_Carriageway;1st_Point_of_Impact;Was_Vehicle_Left_Hand_Drive?;Journey_Purpose_of_Driver;Sex_of_Driver;Age_of_Driver;Age_Band_of_Driver;Engine_Capacity_(CC);Propulsion_Code;Age_of_Vehicle;Driver_IMD_Decile;Driver_Home_Area_Type;Vehicle_IMD_Decile
2019010156578;532629;194587;-0.084971;51.634467;Metropolitan Police;Slight;4;4;09/01/2019;Wednesday;17:15;Enfield;Enfield;Unclassified;0;Single carriageway;30 MPH;Crossroads;Give way or uncontrolled;Unclassified;0;None within 50 metres ;No physical crossing facilities within 50 metres;Darkness - lights lit;Fine no high winds;Dry;None;None;Urban;Yes;E01001402;2;3;Passenger;Female;9;2;Slight;Not a Pedestrian;Not a Pedestrian;Rear seat passenger;Not a bus or coach passenger;No / Not applicable;9;Cyclist;Less deprived 20-30%;3;Car;No tow/articulation;Parked;On main c'way - not in restricted lane;Approaching junction or waiting/parked at junction approach;None;Parked vehicle;Did not leave carriageway;None;Back;1;Not known;Not known;-1;Data missing or out of range;-1;-1;-1;-1;Data missing or out of range;-1
2019010156578;532629;194587;-0.084971;51.634467;Metropolitan Police;Slight;4;4;09/01/2019;Wednesday;17:15;Enfield;Enfield;Unclassified;0;Single carriageway;30 MPH;Crossroads;Give way or uncontrolled;Unclassified;0;None within 50 metres ;No physical crossing facilities within 50 metres;Darkness - lights lit;Fine no high winds;Dry;None;None;Urban;Yes;E01001402;2;3;Passenger;Female;9;2;Slight;Not a Pedestrian;Not a Pedestrian;Rear seat passenger;Not a bus or coach passenger;No / Not applicable;9;Cyclist;Less deprived 20-30%;4;Car;No tow/articulation;Parked;On main c'way - not in restricted lane;Approaching junction or waiting/parked at junction approach;None;None;Did not leave carriageway;None;Front;1;Not known;Not known;-1;Data missing or out of range;-1;-1;-1;-1;Data missing or out of range;-1
2019010156578;532629;194587;-0.084971;51.634467;Metropolitan Police;Slight;4;4;09/01/2019;Wednesday;17:15;Enfield;Enfield;Unclassified;0;Single carriageway;30 MPH;Crossroads;Give way or uncontrolled;Unclassified;0;None within 50 metres ;No physical crossing facilities within 50 metres;Darkness - lights lit;Fine no high winds;Dry;None;None;Urban;Yes;E01001402;2;4;Passenger;Female;6;2;Slight;Not a Pedestrian;Not a Pedestrian;Rear seat passenger;Not a bus or coach passenger;No / Not applicable;9;Cyclist;Less deprived 20-30%;1;Car;No tow/articulation;Going ahead other;Footway (pavement);Mid Junction - on roundabout or on main road;None;None;Offside;None;Front;1;Not known;Female;21;21 - 25;-1;-1;-1;3;Urban area;3
2019010156578;532629;194587;-0.084971;51.634467;Metropolitan Police;Slight;4;4;09/01/2019;Wednesday;17:15;Enfield;Enfield;Unclassified;0;Single carriageway;30 MPH;Crossroads;Give way or uncontrolled;Unclassified;0;None within 50 metres ;No physical crossing facilities within 50 metres;Darkness - lights lit;Fine no high winds;Dry;None;None;Urban;Yes;E01001402;2;4;Passenger;Female;6;2;Slight;Not a Pedestrian;Not a Pedestrian;Rear seat passenger;Not a bus or coach passenger;No / Not applicable;9;Cyclist;Less deprived 20-30%;2;Car;No tow/articulation;Going ahead other;On main c'way - not in restricted lane;Mid Junction - on roundabout or on main road;None;Parked vehicle;Did not leave carriageway;None;Offside;1;Not known;Female;38;36 - 45;-1;-1;-1;8;Urban area;8
2019010156578;532629;194587;-0.084971;51.634467;Metropolitan Police;Slight;4;4;09/01/2019;Wednesday;17:15;Enfield;Enfield;Unclassified;0;Single carriageway;30 MPH;Crossroads;Give way or uncontrolled;Unclassified;0;None within 50 metres ;No physical crossing facilities within 50 metres;Darkness - lights lit;Fine no high winds;Dry;None;None;Urban;Yes;E01001402;2;4;Passenger;Female;6;2;Slight;Not a Pedestrian;Not a Pedestrian;Rear seat passenger;Not a bus or coach passenger;No / Not applicable;9;Cyclist;Less deprived 20-30%;3;Car;No tow/articulation;Parked;On main c'way - not in restricted lane;Approaching junction or waiting/parked at junction approach;None;Parked vehicle;Did not leave carriageway;None;Back;1;Not known;Not known;-1;Data missing or out of range;-1;-1;-1;-1;Data missing or out of range;-1
2019010156578;532629;194587;-0.084971;51.634467;Metropolitan Police;Slight;4;4;09/01/2019;Wednesday;17:15;Enfield;Enfield;Unclassified;0;Single carriageway;30 MPH;Crossroads;Give way or uncontrolled;Unclassified;0;None within 50 metres ;No physical crossing facilities within 50 metres;Darkness - lights lit;Fine no high winds;Dry;None;None;Urban;Yes;E01001402;2;4;Passenger;Female;6;2;Slight;Not a Pedestrian;Not a Pedestrian;Rear seat passenger;Not a bus or coach passenger;No / Not applicable;9;Cyclist;Less deprived 20-30%;4;Car;No tow/articulation;Parked;On main c'way - not in restricted lane;Approaching junction or waiting/parked at junction approach;None;None;Did not leave carriageway;None;Front;1;Not known;Not known;-1;Data missing or out of range;-1;-1;-1;-1;Data missing or out of range;-1
2019010156581;531164;182364;-0.110688;51.524968;Metropolitan Police;Slight;2;1;08/01/2019;Tuesday;19:30;Islington;Islington;A;401;Single carriageway;30 MPH;T or staggered junction;Data missing or out of range;A;201;None within 50 metres ;Pedestrian phase at traffic signal junction;Darkness - lighting unknown;Fine no high winds;Dry;None;None;Urban;No - accident was reported using a self completion  form (self rep only);E01002726;1;1;Driver or rider;Female;33;6;Slight;Not a Pedestrian;Not a Pedestrian;Not car passenger;Not a bus or coach passenger;No / Not applicable;9;Cyclist;More deprived 30-40%;1;Car;No tow/articulation;Data missing or out of range;Data missing or out of range;Data missing or out of range;Data missing or out of range;Data missing or out of range;Data missing or out of range;Data missing or out of range;Back;-1;Not known;Female;33;26 - 35;-1;-1;-1;4;Urban area;4
2019010156581;531164;182364;-0.110688;51.524968;Metropolitan Police;Slight;2;1;08/01/2019;Tuesday;19:30;Islington;Islington;A;401;Single carriageway;30 MPH;T or staggered junction;Data missing or out of range;A;201;None within 50 metres ;Pedestrian phase at traffic signal junction;Darkness - lighting unknown;Fine no high winds;Dry;None;None;Urban;No - accident was reported using a self completion  form (self rep only);E01002726;1;1;Driver or rider;Female;33;6;Slight;Not a Pedestrian;Not a Pedestrian;Not car passenger;Not a bus or coach passenger;No / Not applicable;9;Cyclist;More deprived 30-40%;2;Car;No tow/articulation;Data missing or out of range;Data missing or out of range;Data missing or out of range;Data missing or out of range;Data missing or out of range;Data missing or out of range;Data missing or out of range;Front;-1;Not known;Not known;-1;Data missing or out of range;-1;-1;-1;-1;Data missing or out of range;-1
2019010156583;530937;180984;-0.114471;51.512619;Metropolitan Police;Slight;1;1;09/01/2019;Wednesday;18:20;Westminster;Westminster;A;4;Single carriageway;30 MPH;T or staggered junction;Auto traffic signal;A;4;None within 50 metres ;Pelican, puffin, toucan or similar non-junction pedestrian light crossing;Darkness - lights lit;Fine no high winds;Dry;None;None;Urban;Yes;E01004735;1;1;Pedestrian;Male;66;10;Slight;Crossing on pedestrian crossing facility;Crossing from driver's offside;Not car passenger;Not a bus or coach passenger;No / Not applicable;0;Cyclist;Less deprived 10-20%;1;Motorcycle over 125cc and up to 500cc;No tow/articulation;Going ahead other;On main c'way - not in restricted lane;Approaching junction or waiting/parked at junction approach;None;None;Did not leave carriageway;None;Front;1;Not known;Male;39;36 - 45;-1;-1;-1;-1;Data missing or out of range;-1
2019010156585;527868;179317;-0.159277;51.49834;Metropolitan Police;Slight;1;1;09/01/2019;Wednesday;15:10;Kensington and Chelsea;Kensington and Chelsea;A;3216;Dual carriageway;30 MPH;Not at junction or within 20 metres;Data missing or out of range;-1;0;None within 50 metres ;Zebra;Daylight;Fine no high winds;Dry;None;None;Urban;Yes;E01002818;1;1;Pedestrian;Male;22;5;Slight;Crossing in zig-zag exit lines;Crossing from driver's nearside;Not car passenger;Not a bus or coach passenger;No / Not applicable;0;-1;Data missing or out of range;1;Taxi/Private hire car;No tow/articulation;Going ahead other;On main c'way - not in restricted lane;Not at or within 20 metres of junction;None;None;Did not leave carriageway;None;Front;1;Journey as part of work;Male;53;46 - 55;-1;-1;-1;8;Urban area;8
2019010156587;530287;180476;-0.12402;51.508204;Metropolitan Police;Slight;1;1;08/01/2019;Tuesday;11:15;Westminster;Westminster;Unclassified;0;One way street;20 MPH;Not at junction or within 20 metres;Data missing or out of range;-1;0;None within 50 metres ;No physical crossing facilities within 50 metres;Daylight;Fine no high winds;Dry;None;None;Urban;No - accident was reported using a self completion  form (self rep only);E01004736;1;1;Pedestrian;Male;25;5;Slight;Unknown or other;Unknown or other;Not car passenger;Not a bus or coach passenger;No / Not applicable;0;Motorcycle 125cc and under rider or passenger;Less deprived 40-50%;1;Van / Goods 3.5 tonnes mgw or under;No tow/articulation;Going ahead other;Data missing or out of range;Data missing or out of range;Data missing or out of range;Data missing or out of range;Data missing or out of range;Data missing or out of range;Offside;-1;Not known;Male;37;36 - 45;-1;-1;-1;4;Urban area;4
2019010156589;539983;174252;0.013139;51.449958;Metropolitan Police;Serious;1;1;09/01/2019;Wednesday;14:17;Lewisham;Lewisham;A;2212;Single carriageway;20 MPH;T or staggered junction;Give way or uncontrolled;Unclassified;0;None within 50 metres ;No physical crossing facilities within 50 metres;Daylight;Fine no high winds;Dry;None;None;Urban;Yes;E01003285;1;1;Pedestrian;Female;83;11;Serious;In carriageway, crossing elsewhere;Crossing from driver's offside;Not car passenger;Not a bus or coach passenger;No / Not applicable;0;Cyclist;More deprived 40-50%;1;Car;No tow/articulation;Reversing;On main c'way - not in restricted lane;Approaching junction or waiting/parked at junction approach;None;None;Did not leave carriageway;None;Back;1;Journey as part of work;Male;48;46 - 55;-1;-1;-1;9;Urban area;9
2019010156591;510838;186008;-0.402404;51.562071;Metropolitan Police;Slight;2;1;09/01/2019;Wednesday;11:30;Hillingdon;Hillingdon;C;0;Single carriageway;30 MPH;Roundabout;Give way or uncontrolled;Unclassified;0;Data missing or out of range;Zebra;Daylight;Fine no high winds;Dry;None;None;Urban;No - accident was reported using a self completion  form (self rep only);E01002495;1;1;Driver or rider;Female;56;9;Slight;Not a Pedestrian;Not a Pedestrian;Not car passenger;Not a bus or coach passenger;No / Not applicable;9;Cyclist;Less deprived 20-30%;1;Car;No tow/articulation;Data missing or out of range;Data missing or out of range;Data missing or out of range;Data missing or out of range;Data missing or out of range;Data missing or out of range;Data missing or out of range;Back;-1;Not known;Female;56;56 - 65;-1;-1;-1;8;Urban area;8
2019010156591;510838;186008;-0.402404;51.562071;Metropolitan Police;Slight;2;1;09/01/2019;Wednesday;11:30;Hillingdon;Hillingdon;C;0;Single carriageway;30 MPH;Roundabout;Give way or uncontrolled;Unclassified;0;Data missing or out of range;Zebra;Daylight;Fine no high winds;Dry;None;None;Urban;No - accident was reported using a self completion  form (self rep only);E01002495;1;1;Driver or rider;Female;56;9;Slight;Not a Pedestrian;Not a Pedestrian;Not car passenger;Not a bus or coach passenger;No / Not applicable;9;Cyclist;Less deprived 20-30%;2;Van / Goods 3.5 tonnes mgw or under;No tow/articulation;Data missing or out of range;Data missing or out of range;Data missing or out of range;Data missing or out of range;Data missing or out of range;Data missing or out of range;Data missing or out of range;Front;-1;Not known;Not known;-1;Data missing or out of range;-1;-1;-1;8;Urban area;8
2019010156592;525786;170011;-0.192561;51.415171;Metropolitan Police;Slight;2;1;09/01/2019;Wednesday;17:30;Merton;Merton;A;219;Single carriageway;30 MPH;Data missing or out of range;Auto traffic signal;A;238;None within 50 metres ;Pedestrian phase at traffic signal junction;Darkness - lights lit;Raining no high winds;Data missing or out of range;None;None;Urban;No - accident was reported using a self completion  form (self rep only);E01003360;1;1;Driver or rider;Female;22;5;Slight;Not a Pedestrian;Not a Pedestrian;Not car passenger;Not a bus or coach passenger;No / Not applicable;9;Cyclist;Less deprived 10-20%;1;Car;No tow/articulation;Going ahead other;On main c'way - not in restricted lane;Mid Junction - on roundabout or on main road;None;None;Did not leave carriageway;None;Offside;-1;Not known;Female;22;21 - 25;-1;-1;-1;9;Urban area;9
2019010156592;525786;170011;-0.192561;51.415171;Metropolitan Police;Slight;2;1;09/01/2019;Wednesday;17:30;Merton;Merton;A;219;Single carriageway;30 MPH;Data missing or out of range;Auto traffic signal;A;238;None within 50 metres ;Pedestrian phase at traffic signal junction;Darkness - lights lit;Raining no high winds;Data missing or out of range;None;None;Urban;No - accident was reported using a self completion  form (self rep only);E01003360;1;1;Driver or rider;Female;22;5;Slight;Not a Pedestrian;Not a Pedestrian;Not car passenger;Not a bus or coach passenger;No / Not applicable;9;Cyclist;Less deprived 10-20%;2;Car;No tow/articulation;Data missing or out of range;On main c'way - not in restricted lane;Mid Junction - on roundabout or on main road;None;None;Did not leave carriageway;None;Nearside;-1;Not known;Not known;-1;Data missing or out of range;-1;-1;-1;-1;Data missing or out of range;-1
2019010156596;542630;179102;0.053163;51.492879;Metropolitan Police;Slight;2;1;09/01/2019;Wednesday;15:50;Greenwich;Greenwich;A;206;Dual carriageway;30 MPH;Not at junction or within 20 metres;Data missing or out of range;-1;0;None within 50 metres ;No physical crossing facilities within 50 metres;Daylight;Fine no high winds;Dry;None;None;Urban;Yes;E01001711;1;1;Driver or rider;Male;51;8;Slight;Not a Pedestrian;Not a Pedestrian;Not car passenger;Not a bus or coach passenger;No / Not applicable;4;-1;Data missing or out of range;1;Motorcycle over 125cc and up to 500cc;No tow/articulation;Going ahead other;On main c'way - not in restricted lane;Not at or within 20 metres of junction;None;None;Did not leave carriageway;None;Nearside;1;Not known;Male;51;46 - 55;-1;-1;-1;-1;Data missing or out of range;-1
2019010156596;542630;179102;0.053163;51.492879;Metropolitan Police;Slight;2;1;09/01/2019;Wednesday;15:50;Greenwich;Greenwich;A;206;Dual carriageway;30 MPH;Not at junction or within 20 metres;Data missing or out of range;-1;0;None within 50 metres ;No physical crossing facilities within 50 metres;Daylight;Fine no high winds;Dry;None;None;Urban;Yes;E01001711;1;1;Driver or rider;Male;51;8;Slight;Not a Pedestrian;Not a Pedestrian;Not car passenger;Not a bus or coach passenger;No / Not applicable;4;-1;Data missing or out of range;2;Car;No tow/articulation;U-turn;On main c'way - not in restricted lane;Not at or within 20 metres of junction;None;None;Did not leave carriageway;None;Offside;1;Not known;Female;51;46 - 55;-1;-1;-1;-1;Data missing or out of range;-1
2019010156597;547140;180465;0.11865;51.503971;Metropolitan Police;Slight;2;1;09/01/2019;Wednesday;14:30;Greenwich;Greenwich;A;2041;Roundabout;30 MPH;Roundabout;Give way or uncontrolled;Unclassified;0;None within 50 metres ;No physical crossing facilities within 50 metres;Daylight;Fine no high winds;Dry;None;None;Urban;Yes;E01001690;2;1;Driver or rider;Male;36;7;Slight;Not a Pedestrian;Not a Pedestrian;Not car passenger;Not a bus or coach passenger;No / Not applicable;1;-1;Data missing or out of range;1;Car;No tow/articulation;Turning right;On main c'way - not in restricted lane;Leaving roundabout;None;None;Did not leave carriageway;None;Front;1;Not known;Male;36;36 - 45;-1;-1;-1;2;Urban area;2
2019010156597;547140;180465;0.11865;51.503971;Metropolitan Police;Slight;2;1;09/01/2019;Wednesday;14:30;Greenwich;Greenwich;A;2041;Roundabout;30 MPH;Roundabout;Give way or uncontrolled;Unclassified;0;None within 50 metres ;No physical crossing facilities within 50 metres;Daylight;Fine no high winds;Dry;None;None;Urban;Yes;E01001690;2;1;Driver or rider;Male;36;7;Slight;Not a Pedestrian;Not a Pedestrian;Not car passenger;Not a bus or coach passenger;No / Not applicable;1;-1;Data missing or out of range;2;Pedal cycle;No tow/articulation;Turning left;On main c'way - not in restricted lane;Leaving roundabout;None;None;Did not leave carriageway;None;Front;1;Not known;Male;36;36 - 45;-1;-1;-1;-1;Data missing or out of range;-1
2019010156598;517029;192081;-0.311107;51.615403;Metropolitan Police;Serious;2;1;09/01/2019;Wednesday;14:55;Harrow;Harrow;Unclassified;0;Single carriageway;20 MPH;Private drive or entrance;Give way or uncontrolled;Unclassified;0;None within 50 metres ;No physical crossing facilities within 50 metres;Daylight;Fine no high winds;Dry;None;None;Urban;Yes;E01002229;1;1;Driver or rider;Male;20;4;Serious;Not a Pedestrian;Not a Pedestrian;Not car passenger;Not a bus or coach passenger;No / Not applicable;3;Cyclist;Less deprived 20-30%;1;Motorcycle 125cc and under;No tow/articulation;Going ahead other;On main c'way - not in restricted lane;Approaching junction or waiting/parked at junction approach;None;None;Did not leave carriageway;None;Front;1;Journey as part of work;Male;20;16 - 20;-1;-1;-1;8;Urban area;8
2019010156598;517029;192081;-0.311107;51.615403;Metropolitan Police;Serious;2;1;09/01/2019;Wednesday;14:55;Harrow;Harrow;Unclassified;0;Single carriageway;20 MPH;Private drive or entrance;Give way or uncontrolled;Unclassified;0;None within 50 metres ;No physical crossing facilities within 50 metres;Daylight;Fine no high winds;Dry;None;None;Urban;Yes;E01002229;1;1;Driver or rider;Male;20;4;Serious;Not a Pedestrian;Not a Pedestrian;Not car passenger;Not a bus or coach passenger;No / Not applicable;3;Cyclist;Less deprived 20-30%;2;Car;No tow/articulation;Reversing;On main c'way - not in restricted lane;Entering main road;None;None;Did not leave carriageway;None;Back;1;Not known;Female;49;46 - 55;-1;-1;-1;5;Urban area;5
2019010156599;543810;178486;0.069898;51.487045;Metropolitan Police;Slight;3;1;09/01/2019;Wednesday;18:40;Greenwich;Greenwich;C;0;Roundabout;30 MPH;Roundabout;Give way or uncontrolled;Unclassified;0;None within 50 metres ;No physical crossing facilities within 50 metres;Darkness - lights lit;Fine no high winds;Dry;None;None;Urban;Yes;E01001695;1;1;Driver or rider;Female;59;9;Slight;Not a Pedestrian;Not a Pedestrian;Not car passenger;Not a bus or coach passenger;No / Not applicable;9;Cyclist;More deprived 40-50%;1;Car;No tow/articulation;Going ahead other;On main c'way - not in restricted lane;Mid Junction - on roundabout or on main road;None;None;Did not leave carriageway;None;Offside;1;Not known;Female;59;56 - 65;-1;-1;-1;5;Urban area;5
2019010156599;543810;178486;0.069898;51.487045;Metropolitan Police;Slight;3;1;09/01/2019;Wednesday;18:40;Greenwich;Greenwich;C;0;Roundabout;30 MPH;Roundabout;Give way or uncontrolled;Unclassified;0;None within 50 metres ;No physical crossing facilities within 50 metres;Darkness - lights lit;Fine no high winds;Dry;None;None;Urban;Yes;E01001695;1;1;Driver or rider;Female;59;9;Slight;Not a Pedestrian;Not a Pedestrian;Not car passenger;Not a bus or coach passenger;No / Not applicable;9;Cyclist;More deprived 40-50%;2;Car;No tow/articulation;Going ahead other;On main c'way - not in restricted lane;Mid Junction - on roundabout or on main road;None;None;Did not leave carriageway;None;Offside;1;Not known;Male;57;56 - 65;-1;-1;-1;4;Urban area;4
2019010156599;543810;178486;0.069898;51.487045;Metropolitan Police;Slight;3;1;09/01/2019;Wednesday;18:40;Greenwich;Greenwich;C;0;Roundabout;30 MPH;Roundabout;Give way or uncontrolled;Unclassified;0;None within 50 metres ;No physical crossing facilities within 50 metres;Darkness - lights lit;Fine no high winds;Dry;None;None;Urban;Yes;E01001695;1;1;Driver or rider;Female;59;9;Slight;Not a Pedestrian;Not a Pedestrian;Not car passenger;Not a bus or coach passenger;No / Not applicable;9;Cyclist;More deprived 40-50%;3;Car;No tow/articulation;Turning left;On main c'way - not in restricted lane;Mid Junction - on roundabout or on main road;None;None;Did not leave carriageway;None;Front;1;Not known;Not known;-1;Data missing or out of range;-1;-1;-1;-1;Data missing or out of range;-1
2019010156601;528597;192763;-0.143867;51.619011;Metropolitan Police;Slight;2;1;09/01/2019;Wednesday;09:20;Barnet;Barnet;Unclassified;0;Single carriageway;30 MPH;T or staggered junction;Data missing or out of range;Unclassified;0;None within 50 metres ;No physical crossing facilities within 50 metres;Daylight;Fine no high winds;Dry;None;None;Urban;No - accident was reported using a self completion  form (self rep only);E01000124;1;1;Driver or rider;Male;39;7;Slight;Not a Pedestrian;Not a Pedestrian;Not car passenger;Not a bus or coach passenger;No / Not applicable;4;Cyclist;More deprived 30-40%;1;Motorcycle over 125cc and up to 500cc;No tow/articulation;Data missing or out of range;Data missing or out of range;Data missing or out of range;Data missing or out of range;Data missing or out of range;Data missing or out of range;Data missing or out of range;Front;1;Commuting to/from work;Male;39;36 - 45;-1;-1;-1;4;Urban area;4
2019010156601;528597;192763;-0.143867;51.619011;Metropolitan Police;Slight;2;1;09/01/2019;Wednesday;09:20;Barnet;Barnet;Unclassified;0;Single carriageway;30 MPH;T or staggered junction;Data missing or out of range;Unclassified;0;None within 50 metres ;No physical crossing facilities within 50 metres;Daylight;Fine no high winds;Dry;None;None;Urban;No - accident was reported using a self completion  form (self rep only);E01000124;1;1;Driver or rider;Male;39;7;Slight;Not a Pedestrian;Not a Pedestrian;Not car passenger;Not a bus or coach passenger;No / Not applicable;4;Cyclist;More deprived 30-40%;2;Car;Data missing or out of range;Data missing or out of range;Data missing or out of range;Data missing or out of range;Data missing or out of range;Data missing or out of range;Data missing or out of range;Data missing or out of range;Data missing or out of range;-1;Not known;Male;-1;Data missing or out of range;-1;-1;-1;2;Urban area;2
2019010156602;541679;168976;0.035422;51.402126;Metropolitan Police;Slight;1;1;09/01/2019;Wednesday;15:35;Bromley;Bromley;Unclassified;0;Single carriageway;30 MPH;Crossroads;Authorised person;Unclassified;0;Control by school crossing patrol;No physical crossing facilities within 50 metres;Daylight;Fine no high winds;Dry;None;None;Urban;No - accident was reported using a self completion  form (self rep only);E01000648;1;1;Pedestrian;Male;10;2;Slight;Unknown or other;Unknown or other;Not car passenger;Not a bus or coach passenger;No / Not applicable;0;-1;Data missing or out of range;1;Car;No tow/articulation;Going ahead other;Data missing or out of range;Data missing or out of range;Data missing or out of range;Data missing or out of range;Data missing or out of range;Data missing or out of range;Data missing or out of range;-1;Not known;Female;41;36 - 45;-1;-1;-1;8;Urban area;8
2019010156605;537708;175938;-0.018924;51.465665;Metropolitan Police;Slight;2;1;09/01/2019;Wednesday;17:45;Lewisham;Lewisham;A;20;Single carriageway;30 MPH;T or staggered junction;Give way or uncontrolled;A;20;Data missing or out of range;Pedestrian phase at traffic signal junction;Darkness - lighting unknown;Fine no high winds;Dry;None;None;Urban;No - accident was reported using a self completion  form (self rep only);E01003278;1;1;Driver or rider;Male;40;7;Slight;Not a Pedestrian;Not a Pedestrian;Not car passenger;Not a bus or coach passenger;No / Not applicable;1;Cyclist;More deprived 30-40%;1;Pedal cycle;Data missing or out of range;Going ahead other;Data missing or out of range;Data missing or out of range;Data missing or out of range;Data missing or out of range;Data missing or out of range;Data missing or out of range;Front;1;Commuting to/from work;Male;40;36 - 45;-1;-1;-1;4;Urban area;4
2019010156605;537708;175938;-0.018924;51.465665;Metropolitan Police;Slight;2;1;09/01/2019;Wednesday;17:45;Lewisham;Lewisham;A;20;Single carriageway;30 MPH;T or staggered junction;Give way or uncontrolled;A;20;Data missing or out of range;Pedestrian phase at traffic signal junction;Darkness - lighting unknown;Fine no high winds;Dry;None;None;Urban;No - accident was reported using a self completion  form (self rep only);E01003278;1;1;Driver or rider;Male;40;7;Slight;Not a Pedestrian;Not a Pedestrian;Not car passenger;Not a bus or coach passenger;No / Not applicable;1;Cyclist;More deprived 30-40%;2;Car;No tow/articulation;Data missing or out of range;Data missing or out of range;Data missing or out of range;Data missing or out of range;Data missing or out of range;Data missing or out of range;Data missing or out of range;Front;-1;Not known;Not known;-1;Data missing or out of range;-1;-1;-1;-1;Data missing or out of range;-1
2019010156606;545723;163541;0.091292;51.352267;Metropolitan Police;Slight;1;1;07/01/2019;Monday;10:45;Bromley;Bromley;Unclassified;0;Single carriageway;30 MPH;Not at junction or within 20 metres;Data missing or out of range;-1;0;None within 50 metres ;No physical crossing facilities within 50 metres;Daylight;Fine no high winds;Dry;None;None;Urban;Yes;E01000687;1;1;Driver or rider;Female;20;4;Slight;Not a Pedestrian;Not a Pedestrian;Not car passenger;Not a bus or coach passenger;No / Not applicable;9;Motorcycle 125cc and under rider or passenger;Less deprived 20-30%;1;Car;No tow/articulation;Going ahead right-hand bend;On main c'way - not in restricted lane;Not at or within 20 metres of junction;Skidded and overturned;Bollard or refuge;Did not leave carriageway;None;Offside;1;Not known;Female;20;16 - 20;-1;-1;-1;8;Rural;8
2019010156607;524544;178538;-0.207414;51.49208;Metropolitan Police;Serious;2;1;09/01/2019;Wednesday;17:10;Hammersmith and Fulham;Hammersmith and Fulham;B;317;Single carriageway;30 MPH;T or staggered junction;Give way or uncontrolled;Unclassified;0;None within 50 metres ;Zebra;Darkness - lights lit;Fine no high winds;Dry;None;None;Urban;Yes;E01001872;1;1;Driver or rider;Male;64;9;Serious;Not a Pedestrian;Not a Pedestrian;Not car passenger;Not a bus or coach passenger;No / Not applicable;3;Cyclist;More deprived 20-30%;1;Motorcycle 125cc and under;No tow/articulation;Going ahead other;On main c'way - not in restricted lane;Approaching junction or waiting/parked at junction approach;None;None;Did not leave carriageway;None;Front;1;Journey as part of work;Male;64;56 - 65;108;Petrol;5;3;Urban area;3
2019010156607;524544;178538;-0.207414;51.49208;Metropolitan Police;Serious;2;1;09/01/2019;Wednesday;17:10;Hammersmith and Fulham;Hammersmith and Fulham;B;317;Single carriageway;30 MPH;T or staggered junction;Give way or uncontrolled;Unclassified;0;None within 50 metres ;Zebra;Darkness - lights lit;Fine no high winds;Dry;None;None;Urban;Yes;E01001872;1;1;Driver or rider;Male;64;9;Serious;Not a Pedestrian;Not a Pedestrian;Not car passenger;Not a bus or coach passenger;No / Not applicable;3;Cyclist;More deprived 20-30%;2;Car;No tow/articulation;Turning right;On main c'way - not in restricted lane;Mid Junction - on roundabout or on main road;None;None;Did not leave carriageway;None;Front;1;Not known;Male;37;36 - 45;2987;Heavy oil;5;3;Urban area;3
2019010156610;547188;168386;0.114319;51.395423;Metropolitan Police;Slight;2;2;09/01/2019;Wednesday;19:35;Bromley;Bromley;Unclassified;0;Single carriageway;30 MPH;Not at junction or within 20 metres;Data missing or out of range;-1;0;None within 50 metres ;No physical crossing facilities within 50 metres;Darkness - lights lit;Other;Dry;None;None;Urban;Yes;E01000719;1;1;Driver or rider;Female;74;10;Slight;Not a Pedestrian;Not a Pedestrian;Not car passenger;Not a bus or coach passenger;No / Not applicable;9;Cyclist;More deprived 30-40%;1;Car;No tow/articulation;Going ahead other;On main c'way - not in restricted lane;Not at or within 20 metres of junction;None;None;Did not leave carriageway;None;Front;1;Not known;Female;74;66 - 75;-1;-1;-1;4;Urban area;4
2019010156610;547188;168386;0.114319;51.395423;Metropolitan Police;Slight;2;2;09/01/2019;Wednesday;19:35;Bromley;Bromley;Unclassified;0;Single carriageway;30 MPH;Not at junction or within 20 metres;Data missing or out of range;-1;0;None within 50 metres ;No physical crossing facilities within 50 metres;Darkness - lights lit;Other;Dry;None;None;Urban;Yes;E01000719;1;1;Driver or rider;Female;74;10;Slight;Not a Pedestrian;Not a Pedestrian;Not car passenger;Not a bus or coach passenger;No / Not applicable;9;Cyclist;More deprived 30-40%;2;Taxi/Private hire car;No tow/articulation;Going ahead other;On main c'way - not in restricted lane;Not at or within 20 metres of junction;None;None;Did not leave carriageway;None;Front;1;Not known;Male;42;36 - 45;-1;-1;-1;1;Urban area;1