Accident_Index;Location_Easting_OSGR;Location_Northing_OSGR;Longitude;Latitude;Police_Force;Accident_Severity;Number_of_Vehicles;Number_of_Casualties;Date;Day_of_Week;Time;Local_Authority_(District);Local_Authority_(Highway);1st_Road_Class;1st_Road_Number;Road_Type;Speed_limit;Junction_Detail;Junction_Control;2nd_Road_Class;2nd_Road_Number;Pedestrian_Crossing-Human_Control;Pedestrian_Crossing-Physical_Facilities;Light_Conditions;Weather_Conditions;Road_Surface_Conditions;Special_Conditions_at_Site;Carriageway_Hazards;Urban_or_Rural_Area;Did_Police_Officer_Attend_Scene_of_Accident;LSOA_of_Accident_Location;Vehicle_Reference_x;Casualty_Reference;Casualty_Class;Sex_of_Casualty;Age_of_Casualty;Age_Band_of_Casualty;Casualty_Severity;Pedestrian_Location;Pedestrian_Movement;Car_Passenger;Bus_or_Coach_Passenger;Pedestrian_Road_Maintenance_Worker;Casualty_Type;Casualty_Home_Area_Type;Casualty_IMD_Decile;Vehicle_Reference_y;Vehicle_Type;Towing_and_Articulation;Vehicle_Manoeuvre;Vehicle_Location-Restricted_Lane;Junction_Location;Skidding_and_Overturning;Hit_Object_in_Carriageway;Vehicle_Leaving_Carriageway;Hit_Object_off_Carriageway;1st_Point_of_Impact;Was_Vehicle_Left_Hand_Drive?;Journey_Purpose_of_Driver;Sex_of_Driver;Age_of_Driver;Age_Band_of_Driver;Engine_Capacity_(CC);Propulsion_Code;Age_of_Vehicle;Driver_IMD_Decile;Driver_Home_Area_Type;Vehicle_IMD_Decile
2019010156657;540189;192264;0.023266;51.611761;Metropolitan Police;Slight;2;1;10/01/2019;Thursday;08:22;Redbridge;Redbridge;A;104;Single carriageway;30 MPH;T or staggered junction;Give way or uncontrolled;Unclassified;0;None within 50 metres ;No physical crossing facilities within 50 metres;Daylight;Fine no high winds;Dry;None;None;Urban;Yes;E01003746;1;1;Driver or rider;Female;41;7;Slight;Not a Pedestrian;Not a Pedestrian;Not car passenger;Not a bus or coach passenger;No / Not applicable;4;Cyclist;Less deprived 30-40%;1;Motorcycle over 125cc and up to 500cc;No tow/articulation;Overtaking moving vehicle - offside;On main c'way - not in restricted lane;Mid Junction - on roundabout or on main road;Skidded;None;Did not leave carriageway;None;Nearside;1;Commuting to/from work;Female;41;36 - 45;-1;-1;-1;7;Urban area;7
2019010156657;540189;192264;0.023266;51.611761;Metropolitan Police;Slight;2;1;10/01/2019;Thursday;08:22;Redbridge;Redbridge;A;104;Single carriageway;30 MPH;T or staggered junction;Give way or uncontrolled;Unclassified;0;None within 50 metres ;No physical crossing facilities within 50 metres;Daylight;Fine no high winds;Dry;None;None;Urban;Yes;E01003746;1;1;Driver or rider;Female;41;7;Slight;Not a Pedestrian;Not a Pedestrian;Not car passenger;Not a bus or coach passenger;No / Not applicable;4;Cyclist;Less deprived 30-40%;2;Van / Goods 3.5 tonnes mgw or under;No tow/articulation;U-turn;On main c'way - not in restricted lane;Cleared junction or waiting/parked at junction exit;None;None;Did not leave carriageway;None;Offside;1;Journey as part of work;Female;48;46 - 55;-1;-1;-1;10;Urban area;10
2019010156659;538373;166544;-0.01302;51.381087;Metropolitan Police;Slight;2;1;10/01/2019;Thursday;07:30;Bromley;Bromley;C;0;Roundabout;30 MPH;Mini-roundabout;Give way or uncontrolled;Unclassified;0;None within 50 metres ;No physical crossing facilities within 50 metres;Daylight;Fine no high winds;Dry;None;None;Urban;Yes;E01000832;2;1;Driver or rider;Male;41;7;Slight;Not a Pedestrian;Not a Pedestrian;Not car passenger;Not a bus or coach passenger;No / Not applicable;1;Cyclist;Least deprived 10%;1;Car;No tow/articulation;Waiting to go - held up;On main c'way - not in restricted lane;Cleared junction or waiting/parked at junction exit;None;None;Did not leave carriageway;None;Nearside;1;Journey as part of work;Male;26;26 - 35;-1;-1;-1;6;Urban area;6
2019010156659;538373;166544;-0.01302;51.381087;Metropolitan Police;Slight;2;1;10/01/2019;Thursday;07:30;Bromley;Bromley;C;0;Roundabout;30 MPH;Mini-roundabout;Give way or uncontrolled;Unclassified;0;None within 50 metres ;No physical crossing facilities within 50 metres;Daylight;Fine no high winds;Dry;None;None;Urban;Yes;E01000832;2;1;Driver or rider;Male;41;7;Slight;Not a Pedestrian;Not a Pedestrian;Not car passenger;Not a bus or coach passenger;No / Not applicable;1;Cyclist;Least deprived 10%;2;Pedal cycle;No tow/articulation;Going ahead other;On main c'way - not in restricted lane;Approaching junction or waiting/parked at junction approach;None;None;Did not leave carriageway;None;Front;1;Journey as part of work;Male;41;36 - 45;-1;-1;-1;10;Urban area;10
2019010156661;550283;184909;0.165794;51.543075;Metropolitan Police;Slight;2;1;10/01/2019;Thursday;08:40;Barking and Dagenham;Barking and Dagenham;A;1112;Single carriageway;30 MPH;T or staggered junction;Give way or uncontrolled;Unclassified;0;None within 50 metres ;Zebra;Daylight;Fine no high winds;Dry;None;None;Urban;Yes;E01000108;2;1;Driver or rider;Male;52;8;Slight;Not a Pedestrian;Not a Pedestrian;Not car passenger;Not a bus or coach passenger;No / Not applicable;1;Cyclist;More deprived 40-50%;1;Car;No tow/articulation;Turning left;On main c'way - not in restricted lane;Leaving main road;None;None;Nearside;None;Nearside;2;Taking pupil to/from school;Female;44;36 - 45;-1;-1;-1;2;Urban area;2
2019010156661;550283;184909;0.165794;51.543075;Metropolitan Police;Slight;2;1;10/01/2019;Thursday;08:40;Barking and Dagenham;Barking and Dagenham;A;1112;Single carriageway;30 MPH;T or staggered junction;Give way or uncontrolled;Unclassified;0;None within 50 metres ;Zebra;Daylight;Fine no high winds;Dry;None;None;Urban;Yes;E01000108;2;1;Driver or rider;Male;52;8;Slight;Not a Pedestrian;Not a Pedestrian;Not car passenger;Not a bus or coach passenger;No / Not applicable;1;Cyclist;More deprived 40-50%;2;Pedal cycle;No tow/articulation;Waiting to go - held up;Cycle lane (on main carriageway);Approaching junction or waiting/parked at junction approach;None;None;Did not leave carriageway;None;Offside;1;Commuting to/from work;Male;52;46 - 55;-1;-1;-1;5;Urban area;5
2019010156663;536104;183039;-0.039262;51.529865;Metropolitan Police;Slight;2;1;10/01/2019;Thursday;07:30;Tower Hamlets;Tower Hamlets;A;1205;Single carriageway;20 MPH;T or staggered junction;Auto traffic signal;Unclassified;0;None within 50 metres ;Zebra;Darkness - lighting unknown;Fine no high winds;Dry;None;None;Urban;No - accident was reported using a self completion  form (self rep only);E01004230;1;1;Driver or rider;Male;32;6;Slight;Not a Pedestrian;Not a Pedestrian;Not car passenger;Not a bus or coach passenger;No / Not applicable;1;Cyclist;More deprived 10-20%;1;Pedal cycle;Data missing or out of range;Data missing or out of range;Data missing or out of range;Data missing or out of range;Data missing or out of range;Data missing or out of range;Data missing or out of range;Data missing or out of range;Front;1;Commuting to/from work;Male;32;26 - 35;-1;-1;-1;2;Urban area;2
2019010156663;536104;183039;-0.039262;51.529865;Metropolitan Police;Slight;2;1;10/01/2019;Thursday;07:30;Tower Hamlets;Tower Hamlets;A;1205;Single carriageway;20 MPH;T or staggered junction;Auto traffic signal;Unclassified;0;None within 50 metres ;Zebra;Darkness - lighting unknown;Fine no high winds;Dry;None;None;Urban;No - accident was reported using a self completion  form (self rep only);E01004230;1;1;Driver or rider;Male;32;6;Slight;Not a Pedestrian;Not a Pedestrian;Not car passenger;Not a bus or coach passenger;No / Not applicable;1;Cyclist;More deprived 10-20%;2;Car;No tow/articulation;Data missing or out of range;Data missing or out of range;Data missing or out of range;Data missing or out of range;Data missing or out of range;Data missing or out of range;Data missing or out of range;Data missing or out of range;-1;Not known;Not known;84;Over 75;-1;-1;-1;1;Urban area;1
2019010156670;527511;172546;-0.166857;51.437569;Metropolitan Police;Slight;1;1;10/01/2019;Thursday;08:33;Wandsworth;Wandsworth;Unclassified;0;Single carriageway;20 MPH;Not at junction or within 20 metres;Data missing or out of range;-1;0;None within 50 metres ;Data missing or out of range;Daylight;Fine no high winds;Dry;Data missing or out of range;Data missing or out of range;Urban;No - accident was reported using a self completion  form (self rep only);E01004549;1;1;Pedestrian;Male;15;3;Slight;In carriageway, crossing elsewhere;Crossing from driver's nearside;Not car passenger;Not a bus or coach passenger;No / Not applicable;0;Cyclist;More deprived 30-40%;1;Car;No tow/articulation;Data missing or out of range;Data missing or out of range;Not at or within 20 metres of junction;Data missing or out of range;Data missing or out of range;Data missing or out of range;Data missing or out of range;Back;-1;Not known;Not known;-1;Data missing or out of range;-1;-1;-1;-1;Data missing or out of range;-1
2019010156673;541942;191750;0.048358;51.606703;Metropolitan Police;Serious;2;3;10/01/2019;Thursday;08:27;Redbridge;Redbridge;Motorway;11;Dual carriageway;70 MPH;Not at junction or within 20 metres;Data missing or out of range;-1;0;None within 50 metres ;No physical crossing facilities within 50 metres;Daylight;Fine no high winds;Dry;None;None;Rural;Yes;E01003656;1;1;Driver or rider;Female;74;10;Slight;Not a Pedestrian;Not a Pedestrian;Not car passenger;Not a bus or coach passenger;No / Not applicable;9;Cyclist;Most deprived 10%;1;Car;No tow/articulation;Slowing or stopping;On main c'way - not in restricted lane;Not at or within 20 metres of junction;Skidded;None;Did not leave carriageway;None;Front;1;Not known;Female;74;66 - 75;-1;-1;-1;1;Urban area;1
2019010156673;541942;191750;0.048358;51.606703;Metropolitan Police;Serious;2;3;10/01/2019;Thursday;08:27;Redbridge;Redbridge;Motorway;11;Dual carriageway;70 MPH;Not at junction or within 20 metres;Data missing or out of range;-1;0;None within 50 metres ;No physical crossing facilities within 50 metres;Daylight;Fine no high winds;Dry;None;None;Rural;Yes;E01003656;1;1;Driver or rider;Female;74;10;Slight;Not a Pedestrian;Not a Pedestrian;Not car passenger;Not a bus or coach passenger;No / Not applicable;9;Cyclist;Most deprived 10%;2;Car;No tow/articulation;Slowing or stopping;On main c'way - not in restricted lane;Not at or within 20 metres of junction;None;None;Did not leave carriageway;None;Back;1;Not known;Male;25;21 - 25;-1;-1;-1;2;Urban area;2
2019010156673;541942;191750;0.048358;51.606703;Metropolitan Police;Serious;2;3;10/01/2019;Thursday;08:27;Redbridge;Redbridge;Motorway;11;Dual carriageway;70 MPH;Not at junction or within 20 metres;Data missing or out of range;-1;0;None within 50 metres ;No physical crossing facilities within 50 metres;Daylight;Fine no high winds;Dry;None;None;Rural;Yes;E01003656;1;2;Passenger;Male;49;8;Serious;Not a Pedestrian;Not a Pedestrian;Front seat passenger;Not a bus or coach passenger;No / Not applicable;9;Cyclist;Most deprived 10%;1;Car;No tow/articulation;Slowing or stopping;On main c'way - not in restricted lane;Not at or within 20 metres of junction;Skidded;None;Did not leave carriageway;None;Front;1;Not known;Female;74;66 - 75;-1;-1;-1;1;Urban area;1
2019010156673;541942;191750;0.048358;51.606703;Metropolitan Police;Serious;2;3;10/01/2019;Thursday;08:27;Redbridge;Redbridge;Motorway;11;Dual carriageway;70 MPH;Not at junction or within 20 metres;Data missing or out of range;-1;0;None within 50 metres ;No physical crossing facilities within 50 metres;Daylight;Fine no high winds;Dry;None;None;Rural;Yes;E01003656;1;2;Passenger;Male;49;8;Serious;Not a Pedestrian;Not a Pedestrian;Front seat passenger;Not a bus or coach passenger;No / Not applicable;9;Cyclist;Most deprived 10%;2;Car;No tow/articulation;Slowing or stopping;On main c'way - not in restricted lane;Not at or within 20 metres of junction;None;None;Did not leave carriageway;None;Back;1;Not known;Male;25;21 - 25;-1;-1;-1;2;Urban area;2
2019010156673;541942;191750;0.048358;51.606703;Metropolitan Police;Serious;2;3;10/01/2019;Thursday;08:27;Redbridge;Redbridge;Motorway;11;Dual carriageway;70 MPH;Not at junction or within 20 metres;Data missing or out of range;-1;0;None within 50 metres ;No physical crossing facilities within 50 metres;Daylight;Fine no high winds;Dry;None;None;Rural;Yes;E01003656;2;3;Driver or rider;Male;25;5;Slight;Not a Pedestrian;Not a Pedestrian;Not car passenger;Not a bus or coach passenger;No / Not applicable;9;Cyclist;More deprived 10-20%;1;Car;No tow/articulation;Slowing or stopping;On main c'way - not in restricted lane;Not at or within 20 metres of junction;Skidded;None;Did not leave carriageway;None;Front;1;Not known;Female;74;66 - 75;-1;-1;-1;1;Urban area;1
2019010156673;541942;191750;0.048358;51.606703;Metropolitan Police;Serious;2;3;10/01/2019;Thursday;08:27;Redbridge;Redbridge;Motorway;11;Dual carriageway;70 MPH;Not at junction or within 20 metres;Data missing or out of range;-1;0;None within 50 metres ;No physical crossing facilities within 50 metres;Daylight;Fine no high winds;Dry;None;None;Rural;Yes;E01003656;2;3;Driver or rider;Male;25;5;Slight;Not a Pedestrian;Not a Pedestrian;Not car passenger;Not a bus or coach passenger;No / Not applicable;9;Cyclist;More deprived 10-20%;2;Car;No tow/articulation;Slowing or stopping;On main c'way - not in restricted lane;Not at or within 20 metres of junction;None;None;Did not leave carriageway;None;Back;1;Not known;Male;25;21 - 25;-1;-1;-1;2;Urban area;2
2019010156674;528677;188032;-0.144446;51.576477;Metropolitan Police;Slight;2;1;10/01/2019;Thursday;08:22;Haringey;Haringey;A;1;Single carriageway;30 MPH;Crossroads;Auto traffic signal;C;0;None within 50 metres ;Pelican, puffin, toucan or similar non-junction pedestrian light crossing;Daylight;Fine no high winds;Dry;None;None;Urban;Yes;E01002007;1;1;Driver or rider;Female;33;6;Slight;Not a Pedestrian;Not a Pedestrian;Not car passenger;Not a bus or coach passenger;No / Not applicable;9;Cyclist;Less deprived 40-50%;1;Car;No tow/articulation;Moving off;On main c'way - not in restricted lane;Approaching junction or waiting/parked at junction approach;None;None;Did not leave carriageway;None;Back;1;Taking pupil to/from school;Female;33;26 - 35;-1;-1;-1;6;Urban area;6
2019010156674;528677;188032;-0.144446;51.576477;Metropolitan Police;Slight;2;1;10/01/2019;Thursday;08:22;Haringey;Haringey;A;1;Single carriageway;30 MPH;Crossroads;Auto traffic signal;C;0;None within 50 metres ;Pelican, puffin, toucan or similar non-junction pedestrian light crossing;Daylight;Fine no high winds;Dry;None;None;Urban;Yes;E01002007;1;1;Driver or rider;Female;33;6;Slight;Not a Pedestrian;Not a Pedestrian;Not car passenger;Not a bus or coach passenger;No / Not applicable;9;Cyclist;Less deprived 40-50%;2;Car;No tow/articulation;Moving off;On main c'way - not in restricted lane;Approaching junction or waiting/parked at junction approach;None;None;Did not leave carriageway;None;Front;1;Not known;Not known;-1;Data missing or out of range;-1;-1;-1;-1;Data missing or out of range;-1
2019010156676;526819;184046;-0.17268;51.541076;Metropolitan Police;Slight;2;1;10/01/2019;Thursday;08:20;Camden;Camden;B;525;Single carriageway;30 MPH;Not at junction or within 20 metres;Data missing or out of range;-1;0;None within 50 metres ;No physical crossing facilities within 50 metres;Daylight;Fine no high winds;Dry;None;None;Urban;Yes;E01000963;2;1;Driver or rider;Male;30;6;Slight;Not a Pedestrian;Not a Pedestrian;Not car passenger;Not a bus or coach passenger;No / Not applicable;1;Cyclist;Less deprived 30-40%;1;Car;No tow/articulation;Slowing or stopping;On main c'way - not in restricted lane;Not at or within 20 metres of junction;None;None;Did not leave carriageway;None;Nearside;1;Taking pupil to/from school;Male;46;46 - 55;-1;-1;-1;5;Urban area;5
2019010156676;526819;184046;-0.17268;51.541076;Metropolitan Police;Slight;2;1;10/01/2019;Thursday;08:20;Camden;Camden;B;525;Single carriageway;30 MPH;Not at junction or within 20 metres;Data missing or out of range;-1;0;None within 50 metres ;No physical crossing facilities within 50 metres;Daylight;Fine no high winds;Dry;None;None;Urban;Yes;E01000963;2;1;Driver or rider;Male;30;6;Slight;Not a Pedestrian;Not a Pedestrian;Not car passenger;Not a bus or coach passenger;No / Not applicable;1;Cyclist;Less deprived 30-40%;2;Pedal cycle;No tow/articulation;Overtaking - nearside;On main c'way - not in restricted lane;Not at or within 20 metres of junction;None;None;Did not leave carriageway;None;Offside;1;Commuting to/from work;Male;30;26 - 35;-1;-1;-1;7;Urban area;7
2019010156684;545576;182366;0.096915;51.521458;Metropolitan Police;Slight;2;1;10/01/2019;Thursday;07:28;Barking and Dagenham;Barking and Dagenham;C;0;Dual carriageway;30 MPH;T or staggered junction;Give way or uncontrolled;Unclassified;0;None within 50 metres ;No physical crossing facilities within 50 metres;Daylight;Fine no high winds;Dry;None;None;Urban;Yes;E01000092;2;1;Driver or rider;Male;31;6;Slight;Not a Pedestrian;Not a Pedestrian;Not car passenger;Not a bus or coach passenger;No / Not applicable;1;Cyclist;More deprived 20-30%;1;Car;No tow/articulation;Moving off;On main c'way - not in restricted lane;Approaching junction or waiting/parked at junction approach;None;None;Did not leave carriageway;None;Front;1;Taking pupil to/from school;Female;40;36 - 45;-1;-1;-1;4;Urban area;4
2019010156684;545576;182366;0.096915;51.521458;Metropolitan Police;Slight;2;1;10/01/2019;Thursday;07:28;Barking and Dagenham;Barking and Dagenham;C;0;Dual carriageway;30 MPH;T or staggered junction;Give way or uncontrolled;Unclassified;0;None within 50 metres ;No physical crossing facilities within 50 metres;Daylight;Fine no high winds;Dry;None;None;Urban;Yes;E01000092;2;1;Driver or rider;Male;31;6;Slight;Not a Pedestrian;Not a Pedestrian;Not car passenger;Not a bus or coach passenger;No / Not applicable;1;Cyclist;More deprived 20-30%;2;Pedal cycle;No tow/articulation;Moving off;On main c'way - not in restricted lane;Approaching junction or waiting/parked at junction approach;None;None;Did not leave carriageway;None;Nearside;1;Journey as part of work;Male;31;26 - 35;-1;-1;-1;3;Urban area;3
2019010156686;518937;174711;-0.289426;51.45889;Metropolitan Police;Slight;2;1;10/01/2019;Thursday;08:30;Richmond upon Thames;Richmond upon Thames;B;353;One way street;30 MPH;T or staggered junction;Give way or uncontrolled;Unclassified;0;None within 50 metres ;No physical crossing facilities within 50 metres;Daylight;Fine no high winds;Dry;None;None;Urban;Yes;E01003875;1;1;Driver or rider;Male;40;7;Slight;Not a Pedestrian;Not a Pedestrian;Not car passenger;Not a bus or coach passenger;No / Not applicable;5;Cyclist;Less deprived 10-20%;1;Motorcycle over 500cc;No tow/articulation;Going ahead other;On main c'way - not in restricted lane;Approaching junction or waiting/parked at junction approach;None;None;Did not leave carriageway;None;Front;1;Not known;Male;40;36 - 45;1170;Petrol;2;9;Urban area;9
2019010156686;518937;174711;-0.289426;51.45889;Metropolitan Police;Slight;2;1;10/01/2019;Thursday;08:30;Richmond upon Thames;Richmond upon Thames;B;353;One way street;30 MPH;T or staggered junction;Give way or uncontrolled;Unclassified;0;None within 50 metres ;No physical crossing facilities within 50 metres;Daylight;Fine no high winds;Dry;None;None;Urban;Yes;E01003875;1;1;Driver or rider;Male;40;7;Slight;Not a Pedestrian;Not a Pedestrian;Not car passenger;Not a bus or coach passenger;No / Not applicable;5;Cyclist;Less deprived 10-20%;2;Car;No tow/articulation;Turning right;On main c'way - not in restricted lane;Approaching junction or waiting/parked at junction approach;None;None;Did not leave carriageway;None;Front;1;Taking pupil to/from school;Female;42;36 - 45;1797;Hybrid electric;10;6;Urban area;6
2019010156687;544387;170163;0.074807;51.41211;Metropolitan Police;Slight;1;1;10/01/2019;Thursday;11:50;Bromley;Bromley;A;208;Single carriageway;30 MPH;Crossroads;Give way or uncontrolled;Unclassified;0;None within 50 metres ;No physical crossing facilities within 50 metres;Daylight;Fine no high winds;Dry;None;None;Urban;Yes;E01000693;1;1;Pedestrian;Male;16;4;Slight;In centre of carriageway - not on refuge, island or central reservation;Crossing from nearside - masked by parked or stationary vehicle;Not car passenger;Not a bus or coach passenger;No / Not applicable;0;Cyclist;More deprived 20-30%;1;Motorcycle over 500cc;No tow/articulation;Going ahead other;On main c'way - not in restricted lane;Approaching junction or waiting/parked at junction approach;Overturned;None;Did not leave carriageway;None;Front;1;Commuting to/from work;Male;37;36 - 45;-1;-1;-1;9;Urban area;9
2019010156691;529651;194298;-0.128083;51.632564;Metropolitan Police;Slight;1;1;04/01/2019;Friday;14:00;Enfield;Enfield;A;111;Unknown;Data missing or out of range;Roundabout;Give way or uncontrolled;A;1004;None within 50 metres ;Pedestrian phase at traffic signal junction;Daylight;Fine no high winds;Dry;None;None;Urban;No - accident was reported using a self completion  form (self rep only);E01001519;1;1;Pedestrian;Male;20;4;Slight;Crossing elsewhere within 50m. of pedestrian crossing;Crossing from driver's nearside;Not car passenger;Not a bus or coach passenger;No / Not applicable;0;Cyclist;More deprived 10-20%;1;Bus or coach (17 or more pass seats);No tow/articulation;Data missing or out of range;Data missing or out of range;Data missing or out of range;Data missing or out of range;Data missing or out of range;Data missing or out of range;Data missing or out of range;Data missing or out of range;-1;Not known;Not known;-1;Data missing or out of range;-1;-1;-1;-1;Data missing or out of range;-1
2019010156694;531879;171800;-0.104328;51.429866;Metropolitan Police;Slight;2;1;02/01/2019;Wednesday;10:17;Lambeth;Lambeth;A;215;Unknown;30 MPH;T or staggered junction;Data missing or out of range;C;0;None within 50 metres ;Zebra;Daylight;Other;Dry;None;None;Urban;No - accident was reported using a self completion  form (self rep only);E01003084;1;1;Driver or rider;Male;51;8;Slight;Not a Pedestrian;Not a Pedestrian;Not car passenger;Not a bus or coach passenger;No / Not applicable;8;Cyclist;Less deprived 10-20%;1;Taxi/Private hire car;No tow/articulation;Data missing or out of range;Data missing or out of range;Data missing or out of range;Data missing or out of range;Data missing or out of range;Data missing or out of range;Data missing or out of range;Back;-1;Not known;Male;51;46 - 55;-1;-1;-1;9;Urban area;9
2019010156694;531879;171800;-0.104328;51.429866;Metropolitan Police;Slight;2;1;02/01/2019;Wednesday;10:17;Lambeth;Lambeth;A;215;Unknown;30 MPH;T or staggered junction;Data missing or out of range;C;0;None within 50 metres ;Zebra;Daylight;Other;Dry;None;None;Urban;No - accident was reported using a self completion  form (self rep only);E01003084;1;1;Driver or rider;Male;51;8;Slight;Not a Pedestrian;Not a Pedestrian;Not car passenger;Not a bus or coach passenger;No / Not applicable;8;Cyclist;Less deprived 10-20%;2;Van / Goods 3.5 tonnes mgw or under;No tow/articulation;Going ahead other;On main c'way - not in restricted lane;Cleared junction or waiting/parked at junction exit;None;None;Did not leave carriageway;None;Front;1;Not known;Not known;-1;Data missing or out of range;-1;-1;-1;-1;Data missing or out of range;-1
2019010156696;530867;178148;-0.11653;51.487149;Metropolitan Police;Slight;2;1;02/01/2019;Wednesday;11:30;Lambeth;Lambeth;Unclassified;0;Single carriageway;30 MPH;T or staggered junction;Give way or uncontrolled;A;3204;None within 50 metres ;Data missing or out of range;Daylight;Unknown;Data missing or out of range;None;None;Urban;No - accident was reported using a self completion  form (self rep only);E01003109;1;1;Driver or rider;Female;48;8;Slight;Not a Pedestrian;Not a Pedestrian;Not car passenger;Not a bus or coach passenger;No / Not applicable;1;Cyclist;More deprived 10-20%;1;Pedal cycle;No tow/articulation;Going ahead other;On main c'way - not in restricted lane;Approaching junction or waiting/parked at junction approach;Data missing or out of range;None;Did not leave carriageway;None;Offside;1;Not known;Female;48;46 - 55;-1;-1;-1;2;Urban area;2
2019010156696;530867;178148;-0.11653;51.487149;Metropolitan Police;Slight;2;1;02/01/2019;Wednesday;11:30;Lambeth;Lambeth;Unclassified;0;Single carriageway;30 MPH;T or staggered junction;Give way or uncontrolled;A;3204;None within 50 metres ;Data missing or out of range;Daylight;Unknown;Data missing or out of range;None;None;Urban;No - accident was reported using a self completion  form (self rep only);E01003109;1;1;Driver or rider;Female;48;8;Slight;Not a Pedestrian;Not a Pedestrian;Not car passenger;Not a bus or coach passenger;No / Not applicable;1;Cyclist;More deprived 10-20%;2;Car;Data missing or out of range;Turning left;On main c'way - not in restricted lane;Approaching junction or waiting/parked at junction approach;Data missing or out of range;None;Did not leave carriageway;None;Front;-1;Not known;Male;-1;Data missing or out of range;-1;-1;-1;6;Urban area;6
2019010156703;516149;187633;-0.325283;51.575608;Metropolitan Police;Serious;2;1;10/01/2019;Thursday;07:25;Brent;Brent;A;404;Dual carriageway;30 MPH;Not at junction or within 20 metres;Data missing or out of range;-1;0;None within 50 metres ;No physical crossing facilities within 50 metres;Daylight;Fine no high winds;Dry;None;None;Urban;Yes;E01000568;1;1;Driver or rider;Male;38;7;Serious;Not a Pedestrian;Not a Pedestrian;Not car passenger;Not a bus or coach passenger;No / Not applicable;5;Cyclist;Less deprived 10-20%;1;Motorcycle over 500cc;No tow/articulation;Overtaking moving vehicle - offside;On main c'way - not in restricted lane;Not at or within 20 metres of junction;None;None;Did not leave carriageway;None;Nearside;1;Commuting to/from work;Male;38;36 - 45;-1;-1;-1;9;Urban area;9
2019010156703;516149;187633;-0.325283;51.575608;Metropolitan Police;Serious;2;1;10/01/2019;Thursday;07:25;Brent;Brent;A;404;Dual carriageway;30 MPH;Not at junction or within 20 metres;Data missing or out of range;-1;0;None within 50 metres ;No physical crossing facilities within 50 metres;Daylight;Fine no high winds;Dry;None;None;Urban;Yes;E01000568;1;1;Driver or rider;Male;38;7;Serious;Not a Pedestrian;Not a Pedestrian;Not car passenger;Not a bus or coach passenger;No / Not applicable;5;Cyclist;Less deprived 10-20%;2;Car;No tow/articulation;Going ahead other;On main c'way - not in restricted lane;Not at or within 20 metres of junction;None;None;Did not leave carriageway;None;Offside;1;Commuting to/from work;Male;52;46 - 55;-1;-1;-1;1;Urban area;1
2019010156704;530893;181938;-0.11475;51.521203;Metropolitan Police;Serious;2;2;10/01/2019;Thursday;09:10;Camden;Camden;A;401;Single carriageway;20 MPH;T or staggered junction;Give way or uncontrolled;Unclassified;0;None within 50 metres ;No physical crossing facilities within 50 metres;Daylight;Fine no high winds;Dry;None;None;Urban;Yes;E01000920;1;1;Driver or rider;Male;52;8;Serious;Not a Pedestrian;Not a Pedestrian;Not car passenger;Not a bus or coach passenger;No / Not applicable;1;Cyclist;Less deprived 20-30%;1;Pedal cycle;No tow/articulation;Going ahead other;Bus lane;Approaching junction or waiting/parked at junction approach;None;None;Did not leave carriageway;None;Front;1;Commuting to/from work;Male;52;46 - 55;-1;-1;-1;8;Urban area;8
2019010156704;530893;181938;-0.11475;51.521203;Metropolitan Police;Serious;2;2;10/01/2019;Thursday;09:10;Camden;Camden;A;401;Single carriageway;20 MPH;T or staggered junction;Give way or uncontrolled;Unclassified;0;None within 50 metres ;No physical crossing facilities within 50 metres;Daylight;Fine no high winds;Dry;None;None;Urban;Yes;E01000920;1;1;Driver or rider;Male;52;8;Serious;Not a Pedestrian;Not a Pedestrian;Not car passenger;Not a bus or coach passenger;No / Not applicable;1;Cyclist;Less deprived 20-30%;2;Pedal cycle;No tow/articulation;Turning right;On main c'way - not in restricted lane;Approaching junction or waiting/parked at junction approach;None;None;Did not leave carriageway;None;Front;1;Commuting to/from work;Male;32;26 - 35;-1;-1;-1;-1;Data missing or out of range;-1
2019010156704;530893;181938;-0.11475;51.521203;Metropolitan Police;Serious;2;2;10/01/2019;Thursday;09:10;Camden;Camden;A;401;Single carriageway;20 MPH;T or staggered junction;Give way or uncontrolled;Unclassified;0;None within 50 metres ;No physical crossing facilities within 50 metres;Daylight;Fine no high winds;Dry;None;None;Urban;Yes;E01000920;2;2;Driver or rider;Male;32;6;Slight;Not a Pedestrian;Not a Pedestrian;Not car passenger;Not a bus or coach passenger;No / Not applicable;1;-1;Data missing or out of range;1;Pedal cycle;No tow/articulation;Going ahead other;Bus lane;Approaching junction or waiting/parked at junction approach;None;None;Did not leave carriageway;None;Front;1;Commuting to/from work;Male;52;46 - 55;-1;-1;-1;8;Urban area;8
2019010156704;530893;181938;-0.11475;51.521203;Metropolitan Police;Serious;2;2;10/01/2019;Thursday;09:10;Camden;Camden;A;401;Single carriageway;20 MPH;T or staggered junction;Give way or uncontrolled;Unclassified;0;None within 50 metres ;No physical crossing facilities within 50 metres;Daylight;Fine no high winds;Dry;None;None;Urban;Yes;E01000920;2;2;Driver or rider;Male;32;6;Slight;Not a Pedestrian;Not a Pedestrian;Not car passenger;Not a bus or coach passenger;No / Not applicable;1;-1;Data missing or out of range;2;Pedal cycle;No tow/articulation;Turning right;On main c'way - not in restricted lane;Approaching junction or waiting/parked at junction approach;None;None;Did not leave carriageway;None;Front;1;Commuting to/from work;Male;32;26 - 35;-1;-1;-1;-1;Data missing or out of range;-1