Accident_Index;Location_Easting_OSGR;Location_Northing_OSGR;Longitude;Latitude;Police_Force;Accident_Severity;Number_of_Vehicles;Number_of_Casualties;Date;Day_of_Week;Time;Local_Authority_(District);Local_Authority_(Highway);1st_Road_Class;1st_Road_Number;Road_Type;Speed_limit;Junction_Detail;Junction_Control;2nd_Road_Class;2nd_Road_Number;Pedestrian_Crossing-Human_Control;Pedestrian_Crossing-Physical_Facilities;Light_Conditions;Weather_Conditions;Road_Surface_Conditions;Special_Conditions_at_Site;Carriageway_Hazards;Urban_or_Rural_Area;Did_Police_Officer_Attend_Scene_of_Accident;LSOA_of_Accident_Location;Vehicle_Reference_x;Casualty_Reference;Casualty_Class;Sex_of_Casualty;Age_of_Casualty;Age_Band_of_Casualty;Casualty_Severity;Pedestrian_Location;Pedestrian_Movement;Car_Passenger;Bus_or_Coach_Passenger;Pedestrian_Road_Maintenance_Worker;Casualty_Type;Casualty_Home_Area_Type;Casualty_IMD_Decile;Vehicle_Reference_y;Vehicle_Type;Towing_and_Articulation;Vehicle_Manoeuvre;Vehicle_Location-Restricted_Lane;Junction_Location;Skidding_and_Overturning;Hit_Object_in_Carriageway;Vehicle_Leaving_Carriageway;Hit_Object_off_Carriageway;1st_Point_of_Impact;Was_Vehicle_Left_Hand_Drive?;Journey_Purpose_of_Driver;Sex_of_Driver;Age_of_Driver;Age_Band_of_Driver;Engine_Capacity_(CC);Propulsion_Code;Age_of_Vehicle;Driver_IMD_Decile;Driver_Home_Area_Type;Vehicle_IMD_Decile
2019010156783;529722;180885;-0.132006;51.512009;Metropolitan Police;Slight;2;1;10/01/2019;Thursday;16:40;Westminster;Westminster;A;401;Dual carriageway;20 MPH;Data missing or out of range;Data missing or out of range;A;401;None within 50 metres ;No physical crossing facilities within 50 metres;Daylight;Fine no high winds;Dry;None;None;Urban;No - accident was reported using a self completion  form (self rep only);E01004763;1;1;Driver or rider;Male;25;5;Slight;Not a Pedestrian;Not a Pedestrian;Not car passenger;Not a bus or coach passenger;No / Not applicable;3;Cyclist;Less deprived 30-40%;1;Motorcycle 125cc and under;No tow/articulation;Data missing or out of range;Data missing or out of range;Data missing or out of range;Data missing or out of range;Data missing or out of range;Data missing or out of range;Data missing or out of range;Data missing or out of range;1;Not known;Male;25;21 - 25;-1;-1;-1;7;Urban area;7
2019010156783;529722;180885;-0.132006;51.512009;Metropolitan Police;Slight;2;1;10/01/2019;Thursday;16:40;Westminster;Westminster;A;401;Dual carriageway;20 MPH;Data missing or out of range;Data missing or out of range;A;401;None within 50 metres ;No physical crossing facilities within 50 metres;Daylight;Fine no high winds;Dry;None;None;Urban;No - accident was reported using a self completion  form (self rep only);E01004763;1;1;Driver or rider;Male;25;5;Slight;Not a Pedestrian;Not a Pedestrian;Not car passenger;Not a bus or coach passenger;No / Not applicable;3;Cyclist;Less deprived 30-40%;2;Car;No tow/articulation;Data missing or out of range;Data missing or out of range;Data missing or out of range;Data missing or out of range;Data missing or out of range;Data missing or out of range;Data missing or out of range;Nearside;-1;Not known;Not known;36;36 - 45;-1;-1;-1;1;Urban area;1
2019010156784;512975;187390;-0.371144;51.574068;Metropolitan Police;Slight;1;1;10/01/2019;Thursday;17:55;Harrow;Harrow;A;4090;Dual carriageway;30 MPH;T or staggered junction;Give way or uncontrolled;Unclassified;0;None within 50 metres ;Pelican, puffin, toucan or similar non-junction pedestrian light crossing;Darkness - lights lit;Fine no high winds;Dry;None;None;Urban;Yes;E01002204;1;1;Pedestrian;Female;56;9;Slight;Crossing on pedestrian crossing facility;Crossing from driver's nearside;Not car passenger;Not a bus or coach passenger;No / Not applicable;0;Cyclist;Less deprived 40-50%;1;Car;No tow/articulation;Slowing or stopping;On main c'way - not in restricted lane;Cleared junction or waiting/parked at junction exit;None;None;Did not leave carriageway;None;Nearside;1;Not known;Not known;-1;Data missing or out of range;-1;-1;-1;-1;Data missing or out of range;-1
2019010156785;543994;178906;0.072717;51.490772;Metropolitan Police;Slight;1;1;10/01/2019;Thursday;17:40;Greenwich;Greenwich;A;206;Dual carriageway;30 MPH;T or staggered junction;Auto traffic signal;C;0;None within 50 metres ;No physical crossing facilities within 50 metres;Darkness - lights lit;Fine no high winds;Frost or ice;None;None;Urban;Yes;E01033731;1;1;Pedestrian;Male;39;7;Slight;Unknown or other;Unknown or other;Not car passenger;Not a bus or coach passenger;No / Not applicable;0;Cyclist;Less deprived 40-50%;1;Car;No tow/articulation;Turning right;On main c'way - not in restricted lane;Approaching junction or waiting/parked at junction approach;None;None;Did not leave carriageway;None;Front;1;Not known;Male;27;26 - 35;1896;Heavy oil;17;4;Urban area;4
2019010156787;526572;179638;-0.177823;51.501516;Metropolitan Police;Serious;1;2;10/01/2019;Thursday;16:15;Westminster;Westminster;A;315;Dual carriageway;30 MPH;Not at junction or within 20 metres;Data missing or out of range;-1;0;Control by other authorised person;Pelican, puffin, toucan or similar non-junction pedestrian light crossing;Darkness - lights unlit;Fine no high winds;Wet or damp;None;Vehicle load on road;Urban;Yes;E01004688;1;1;Driver or rider;Male;28;6;Serious;Not a Pedestrian;Not a Pedestrian;Not car passenger;Not a bus or coach passenger;No / Not applicable;3;Cyclist;Least deprived 10%;1;Motorcycle 125cc and under;No tow/articulation;Going ahead other;On main c'way - not in restricted lane;Not at or within 20 metres of junction;None;None;Did not leave carriageway;None;Front;1;Commuting to/from work;Male;28;26 - 35;-1;-1;-1;10;Urban area;10
2019010156787;526572;179638;-0.177823;51.501516;Metropolitan Police;Serious;1;2;10/01/2019;Thursday;16:15;Westminster;Westminster;A;315;Dual carriageway;30 MPH;Not at junction or within 20 metres;Data missing or out of range;-1;0;Control by other authorised person;Pelican, puffin, toucan or similar non-junction pedestrian light crossing;Darkness - lights unlit;Fine no high winds;Wet or damp;None;Vehicle load on road;Urban;Yes;E01004688;1;2;Pedestrian;Female;24;5;Slight;Crossing on pedestrian crossing facility;Crossing from nearside - masked by parked or stationary vehicle;Not car passenger;Not a bus or coach passenger;No / Not applicable;0;Cyclist;More deprived 40-50%;1;Motorcycle 125cc and under;No tow/articulation;Going ahead other;On main c'way - not in restricted lane;Not at or within 20 metres of junction;None;None;Did not leave carriageway;None;Front;1;Commuting to/from work;Male;28;26 - 35;-1;-1;-1;10;Urban area;10
2019010156790;536722;189678;-0.02778;51.589375;Metropolitan Police;Slight;1;1;10/01/2019;Thursday;17:05;Waltham Forest;Waltham Forest;A;503;Single carriageway;20 MPH;T or staggered junction;Give way or uncontrolled;Unclassified;0;None within 50 metres ;No physical crossing facilities within 50 metres;Darkness - lighting unknown;Unknown;Wet or damp;Road surface defective;None;Urban;Yes;E01004457;1;1;Pedestrian;Male;35;6;Slight;Unknown or other;Unknown or other;Not car passenger;Not a bus or coach passenger;No / Not applicable;0;Cyclist;More deprived 10-20%;1;Car;No tow/articulation;Waiting to go - held up;On main c'way - not in restricted lane;Cleared junction or waiting/parked at junction exit;None;None;Did not leave carriageway;None;Front;1;Not known;Female;41;36 - 45;-1;-1;-1;2;Urban area;2
2019010156791;534783;185056;-0.057523;51.548307;Metropolitan Police;Slight;1;1;10/01/2019;Thursday;17:30;Hackney;Hackney;A;107;Single carriageway;30 MPH;Other junction;Give way or uncontrolled;Unclassified;0;None within 50 metres ;No physical crossing facilities within 50 metres;Darkness - lights lit;Fine no high winds;Dry;None;None;Urban;Yes;E01001760;1;1;Passenger;Female;83;11;Slight;Not a Pedestrian;Not a Pedestrian;Not car passenger;Standing passenger;No / Not applicable;11;Cyclist;More deprived 10-20%;1;Bus or coach (17 or more pass seats);No tow/articulation;Slowing or stopping;Bus lane;Cleared junction or waiting/parked at junction exit;None;None;Did not leave carriageway;None;Did not impact;1;Journey as part of work;Male;53;46 - 55;-1;-1;-1;1;Urban area;1
2019010156792;512811;180751;-0.375636;51.51443;Metropolitan Police;Slight;1;1;10/01/2019;Thursday;16:48;Ealing;Ealing;C;0;Single carriageway;20 MPH;T or staggered junction;Auto traffic signal;Unclassified;0;None within 50 metres ;No physical crossing facilities within 50 metres;Darkness - lights lit;Fine no high winds;Dry;None;None;Urban;Yes;E01001213;1;1;Passenger;Male;74;10;Slight;Not a Pedestrian;Not a Pedestrian;Not car passenger;Boarding;No / Not applicable;11;Cyclist;More deprived 40-50%;1;Bus or coach (17 or more pass seats);No tow/articulation;Moving off;On main c'way - not in restricted lane;Approaching junction or waiting/parked at junction approach;None;None;Did not leave carriageway;None;Did not impact;1;Journey as part of work;Male;53;46 - 55;-1;-1;-1;-1;Data missing or out of range;-1
2019010156794;531429;172985;-0.110358;51.44062;Metropolitan Police;Slight;2;1;10/01/2019;Thursday;19:50;Lambeth;Lambeth;A;205;Single carriageway;30 MPH;Not at junction or within 20 metres;Data missing or out of range;-1;0;Data missing or out of range;Data missing or out of range;Darkness - lighting unknown;Fine no high winds;Dry;None;None;Urban;No - accident was reported using a self completion  form (self rep only);E01003174;1;1;Driver or rider;Male;25;5;Slight;Not a Pedestrian;Not a Pedestrian;Not car passenger;Not a bus or coach passenger;No / Not applicable;9;Cyclist;More deprived 10-20%;1;Car;No tow/articulation;Data missing or out of range;Data missing or out of range;Not at or within 20 metres of junction;Data missing or out of range;Data missing or out of range;Data missing or out of range;Data missing or out of range;Back;-1;Not known;Male;25;21 - 25;-1;-1;-1;2;Urban area;2
2019010156794;531429;172985;-0.110358;51.44062;Metropolitan Police;Slight;2;1;10/01/2019;Thursday;19:50;Lambeth;Lambeth;A;205;Single carriageway;30 MPH;Not at junction or within 20 metres;Data missing or out of range;-1;0;Data missing or out of range;Data missing or out of range;Darkness - lighting unknown;Fine no high winds;Dry;None;None;Urban;No - accident was reported using a self completion  form (self rep only);E01003174;1;1;Driver or rider;Male;25;5;Slight;Not a Pedestrian;Not a Pedestrian;Not car passenger;Not a bus or coach passenger;No / Not applicable;9;Cyclist;More deprived 10-20%;2;Car;No tow/articulation;Data missing or out of range;Data missing or out of range;Not at or within 20 metres of junction;Data missing or out of range;Data missing or out of range;Data missing or out of range;Data missing or out of range;Front;-1;Not known;Not known;-1;Data missing or out of range;-1;-1;-1;4;Urban area;4
2019010156798;523947;182255;-0.214702;51.525617;Metropolitan Police;Serious;1;1;10/01/2019;Thursday;18:05;Kensington and Chelsea;Kensington and Chelsea;B;450;Single carriageway;30 MPH;Not at junction or within 20 metres;Data missing or out of range;-1;0;None within 50 metres ;Pelican, puffin, toucan or similar non-junction pedestrian light crossing;Darkness - lights lit;Fine no high winds;Dry;None;None;Urban;Yes;E01002852;1;1;Passenger;Male;62;9;Serious;Not a Pedestrian;Not a Pedestrian;Not car passenger;Standing passenger;No / Not applicable;11;Cyclist;Less deprived 10-20%;1;Bus or coach (17 or more pass seats);No tow/articulation;Going ahead other;On main c'way - not in restricted lane;Not at or within 20 metres of junction;None;None;Did not leave carriageway;None;Did not impact;1;Journey as part of work;Male;44;36 - 45;-1;-1;-1;2;Urban area;2
2019010156799;531249;167761;-0.114879;51.393714;Metropolitan Police;Slight;2;1;10/01/2019;Thursday;15:35;Croydon;Croydon;A;23;Roundabout;30 MPH;Roundabout;Auto traffic signal;A;23;None within 50 metres ;Data missing or out of range;Daylight;Fine no high winds;Dry;None;None;Urban;No - accident was reported using a self completion  form (self rep only);E01001183;1;1;Driver or rider;Female;31;6;Slight;Not a Pedestrian;Not a Pedestrian;Not car passenger;Not a bus or coach passenger;No / Not applicable;9;Cyclist;More deprived 20-30%;1;Car;No tow/articulation;Going ahead other;Data missing or out of range;Data missing or out of range;Data missing or out of range;Data missing or out of range;Data missing or out of range;Data missing or out of range;Front;-1;Not known;Female;31;26 - 35;-1;-1;-1;3;Urban area;3
2019010156799;531249;167761;-0.114879;51.393714;Metropolitan Police;Slight;2;1;10/01/2019;Thursday;15:35;Croydon;Croydon;A;23;Roundabout;30 MPH;Roundabout;Auto traffic signal;A;23;None within 50 metres ;Data missing or out of range;Daylight;Fine no high winds;Dry;None;None;Urban;No - accident was reported using a self completion  form (self rep only);E01001183;1;1;Driver or rider;Female;31;6;Slight;Not a Pedestrian;Not a Pedestrian;Not car passenger;Not a bus or coach passenger;No / Not applicable;9;Cyclist;More deprived 20-30%;2;Car;Data missing or out of range;Data missing or out of range;Data missing or out of range;Data missing or out of range;Data missing or out of range;Data missing or out of range;Data missing or out of range;Data missing or out of range;Data missing or out of range;-1;Not known;Not known;-1;Data missing or out of range;-1;-1;-1;-1;Data missing or out of range;-1
2019010156801;523425;178498;-0.223538;51.491966;Metropolitan Police;Slight;1;1;10/01/2019;Thursday;16:52;Hammersmith and Fulham;Hammersmith and Fulham;Unclassified;0;Single carriageway;Data missing or out of range;Not at junction or within 20 metres;Data missing or out of range;-1;0;None within 50 metres ;No physical crossing facilities within 50 metres;Darkness - lights lit;Fine no high winds;Dry;None;None;Urban;Yes;E01001898;1;1;Passenger;Female;56;9;Slight;Not a Pedestrian;Not a Pedestrian;Not car passenger;Standing passenger;No / Not applicable;11;Cyclist;More deprived 30-40%;1;Bus or coach (17 or more pass seats);No tow/articulation;Moving off;Bus lane;Not at or within 20 metres of junction;None;None;Did not leave carriageway;None;Did not impact;1;Journey as part of work;Male;57;56 - 65;-1;-1;-1;4;Urban area;4
2019010156803;529102;191849;-0.136913;51.610682;Metropolitan Police;Slight;2;2;07/01/2019;Monday;18:30;Enfield;Enfield;A;406;Slip road;40 MPH;Other junction;Data missing or out of range;Unclassified;0;Data missing or out of range;Data missing or out of range;Daylight;Fine no high winds;Dry;None;None;Urban;No - accident was reported using a self completion  form (self rep only);E01001528;1;1;Driver or rider;Female;23;5;Slight;Not a Pedestrian;Not a Pedestrian;Not car passenger;Not a bus or coach passenger;No / Not applicable;9;Cyclist;More deprived 10-20%;1;Car;No tow/articulation;Data missing or out of range;Data missing or out of range;Data missing or out of range;Data missing or out of range;Data missing or out of range;Data missing or out of range;Data missing or out of range;Front;-1;Not known;Female;23;21 - 25;-1;-1;-1;2;Urban area;2
2019010156803;529102;191849;-0.136913;51.610682;Metropolitan Police;Slight;2;2;07/01/2019;Monday;18:30;Enfield;Enfield;A;406;Slip road;40 MPH;Other junction;Data missing or out of range;Unclassified;0;Data missing or out of range;Data missing or out of range;Daylight;Fine no high winds;Dry;None;None;Urban;No - accident was reported using a self completion  form (self rep only);E01001528;1;1;Driver or rider;Female;23;5;Slight;Not a Pedestrian;Not a Pedestrian;Not car passenger;Not a bus or coach passenger;No / Not applicable;9;Cyclist;More deprived 10-20%;2;Car;No tow/articulation;Data missing or out of range;Data missing or out of range;Data missing or out of range;Data missing or out of range;Data missing or out of range;Data missing or out of range;Data missing or out of range;Back;-1;Not known;Not known;-1;Data missing or out of range;-1;-1;-1;5;Urban area;5
2019010156803;529102;191849;-0.136913;51.610682;Metropolitan Police;Slight;2;2;07/01/2019;Monday;18:30;Enfield;Enfield;A;406;Slip road;40 MPH;Other junction;Data missing or out of range;Unclassified;0;Data missing or out of range;Data missing or out of range;Daylight;Fine no high winds;Dry;None;None;Urban;No - accident was reported using a self completion  form (self rep only);E01001528;1;2;Passenger;Female;Data missing or out of range;-1;Slight;Not a Pedestrian;Not a Pedestrian;Front seat passenger;Not a bus or coach passenger;No / Not applicable;9;Cyclist;More deprived 30-40%;1;Car;No tow/articulation;Data missing or out of range;Data missing or out of range;Data missing or out of range;Data missing or out of range;Data missing or out of range;Data missing or out of range;Data missing or out of range;Front;-1;Not known;Female;23;21 - 25;-1;-1;-1;2;Urban area;2
2019010156803;529102;191849;-0.136913;51.610682;Metropolitan Police;Slight;2;2;07/01/2019;Monday;18:30;Enfield;Enfield;A;406;Slip road;40 MPH;Other junction;Data missing or out of range;Unclassified;0;Data missing or out of range;Data missing or out of range;Daylight;Fine no high winds;Dry;None;None;Urban;No - accident was reported using a self completion  form (self rep only);E01001528;1;2;Passenger;Female;Data missing or out of range;-1;Slight;Not a Pedestrian;Not a Pedestrian;Front seat passenger;Not a bus or coach passenger;No / Not applicable;9;Cyclist;More deprived 30-40%;2;Car;No tow/articulation;Data missing or out of range;Data missing or out of range;Data missing or out of range;Data missing or out of range;Data missing or out of range;Data missing or out of range;Data missing or out of range;Back;-1;Not known;Not known;-1;Data missing or out of range;-1;-1;-1;5;Urban area;5
2019010156804;520586;181510;-0.263382;51.519648;Metropolitan Police;Slight;2;1;10/01/2019;Thursday;19:36;Ealing;Ealing;A;4000;One way street;20 MPH;T or staggered junction;Give way or uncontrolled;Unclassified;0;None within 50 metres ;No physical crossing facilities within 50 metres;Darkness - lights lit;Fine no high winds;Dry;None;None;Urban;Yes;E01001238;1;1;Driver or rider;Male;45;7;Slight;Not a Pedestrian;Not a Pedestrian;Not car passenger;Not a bus or coach passenger;No / Not applicable;5;Cyclist;More deprived 10-20%;1;Motorcycle over 500cc;No tow/articulation;Going ahead other;On main c'way - not in restricted lane;Approaching junction or waiting/parked at junction approach;None;None;Did not leave carriageway;None;Offside;1;Commuting to/from work;Male;45;36 - 45;-1;-1;-1;2;Urban area;2
2019010156804;520586;181510;-0.263382;51.519648;Metropolitan Police;Slight;2;1;10/01/2019;Thursday;19:36;Ealing;Ealing;A;4000;One way street;20 MPH;T or staggered junction;Give way or uncontrolled;Unclassified;0;None within 50 metres ;No physical crossing facilities within 50 metres;Darkness - lights lit;Fine no high winds;Dry;None;None;Urban;Yes;E01001238;1;1;Driver or rider;Male;45;7;Slight;Not a Pedestrian;Not a Pedestrian;Not car passenger;Not a bus or coach passenger;No / Not applicable;5;Cyclist;More deprived 10-20%;2;Taxi/Private hire car;No tow/articulation;Turning left;On main c'way - not in restricted lane;Approaching junction or waiting/parked at junction approach;None;None;Did not leave carriageway;None;Nearside;1;Commuting to/from work;Male;37;36 - 45;-1;-1;-1;4;Urban area;4
2019010156807;525769;180574;-0.189052;51.510107;Metropolitan Police;Serious;2;1;10/01/2019;Thursday;20:01;Kensington and Chelsea;Kensington and Chelsea;A;402;One way street;30 MPH;Other junction;Give way or uncontrolled;Unclassified;0;None within 50 metres ;No physical crossing facilities within 50 metres;Darkness - lights lit;Other;Dry;None;None;Urban;Yes;E01002827;2;1;Driver or rider;Male;47;8;Serious;Not a Pedestrian;Not a Pedestrian;Not car passenger;Not a bus or coach passenger;No / Not applicable;1;Cyclist;More deprived 20-30%;1;Car;No tow/articulation;Waiting to turn right;On main c'way - not in restricted lane;Approaching junction or waiting/parked at junction approach;None;None;Did not leave carriageway;None;Did not impact;1;Not known;Male;64;56 - 65;-1;-1;-1;6;Urban area;6
2019010156807;525769;180574;-0.189052;51.510107;Metropolitan Police;Serious;2;1;10/01/2019;Thursday;20:01;Kensington and Chelsea;Kensington and Chelsea;A;402;One way street;30 MPH;Other junction;Give way or uncontrolled;Unclassified;0;None within 50 metres ;No physical crossing facilities within 50 metres;Darkness - lights lit;Other;Dry;None;None;Urban;Yes;E01002827;2;1;Driver or rider;Male;47;8;Serious;Not a Pedestrian;Not a Pedestrian;Not car passenger;Not a bus or coach passenger;No / Not applicable;1;Cyclist;More deprived 20-30%;2;Pedal cycle;No tow/articulation;Waiting to go - held up;On main c'way - not in restricted lane;Approaching junction or waiting/parked at junction approach;Overturned;None;Did not leave carriageway;None;Did not impact;1;Not known;Male;47;46 - 55;-1;-1;-1;3;Urban area;3
2019010156810;518789;191034;-0.286054;51.605625;Metropolitan Police;Slight;2;1;10/01/2019;Thursday;14:30;Harrow;Harrow;C;0;Single carriageway;30 MPH;Other junction;Give way or uncontrolled;Unclassified;0;None within 50 metres ;No physical crossing facilities within 50 metres;Daylight;Fine no high winds;Dry;None;None;Urban;Yes;E01002120;1;1;Driver or rider;Male;37;7;Slight;Not a Pedestrian;Not a Pedestrian;Not car passenger;Not a bus or coach passenger;No / Not applicable;3;Cyclist;Less deprived 20-30%;1;Motorcycle 125cc and under;Other tow;Going ahead other;On main c'way - not in restricted lane;Cleared junction or waiting/parked at junction exit;None;None;Did not leave carriageway;None;Nearside;1;Not known;Male;37;36 - 45;-1;-1;-1;8;Urban area;8
2019010156810;518789;191034;-0.286054;51.605625;Metropolitan Police;Slight;2;1;10/01/2019;Thursday;14:30;Harrow;Harrow;C;0;Single carriageway;30 MPH;Other junction;Give way or uncontrolled;Unclassified;0;None within 50 metres ;No physical crossing facilities within 50 metres;Daylight;Fine no high winds;Dry;None;None;Urban;Yes;E01002120;1;1;Driver or rider;Male;37;7;Slight;Not a Pedestrian;Not a Pedestrian;Not car passenger;Not a bus or coach passenger;No / Not applicable;3;Cyclist;Less deprived 20-30%;2;Car;No tow/articulation;Going ahead other;On main c'way - not in restricted lane;Mid Junction - on roundabout or on main road;None;None;Did not leave carriageway;None;Front;1;Not known;Not known;-1;Data missing or out of range;-1;-1;-1;-1;Data missing or out of range;-1
2019010156813;534481;180715;-0.063532;51.50937;Metropolitan Police;Slight;2;2;10/01/2019;Thursday;19:30;Tower Hamlets;Tower Hamlets;A;1203;Dual carriageway;30 MPH;Not at junction or within 20 metres;Data missing or out of range;-1;0;None within 50 metres ;No physical crossing facilities within 50 metres;Darkness - lights lit;Fine no high winds;Dry;None;None;Urban;Yes;E01004295;1;1;Driver or rider;Male;33;6;Slight;Not a Pedestrian;Not a Pedestrian;Not car passenger;Not a bus or coach passenger;No / Not applicable;9;Cyclist;More deprived 40-50%;1;Car;No tow/articulation;Going ahead other;On main c'way - not in restricted lane;Not at or within 20 metres of junction;None;None;Nearside;Lamp post;Front;1;Not known;Male;33;26 - 35;1984;Petrol;8;5;Urban area;5
2019010156813;534481;180715;-0.063532;51.50937;Metropolitan Police;Slight;2;2;10/01/2019;Thursday;19:30;Tower Hamlets;Tower Hamlets;A;1203;Dual carriageway;30 MPH;Not at junction or within 20 metres;Data missing or out of range;-1;0;None within 50 metres ;No physical crossing facilities within 50 metres;Darkness - lights lit;Fine no high winds;Dry;None;None;Urban;Yes;E01004295;1;1;Driver or rider;Male;33;6;Slight;Not a Pedestrian;Not a Pedestrian;Not car passenger;Not a bus or coach passenger;No / Not applicable;9;Cyclist;More deprived 40-50%;2;Van / Goods 3.5 tonnes mgw or under;No tow/articulation;Turning left;On main c'way - not in restricted lane;Not at or within 20 metres of junction;None;None;Nearside;None;Offside;1;Journey as part of work;Male;37;36 - 45;1248;Heavy oil;2;3;Urban area;3
2019010156813;534481;180715;-0.063532;51.50937;Metropolitan Police;Slight;2;2;10/01/2019;Thursday;19:30;Tower Hamlets;Tower Hamlets;A;1203;Dual carriageway;30 MPH;Not at junction or within 20 metres;Data missing or out of range;-1;0;None within 50 metres ;No physical crossing facilities within 50 metres;Darkness - lights lit;Fine no high winds;Dry;None;None;Urban;Yes;E01004295;2;2;Driver or rider;Male;37;7;Slight;Not a Pedestrian;Not a Pedestrian;Not car passenger;Not a bus or coach passenger;No / Not applicable;19;Cyclist;More deprived 20-30%;1;Car;No tow/articulation;Going ahead other;On main c'way - not in restricted lane;Not at or within 20 metres of junction;None;None;Nearside;Lamp post;Front;1;Not known;Male;33;26 - 35;1984;Petrol;8;5;Urban area;5
2019010156813;534481;180715;-0.063532;51.50937;Metropolitan Police;Slight;2;2;10/01/2019;Thursday;19:30;Tower Hamlets;Tower Hamlets;A;1203;Dual carriageway;30 MPH;Not at junction or within 20 metres;Data missing or out of range;-1;0;None within 50 metres ;No physical crossing facilities within 50 metres;Darkness - lights lit;Fine no high winds;Dry;None;None;Urban;Yes;E01004295;2;2;Driver or rider;Male;37;7;Slight;Not a Pedestrian;Not a Pedestrian;Not car passenger;Not a bus or coach passenger;No / Not applicable;19;Cyclist;More deprived 20-30%;2;Van / Goods 3.5 tonnes mgw or under;No tow/articulation;Turning left;On main c'way - not in restricted lane;Not at or within 20 metres of junction;None;None;Nearside;None;Offside;1;Journey as part of work;Male;37;36 - 45;1248;Heavy oil;2;3;Urban area;3
2019010156816;511989;180196;-0.387654;51.509606;Metropolitan Police;Slight;2;1;10/01/2019;Thursday;12:15;Ealing;Ealing;Unclassified;0;Single carriageway;30 MPH;Data missing or out of range;Data missing or out of range;Unclassified;0;None within 50 metres ;Data missing or out of range;Daylight;Fine no high winds;Dry;None;None;Urban;No - accident was reported using a self completion  form (self rep only);E01001365;1;1;Driver or rider;Male;30;6;Slight;Not a Pedestrian;Not a Pedestrian;Not car passenger;Not a bus or coach passenger;No / Not applicable;1;Cyclist;More deprived 20-30%;1;Pedal cycle;Data missing or out of range;Data missing or out of range;Data missing or out of range;Data missing or out of range;Data missing or out of range;Data missing or out of range;Data missing or out of range;Data missing or out of range;Data missing or out of range;1;Commuting to/from work;Male;30;26 - 35;-1;-1;-1;3;Urban area;3
2019010156816;511989;180196;-0.387654;51.509606;Metropolitan Police;Slight;2;1;10/01/2019;Thursday;12:15;Ealing;Ealing;Unclassified;0;Single carriageway;30 MPH;Data missing or out of range;Data missing or out of range;Unclassified;0;None within 50 metres ;Data missing or out of range;Daylight;Fine no high winds;Dry;None;None;Urban;No - accident was reported using a self completion  form (self rep only);E01001365;1;1;Driver or rider;Male;30;6;Slight;Not a Pedestrian;Not a Pedestrian;Not car passenger;Not a bus or coach passenger;No / Not applicable;1;Cyclist;More deprived 20-30%;2;Car;No tow/articulation;Data missing or out of range;Data missing or out of range;Data missing or out of range;Data missing or out of range;Data missing or out of range;Data missing or out of range;Data missing or out of range;Data missing or out of range;-1;Not known;Female;55;46 - 55;-1;-1;-1;3;Urban area;3
2019010156821;538441;161999;-0.013811;51.340228;Metropolitan Police;Serious;1;1;10/01/2019;Thursday;17:40;Croydon;Croydon;C;0;Single carriageway;20 MPH;Not at junction or within 20 metres;Data missing or out of range;-1;0;None within 50 metres ;No physical crossing facilities within 50 metres;Darkness - lights lit;Fine no high winds;Dry;None;None;Urban;Yes;E01001080;1;1;Pedestrian;Male;63;9;Serious;In carriageway, crossing elsewhere;Crossing from driver's nearside;Not car passenger;Not a bus or coach passenger;No / Not applicable;0;Cyclist;More deprived 10-20%;1;Car;No tow/articulation;Going ahead other;On main c'way - not in restricted lane;Not at or within 20 metres of junction;Skidded;None;Did not leave carriageway;None;Front;1;Not known;Female;55;46 - 55;1599;Petrol;15;-1;Data missing or out of range;-1
2019010156822;537448;169766;-0.025057;51.410265;Metropolitan Police;Slight;4;2;10/01/2019;Thursday;20:00;Bromley;Bromley;A;2015;Single carriageway;30 MPH;Crossroads;Auto traffic signal;A;2015;None within 50 metres ;Pedestrian phase at traffic signal junction;Darkness - lights lit;Fine no high winds;Dry;None;Other object on road;Urban;Yes;E01000714;1;1;Driver or rider;Male;42;7;Slight;Not a Pedestrian;Not a Pedestrian;Not car passenger;Not a bus or coach passenger;No / Not applicable;9;Cyclist;Least deprived 10%;1;Car;No tow/articulation;Turning right;On main c'way - not in restricted lane;Mid Junction - on roundabout or on main road;None;Other object;Did not leave carriageway;None;Offside;1;Not known;Male;42;36 - 45;-1;-1;-1;10;Urban area;10
2019010156822;537448;169766;-0.025057;51.410265;Metropolitan Police;Slight;4;2;10/01/2019;Thursday;20:00;Bromley;Bromley;A;2015;Single carriageway;30 MPH;Crossroads;Auto traffic signal;A;2015;None within 50 metres ;Pedestrian phase at traffic signal junction;Darkness - lights lit;Fine no high winds;Dry;None;Other object on road;Urban;Yes;E01000714;1;1;Driver or rider;Male;42;7;Slight;Not a Pedestrian;Not a Pedestrian;Not car passenger;Not a bus or coach passenger;No / Not applicable;9;Cyclist;Least deprived 10%;2;Car;No tow/articulation;Waiting to go - held up;On main c'way - not in restricted lane;Approaching junction or waiting/parked at junction approach;None;None;Did not leave carriageway;None;Offside;1;Not known;Male;70;66 - 75;-1;-1;-1;6;Urban area;6