Accident_Index;Location_Easting_OSGR;Location_Northing_OSGR;Longitude;Latitude;Police_Force;Accident_Severity;Number_of_Vehicles;Number_of_Casualties;Date;Day_of_Week;Time;Local_Authority_(District);Local_Authority_(Highway);1st_Road_Class;1st_Road_Number;Road_Type;Speed_limit;Junction_Detail;Junction_Control;2nd_Road_Class;2nd_Road_Number;Pedestrian_Crossing-Human_Control;Pedestrian_Crossing-Physical_Facilities;Light_Conditions;Weather_Conditions;Road_Surface_Conditions;Special_Conditions_at_Site;Carriageway_Hazards;Urban_or_Rural_Area;Did_Police_Officer_Attend_Scene_of_Accident;LSOA_of_Accident_Location;Vehicle_Reference_x;Casualty_Reference;Casualty_Class;Sex_of_Casualty;Age_of_Casualty;Age_Band_of_Casualty;Casualty_Severity;Pedestrian_Location;Pedestrian_Movement;Car_Passenger;Bus_or_Coach_Passenger;Pedestrian_Road_Maintenance_Worker;Casualty_Type;Casualty_Home_Area_Type;Casualty_IMD_Decile;Vehicle_Reference_y;Vehicle_Type;Towing_and_Articulation;Vehicle_Manoeuvre;Vehicle_Location-Restricted_Lane;Junction_Location;Skidding_and_Overturning;Hit_Object_in_Carriageway;Vehicle_Leaving_Carriageway;Hit_Object_off_Carriageway;1st_Point_of_Impact;Was_Vehicle_Left_Hand_Drive?;Journey_Purpose_of_Driver;Sex_of_Driver;Age_of_Driver;Age_Band_of_Driver;Engine_Capacity_(CC);Propulsion_Code;Age_of_Vehicle;Driver_IMD_Decile;Driver_Home_Area_Type;Vehicle_IMD_Decile
2019010156822;537448;169766;-0.025057;51.410265;Metropolitan Police;Slight;4;2;10/01/2019;Thursday;20:00;Bromley;Bromley;A;2015;Single carriageway;30 MPH;Crossroads;Auto traffic signal;A;2015;None within 50 metres ;Pedestrian phase at traffic signal junction;Darkness - lights lit;Fine no high winds;Dry;None;Other object on road;Urban;Yes;E01000714;1;1;Driver or rider;Male;42;7;Slight;Not a Pedestrian;Not a Pedestrian;Not car passenger;Not a bus or coach passenger;No / Not applicable;9;Cyclist;Least deprived 10%;3;Car;No tow/articulation;Going ahead other;On main c'way - not in restricted lane;Approaching junction or waiting/parked at junction approach;None;None;Did not leave carriageway;None;Front;1;Not known;Male;71;66 - 75;-1;-1;-1;10;Urban area;10
2019010156822;537448;169766;-0.025057;51.410265;Metropolitan Police;Slight;4;2;10/01/2019;Thursday;20:00;Bromley;Bromley;A;2015;Single carriageway;30 MPH;Crossroads;Auto traffic signal;A;2015;None within 50 metres ;Pedestrian phase at traffic signal junction;Darkness - lights lit;Fine no high winds;Dry;None;Other object on road;Urban;Yes;E01000714;1;1;Driver or rider;Male;42;7;Slight;Not a Pedestrian;Not a Pedestrian;Not car passenger;Not a bus or coach passenger;No / Not applicable;9;Cyclist;Least deprived 10%;4;Car;No tow/articulation;Waiting to go - held up;On main c'way - not in restricted lane;Approaching junction or waiting/parked at junction approach;None;None;Did not leave carriageway;None;Front;1;Not known;Male;57;56 - 65;-1;-1;-1;10;Urban area;10
2019010156822;537448;169766;-0.025057;51.410265;Metropolitan Police;Slight;4;2;10/01/2019;Thursday;20:00;Bromley;Bromley;A;2015;Single carriageway;30 MPH;Crossroads;Auto traffic signal;A;2015;None within 50 metres ;Pedestrian phase at traffic signal junction;Darkness - lights lit;Fine no high winds;Dry;None;Other object on road;Urban;Yes;E01000714;3;2;Driver or rider;Male;71;10;Slight;Not a Pedestrian;Not a Pedestrian;Not car passenger;Not a bus or coach passenger;No / Not applicable;9;Cyclist;Least deprived 10%;1;Car;No tow/articulation;Turning right;On main c'way - not in restricted lane;Mid Junction - on roundabout or on main road;None;Other object;Did not leave carriageway;None;Offside;1;Not known;Male;42;36 - 45;-1;-1;-1;10;Urban area;10
2019010156822;537448;169766;-0.025057;51.410265;Metropolitan Police;Slight;4;2;10/01/2019;Thursday;20:00;Bromley;Bromley;A;2015;Single carriageway;30 MPH;Crossroads;Auto traffic signal;A;2015;None within 50 metres ;Pedestrian phase at traffic signal junction;Darkness - lights lit;Fine no high winds;Dry;None;Other object on road;Urban;Yes;E01000714;3;2;Driver or rider;Male;71;10;Slight;Not a Pedestrian;Not a Pedestrian;Not car passenger;Not a bus or coach passenger;No / Not applicable;9;Cyclist;Least deprived 10%;2;Car;No tow/articulation;Waiting to go - held up;On main c'way - not in restricted lane;Approaching junction or waiting/parked at junction approach;None;None;Did not leave carriageway;None;Offside;1;Not known;Male;70;66 - 75;-1;-1;-1;6;Urban area;6
2019010156822;537448;169766;-0.025057;51.410265;Metropolitan Police;Slight;4;2;10/01/2019;Thursday;20:00;Bromley;Bromley;A;2015;Single carriageway;30 MPH;Crossroads;Auto traffic signal;A;2015;None within 50 metres ;Pedestrian phase at traffic signal junction;Darkness - lights lit;Fine no high winds;Dry;None;Other object on road;Urban;Yes;E01000714;3;2;Driver or rider;Male;71;10;Slight;Not a Pedestrian;Not a Pedestrian;Not car passenger;Not a bus or coach passenger;No / Not applicable;9;Cyclist;Least deprived 10%;3;Car;No tow/articulation;Going ahead other;On main c'way - not in restricted lane;Approaching junction or waiting/parked at junction approach;None;None;Did not leave carriageway;None;Front;1;Not known;Male;71;66 - 75;-1;-1;-1;10;Urban area;10
2019010156822;537448;169766;-0.025057;51.410265;Metropolitan Police;Slight;4;2;10/01/2019;Thursday;20:00;Bromley;Bromley;A;2015;Single carriageway;30 MPH;Crossroads;Auto traffic signal;A;2015;None within 50 metres ;Pedestrian phase at traffic signal junction;Darkness - lights lit;Fine no high winds;Dry;None;Other object on road;Urban;Yes;E01000714;3;2;Driver or rider;Male;71;10;Slight;Not a Pedestrian;Not a Pedestrian;Not car passenger;Not a bus or coach passenger;No / Not applicable;9;Cyclist;Least deprived 10%;4;Car;No tow/articulation;Waiting to go - held up;On main c'way - not in restricted lane;Approaching junction or waiting/parked at junction approach;None;None;Did not leave carriageway;None;Front;1;Not known;Male;57;56 - 65;-1;-1;-1;10;Urban area;10
2019010156824;536601;163179;-0.039759;51.351276;Metropolitan Police;Slight;2;1;10/01/2019;Thursday;20:15;Croydon;Croydon;A;2022;Slip road;30 MPH;Not at junction or within 20 metres;Data missing or out of range;-1;0;None within 50 metres ;Pedestrian phase at traffic signal junction;Darkness - lighting unknown;Other;Data missing or out of range;None;None;Urban;No - accident was reported using a self completion  form (self rep only);E01001061;1;1;Driver or rider;Female;17;4;Slight;Not a Pedestrian;Not a Pedestrian;Not car passenger;Not a bus or coach passenger;No / Not applicable;9;Cyclist;Less deprived 10-20%;1;Car;No tow/articulation;Data missing or out of range;Data missing or out of range;Not at or within 20 metres of junction;Data missing or out of range;Data missing or out of range;Data missing or out of range;Data missing or out of range;Front;-1;Not known;Female;17;16 - 20;-1;-1;-1;9;Urban area;9
2019010156824;536601;163179;-0.039759;51.351276;Metropolitan Police;Slight;2;1;10/01/2019;Thursday;20:15;Croydon;Croydon;A;2022;Slip road;30 MPH;Not at junction or within 20 metres;Data missing or out of range;-1;0;None within 50 metres ;Pedestrian phase at traffic signal junction;Darkness - lighting unknown;Other;Data missing or out of range;None;None;Urban;No - accident was reported using a self completion  form (self rep only);E01001061;1;1;Driver or rider;Female;17;4;Slight;Not a Pedestrian;Not a Pedestrian;Not car passenger;Not a bus or coach passenger;No / Not applicable;9;Cyclist;Less deprived 10-20%;2;Car;No tow/articulation;Data missing or out of range;Data missing or out of range;Not at or within 20 metres of junction;Data missing or out of range;Data missing or out of range;Data missing or out of range;Data missing or out of range;Back;-1;Not known;Not known;22;21 - 25;-1;-1;-1;2;Urban area;2
2019010156825;545902;176554;0.09921;51.46915;Metropolitan Police;Slight;1;1;10/01/2019;Thursday;20:55;Bexley;Bexley;Unclassified;0;Single carriageway;30 MPH;T or staggered junction;Give way or uncontrolled;C;0;None within 50 metres ;No physical crossing facilities within 50 metres;Darkness - lights lit;Fine no high winds;Dry;None;None;Urban;Yes;E01000400;1;1;Passenger;Male;23;5;Slight;Not a Pedestrian;Not a Pedestrian;Rear seat passenger;Not a bus or coach passenger;No / Not applicable;9;Cyclist;More deprived 30-40%;1;Car;No tow/articulation;Turning right;Footway (pavement);Leaving main road;Skidded;Kerb;Nearside;Wall or fence;Front;1;Not known;Male;23;21 - 25;-1;-1;-1;6;Urban area;6
2019010156826;517625;194391;-0.301728;51.636041;Metropolitan Police;Slight;1;1;10/01/2019;Thursday;21:40;Barnet;Barnet;Unclassified;0;Dual carriageway;70 MPH;Slip road;Give way or uncontrolled;Motorway;1;None within 50 metres ;No physical crossing facilities within 50 metres;Darkness - lights unlit;Fine no high winds;Wet or damp;None;None;Rural;Yes;E01000188;1;1;Driver or rider;Male;19;4;Slight;Not a Pedestrian;Not a Pedestrian;Not car passenger;Not a bus or coach passenger;No / Not applicable;9;Cyclist;Less deprived 40-50%;1;Car;No tow/articulation;Going ahead right-hand bend;On main c'way - not in restricted lane;Entering from slip road;Overturned;None;Did not leave carriageway;None;Did not impact;1;Journey as part of work;Male;19;16 - 20;-1;-1;-1;6;Urban area;6
2019010156832;524078;175434;-0.215211;51.464286;Metropolitan Police;Slight;2;1;10/01/2019;Thursday;17:54;Wandsworth;Wandsworth;A;219;Single carriageway;30 MPH;Not at junction or within 20 metres;Data missing or out of range;-1;0;None within 50 metres ;Pelican, puffin, toucan or similar non-junction pedestrian light crossing;Darkness - lights lit;Fine no high winds;Wet or damp;None;None;Urban;Yes;E01004609;1;1;Driver or rider;Male;45;7;Slight;Not a Pedestrian;Not a Pedestrian;Not car passenger;Not a bus or coach passenger;No / Not applicable;2;Cyclist;More deprived 30-40%;1;Motorcycle 50cc and under;No tow/articulation;Moving off;On main c'way - not in restricted lane;Not at or within 20 metres of junction;None;None;Did not leave carriageway;None;Front;1;Not known;Male;45;36 - 45;-1;-1;-1;4;Urban area;4
2019010156832;524078;175434;-0.215211;51.464286;Metropolitan Police;Slight;2;1;10/01/2019;Thursday;17:54;Wandsworth;Wandsworth;A;219;Single carriageway;30 MPH;Not at junction or within 20 metres;Data missing or out of range;-1;0;None within 50 metres ;Pelican, puffin, toucan or similar non-junction pedestrian light crossing;Darkness - lights lit;Fine no high winds;Wet or damp;None;None;Urban;Yes;E01004609;1;1;Driver or rider;Male;45;7;Slight;Not a Pedestrian;Not a Pedestrian;Not car passenger;Not a bus or coach passenger;No / Not applicable;2;Cyclist;More deprived 30-40%;2;Van / Goods 3.5 tonnes mgw or under;No tow/articulation;U-turn;On main c'way - not in restricted lane;Not at or within 20 metres of junction;None;None;Did not leave carriageway;None;Offside;1;Commuting to/from work;Male;25;21 - 25;-1;-1;-1;1;Urban area;1
2019010156835;532623;171884;-0.093601;51.430447;Metropolitan Police;Slight;2;1;10/01/2019;Thursday;14:30;Lambeth;Lambeth;Unclassified;0;Unknown;20 MPH;T or staggered junction;Data missing or out of range;Unclassified;0;Data missing or out of range;Data missing or out of range;Daylight;Other;Wet or damp;None;None;Urban;No - accident was reported using a self completion  form (self rep only);E01003065;1;1;Driver or rider;Female;33;6;Slight;Not a Pedestrian;Not a Pedestrian;Not car passenger;Not a bus or coach passenger;No / Not applicable;9;Cyclist;Least deprived 10%;1;Car;No tow/articulation;Data missing or out of range;Data missing or out of range;Data missing or out of range;Data missing or out of range;Data missing or out of range;Data missing or out of range;Data missing or out of range;Front;-1;Not known;Female;33;26 - 35;-1;-1;-1;10;Urban area;10
2019010156835;532623;171884;-0.093601;51.430447;Metropolitan Police;Slight;2;1;10/01/2019;Thursday;14:30;Lambeth;Lambeth;Unclassified;0;Unknown;20 MPH;T or staggered junction;Data missing or out of range;Unclassified;0;Data missing or out of range;Data missing or out of range;Daylight;Other;Wet or damp;None;None;Urban;No - accident was reported using a self completion  form (self rep only);E01003065;1;1;Driver or rider;Female;33;6;Slight;Not a Pedestrian;Not a Pedestrian;Not car passenger;Not a bus or coach passenger;No / Not applicable;9;Cyclist;Least deprived 10%;2;Car;Data missing or out of range;Data missing or out of range;Data missing or out of range;Data missing or out of range;Data missing or out of range;Data missing or out of range;Data missing or out of range;Data missing or out of range;Front;-1;Not known;Not known;-1;Data missing or out of range;-1;-1;-1;-1;Data missing or out of range;-1
2019010156841;547233;188148;0.123198;51.572981;Metropolitan Police;Slight;2;1;10/01/2019;Thursday;21:15;Redbridge;Redbridge;Unclassified;0;Unknown;30 MPH;T or staggered junction;Give way or uncontrolled;Unclassified;0;Data missing or out of range;Data missing or out of range;Darkness - lights lit;Fine no high winds;Dry;None;None;Urban;No - accident was reported using a self completion  form (self rep only);E01003661;1;1;Driver or rider;Female;19;4;Slight;Not a Pedestrian;Not a Pedestrian;Not car passenger;Not a bus or coach passenger;No / Not applicable;9;Cyclist;More deprived 30-40%;1;Car;No tow/articulation;Data missing or out of range;Data missing or out of range;Data missing or out of range;Data missing or out of range;Data missing or out of range;Data missing or out of range;Data missing or out of range;Back;-1;Not known;Female;19;16 - 20;-1;-1;-1;4;Urban area;4
2019010156841;547233;188148;0.123198;51.572981;Metropolitan Police;Slight;2;1;10/01/2019;Thursday;21:15;Redbridge;Redbridge;Unclassified;0;Unknown;30 MPH;T or staggered junction;Give way or uncontrolled;Unclassified;0;Data missing or out of range;Data missing or out of range;Darkness - lights lit;Fine no high winds;Dry;None;None;Urban;No - accident was reported using a self completion  form (self rep only);E01003661;1;1;Driver or rider;Female;19;4;Slight;Not a Pedestrian;Not a Pedestrian;Not car passenger;Not a bus or coach passenger;No / Not applicable;9;Cyclist;More deprived 30-40%;2;Car;No tow/articulation;Data missing or out of range;Data missing or out of range;Data missing or out of range;Data missing or out of range;Data missing or out of range;Data missing or out of range;Data missing or out of range;Front;-1;Not known;Not known;-1;Data missing or out of range;-1;-1;-1;-1;Data missing or out of range;-1
2019010156843;531297;161669;-0.116437;51.338955;Metropolitan Police;Slight;2;1;09/01/2019;Wednesday;16:30;Croydon;Croydon;A;23;One way street;30 MPH;Roundabout;Auto traffic signal;Unclassified;0;None within 50 metres ;No physical crossing facilities within 50 metres;Darkness - lights lit;Fine no high winds;Dry;None;None;Urban;No - accident was reported using a self completion  form (self rep only);E01001097;1;1;Driver or rider;Female;26;6;Slight;Not a Pedestrian;Not a Pedestrian;Not car passenger;Not a bus or coach passenger;No / Not applicable;9;Cyclist;Less deprived 30-40%;1;Car;No tow/articulation;Going ahead other;Data missing or out of range;Data missing or out of range;Data missing or out of range;Data missing or out of range;Data missing or out of range;Data missing or out of range;Back;-1;Not known;Female;26;26 - 35;-1;-1;-1;7;Urban area;7
2019010156843;531297;161669;-0.116437;51.338955;Metropolitan Police;Slight;2;1;09/01/2019;Wednesday;16:30;Croydon;Croydon;A;23;One way street;30 MPH;Roundabout;Auto traffic signal;Unclassified;0;None within 50 metres ;No physical crossing facilities within 50 metres;Darkness - lights lit;Fine no high winds;Dry;None;None;Urban;No - accident was reported using a self completion  form (self rep only);E01001097;1;1;Driver or rider;Female;26;6;Slight;Not a Pedestrian;Not a Pedestrian;Not car passenger;Not a bus or coach passenger;No / Not applicable;9;Cyclist;Less deprived 30-40%;2;Van / Goods 3.5 tonnes mgw or under;Data missing or out of range;Data missing or out of range;Data missing or out of range;Data missing or out of range;Data missing or out of range;Data missing or out of range;Data missing or out of range;Data missing or out of range;Front;-1;Not known;Male;33;26 - 35;-1;-1;-1;5;Urban area;5
2019010156849;543733;177950;0.068572;51.482248;Metropolitan Police;Serious;1;1;10/01/2019;Thursday;19:13;Greenwich;Greenwich;C;0;Single carriageway;30 MPH;T or staggered junction;Give way or uncontrolled;Unclassified;0;None within 50 metres ;Central refuge;Darkness - lights lit;Fine no high winds;Wet or damp;None;None;Urban;Yes;E01001703;1;1;Pedestrian;Male;41;7;Serious;Crossing on pedestrian crossing facility;Crossing from driver's nearside;Not car passenger;Not a bus or coach passenger;No / Not applicable;0;Cyclist;More deprived 30-40%;1;Car;No tow/articulation;Going ahead other;On main c'way - not in restricted lane;Cleared junction or waiting/parked at junction exit;None;None;Did not leave carriageway;None;Front;1;Not known;Female;43;36 - 45;-1;-1;-1;1;Urban area;1
2019010156851;532586;191086;-0.086917;51.603016;Metropolitan Police;Slight;1;1;10/01/2019;Thursday;21:50;Haringey;Haringey;A;1080;Dual carriageway;30 MPH;More than 4 arms (not roundabout);Give way or uncontrolled;A;10;Control by school crossing patrol;Pelican, puffin, toucan or similar non-junction pedestrian light crossing;Darkness - lights lit;Fine no high winds;Dry;None;Other object on road;Urban;Yes;E01002096;1;1;Driver or rider;Male;19;4;Slight;Not a Pedestrian;Not a Pedestrian;Not car passenger;Not a bus or coach passenger;No / Not applicable;9;Cyclist;Most deprived 10%;1;Car;No tow/articulation;Turning left;On main c'way - not in restricted lane;Mid Junction - on roundabout or on main road;None;Other object;Offside on to central reservation;Road sign or traffic signal;Front;1;Not known;Male;19;16 - 20;-1;-1;-1;1;Urban area;1
2019010156852;526061;172972;-0.187556;51.441722;Metropolitan Police;Slight;2;1;10/01/2019;Thursday;22:58;Wandsworth;Wandsworth;A;217;Single carriageway;30 MPH;T or staggered junction;Auto traffic signal;Unclassified;0;None within 50 metres ;Pedestrian phase at traffic signal junction;Darkness - lights lit;Fine no high winds;Dry;None;None;Urban;Yes;E01004496;1;1;Driver or rider;Female;41;7;Slight;Not a Pedestrian;Not a Pedestrian;Not car passenger;Not a bus or coach passenger;No / Not applicable;1;-1;Data missing or out of range;1;Pedal cycle;No tow/articulation;Going ahead other;On main c'way - not in restricted lane;Approaching junction or waiting/parked at junction approach;None;None;Did not leave carriageway;None;Did not impact;1;Not known;Female;41;36 - 45;-1;-1;-1;-1;Data missing or out of range;-1
2019010156852;526061;172972;-0.187556;51.441722;Metropolitan Police;Slight;2;1;10/01/2019;Thursday;22:58;Wandsworth;Wandsworth;A;217;Single carriageway;30 MPH;T or staggered junction;Auto traffic signal;Unclassified;0;None within 50 metres ;Pedestrian phase at traffic signal junction;Darkness - lights lit;Fine no high winds;Dry;None;None;Urban;Yes;E01004496;1;1;Driver or rider;Female;41;7;Slight;Not a Pedestrian;Not a Pedestrian;Not car passenger;Not a bus or coach passenger;No / Not applicable;1;-1;Data missing or out of range;2;Car;No tow/articulation;Turning left;On main c'way - not in restricted lane;Approaching junction or waiting/parked at junction approach;None;None;Did not leave carriageway;None;Did not impact;1;Not known;Not known;-1;Data missing or out of range;-1;-1;-1;-1;Data missing or out of range;-1
2019010156854;529195;184182;-0.138388;51.54176;Metropolitan Police;Slight;1;2;10/01/2019;Thursday;02:11;Camden;Camden;A;503;Single carriageway;30 MPH;Crossroads;Auto traffic signal;A;5202;None within 50 metres ;Pedestrian phase at traffic signal junction;Darkness - lights lit;Fine no high winds;Wet or damp;None;None;Urban;Yes;E01000861;1;1;Passenger;Female;20;4;Slight;Not a Pedestrian;Not a Pedestrian;Front seat passenger;Not a bus or coach passenger;No / Not applicable;8;Cyclist;More deprived 10-20%;1;Taxi/Private hire car;No tow/articulation;Going ahead other;On main c'way - not in restricted lane;Mid Junction - on roundabout or on main road;None;None;Offside;Road sign or traffic signal;Front;1;Not known;Female;22;21 - 25;-1;-1;-1;2;Urban area;2
2019010156854;529195;184182;-0.138388;51.54176;Metropolitan Police;Slight;1;2;10/01/2019;Thursday;02:11;Camden;Camden;A;503;Single carriageway;30 MPH;Crossroads;Auto traffic signal;A;5202;None within 50 metres ;Pedestrian phase at traffic signal junction;Darkness - lights lit;Fine no high winds;Wet or damp;None;None;Urban;Yes;E01000861;1;2;Driver or rider;Female;22;5;Slight;Not a Pedestrian;Not a Pedestrian;Not car passenger;Not a bus or coach passenger;No / Not applicable;8;Cyclist;More deprived 10-20%;1;Taxi/Private hire car;No tow/articulation;Going ahead other;On main c'way - not in restricted lane;Mid Junction - on roundabout or on main road;None;None;Offside;Road sign or traffic signal;Front;1;Not known;Female;22;21 - 25;-1;-1;-1;2;Urban area;2
2019010156855;517159;184567;-0.311735;51.547843;Metropolitan Police;Serious;2;1;10/01/2019;Thursday;23:59;Brent;Brent;A;4005;Single carriageway;30 MPH;T or staggered junction;Auto traffic signal;A;4090;None within 50 metres ;Pedestrian phase at traffic signal junction;Darkness - lights lit;Fine no high winds;Wet or damp;None;None;Urban;Yes;E01000475;2;1;Driver or rider;Male;41;7;Serious;Not a Pedestrian;Not a Pedestrian;Not car passenger;Not a bus or coach passenger;No / Not applicable;3;Cyclist;Less deprived 40-50%;1;Car;No tow/articulation;Turning right;On main c'way - not in restricted lane;Mid Junction - on roundabout or on main road;None;None;Did not leave carriageway;None;Front;1;Not known;Male;20;16 - 20;-1;-1;-1;4;Urban area;4
2019010156855;517159;184567;-0.311735;51.547843;Metropolitan Police;Serious;2;1;10/01/2019;Thursday;23:59;Brent;Brent;A;4005;Single carriageway;30 MPH;T or staggered junction;Auto traffic signal;A;4090;None within 50 metres ;Pedestrian phase at traffic signal junction;Darkness - lights lit;Fine no high winds;Wet or damp;None;None;Urban;Yes;E01000475;2;1;Driver or rider;Male;41;7;Serious;Not a Pedestrian;Not a Pedestrian;Not car passenger;Not a bus or coach passenger;No / Not applicable;3;Cyclist;Less deprived 40-50%;2;Motorcycle 125cc and under;No tow/articulation;Going ahead other;On main c'way - not in restricted lane;Mid Junction - on roundabout or on main road;None;None;Did not leave carriageway;None;Front;1;Not known;Male;41;36 - 45;-1;-1;-1;6;Urban area;6
2019010156856;534222;176760;-0.068765;51.47389;Metropolitan Police;Slight;2;1;10/01/2019;Thursday;23:30;Southwark;Southwark;A;202;Single carriageway;20 MPH;Slip road;Auto traffic signal;B;215;None within 50 metres ;Pelican, puffin, toucan or similar non-junction pedestrian light crossing;Darkness - lights unlit;Fine no high winds;Dry;None;None;Urban;Yes;E01004010;2;1;Driver or rider;Male;24;5;Slight;Not a Pedestrian;Not a Pedestrian;Not car passenger;Not a bus or coach passenger;No / Not applicable;1;-1;Data missing or out of range;1;Car;No tow/articulation;U-turn;On main c'way - not in restricted lane;Approaching junction or waiting/parked at junction approach;None;None;Did not leave carriageway;None;Nearside;1;Not known;Male;42;36 - 45;-1;-1;-1;10;Urban area;10
2019010156856;534222;176760;-0.068765;51.47389;Metropolitan Police;Slight;2;1;10/01/2019;Thursday;23:30;Southwark;Southwark;A;202;Single carriageway;20 MPH;Slip road;Auto traffic signal;B;215;None within 50 metres ;Pelican, puffin, toucan or similar non-junction pedestrian light crossing;Darkness - lights unlit;Fine no high winds;Dry;None;None;Urban;Yes;E01004010;2;1;Driver or rider;Male;24;5;Slight;Not a Pedestrian;Not a Pedestrian;Not car passenger;Not a bus or coach passenger;No / Not applicable;1;-1;Data missing or out of range;2;Pedal cycle;No tow/articulation;Moving off;Footway (pavement);Approaching junction or waiting/parked at junction approach;None;None;Did not leave carriageway;None;Front;1;Not known;Male;24;21 - 25;-1;-1;-1;-1;Data missing or out of range;-1
2019010156857;528280;199616;-0.145933;51.680669;Metropolitan Police;Slight;2;2;10/01/2019;Thursday;21:30;Enfield;Enfield;A;1005;Dual carriageway;50 MPH;Not at junction or within 20 metres;Data missing or out of range;-1;0;None within 50 metres ;No physical crossing facilities within 50 metres;Darkness - lights lit;Fine no high winds;Wet or damp;None;None;Rural;Yes;E01001412;1;1;Driver or rider;Male;41;7;Slight;Not a Pedestrian;Not a Pedestrian;Not car passenger;Not a bus or coach passenger;No / Not applicable;9;Cyclist;Less deprived 20-30%;1;Car;No tow/articulation;Going ahead left-hand bend;On main c'way - not in restricted lane;Not at or within 20 metres of junction;None;Kerb;Did not leave carriageway;None;Front;1;Journey as part of work;Male;41;36 - 45;-1;-1;-1;8;Urban area;8
2019010156857;528280;199616;-0.145933;51.680669;Metropolitan Police;Slight;2;2;10/01/2019;Thursday;21:30;Enfield;Enfield;A;1005;Dual carriageway;50 MPH;Not at junction or within 20 metres;Data missing or out of range;-1;0;None within 50 metres ;No physical crossing facilities within 50 metres;Darkness - lights lit;Fine no high winds;Wet or damp;None;None;Rural;Yes;E01001412;1;1;Driver or rider;Male;41;7;Slight;Not a Pedestrian;Not a Pedestrian;Not car passenger;Not a bus or coach passenger;No / Not applicable;9;Cyclist;Less deprived 20-30%;2;Car;No tow/articulation;Going ahead other;On main c'way - not in restricted lane;Not at or within 20 metres of junction;None;Kerb;Did not leave carriageway;None;Front;1;Commuting to/from work;Male;26;26 - 35;-1;-1;-1;6;Urban area;6
2019010156857;528280;199616;-0.145933;51.680669;Metropolitan Police;Slight;2;2;10/01/2019;Thursday;21:30;Enfield;Enfield;A;1005;Dual carriageway;50 MPH;Not at junction or within 20 metres;Data missing or out of range;-1;0;None within 50 metres ;No physical crossing facilities within 50 metres;Darkness - lights lit;Fine no high winds;Wet or damp;None;None;Rural;Yes;E01001412;2;2;Driver or rider;Male;26;6;Slight;Not a Pedestrian;Not a Pedestrian;Not car passenger;Not a bus or coach passenger;No / Not applicable;9;Cyclist;Less deprived 40-50%;1;Car;No tow/articulation;Going ahead left-hand bend;On main c'way - not in restricted lane;Not at or within 20 metres of junction;None;Kerb;Did not leave carriageway;None;Front;1;Journey as part of work;Male;41;36 - 45;-1;-1;-1;8;Urban area;8
2019010156857;528280;199616;-0.145933;51.680669;Metropolitan Police;Slight;2;2;10/01/2019;Thursday;21:30;Enfield;Enfield;A;1005;Dual carriageway;50 MPH;Not at junction or within 20 metres;Data missing or out of range;-1;0;None within 50 metres ;No physical crossing facilities within 50 metres;Darkness - lights lit;Fine no high winds;Wet or damp;None;None;Rural;Yes;E01001412;2;2;Driver or rider;Male;26;6;Slight;Not a Pedestrian;Not a Pedestrian;Not car passenger;Not a bus or coach passenger;No / Not applicable;9;Cyclist;Less deprived 40-50%;2;Car;No tow/articulation;Going ahead other;On main c'way - not in restricted lane;Not at or within 20 metres of junction;None;Kerb;Did not leave carriageway;None;Front;1;Commuting to/from work;Male;26;26 - 35;-1;-1;-1;6;Urban area;6
2019010156859;547715;187609;0.129922;51.568012;Metropolitan Police;Serious;1;1;10/01/2019;Thursday;22:16;Barking and Dagenham;Barking and Dagenham;C;0;Dual carriageway;30 MPH;Not at junction or within 20 metres;Data missing or out of range;-1;0;None within 50 metres ;Zebra;Darkness - lights lit;Fine no high winds;Dry;None;None;Urban;Yes;E01000112;1;1;Pedestrian;Male;29;6;Serious;In centre of carriageway - not on refuge, island or central reservation;Walking along in carriageway, facing traffic;Not car passenger;Not a bus or coach passenger;No / Not applicable;0;Cyclist;More deprived 10-20%;1;Taxi/Private hire car;No tow/articulation;Moving off;On main c'way - not in restricted lane;Not at or within 20 metres of junction;None;None;Did not leave carriageway;None;Front;1;Journey as part of work;Male;80;Over 75;-1;-1;-1;9;Urban area;9
2019010156860;530685;178054;-0.119185;51.486346;Metropolitan Police;Slight;1;1;11/01/2019;Friday;04:00;Lambeth;Lambeth;A;3204;Single carriageway;30 MPH;More than 4 arms (not roundabout);Give way or uncontrolled;A;3204;None within 50 metres ;No physical crossing facilities within 50 metres;Darkness - lights lit;Raining no high winds;Wet or damp;None;None;Urban;Yes;E01003102;1;1;Passenger;Female;18;4;Slight;Not a Pedestrian;Not a Pedestrian;Front seat passenger;Not a bus or coach passenger;No / Not applicable;9;Cyclist;More deprived 20-30%;1;Car;No tow/articulation;Slowing or stopping;On main c'way - not in restricted lane;Mid Junction - on roundabout or on main road;Skidded;Kerb;Did not leave carriageway;None;Front;1;Not known;Male;33;26 - 35;-1;-1;-1;4;Urban area;4
2019010156866;535004;167142;-0.061174;51.387271;Metropolitan Police;Slight;2;1;10/01/2019;Thursday;09:20;Croydon;Croydon;A;222;Single carriageway;30 MPH;Not at junction or within 20 metres;Data missing or out of range;-1;0;None within 50 metres ;Pelican, puffin, toucan or similar non-junction pedestrian light crossing;Daylight;Fine no high winds;Dry;None;None;Urban;Yes;E01000990;1;1;Driver or rider;Male;20;4;Slight;Not a Pedestrian;Not a Pedestrian;Not car passenger;Not a bus or coach passenger;No / Not applicable;9;Cyclist;Less deprived 20-30%;1;Car;No tow/articulation;Going ahead other;On main c'way - not in restricted lane;Not at or within 20 metres of junction;None;Parked vehicle;Did not leave carriageway;None;Nearside;1;Commuting to/from work;Male;20;16 - 20;-1;-1;-1;8;Urban area;8