Accident_Index;Location_Easting_OSGR;Location_Northing_OSGR;Longitude;Latitude;Police_Force;Accident_Severity;Number_of_Vehicles;Number_of_Casualties;Date;Day_of_Week;Time;Local_Authority_(District);Local_Authority_(Highway);1st_Road_Class;1st_Road_Number;Road_Type;Speed_limit;Junction_Detail;Junction_Control;2nd_Road_Class;2nd_Road_Number;Pedestrian_Crossing-Human_Control;Pedestrian_Crossing-Physical_Facilities;Light_Conditions;Weather_Conditions;Road_Surface_Conditions;Special_Conditions_at_Site;Carriageway_Hazards;Urban_or_Rural_Area;Did_Police_Officer_Attend_Scene_of_Accident;LSOA_of_Accident_Location;Vehicle_Reference_x;Casualty_Reference;Casualty_Class;Sex_of_Casualty;Age_of_Casualty;Age_Band_of_Casualty;Casualty_Severity;Pedestrian_Location;Pedestrian_Movement;Car_Passenger;Bus_or_Coach_Passenger;Pedestrian_Road_Maintenance_Worker;Casualty_Type;Casualty_Home_Area_Type;Casualty_IMD_Decile;Vehicle_Reference_y;Vehicle_Type;Towing_and_Articulation;Vehicle_Manoeuvre;Vehicle_Location-Restricted_Lane;Junction_Location;Skidding_and_Overturning;Hit_Object_in_Carriageway;Vehicle_Leaving_Carriageway;Hit_Object_off_Carriageway;1st_Point_of_Impact;Was_Vehicle_Left_Hand_Drive?;Journey_Purpose_of_Driver;Sex_of_Driver;Age_of_Driver;Age_Band_of_Driver;Engine_Capacity_(CC);Propulsion_Code;Age_of_Vehicle;Driver_IMD_Decile;Driver_Home_Area_Type;Vehicle_IMD_Decile
2019010156988;523877;185772;-0.214474;51.557241;Metropolitan Police;Serious;1;1;11/01/2019;Friday;16:15;Barnet;Barnet;A;407;Dual carriageway;30 MPH;Not at junction or within 20 metres;Data missing or out of range;-1;0;None within 50 metres ;No physical crossing facilities within 50 metres;Daylight;Fine no high winds;Dry;None;None;Urban;Yes;E01000141;1;1;Pedestrian;Female;12;3;Serious;In carriageway, crossing elsewhere;Crossing from driver's offside;Not car passenger;Not a bus or coach passenger;No / Not applicable;0;Cyclist;More deprived 40-50%;1;Car;No tow/articulation;Moving off;On main c'way - not in restricted lane;Not at or within 20 metres of junction;None;None;Did not leave carriageway;None;Front;1;Journey as part of work;Male;32;26 - 35;2494;Petrol;22;7;Small town;7
2019010156990;523925;181315;-0.21535;51.517174;Metropolitan Police;Slight;1;1;11/01/2019;Friday;13:15;Kensington and Chelsea;Kensington and Chelsea;Unclassified;0;Single carriageway;30 MPH;Not at junction or within 20 metres;Data missing or out of range;-1;0;None within 50 metres ;Pedestrian phase at traffic signal junction;Daylight;Fine no high winds;Dry;None;None;Urban;Yes;E01002878;1;1;Pedestrian;Female;62;9;Slight;Crossing elsewhere within 50m. of pedestrian crossing;Crossing from offside - masked by  parked or stationary vehicle;Not car passenger;Not a bus or coach passenger;No / Not applicable;0;Cyclist;More deprived 10-20%;1;Car;No tow/articulation;Going ahead other;On main c'way - not in restricted lane;Not at or within 20 metres of junction;None;None;Did not leave carriageway;None;Offside;1;Not known;Male;29;26 - 35;-1;-1;-1;3;Urban area;3
2019010156991;520500;175400;-0.266705;51.464752;Metropolitan Police;Slight;2;1;10/01/2019;Thursday;08:30;Richmond upon Thames;Richmond upon Thames;A;205;Dual carriageway;20 MPH;T or staggered junction;Auto traffic signal;B;351;Data missing or out of range;Data missing or out of range;Daylight;Fine no high winds;Dry;None;None;Urban;No - accident was reported using a self completion  form (self rep only);E01003807;1;1;Driver or rider;Female;27;6;Slight;Not a Pedestrian;Not a Pedestrian;Not car passenger;Not a bus or coach passenger;No / Not applicable;1;Cyclist;Less deprived 10-20%;1;Pedal cycle;Data missing or out of range;Data missing or out of range;Data missing or out of range;Data missing or out of range;Data missing or out of range;Data missing or out of range;Data missing or out of range;Data missing or out of range;Data missing or out of range;1;Commuting to/from work;Female;27;26 - 35;-1;-1;-1;9;Urban area;9
2019010156991;520500;175400;-0.266705;51.464752;Metropolitan Police;Slight;2;1;10/01/2019;Thursday;08:30;Richmond upon Thames;Richmond upon Thames;A;205;Dual carriageway;20 MPH;T or staggered junction;Auto traffic signal;B;351;Data missing or out of range;Data missing or out of range;Daylight;Fine no high winds;Dry;None;None;Urban;No - accident was reported using a self completion  form (self rep only);E01003807;1;1;Driver or rider;Female;27;6;Slight;Not a Pedestrian;Not a Pedestrian;Not car passenger;Not a bus or coach passenger;No / Not applicable;1;Cyclist;Less deprived 10-20%;2;Car;No tow/articulation;Data missing or out of range;Data missing or out of range;Data missing or out of range;Data missing or out of range;Data missing or out of range;Data missing or out of range;Data missing or out of range;Front;-1;Not known;Not known;35;26 - 35;-1;-1;-1;10;Small town;10
2019010156996;525365;190915;-0.191186;51.603132;Metropolitan Police;Serious;1;1;11/01/2019;Friday;14:24;Barnet;Barnet;A;598;Single carriageway;30 MPH;T or staggered junction;Give way or uncontrolled;Unclassified;0;None within 50 metres ;Pelican, puffin, toucan or similar non-junction pedestrian light crossing;Daylight;Fine no high winds;Dry;None;None;Urban;Yes;E01000298;1;1;Pedestrian;Male;45;7;Serious;In carriageway, crossing elsewhere;Crossing from driver's nearside;Not car passenger;Not a bus or coach passenger;No / Not applicable;0;Cyclist;Less deprived 30-40%;1;Car;No tow/articulation;Going ahead other;On main c'way - not in restricted lane;Cleared junction or waiting/parked at junction exit;None;None;Did not leave carriageway;None;Front;1;Not known;Male;22;21 - 25;-1;-1;-1;-1;Data missing or out of range;-1
2019010157000;539804;180859;0.013179;51.509373;Metropolitan Police;Slight;2;1;11/01/2019;Friday;17:45;Newham;Newham;A;1011;Dual carriageway;30 MPH;Not at junction or within 20 metres;Data missing or out of range;-1;0;None within 50 metres ;No physical crossing facilities within 50 metres;Darkness - lights lit;Other;Wet or damp;None;None;Urban;Yes;E01033576;2;1;Driver or rider;Male;36;7;Slight;Not a Pedestrian;Not a Pedestrian;Not car passenger;Not a bus or coach passenger;No / Not applicable;8;Cyclist;More deprived 20-30%;1;Car;No tow/articulation;Overtaking moving vehicle - offside;On main c'way - not in restricted lane;Not at or within 20 metres of junction;None;None;Did not leave carriageway;None;Offside;1;Commuting to/from work;Male;37;36 - 45;-1;-1;-1;2;Urban area;2
2019010157000;539804;180859;0.013179;51.509373;Metropolitan Police;Slight;2;1;11/01/2019;Friday;17:45;Newham;Newham;A;1011;Dual carriageway;30 MPH;Not at junction or within 20 metres;Data missing or out of range;-1;0;None within 50 metres ;No physical crossing facilities within 50 metres;Darkness - lights lit;Other;Wet or damp;None;None;Urban;Yes;E01033576;2;1;Driver or rider;Male;36;7;Slight;Not a Pedestrian;Not a Pedestrian;Not car passenger;Not a bus or coach passenger;No / Not applicable;8;Cyclist;More deprived 20-30%;2;Taxi/Private hire car;No tow/articulation;Going ahead other;On main c'way - not in restricted lane;Not at or within 20 metres of junction;None;None;Did not leave carriageway;None;Offside;1;Not known;Male;36;36 - 45;-1;-1;-1;3;Urban area;3
2019010157009;529994;181453;-0.12788;51.517051;Metropolitan Police;Slight;1;1;11/01/2019;Friday;17:35;Camden;Camden;Unclassified;0;One way street;20 MPH;Crossroads;Give way or uncontrolled;Unclassified;0;None within 50 metres ;No physical crossing facilities within 50 metres;Darkness - lights lit;Fine no high winds;Dry;None;None;Urban;Yes;E01000855;1;1;Driver or rider;Female;37;7;Slight;Not a Pedestrian;Not a Pedestrian;Not car passenger;Not a bus or coach passenger;No / Not applicable;1;Cyclist;Less deprived 40-50%;1;Pedal cycle;No tow/articulation;Going ahead other;Cycleway or shared use footway (not part of  main carriageway);Cleared junction or waiting/parked at junction exit;None;None;Did not leave carriageway;None;Nearside;1;Commuting to/from work;Female;37;36 - 45;-1;-1;-1;6;Urban area;6
2019010157013;534486;181721;-0.063076;51.518409;Metropolitan Police;Serious;1;1;11/01/2019;Friday;15:50;Tower Hamlets;Tower Hamlets;A;11;Dual carriageway;30 MPH;Crossroads;Auto traffic signal;B;108;None within 50 metres ;No physical crossing facilities within 50 metres;Daylight;Fine no high winds;Dry;None;None;Urban;Yes;E01004309;1;1;Pedestrian;Male;6;2;Serious;In carriageway, not crossing;In carriageway, stationary - not crossing  (standing or playing);Not car passenger;Not a bus or coach passenger;No / Not applicable;0;Cyclist;More deprived 10-20%;1;Other vehicle;No tow/articulation;Going ahead other;Cycle lane (on main carriageway);Cleared junction or waiting/parked at junction exit;None;None;Did not leave carriageway;None;Front;1;Commuting to/from work;Male;38;36 - 45;-1;-1;-1;3;Urban area;3
2019010157015;541539;174605;0.035658;51.452743;Metropolitan Police;Slight;3;2;11/01/2019;Friday;18:14;Greenwich;Greenwich;A;210;Roundabout;30 MPH;Roundabout;Give way or uncontrolled;A;205;None within 50 metres ;Zebra;Darkness - lights lit;Fine no high winds;Dry;None;None;Urban;Yes;E01001661;2;1;Driver or rider;Male;36;7;Slight;Not a Pedestrian;Not a Pedestrian;Not car passenger;Not a bus or coach passenger;No / Not applicable;9;Cyclist;Most deprived 10%;1;Car;No tow/articulation;Waiting to turn right;On main c'way - not in restricted lane;Entering roundabout;None;None;Did not leave carriageway;None;Nearside;1;Not known;Female;42;36 - 45;-1;-1;-1;2;Urban area;2
2019010157015;541539;174605;0.035658;51.452743;Metropolitan Police;Slight;3;2;11/01/2019;Friday;18:14;Greenwich;Greenwich;A;210;Roundabout;30 MPH;Roundabout;Give way or uncontrolled;A;205;None within 50 metres ;Zebra;Darkness - lights lit;Fine no high winds;Dry;None;None;Urban;Yes;E01001661;2;1;Driver or rider;Male;36;7;Slight;Not a Pedestrian;Not a Pedestrian;Not car passenger;Not a bus or coach passenger;No / Not applicable;9;Cyclist;Most deprived 10%;2;Car;No tow/articulation;Slowing or stopping;On main c'way - not in restricted lane;Leaving roundabout;None;None;Did not leave carriageway;None;Nearside;1;Not known;Male;36;36 - 45;-1;-1;-1;1;Urban area;1
2019010157015;541539;174605;0.035658;51.452743;Metropolitan Police;Slight;3;2;11/01/2019;Friday;18:14;Greenwich;Greenwich;A;210;Roundabout;30 MPH;Roundabout;Give way or uncontrolled;A;205;None within 50 metres ;Zebra;Darkness - lights lit;Fine no high winds;Dry;None;None;Urban;Yes;E01001661;2;1;Driver or rider;Male;36;7;Slight;Not a Pedestrian;Not a Pedestrian;Not car passenger;Not a bus or coach passenger;No / Not applicable;9;Cyclist;Most deprived 10%;3;Car;No tow/articulation;Turning left;On main c'way - not in restricted lane;Leaving roundabout;None;Bridge (side);Did not leave carriageway;None;Front;1;Not known;Female;24;21 - 25;-1;-1;-1;4;Urban area;4
2019010157015;541539;174605;0.035658;51.452743;Metropolitan Police;Slight;3;2;11/01/2019;Friday;18:14;Greenwich;Greenwich;A;210;Roundabout;30 MPH;Roundabout;Give way or uncontrolled;A;205;None within 50 metres ;Zebra;Darkness - lights lit;Fine no high winds;Dry;None;None;Urban;Yes;E01001661;3;2;Driver or rider;Female;24;5;Slight;Not a Pedestrian;Not a Pedestrian;Not car passenger;Not a bus or coach passenger;No / Not applicable;9;Cyclist;More deprived 30-40%;1;Car;No tow/articulation;Waiting to turn right;On main c'way - not in restricted lane;Entering roundabout;None;None;Did not leave carriageway;None;Nearside;1;Not known;Female;42;36 - 45;-1;-1;-1;2;Urban area;2
2019010157015;541539;174605;0.035658;51.452743;Metropolitan Police;Slight;3;2;11/01/2019;Friday;18:14;Greenwich;Greenwich;A;210;Roundabout;30 MPH;Roundabout;Give way or uncontrolled;A;205;None within 50 metres ;Zebra;Darkness - lights lit;Fine no high winds;Dry;None;None;Urban;Yes;E01001661;3;2;Driver or rider;Female;24;5;Slight;Not a Pedestrian;Not a Pedestrian;Not car passenger;Not a bus or coach passenger;No / Not applicable;9;Cyclist;More deprived 30-40%;2;Car;No tow/articulation;Slowing or stopping;On main c'way - not in restricted lane;Leaving roundabout;None;None;Did not leave carriageway;None;Nearside;1;Not known;Male;36;36 - 45;-1;-1;-1;1;Urban area;1
2019010157015;541539;174605;0.035658;51.452743;Metropolitan Police;Slight;3;2;11/01/2019;Friday;18:14;Greenwich;Greenwich;A;210;Roundabout;30 MPH;Roundabout;Give way or uncontrolled;A;205;None within 50 metres ;Zebra;Darkness - lights lit;Fine no high winds;Dry;None;None;Urban;Yes;E01001661;3;2;Driver or rider;Female;24;5;Slight;Not a Pedestrian;Not a Pedestrian;Not car passenger;Not a bus or coach passenger;No / Not applicable;9;Cyclist;More deprived 30-40%;3;Car;No tow/articulation;Turning left;On main c'way - not in restricted lane;Leaving roundabout;None;Bridge (side);Did not leave carriageway;None;Front;1;Not known;Female;24;21 - 25;-1;-1;-1;4;Urban area;4
2019010157016;526427;184532;-0.178155;51.545531;Metropolitan Police;Slight;2;1;11/01/2019;Friday;19:03;Camden;Camden;A;41;Dual carriageway;30 MPH;Other junction;Auto traffic signal;A;41;None within 50 metres ;No physical crossing facilities within 50 metres;Daylight;Fine no high winds;Dry;None;None;Urban;Yes;E01000960;2;1;Driver or rider;Male;79;11;Slight;Not a Pedestrian;Not a Pedestrian;Not car passenger;Not a bus or coach passenger;No / Not applicable;9;Cyclist;Less deprived 40-50%;1;Car;No tow/articulation;Going ahead other;On main c'way - not in restricted lane;Approaching junction or waiting/parked at junction approach;None;Kerb;Offside - crossed central reservation;None;Front;1;Commuting to/from work;Female;55;46 - 55;-1;-1;-1;7;Urban area;7
2019010157016;526427;184532;-0.178155;51.545531;Metropolitan Police;Slight;2;1;11/01/2019;Friday;19:03;Camden;Camden;A;41;Dual carriageway;30 MPH;Other junction;Auto traffic signal;A;41;None within 50 metres ;No physical crossing facilities within 50 metres;Daylight;Fine no high winds;Dry;None;None;Urban;Yes;E01000960;2;1;Driver or rider;Male;79;11;Slight;Not a Pedestrian;Not a Pedestrian;Not car passenger;Not a bus or coach passenger;No / Not applicable;9;Cyclist;Less deprived 40-50%;2;Car;No tow/articulation;Going ahead other;On main c'way - not in restricted lane;Approaching junction or waiting/parked at junction approach;None;None;Did not leave carriageway;None;Offside;1;Not known;Male;79;Over 75;-1;-1;-1;6;Urban area;6
2019010157018;537768;173862;-0.018868;51.446995;Metropolitan Police;Serious;1;1;11/01/2019;Friday;14:55;Lewisham;Lewisham;A;21;Single carriageway;30 MPH;T or staggered junction;Give way or uncontrolled;Unclassified;0;None within 50 metres ;Pelican, puffin, toucan or similar non-junction pedestrian light crossing;Daylight;Fine no high winds;Dry;None;None;Urban;Yes;E01003318;1;1;Pedestrian;Male;75;10;Serious;In carriageway, crossing elsewhere;Crossing from driver's offside;Not car passenger;Not a bus or coach passenger;No / Not applicable;0;Cyclist;Most deprived 10%;1;Van / Goods 3.5 tonnes mgw or under;No tow/articulation;Turning right;On main c'way - not in restricted lane;Cleared junction or waiting/parked at junction exit;None;None;Did not leave carriageway;None;Nearside;1;Journey as part of work;Male;23;21 - 25;-1;-1;-1;4;Data missing or out of range;4
2019010157022;533785;168705;-0.078094;51.401606;Metropolitan Police;Slight;2;1;11/01/2019;Friday;18:20;Croydon;Croydon;A;215;Single carriageway;30 MPH;Other junction;Give way or uncontrolled;Unclassified;0;None within 50 metres ;Data missing or out of range;Darkness - lights unlit;Fine no high winds;Dry;None;None;Urban;No - accident was reported using a self completion  form (self rep only);E01001142;1;1;Driver or rider;Female;20;4;Slight;Not a Pedestrian;Not a Pedestrian;Not car passenger;Not a bus or coach passenger;No / Not applicable;9;Cyclist;More deprived 20-30%;1;Car;No tow/articulation;Data missing or out of range;Data missing or out of range;Data missing or out of range;Data missing or out of range;Data missing or out of range;Data missing or out of range;Data missing or out of range;Front;-1;Commuting to/from work;Female;20;16 - 20;-1;-1;-1;3;Urban area;3
2019010157022;533785;168705;-0.078094;51.401606;Metropolitan Police;Slight;2;1;11/01/2019;Friday;18:20;Croydon;Croydon;A;215;Single carriageway;30 MPH;Other junction;Give way or uncontrolled;Unclassified;0;None within 50 metres ;Data missing or out of range;Darkness - lights unlit;Fine no high winds;Dry;None;None;Urban;No - accident was reported using a self completion  form (self rep only);E01001142;1;1;Driver or rider;Female;20;4;Slight;Not a Pedestrian;Not a Pedestrian;Not car passenger;Not a bus or coach passenger;No / Not applicable;9;Cyclist;More deprived 20-30%;2;Van / Goods 3.5 tonnes mgw or under;No tow/articulation;Data missing or out of range;Data missing or out of range;Data missing or out of range;Data missing or out of range;Data missing or out of range;Data missing or out of range;Data missing or out of range;Front;-1;Not known;Not known;-1;Data missing or out of range;-1;-1;-1;-1;Data missing or out of range;-1
2019010157026;550933;187381;0.17622;51.565113;Metropolitan Police;Slight;3;3;11/01/2019;Friday;18:45;Havering;Havering;C;0;Single carriageway;30 MPH;Crossroads;Auto traffic signal;A;124;None within 50 metres ;No physical crossing facilities within 50 metres;Darkness - lights lit;Fine no high winds;Dry;None;None;Urban;Yes;E01002248;1;1;Driver or rider;Female;42;7;Slight;Not a Pedestrian;Not a Pedestrian;Not car passenger;Not a bus or coach passenger;No / Not applicable;9;Cyclist;More deprived 20-30%;1;Car;No tow/articulation;Waiting to go - held up;On main c'way - not in restricted lane;Approaching junction or waiting/parked at junction approach;None;Parked vehicle;Did not leave carriageway;None;Front;1;Not known;Female;42;36 - 45;-1;-1;-1;3;Urban area;3
2019010157026;550933;187381;0.17622;51.565113;Metropolitan Police;Slight;3;3;11/01/2019;Friday;18:45;Havering;Havering;C;0;Single carriageway;30 MPH;Crossroads;Auto traffic signal;A;124;None within 50 metres ;No physical crossing facilities within 50 metres;Darkness - lights lit;Fine no high winds;Dry;None;None;Urban;Yes;E01002248;1;1;Driver or rider;Female;42;7;Slight;Not a Pedestrian;Not a Pedestrian;Not car passenger;Not a bus or coach passenger;No / Not applicable;9;Cyclist;More deprived 20-30%;2;Car;No tow/articulation;Moving off;On main c'way - not in restricted lane;Approaching junction or waiting/parked at junction approach;None;None;Did not leave carriageway;None;Front;1;Not known;Male;21;21 - 25;-1;-1;-1;5;Urban area;5
2019010157026;550933;187381;0.17622;51.565113;Metropolitan Police;Slight;3;3;11/01/2019;Friday;18:45;Havering;Havering;C;0;Single carriageway;30 MPH;Crossroads;Auto traffic signal;A;124;None within 50 metres ;No physical crossing facilities within 50 metres;Darkness - lights lit;Fine no high winds;Dry;None;None;Urban;Yes;E01002248;1;1;Driver or rider;Female;42;7;Slight;Not a Pedestrian;Not a Pedestrian;Not car passenger;Not a bus or coach passenger;No / Not applicable;9;Cyclist;More deprived 20-30%;3;Car;No tow/articulation;Moving off;On main c'way - not in restricted lane;Approaching junction or waiting/parked at junction approach;None;None;Did not leave carriageway;None;Front;1;Not known;Male;22;21 - 25;-1;-1;-1;5;Urban area;5
2019010157026;550933;187381;0.17622;51.565113;Metropolitan Police;Slight;3;3;11/01/2019;Friday;18:45;Havering;Havering;C;0;Single carriageway;30 MPH;Crossroads;Auto traffic signal;A;124;None within 50 metres ;No physical crossing facilities within 50 metres;Darkness - lights lit;Fine no high winds;Dry;None;None;Urban;Yes;E01002248;3;2;Driver or rider;Male;22;5;Slight;Not a Pedestrian;Not a Pedestrian;Not car passenger;Not a bus or coach passenger;No / Not applicable;9;Cyclist;More deprived 40-50%;1;Car;No tow/articulation;Waiting to go - held up;On main c'way - not in restricted lane;Approaching junction or waiting/parked at junction approach;None;Parked vehicle;Did not leave carriageway;None;Front;1;Not known;Female;42;36 - 45;-1;-1;-1;3;Urban area;3
2019010157026;550933;187381;0.17622;51.565113;Metropolitan Police;Slight;3;3;11/01/2019;Friday;18:45;Havering;Havering;C;0;Single carriageway;30 MPH;Crossroads;Auto traffic signal;A;124;None within 50 metres ;No physical crossing facilities within 50 metres;Darkness - lights lit;Fine no high winds;Dry;None;None;Urban;Yes;E01002248;3;2;Driver or rider;Male;22;5;Slight;Not a Pedestrian;Not a Pedestrian;Not car passenger;Not a bus or coach passenger;No / Not applicable;9;Cyclist;More deprived 40-50%;2;Car;No tow/articulation;Moving off;On main c'way - not in restricted lane;Approaching junction or waiting/parked at junction approach;None;None;Did not leave carriageway;None;Front;1;Not known;Male;21;21 - 25;-1;-1;-1;5;Urban area;5
2019010157026;550933;187381;0.17622;51.565113;Metropolitan Police;Slight;3;3;11/01/2019;Friday;18:45;Havering;Havering;C;0;Single carriageway;30 MPH;Crossroads;Auto traffic signal;A;124;None within 50 metres ;No physical crossing facilities within 50 metres;Darkness - lights lit;Fine no high winds;Dry;None;None;Urban;Yes;E01002248;3;2;Driver or rider;Male;22;5;Slight;Not a Pedestrian;Not a Pedestrian;Not car passenger;Not a bus or coach passenger;No / Not applicable;9;Cyclist;More deprived 40-50%;3;Car;No tow/articulation;Moving off;On main c'way - not in restricted lane;Approaching junction or waiting/parked at junction approach;None;None;Did not leave carriageway;None;Front;1;Not known;Male;22;21 - 25;-1;-1;-1;5;Urban area;5
2019010157026;550933;187381;0.17622;51.565113;Metropolitan Police;Slight;3;3;11/01/2019;Friday;18:45;Havering;Havering;C;0;Single carriageway;30 MPH;Crossroads;Auto traffic signal;A;124;None within 50 metres ;No physical crossing facilities within 50 metres;Darkness - lights lit;Fine no high winds;Dry;None;None;Urban;Yes;E01002248;3;3;Passenger;Male;21;5;Slight;Not a Pedestrian;Not a Pedestrian;Front seat passenger;Not a bus or coach passenger;No / Not applicable;9;Cyclist;Less deprived 20-30%;1;Car;No tow/articulation;Waiting to go - held up;On main c'way - not in restricted lane;Approaching junction or waiting/parked at junction approach;None;Parked vehicle;Did not leave carriageway;None;Front;1;Not known;Female;42;36 - 45;-1;-1;-1;3;Urban area;3
2019010157026;550933;187381;0.17622;51.565113;Metropolitan Police;Slight;3;3;11/01/2019;Friday;18:45;Havering;Havering;C;0;Single carriageway;30 MPH;Crossroads;Auto traffic signal;A;124;None within 50 metres ;No physical crossing facilities within 50 metres;Darkness - lights lit;Fine no high winds;Dry;None;None;Urban;Yes;E01002248;3;3;Passenger;Male;21;5;Slight;Not a Pedestrian;Not a Pedestrian;Front seat passenger;Not a bus or coach passenger;No / Not applicable;9;Cyclist;Less deprived 20-30%;2;Car;No tow/articulation;Moving off;On main c'way - not in restricted lane;Approaching junction or waiting/parked at junction approach;None;None;Did not leave carriageway;None;Front;1;Not known;Male;21;21 - 25;-1;-1;-1;5;Urban area;5
2019010157026;550933;187381;0.17622;51.565113;Metropolitan Police;Slight;3;3;11/01/2019;Friday;18:45;Havering;Havering;C;0;Single carriageway;30 MPH;Crossroads;Auto traffic signal;A;124;None within 50 metres ;No physical crossing facilities within 50 metres;Darkness - lights lit;Fine no high winds;Dry;None;None;Urban;Yes;E01002248;3;3;Passenger;Male;21;5;Slight;Not a Pedestrian;Not a Pedestrian;Front seat passenger;Not a bus or coach passenger;No / Not applicable;9;Cyclist;Less deprived 20-30%;3;Car;No tow/articulation;Moving off;On main c'way - not in restricted lane;Approaching junction or waiting/parked at junction approach;None;None;Did not leave carriageway;None;Front;1;Not known;Male;22;21 - 25;-1;-1;-1;5;Urban area;5
2019010157030;527381;183013;-0.164954;51.531666;Metropolitan Police;Slight;2;4;11/01/2019;Friday;18:35;Westminster;Westminster;Unclassified;0;Single carriageway;30 MPH;Crossroads;Give way or uncontrolled;Unclassified;0;None within 50 metres ;No physical crossing facilities within 50 metres;Darkness - lights lit;Fine no high winds;Dry;None;None;Urban;Yes;E01004727;1;1;Driver or rider;Male;23;5;Slight;Not a Pedestrian;Not a Pedestrian;Not car passenger;Not a bus or coach passenger;No / Not applicable;9;Cyclist;More deprived 10-20%;1;Car;No tow/articulation;Going ahead other;On main c'way - not in restricted lane;Cleared junction or waiting/parked at junction exit;None;None;Did not leave carriageway;None;Front;1;Not known;Male;23;21 - 25;-1;-1;-1;2;Urban area;2
2019010157030;527381;183013;-0.164954;51.531666;Metropolitan Police;Slight;2;4;11/01/2019;Friday;18:35;Westminster;Westminster;Unclassified;0;Single carriageway;30 MPH;Crossroads;Give way or uncontrolled;Unclassified;0;None within 50 metres ;No physical crossing facilities within 50 metres;Darkness - lights lit;Fine no high winds;Dry;None;None;Urban;Yes;E01004727;1;1;Driver or rider;Male;23;5;Slight;Not a Pedestrian;Not a Pedestrian;Not car passenger;Not a bus or coach passenger;No / Not applicable;9;Cyclist;More deprived 10-20%;2;Car;No tow/articulation;Going ahead other;On main c'way - not in restricted lane;Cleared junction or waiting/parked at junction exit;None;None;Did not leave carriageway;None;Back;1;Not known;Male;47;46 - 55;-1;-1;-1;8;Urban area;8
2019010157030;527381;183013;-0.164954;51.531666;Metropolitan Police;Slight;2;4;11/01/2019;Friday;18:35;Westminster;Westminster;Unclassified;0;Single carriageway;30 MPH;Crossroads;Give way or uncontrolled;Unclassified;0;None within 50 metres ;No physical crossing facilities within 50 metres;Darkness - lights lit;Fine no high winds;Dry;None;None;Urban;Yes;E01004727;1;2;Passenger;Female;22;5;Slight;Not a Pedestrian;Not a Pedestrian;Front seat passenger;Not a bus or coach passenger;No / Not applicable;9;Cyclist;Most deprived 10%;1;Car;No tow/articulation;Going ahead other;On main c'way - not in restricted lane;Cleared junction or waiting/parked at junction exit;None;None;Did not leave carriageway;None;Front;1;Not known;Male;23;21 - 25;-1;-1;-1;2;Urban area;2
2019010157030;527381;183013;-0.164954;51.531666;Metropolitan Police;Slight;2;4;11/01/2019;Friday;18:35;Westminster;Westminster;Unclassified;0;Single carriageway;30 MPH;Crossroads;Give way or uncontrolled;Unclassified;0;None within 50 metres ;No physical crossing facilities within 50 metres;Darkness - lights lit;Fine no high winds;Dry;None;None;Urban;Yes;E01004727;1;2;Passenger;Female;22;5;Slight;Not a Pedestrian;Not a Pedestrian;Front seat passenger;Not a bus or coach passenger;No / Not applicable;9;Cyclist;Most deprived 10%;2;Car;No tow/articulation;Going ahead other;On main c'way - not in restricted lane;Cleared junction or waiting/parked at junction exit;None;None;Did not leave carriageway;None;Back;1;Not known;Male;47;46 - 55;-1;-1;-1;8;Urban area;8
2019010157030;527381;183013;-0.164954;51.531666;Metropolitan Police;Slight;2;4;11/01/2019;Friday;18:35;Westminster;Westminster;Unclassified;0;Single carriageway;30 MPH;Crossroads;Give way or uncontrolled;Unclassified;0;None within 50 metres ;No physical crossing facilities within 50 metres;Darkness - lights lit;Fine no high winds;Dry;None;None;Urban;Yes;E01004727;1;3;Passenger;Female;20;4;Slight;Not a Pedestrian;Not a Pedestrian;Rear seat passenger;Not a bus or coach passenger;No / Not applicable;9;Cyclist;More deprived 20-30%;1;Car;No tow/articulation;Going ahead other;On main c'way - not in restricted lane;Cleared junction or waiting/parked at junction exit;None;None;Did not leave carriageway;None;Front;1;Not known;Male;23;21 - 25;-1;-1;-1;2;Urban area;2
2019010157030;527381;183013;-0.164954;51.531666;Metropolitan Police;Slight;2;4;11/01/2019;Friday;18:35;Westminster;Westminster;Unclassified;0;Single carriageway;30 MPH;Crossroads;Give way or uncontrolled;Unclassified;0;None within 50 metres ;No physical crossing facilities within 50 metres;Darkness - lights lit;Fine no high winds;Dry;None;None;Urban;Yes;E01004727;1;3;Passenger;Female;20;4;Slight;Not a Pedestrian;Not a Pedestrian;Rear seat passenger;Not a bus or coach passenger;No / Not applicable;9;Cyclist;More deprived 20-30%;2;Car;No tow/articulation;Going ahead other;On main c'way - not in restricted lane;Cleared junction or waiting/parked at junction exit;None;None;Did not leave carriageway;None;Back;1;Not known;Male;47;46 - 55;-1;-1;-1;8;Urban area;8
2019010157030;527381;183013;-0.164954;51.531666;Metropolitan Police;Slight;2;4;11/01/2019;Friday;18:35;Westminster;Westminster;Unclassified;0;Single carriageway;30 MPH;Crossroads;Give way or uncontrolled;Unclassified;0;None within 50 metres ;No physical crossing facilities within 50 metres;Darkness - lights lit;Fine no high winds;Dry;None;None;Urban;Yes;E01004727;2;4;Driver or rider;Male;47;8;Slight;Not a Pedestrian;Not a Pedestrian;Not car passenger;Not a bus or coach passenger;No / Not applicable;9;Cyclist;Less deprived 20-30%;1;Car;No tow/articulation;Going ahead other;On main c'way - not in restricted lane;Cleared junction or waiting/parked at junction exit;None;None;Did not leave carriageway;None;Front;1;Not known;Male;23;21 - 25;-1;-1;-1;2;Urban area;2
2019010157030;527381;183013;-0.164954;51.531666;Metropolitan Police;Slight;2;4;11/01/2019;Friday;18:35;Westminster;Westminster;Unclassified;0;Single carriageway;30 MPH;Crossroads;Give way or uncontrolled;Unclassified;0;None within 50 metres ;No physical crossing facilities within 50 metres;Darkness - lights lit;Fine no high winds;Dry;None;None;Urban;Yes;E01004727;2;4;Driver or rider;Male;47;8;Slight;Not a Pedestrian;Not a Pedestrian;Not car passenger;Not a bus or coach passenger;No / Not applicable;9;Cyclist;Less deprived 20-30%;2;Car;No tow/articulation;Going ahead other;On main c'way - not in restricted lane;Cleared junction or waiting/parked at junction exit;None;None;Did not leave carriageway;None;Back;1;Not known;Male;47;46 - 55;-1;-1;-1;8;Urban area;8