Accident_Index;Location_Easting_OSGR;Location_Northing_OSGR;Longitude;Latitude;Police_Force;Accident_Severity;Number_of_Vehicles;Number_of_Casualties;Date;Day_of_Week;Time;Local_Authority_(District);Local_Authority_(Highway);1st_Road_Class;1st_Road_Number;Road_Type;Speed_limit;Junction_Detail;Junction_Control;2nd_Road_Class;2nd_Road_Number;Pedestrian_Crossing-Human_Control;Pedestrian_Crossing-Physical_Facilities;Light_Conditions;Weather_Conditions;Road_Surface_Conditions;Special_Conditions_at_Site;Carriageway_Hazards;Urban_or_Rural_Area;Did_Police_Officer_Attend_Scene_of_Accident;LSOA_of_Accident_Location;Vehicle_Reference_x;Casualty_Reference;Casualty_Class;Sex_of_Casualty;Age_of_Casualty;Age_Band_of_Casualty;Casualty_Severity;Pedestrian_Location;Pedestrian_Movement;Car_Passenger;Bus_or_Coach_Passenger;Pedestrian_Road_Maintenance_Worker;Casualty_Type;Casualty_Home_Area_Type;Casualty_IMD_Decile;Vehicle_Reference_y;Vehicle_Type;Towing_and_Articulation;Vehicle_Manoeuvre;Vehicle_Location-Restricted_Lane;Junction_Location;Skidding_and_Overturning;Hit_Object_in_Carriageway;Vehicle_Leaving_Carriageway;Hit_Object_off_Carriageway;1st_Point_of_Impact;Was_Vehicle_Left_Hand_Drive?;Journey_Purpose_of_Driver;Sex_of_Driver;Age_of_Driver;Age_Band_of_Driver;Engine_Capacity_(CC);Propulsion_Code;Age_of_Vehicle;Driver_IMD_Decile;Driver_Home_Area_Type;Vehicle_IMD_Decile
2019010157122;535410;171516;-0.053675;51.426481;Metropolitan Police;Slight;2;1;11/01/2019;Friday;20:18;Lewisham;Lewisham;A;212;Single carriageway;30 MPH;T or staggered junction;Give way or uncontrolled;Unclassified;0;Data missing or out of range;Data missing or out of range;Darkness - lights unlit;Unknown;Data missing or out of range;None;None;Urban;No - accident was reported using a self completion  form (self rep only);E01003334;1;1;Driver or rider;Female;32;6;Slight;Not a Pedestrian;Not a Pedestrian;Not car passenger;Not a bus or coach passenger;No / Not applicable;1;Cyclist;More deprived 10-20%;2;Car;Data missing or out of range;Data missing or out of range;Data missing or out of range;Data missing or out of range;Data missing or out of range;Data missing or out of range;Did not leave carriageway;None;Data missing or out of range;-1;Not known;Not known;-1;Data missing or out of range;-1;-1;-1;-1;Data missing or out of range;-1
2019010157123;523162;179648;-0.226923;51.502359;Metropolitan Police;Serious;2;1;12/01/2019;Saturday;15:45;Hammersmith and Fulham;Hammersmith and Fulham;A;402;Single carriageway;30 MPH;T or staggered junction;Give way or uncontrolled;Unclassified;0;None within 50 metres ;No physical crossing facilities within 50 metres;Darkness - lights lit;Raining no high winds;Wet or damp;None;None;Urban;Yes;E01001940;2;1;Driver or rider;Male;22;5;Serious;Not a Pedestrian;Not a Pedestrian;Not car passenger;Not a bus or coach passenger;No / Not applicable;3;Cyclist;More deprived 20-30%;1;Car;No tow/articulation;Going ahead other;On main c'way - not in restricted lane;Cleared junction or waiting/parked at junction exit;None;None;Did not leave carriageway;None;Offside;1;Not known;Female;37;36 - 45;-1;-1;-1;1;Urban area;1
2019010157123;523162;179648;-0.226923;51.502359;Metropolitan Police;Serious;2;1;12/01/2019;Saturday;15:45;Hammersmith and Fulham;Hammersmith and Fulham;A;402;Single carriageway;30 MPH;T or staggered junction;Give way or uncontrolled;Unclassified;0;None within 50 metres ;No physical crossing facilities within 50 metres;Darkness - lights lit;Raining no high winds;Wet or damp;None;None;Urban;Yes;E01001940;2;1;Driver or rider;Male;22;5;Serious;Not a Pedestrian;Not a Pedestrian;Not car passenger;Not a bus or coach passenger;No / Not applicable;3;Cyclist;More deprived 20-30%;2;Motorcycle 125cc and under;No tow/articulation;Overtaking moving vehicle - offside;On main c'way - not in restricted lane;Cleared junction or waiting/parked at junction exit;Skidded and overturned;None;Did not leave carriageway;None;Nearside;1;Not known;Male;22;21 - 25;125;Petrol;1;3;Urban area;3
2019010157124;516102;187898;-0.325874;51.578;Metropolitan Police;Slight;3;1;12/01/2019;Saturday;11:50;Brent;Brent;A;404;Single carriageway;30 MPH;Roundabout;Data missing or out of range;A;404;None within 50 metres ;No physical crossing facilities within 50 metres;Daylight;Fine no high winds;Dry;None;None;Urban;No - accident was reported using a self completion  form (self rep only);E01000568;1;1;Driver or rider;Male;26;6;Slight;Not a Pedestrian;Not a Pedestrian;Not car passenger;Not a bus or coach passenger;No / Not applicable;9;Cyclist;Less deprived 20-30%;1;Car;No tow/articulation;Going ahead other;On main c'way - not in restricted lane;Data missing or out of range;None;None;Did not leave carriageway;None;Data missing or out of range;1;Not known;Male;26;26 - 35;-1;-1;-1;8;Urban area;8
2019010157124;516102;187898;-0.325874;51.578;Metropolitan Police;Slight;3;1;12/01/2019;Saturday;11:50;Brent;Brent;A;404;Single carriageway;30 MPH;Roundabout;Data missing or out of range;A;404;None within 50 metres ;No physical crossing facilities within 50 metres;Daylight;Fine no high winds;Dry;None;None;Urban;No - accident was reported using a self completion  form (self rep only);E01000568;1;1;Driver or rider;Male;26;6;Slight;Not a Pedestrian;Not a Pedestrian;Not car passenger;Not a bus or coach passenger;No / Not applicable;9;Cyclist;Less deprived 20-30%;2;Car;No tow/articulation;Going ahead other;On main c'way - not in restricted lane;Data missing or out of range;None;Data missing or out of range;Did not leave carriageway;None;Data missing or out of range;1;Not known;Not known;-1;Data missing or out of range;-1;-1;-1;-1;Data missing or out of range;-1
2019010157124;516102;187898;-0.325874;51.578;Metropolitan Police;Slight;3;1;12/01/2019;Saturday;11:50;Brent;Brent;A;404;Single carriageway;30 MPH;Roundabout;Data missing or out of range;A;404;None within 50 metres ;No physical crossing facilities within 50 metres;Daylight;Fine no high winds;Dry;None;None;Urban;No - accident was reported using a self completion  form (self rep only);E01000568;1;1;Driver or rider;Male;26;6;Slight;Not a Pedestrian;Not a Pedestrian;Not car passenger;Not a bus or coach passenger;No / Not applicable;9;Cyclist;Less deprived 20-30%;3;Car;No tow/articulation;Data missing or out of range;Data missing or out of range;Data missing or out of range;Data missing or out of range;Data missing or out of range;Data missing or out of range;Data missing or out of range;Data missing or out of range;-1;Not known;Not known;-1;Data missing or out of range;-1;-1;-1;-1;Data missing or out of range;-1
2019010157130;517115;190274;-0.310469;51.599145;Metropolitan Police;Slight;1;1;11/01/2019;Friday;14:00;Harrow;Harrow;Unclassified;0;Single carriageway;30 MPH;Data missing or out of range;Data missing or out of range;Unclassified;0;Data missing or out of range;No physical crossing facilities within 50 metres;Daylight;Other;Dry;None;None;Urban;No - accident was reported using a self completion  form (self rep only);E01002108;1;1;Driver or rider;Male;51;8;Slight;Not a Pedestrian;Not a Pedestrian;Not car passenger;Not a bus or coach passenger;No / Not applicable;8;Cyclist;Most deprived 10%;1;Taxi/Private hire car;No tow/articulation;Data missing or out of range;Data missing or out of range;Data missing or out of range;Data missing or out of range;Data missing or out of range;Data missing or out of range;Data missing or out of range;Back;-1;Not known;Male;51;46 - 55;-1;-1;-1;1;Urban area;1
2019010157140;542620;183582;0.05483;51.533138;Metropolitan Police;Serious;1;1;12/01/2019;Saturday;16:14;Newham;Newham;A;124;Single carriageway;30 MPH;Crossroads;Auto traffic signal;A;117;None within 50 metres ;Pedestrian phase at traffic signal junction;Darkness - lights lit;Raining no high winds;Wet or damp;None;None;Urban;Yes;E01003521;1;1;Pedestrian;Male;45;7;Serious;Crossing on pedestrian crossing facility;Crossing from driver's nearside;Not car passenger;Not a bus or coach passenger;No / Not applicable;0;Cyclist;More deprived 10-20%;1;Bus or coach (17 or more pass seats);No tow/articulation;Going ahead other;On main c'way - not in restricted lane;Cleared junction or waiting/parked at junction exit;None;None;Did not leave carriageway;None;Front;1;Journey as part of work;Male;42;36 - 45;-1;-1;-1;3;Urban area;3
2019010157142;520431;181487;-0.265623;51.519474;Metropolitan Police;Slight;1;1;12/01/2019;Saturday;15:38;Ealing;Ealing;C;0;Single carriageway;30 MPH;Roundabout;Give way or uncontrolled;A;4000;None within 50 metres ;No physical crossing facilities within 50 metres;Daylight;Fine no high winds;Dry;None;None;Urban;Yes;E01001247;1;1;Pedestrian;Male;24;5;Slight;In carriageway, not crossing;In carriageway, stationary - not crossing  (standing or playing);Not car passenger;Not a bus or coach passenger;No / Not applicable;0;Cyclist;More deprived 10-20%;1;Bus or coach (17 or more pass seats);No tow/articulation;Overtaking - nearside;On main c'way - not in restricted lane;Entering roundabout;None;None;Did not leave carriageway;None;Front;1;Journey as part of work;Male;49;46 - 55;-1;-1;-1;2;Urban area;2
2019010157149;526610;184112;-0.175669;51.541716;Metropolitan Police;Serious;1;1;12/01/2019;Saturday;17:50;Camden;Camden;B;509;Single carriageway;30 MPH;More than 4 arms (not roundabout);Auto traffic signal;A;41;None within 50 metres ;Pedestrian phase at traffic signal junction;Darkness - lights lit;Fine no high winds;Wet or damp;None;None;Urban;Yes;E01000961;1;1;Pedestrian;Female;26;6;Serious;Crossing elsewhere within 50m. of pedestrian crossing;Crossing from driver's offside;Not car passenger;Not a bus or coach passenger;No / Not applicable;0;Cyclist;More deprived 20-30%;1;Car;No tow/articulation;Going ahead other;On main c'way - not in restricted lane;Cleared junction or waiting/parked at junction exit;None;None;Did not leave carriageway;None;Front;1;Not known;Male;33;26 - 35;-1;-1;-1;1;Urban area;1
2019010157150;536667;171878;-0.035467;51.429433;Metropolitan Police;Slight;1;1;12/01/2019;Saturday;18:00;Lewisham;Lewisham;A;2218;Single carriageway;30 MPH;T or staggered junction;Give way or uncontrolled;Unclassified;0;None within 50 metres ;Zebra;Darkness - lights lit;Fine no high winds;Wet or damp;None;None;Urban;Yes;E01003190;1;1;Pedestrian;Female;26;6;Slight;Crossing on pedestrian crossing facility;Crossing from driver's offside;Not car passenger;Not a bus or coach passenger;No / Not applicable;0;Cyclist;Most deprived 10%;1;Car;No tow/articulation;Going ahead other;On main c'way - not in restricted lane;Cleared junction or waiting/parked at junction exit;None;None;Did not leave carriageway;None;Front;1;Journey as part of work;Female;45;36 - 45;-1;-1;-1;2;Urban area;2
2019010157151;519640;180230;-0.277444;51.508345;Metropolitan Police;Slight;1;1;12/01/2019;Saturday;19:14;Ealing;Ealing;A;4020;Single carriageway;30 MPH;T or staggered junction;Give way or uncontrolled;Unclassified;0;None within 50 metres ;No physical crossing facilities within 50 metres;Darkness - lights lit;Raining no high winds;Wet or damp;None;None;Urban;Yes;E01001354;1;1;Passenger;Female;78;11;Slight;Not a Pedestrian;Not a Pedestrian;Not car passenger;Standing passenger;No / Not applicable;11;Cyclist;More deprived 30-40%;1;Bus or coach (17 or more pass seats);No tow/articulation;Slowing or stopping;On main c'way - not in restricted lane;Cleared junction or waiting/parked at junction exit;None;None;Did not leave carriageway;None;Did not impact;1;Journey as part of work;Female;37;36 - 45;-1;-1;-1;4;Urban area;4
2019010157153;529279;193055;-0.133914;51.621479;Metropolitan Police;Slight;2;1;12/01/2019;Saturday;15:08;Enfield;Enfield;C;0;Single carriageway;30 MPH;Not at junction or within 20 metres;Data missing or out of range;-1;0;None within 50 metres ;No physical crossing facilities within 50 metres;Daylight;Fine no high winds;Dry;None;None;Urban;Yes;E01001534;1;1;Driver or rider;Male;69;10;Slight;Not a Pedestrian;Not a Pedestrian;Not car passenger;Not a bus or coach passenger;No / Not applicable;9;Cyclist;More deprived 20-30%;1;Car;No tow/articulation;Going ahead other;On main c'way - not in restricted lane;Not at or within 20 metres of junction;None;None;Did not leave carriageway;None;Front;1;Not known;Male;69;66 - 75;1299;Petrol;17;3;Urban area;3
2019010157153;529279;193055;-0.133914;51.621479;Metropolitan Police;Slight;2;1;12/01/2019;Saturday;15:08;Enfield;Enfield;C;0;Single carriageway;30 MPH;Not at junction or within 20 metres;Data missing or out of range;-1;0;None within 50 metres ;No physical crossing facilities within 50 metres;Daylight;Fine no high winds;Dry;None;None;Urban;Yes;E01001534;1;1;Driver or rider;Male;69;10;Slight;Not a Pedestrian;Not a Pedestrian;Not car passenger;Not a bus or coach passenger;No / Not applicable;9;Cyclist;More deprived 20-30%;2;Van / Goods 3.5 tonnes mgw or under;No tow/articulation;Going ahead other;On main c'way - not in restricted lane;Not at or within 20 metres of junction;None;None;Did not leave carriageway;None;Front;1;Journey as part of work;Male;31;26 - 35;-1;-1;-1;-1;Data missing or out of range;-1
2019010157155;513958;172416;-0.3618;51.439286;Metropolitan Police;Slight;2;1;12/01/2019;Saturday;18:38;Richmond upon Thames;Richmond upon Thames;A;305;Single carriageway;30 MPH;Crossroads;Auto traffic signal;B;358;None within 50 metres ;Pelican, puffin, toucan or similar non-junction pedestrian light crossing;Darkness - lights lit;Fine no high winds;Wet or damp;None;None;Urban;Yes;E01003903;2;1;Driver or rider;Male;58;9;Slight;Not a Pedestrian;Not a Pedestrian;Not car passenger;Not a bus or coach passenger;No / Not applicable;1;Cyclist;Less deprived 40-50%;1;Car;No tow/articulation;Turning left;On main c'way - not in restricted lane;Mid Junction - on roundabout or on main road;None;None;Did not leave carriageway;None;Front;1;Not known;Male;21;21 - 25;-1;-1;-1;3;Urban area;3
2019010157155;513958;172416;-0.3618;51.439286;Metropolitan Police;Slight;2;1;12/01/2019;Saturday;18:38;Richmond upon Thames;Richmond upon Thames;A;305;Single carriageway;30 MPH;Crossroads;Auto traffic signal;B;358;None within 50 metres ;Pelican, puffin, toucan or similar non-junction pedestrian light crossing;Darkness - lights lit;Fine no high winds;Wet or damp;None;None;Urban;Yes;E01003903;2;1;Driver or rider;Male;58;9;Slight;Not a Pedestrian;Not a Pedestrian;Not car passenger;Not a bus or coach passenger;No / Not applicable;1;Cyclist;Less deprived 40-50%;2;Pedal cycle;No tow/articulation;Going ahead other;On main c'way - not in restricted lane;Mid Junction - on roundabout or on main road;None;None;Did not leave carriageway;None;Front;1;Commuting to/from work;Male;58;56 - 65;-1;-1;-1;6;Urban area;6
2019010157157;522796;188563;-0.229084;51.58256;Metropolitan Police;Slight;1;1;12/01/2019;Saturday;19:50;Barnet;Barnet;C;0;Single carriageway;30 MPH;Not at junction or within 20 metres;Data missing or out of range;-1;0;None within 50 metres ;Pedestrian phase at traffic signal junction;Darkness - lights lit;Fine no high winds;Wet or damp;None;None;Urban;Yes;E01000314;1;1;Pedestrian;Female;61;9;Slight;Crossing elsewhere within 50m. of pedestrian crossing;Crossing from driver's offside;Not car passenger;Not a bus or coach passenger;No / Not applicable;0;Cyclist;Less deprived 30-40%;1;Car;No tow/articulation;Reversing;On main c'way - not in restricted lane;Not at or within 20 metres of junction;None;None;Did not leave carriageway;None;Back;1;Not known;Male;36;36 - 45;-1;-1;-1;7;Urban area;7
2019010157159;541323;183623;0.03616;51.533832;Metropolitan Police;Slight;2;1;12/01/2019;Saturday;19:14;Newham;Newham;B;167;Single carriageway;30 MPH;T or staggered junction;Give way or uncontrolled;Unclassified;0;None within 50 metres ;No physical crossing facilities within 50 metres;Darkness - lights lit;Fine no high winds;Dry;None;None;Urban;Yes;E01003489;1;1;Passenger;Female;63;9;Slight;Not a Pedestrian;Not a Pedestrian;Not car passenger;Standing passenger;No / Not applicable;11;Cyclist;More deprived 20-30%;1;Bus or coach (17 or more pass seats);No tow/articulation;Slowing or stopping;On main c'way - not in restricted lane;Approaching junction or waiting/parked at junction approach;None;None;Did not leave carriageway;None;Did not impact;1;Journey as part of work;Male;47;46 - 55;-1;-1;-1;3;Urban area;3
2019010157159;541323;183623;0.03616;51.533832;Metropolitan Police;Slight;2;1;12/01/2019;Saturday;19:14;Newham;Newham;B;167;Single carriageway;30 MPH;T or staggered junction;Give way or uncontrolled;Unclassified;0;None within 50 metres ;No physical crossing facilities within 50 metres;Darkness - lights lit;Fine no high winds;Dry;None;None;Urban;Yes;E01003489;1;1;Passenger;Female;63;9;Slight;Not a Pedestrian;Not a Pedestrian;Not car passenger;Standing passenger;No / Not applicable;11;Cyclist;More deprived 20-30%;2;Car;No tow/articulation;U-turn;On main c'way - not in restricted lane;Mid Junction - on roundabout or on main road;None;None;Did not leave carriageway;None;Did not impact;-1;Not known;Not known;-1;Data missing or out of range;-1;-1;-1;-1;Data missing or out of range;-1
2019010157160;531667;178876;-0.104744;51.493506;Metropolitan Police;Slight;2;1;12/01/2019;Saturday;16:20;Lambeth;Lambeth;C;0;Single carriageway;20 MPH;T or staggered junction;Give way or uncontrolled;Unclassified;0;None within 50 metres ;No physical crossing facilities within 50 metres;Darkness - lights lit;Fine no high winds;Dry;None;None;Urban;Yes;E01003933;1;1;Driver or rider;Female;48;8;Slight;Not a Pedestrian;Not a Pedestrian;Not car passenger;Not a bus or coach passenger;No / Not applicable;9;Cyclist;More deprived 10-20%;1;Car;No tow/articulation;Going ahead other;On main c'way - not in restricted lane;Approaching junction or waiting/parked at junction approach;None;None;Did not leave carriageway;None;Front;1;Journey as part of work;Female;48;46 - 55;-1;-1;-1;2;Urban area;2
2019010157160;531667;178876;-0.104744;51.493506;Metropolitan Police;Slight;2;1;12/01/2019;Saturday;16:20;Lambeth;Lambeth;C;0;Single carriageway;20 MPH;T or staggered junction;Give way or uncontrolled;Unclassified;0;None within 50 metres ;No physical crossing facilities within 50 metres;Darkness - lights lit;Fine no high winds;Dry;None;None;Urban;Yes;E01003933;1;1;Driver or rider;Female;48;8;Slight;Not a Pedestrian;Not a Pedestrian;Not car passenger;Not a bus or coach passenger;No / Not applicable;9;Cyclist;More deprived 10-20%;2;Car;No tow/articulation;Turning left;On main c'way - not in restricted lane;Approaching junction or waiting/parked at junction approach;None;None;Did not leave carriageway;None;Front;1;Not known;Male;33;26 - 35;-1;-1;-1;5;Urban area;5
2019010157161;511150;175454;-0.40123;51.467149;Metropolitan Police;Slight;1;1;12/01/2019;Saturday;18:01;Hounslow;Hounslow;Unclassified;0;Single carriageway;30 MPH;T or staggered junction;Give way or uncontrolled;Unclassified;0;None within 50 metres ;No physical crossing facilities within 50 metres;Daylight;Fine no high winds;Dry;None;Other object on road;Urban;Yes;E01002589;1;1;Driver or rider;Female;59;9;Slight;Not a Pedestrian;Not a Pedestrian;Not car passenger;Not a bus or coach passenger;No / Not applicable;9;Cyclist;More deprived 30-40%;1;Car;No tow/articulation;Going ahead other;On main c'way - not in restricted lane;Cleared junction or waiting/parked at junction exit;None;Kerb;Nearside;Lamp post;Front;1;Not known;Female;59;56 - 65;-1;-1;-1;4;Urban area;4
2019010157165;537085;183353;-0.025006;51.53245;Metropolitan Police;Slight;2;1;12/01/2019;Saturday;20:55;Tower Hamlets;Tower Hamlets;B;142;Single carriageway;20 MPH;T or staggered junction;Give way or uncontrolled;B;142;None within 50 metres ;Zebra;Darkness - lights lit;Fine no high winds;Wet or damp;None;None;Urban;Yes;E01004224;1;1;Driver or rider;Male;40;7;Slight;Not a Pedestrian;Not a Pedestrian;Not car passenger;Not a bus or coach passenger;No / Not applicable;1;Cyclist;More deprived 20-30%;1;Pedal cycle;No tow/articulation;Going ahead other;On main c'way - not in restricted lane;Approaching junction or waiting/parked at junction approach;None;None;Did not leave carriageway;None;Front;1;Not known;Male;40;36 - 45;-1;-1;-1;3;Urban area;3
2019010157165;537085;183353;-0.025006;51.53245;Metropolitan Police;Slight;2;1;12/01/2019;Saturday;20:55;Tower Hamlets;Tower Hamlets;B;142;Single carriageway;20 MPH;T or staggered junction;Give way or uncontrolled;B;142;None within 50 metres ;Zebra;Darkness - lights lit;Fine no high winds;Wet or damp;None;None;Urban;Yes;E01004224;1;1;Driver or rider;Male;40;7;Slight;Not a Pedestrian;Not a Pedestrian;Not car passenger;Not a bus or coach passenger;No / Not applicable;1;Cyclist;More deprived 20-30%;2;Car;No tow/articulation;Turning right;On main c'way - not in restricted lane;Approaching junction or waiting/parked at junction approach;None;None;Did not leave carriageway;None;Front;1;Not known;Not known;-1;Data missing or out of range;-1;-1;-1;-1;Data missing or out of range;-1
2019010157166;532067;174076;-0.100777;51.450276;Metropolitan Police;Slight;1;1;12/01/2019;Saturday;18:08;Lambeth;Lambeth;A;215;Single carriageway;30 MPH;T or staggered junction;Give way or uncontrolled;A;2199;None within 50 metres ;No physical crossing facilities within 50 metres;Darkness - lights lit;Raining no high winds;Wet or damp;None;None;Urban;Yes;E01003074;1;1;Driver or rider;Male;37;7;Slight;Not a Pedestrian;Not a Pedestrian;Not car passenger;Not a bus or coach passenger;No / Not applicable;9;Cyclist;More deprived 30-40%;1;Car;No tow/articulation;Moving off;On main c'way - not in restricted lane;Cleared junction or waiting/parked at junction exit;Skidded;None;Nearside;Lamp post;Front;1;Commuting to/from work;Male;37;36 - 45;-1;-1;-1;4;Urban area;4
2019010157168;521194;189111;-0.252005;51.587831;Metropolitan Police;Slight;1;1;12/01/2019;Saturday;17:57;Barnet;Barnet;A;5;One way street;30 MPH;T or staggered junction;Give way or uncontrolled;Unclassified;0;None within 50 metres ;Zebra;Darkness - lights lit;Other;Wet or damp;None;None;Urban;Yes;E01000516;1;1;Pedestrian;Female;36;7;Slight;Crossing on pedestrian crossing facility;Crossing from nearside - masked by parked or stationary vehicle;Not car passenger;Not a bus or coach passenger;No / Not applicable;0;Cyclist;More deprived 40-50%;1;Car;No tow/articulation;Reversing;On main c'way - not in restricted lane;Approaching junction or waiting/parked at junction approach;None;None;Did not leave carriageway;None;Front;1;Not known;Not known;-1;Data missing or out of range;-1;-1;-1;-1;Data missing or out of range;-1
2019010157170;521277;178531;-0.254451;51.492727;Metropolitan Police;Slight;2;1;12/01/2019;Saturday;14:47;Hounslow;Hounslow;A;315;Single carriageway;30 MPH;T or staggered junction;Give way or uncontrolled;Unclassified;0;None within 50 metres ;No physical crossing facilities within 50 metres;Daylight;Fine no high winds;Dry;None;None;Urban;Yes;E01002570;2;1;Driver or rider;Male;59;9;Slight;Not a Pedestrian;Not a Pedestrian;Not car passenger;Not a bus or coach passenger;No / Not applicable;1;Cyclist;Less deprived 40-50%;1;Car;No tow/articulation;Slowing or stopping;On main c'way - not in restricted lane;Approaching junction or waiting/parked at junction approach;None;None;Did not leave carriageway;None;Front;1;Not known;Male;31;26 - 35;-1;-1;-1;3;Urban area;3
2019010157170;521277;178531;-0.254451;51.492727;Metropolitan Police;Slight;2;1;12/01/2019;Saturday;14:47;Hounslow;Hounslow;A;315;Single carriageway;30 MPH;T or staggered junction;Give way or uncontrolled;Unclassified;0;None within 50 metres ;No physical crossing facilities within 50 metres;Daylight;Fine no high winds;Dry;None;None;Urban;Yes;E01002570;2;1;Driver or rider;Male;59;9;Slight;Not a Pedestrian;Not a Pedestrian;Not car passenger;Not a bus or coach passenger;No / Not applicable;1;Cyclist;Less deprived 40-50%;2;Pedal cycle;No tow/articulation;Going ahead other;Cycle lane (on main carriageway);Approaching junction or waiting/parked at junction approach;None;None;Did not leave carriageway;None;Front;1;Not known;Male;59;56 - 65;-1;-1;-1;6;Urban area;6
2019010157171;519484;190228;-0.276297;51.598234;Metropolitan Police;Slight;1;1;12/01/2019;Saturday;18:19;Harrow;Harrow;Unclassified;0;Dual carriageway;30 MPH;Mini-roundabout;Auto traffic signal;Unclassified;0;None within 50 metres ;No physical crossing facilities within 50 metres;Darkness - lights lit;Fine no high winds;Dry;None;None;Urban;Yes;E01002125;1;1;Pedestrian;Male;43;7;Slight;In carriageway, crossing elsewhere;Crossing from driver's nearside;Not car passenger;Not a bus or coach passenger;No / Not applicable;0;Cyclist;Least deprived 10%;1;Car;No tow/articulation;Going ahead other;On main c'way - not in restricted lane;Leaving roundabout;None;None;Did not leave carriageway;None;Offside;1;Not known;Male;17;16 - 20;-1;-1;-1;7;Urban area;7
2019010157173;522487;184576;-0.23493;51.546795;Metropolitan Police;Slight;2;1;12/01/2019;Saturday;20:17;Brent;Brent;Unclassified;0;Dual carriageway;30 MPH;Other junction;Give way or uncontrolled;Unclassified;0;None within 50 metres ;No physical crossing facilities within 50 metres;Daylight;Fine no high winds;Dry;None;None;Urban;Yes;E01000640;2;1;Driver or rider;Male;44;7;Slight;Not a Pedestrian;Not a Pedestrian;Not car passenger;Not a bus or coach passenger;No / Not applicable;3;Cyclist;Most deprived 10%;1;Car;No tow/articulation;Moving off;On main c'way - not in restricted lane;Approaching junction or waiting/parked at junction approach;None;None;Did not leave carriageway;None;Nearside;1;Commuting to/from work;Female;45;36 - 45;-1;-1;-1;3;Urban area;3
2019010157173;522487;184576;-0.23493;51.546795;Metropolitan Police;Slight;2;1;12/01/2019;Saturday;20:17;Brent;Brent;Unclassified;0;Dual carriageway;30 MPH;Other junction;Give way or uncontrolled;Unclassified;0;None within 50 metres ;No physical crossing facilities within 50 metres;Daylight;Fine no high winds;Dry;None;None;Urban;Yes;E01000640;2;1;Driver or rider;Male;44;7;Slight;Not a Pedestrian;Not a Pedestrian;Not car passenger;Not a bus or coach passenger;No / Not applicable;3;Cyclist;Most deprived 10%;2;Motorcycle 125cc and under;No tow/articulation;Waiting to go - held up;On main c'way - not in restricted lane;Approaching junction or waiting/parked at junction approach;None;Parked vehicle;Did not leave carriageway;None;Front;1;Journey as part of work;Male;44;36 - 45;-1;-1;-1;1;Urban area;1
2019010157175;523407;178625;-0.223752;51.493111;Metropolitan Police;Slight;1;1;12/01/2019;Saturday;21:10;Hammersmith and Fulham;Hammersmith and Fulham;A;315;One way street;20 MPH;More than 4 arms (not roundabout);Auto traffic signal;A;219;None within 50 metres ;Pedestrian phase at traffic signal junction;Darkness - lights lit;Raining no high winds;Wet or damp;None;None;Urban;Yes;E01001898;1;1;Pedestrian;Female;22;5;Slight;Crossing on pedestrian crossing facility;Crossing from driver's offside;Not car passenger;Not a bus or coach passenger;No / Not applicable;0;-1;Data missing or out of range;1;Car;No tow/articulation;Waiting to go - held up;On main c'way - not in restricted lane;Approaching junction or waiting/parked at junction approach;None;None;Did not leave carriageway;None;Front;1;Not known;Male;34;26 - 35;-1;-1;-1;7;Urban area;7
2019010157176;549697;185285;0.15751;51.546609;Metropolitan Police;Slight;2;1;12/01/2019;Saturday;20:00;Barking and Dagenham;Barking and Dagenham;Unclassified;0;Single carriageway;20 MPH;Data missing or out of range;Data missing or out of range;Unclassified;0;None within 50 metres ;Zebra;Darkness - lighting unknown;Raining no high winds;Wet or damp;None;None;Urban;No - accident was reported using a self completion  form (self rep only);E01000015;1;1;Driver or rider;Female;55;8;Slight;Not a Pedestrian;Not a Pedestrian;Not car passenger;Not a bus or coach passenger;No / Not applicable;9;Cyclist;More deprived 10-20%;1;Car;No tow/articulation;Data missing or out of range;Data missing or out of range;Data missing or out of range;Data missing or out of range;Data missing or out of range;Data missing or out of range;Data missing or out of range;Front;-1;Not known;Female;55;46 - 55;-1;-1;-1;2;Urban area;2
2019010157176;549697;185285;0.15751;51.546609;Metropolitan Police;Slight;2;1;12/01/2019;Saturday;20:00;Barking and Dagenham;Barking and Dagenham;Unclassified;0;Single carriageway;20 MPH;Data missing or out of range;Data missing or out of range;Unclassified;0;None within 50 metres ;Zebra;Darkness - lighting unknown;Raining no high winds;Wet or damp;None;None;Urban;No - accident was reported using a self completion  form (self rep only);E01000015;1;1;Driver or rider;Female;55;8;Slight;Not a Pedestrian;Not a Pedestrian;Not car passenger;Not a bus or coach passenger;No / Not applicable;9;Cyclist;More deprived 10-20%;2;Van / Goods 3.5 tonnes mgw or under;Data missing or out of range;Data missing or out of range;Data missing or out of range;Data missing or out of range;Data missing or out of range;Data missing or out of range;Data missing or out of range;Data missing or out of range;Data missing or out of range;-1;Not known;Male;43;36 - 45;-1;-1;-1;2;Urban area;2
2019010157179;524586;183358;-0.205106;51.535389;Metropolitan Police;Serious;1;1;12/01/2019;Saturday;21:15;Brent;Brent;C;0;Single carriageway;20 MPH;T or staggered junction;Give way or uncontrolled;Unclassified;0;None within 50 metres ;Zebra;Darkness - lights lit;Fine no high winds;Wet or damp;None;None;Urban;Yes;E01000583;1;1;Pedestrian;Male;26;6;Serious;Crossing on pedestrian crossing facility;Crossing from nearside - masked by parked or stationary vehicle;Not car passenger;Not a bus or coach passenger;No / Not applicable;0;Cyclist;More deprived 40-50%;1;Car;No tow/articulation;Moving off;On main c'way - not in restricted lane;Approaching junction or waiting/parked at junction approach;None;None;Did not leave carriageway;None;Front;1;Not known;Male;58;56 - 65;-1;-1;-1;2;Urban area;2