Accident_Index;Location_Easting_OSGR;Location_Northing_OSGR;Longitude;Latitude;Police_Force;Accident_Severity;Number_of_Vehicles;Number_of_Casualties;Date;Day_of_Week;Time;Local_Authority_(District);Local_Authority_(Highway);1st_Road_Class;1st_Road_Number;Road_Type;Speed_limit;Junction_Detail;Junction_Control;2nd_Road_Class;2nd_Road_Number;Pedestrian_Crossing-Human_Control;Pedestrian_Crossing-Physical_Facilities;Light_Conditions;Weather_Conditions;Road_Surface_Conditions;Special_Conditions_at_Site;Carriageway_Hazards;Urban_or_Rural_Area;Did_Police_Officer_Attend_Scene_of_Accident;LSOA_of_Accident_Location;Vehicle_Reference_x;Casualty_Reference;Casualty_Class;Sex_of_Casualty;Age_of_Casualty;Age_Band_of_Casualty;Casualty_Severity;Pedestrian_Location;Pedestrian_Movement;Car_Passenger;Bus_or_Coach_Passenger;Pedestrian_Road_Maintenance_Worker;Casualty_Type;Casualty_Home_Area_Type;Casualty_IMD_Decile;Vehicle_Reference_y;Vehicle_Type;Towing_and_Articulation;Vehicle_Manoeuvre;Vehicle_Location-Restricted_Lane;Junction_Location;Skidding_and_Overturning;Hit_Object_in_Carriageway;Vehicle_Leaving_Carriageway;Hit_Object_off_Carriageway;1st_Point_of_Impact;Was_Vehicle_Left_Hand_Drive?;Journey_Purpose_of_Driver;Sex_of_Driver;Age_of_Driver;Age_Band_of_Driver;Engine_Capacity_(CC);Propulsion_Code;Age_of_Vehicle;Driver_IMD_Decile;Driver_Home_Area_Type;Vehicle_IMD_Decile
2019010157270;534633;181247;-0.06114;51.514114;Metropolitan Police;Slight;2;1;10/01/2019;Thursday;;Tower Hamlets;Tower Hamlets;Unclassified;0;Single carriageway;20 MPH;Crossroads;Auto traffic signal;Unclassified;0;Data missing or out of range;Zebra;Daylight;Other;Dry;None;None;Urban;No - accident was reported using a self completion  form (self rep only);E01004304;1;1;Driver or rider;Male;37;7;Slight;Not a Pedestrian;Not a Pedestrian;Not car passenger;Not a bus or coach passenger;No / Not applicable;1;Cyclist;More deprived 10-20%;1;Pedal cycle;Data missing or out of range;Data missing or out of range;Data missing or out of range;Data missing or out of range;Data missing or out of range;Data missing or out of range;Data missing or out of range;Data missing or out of range;Front;1;Not known;Male;37;36 - 45;-1;-1;-1;2;Urban area;2
2019010157270;534633;181247;-0.06114;51.514114;Metropolitan Police;Slight;2;1;10/01/2019;Thursday;;Tower Hamlets;Tower Hamlets;Unclassified;0;Single carriageway;20 MPH;Crossroads;Auto traffic signal;Unclassified;0;Data missing or out of range;Zebra;Daylight;Other;Dry;None;None;Urban;No - accident was reported using a self completion  form (self rep only);E01004304;1;1;Driver or rider;Male;37;7;Slight;Not a Pedestrian;Not a Pedestrian;Not car passenger;Not a bus or coach passenger;No / Not applicable;1;Cyclist;More deprived 10-20%;2;Taxi/Private hire car;No tow/articulation;Data missing or out of range;Data missing or out of range;Data missing or out of range;Data missing or out of range;Data missing or out of range;Data missing or out of range;Data missing or out of range;Front;-1;Not known;Not known;-1;Data missing or out of range;-1;-1;-1;-1;Data missing or out of range;-1
2019010157279;533399;178526;-0.079941;51.489955;Metropolitan Police;Slight;2;1;13/01/2019;Sunday;14:58;Southwark;Southwark;A;2;Single carriageway;30 MPH;Crossroads;Auto traffic signal;Unclassified;0;None within 50 metres ;No physical crossing facilities within 50 metres;Daylight;Fine no high winds;Dry;None;None;Urban;Yes;E01003980;1;1;Driver or rider;Female;30;6;Slight;Not a Pedestrian;Not a Pedestrian;Not car passenger;Not a bus or coach passenger;No / Not applicable;1;Cyclist;More deprived 20-30%;1;Pedal cycle;No tow/articulation;Moving off;On main c'way - not in restricted lane;Cleared junction or waiting/parked at junction exit;None;None;Did not leave carriageway;None;Back;1;Not known;Female;30;26 - 35;-1;-1;-1;3;Urban area;3
2019010157279;533399;178526;-0.079941;51.489955;Metropolitan Police;Slight;2;1;13/01/2019;Sunday;14:58;Southwark;Southwark;A;2;Single carriageway;30 MPH;Crossroads;Auto traffic signal;Unclassified;0;None within 50 metres ;No physical crossing facilities within 50 metres;Daylight;Fine no high winds;Dry;None;None;Urban;Yes;E01003980;1;1;Driver or rider;Female;30;6;Slight;Not a Pedestrian;Not a Pedestrian;Not car passenger;Not a bus or coach passenger;No / Not applicable;1;Cyclist;More deprived 20-30%;2;Car;No tow/articulation;Going ahead other;On main c'way - not in restricted lane;Cleared junction or waiting/parked at junction exit;None;None;Did not leave carriageway;None;Front;1;Not known;Not known;-1;Data missing or out of range;-1;-1;-1;-1;Data missing or out of range;-1
2019010157280;543567;182412;0.067997;51.522385;Metropolitan Police;Slight;1;1;12/01/2019;Saturday;18:38;Newham;Newham;Unclassified;0;Unknown;30 MPH;Not at junction or within 20 metres;Data missing or out of range;-1;0;None within 50 metres ;Zebra;Darkness - lights lit;Fine no high winds;Dry;None;Data missing or out of range;Urban;No - accident was reported using a self completion  form (self rep only);E01003482;1;1;Pedestrian;Female;21;5;Slight;Crossing on pedestrian crossing facility;Crossing from driver's offside;Not car passenger;Not a bus or coach passenger;No / Not applicable;0;Cyclist;Most deprived 10%;1;Car;No tow/articulation;Data missing or out of range;Data missing or out of range;Not at or within 20 metres of junction;Data missing or out of range;Data missing or out of range;Data missing or out of range;Data missing or out of range;Data missing or out of range;-1;Not known;Not known;-1;Data missing or out of range;-1;-1;-1;-1;Data missing or out of range;-1
2019010157282;526129;167196;-0.188631;51.389796;Metropolitan Police;Slight;2;1;13/01/2019;Sunday;14:10;Merton;Merton;C;0;Dual carriageway;40 MPH;Crossroads;Auto traffic signal;A;297;None within 50 metres ;Pelican, puffin, toucan or similar non-junction pedestrian light crossing;Daylight;Fine no high winds;Dry;None;None;Urban;Yes;E01003436;1;1;Passenger;Male;3;1;Slight;Not a Pedestrian;Not a Pedestrian;Not car passenger;Seated passenger;No / Not applicable;11;Cyclist;More deprived 20-30%;1;Bus or coach (17 or more pass seats);No tow/articulation;Turning right;On main c'way - not in restricted lane;Mid Junction - on roundabout or on main road;None;None;Did not leave carriageway;None;Offside;1;Not known;Male;54;46 - 55;-1;-1;-1;5;Urban area;5
2019010157282;526129;167196;-0.188631;51.389796;Metropolitan Police;Slight;2;1;13/01/2019;Sunday;14:10;Merton;Merton;C;0;Dual carriageway;40 MPH;Crossroads;Auto traffic signal;A;297;None within 50 metres ;Pelican, puffin, toucan or similar non-junction pedestrian light crossing;Daylight;Fine no high winds;Dry;None;None;Urban;Yes;E01003436;1;1;Passenger;Male;3;1;Slight;Not a Pedestrian;Not a Pedestrian;Not car passenger;Seated passenger;No / Not applicable;11;Cyclist;More deprived 20-30%;2;Car;No tow/articulation;Turning right;On main c'way - not in restricted lane;Approaching junction or waiting/parked at junction approach;None;None;Did not leave carriageway;None;Offside;1;Not known;Male;44;36 - 45;-1;-1;-1;-1;Data missing or out of range;-1
2019010157288;527120;177137;-0.170832;51.478917;Metropolitan Police;Slight;2;1;11/01/2019;Friday;19:10;Wandsworth;Wandsworth;A;3220;Single carriageway;20 MPH;T or staggered junction;Give way or uncontrolled;C;0;None within 50 metres ;Data missing or out of range;Darkness - lights lit;Fine no high winds;Dry;None;None;Urban;No - accident was reported using a self completion  form (self rep only);E01004583;1;1;Driver or rider;Female;18;4;Slight;Not a Pedestrian;Not a Pedestrian;Not car passenger;Not a bus or coach passenger;No / Not applicable;3;Cyclist;Less deprived 40-50%;1;Motorcycle 125cc and under;No tow/articulation;Data missing or out of range;Data missing or out of range;Cleared junction or waiting/parked at junction exit;Data missing or out of range;Data missing or out of range;Data missing or out of range;Data missing or out of range;Front;1;Not known;Female;18;16 - 20;-1;-1;-1;6;Urban area;6
2019010157288;527120;177137;-0.170832;51.478917;Metropolitan Police;Slight;2;1;11/01/2019;Friday;19:10;Wandsworth;Wandsworth;A;3220;Single carriageway;20 MPH;T or staggered junction;Give way or uncontrolled;C;0;None within 50 metres ;Data missing or out of range;Darkness - lights lit;Fine no high winds;Dry;None;None;Urban;No - accident was reported using a self completion  form (self rep only);E01004583;1;1;Driver or rider;Female;18;4;Slight;Not a Pedestrian;Not a Pedestrian;Not car passenger;Not a bus or coach passenger;No / Not applicable;3;Cyclist;Less deprived 40-50%;2;Car;No tow/articulation;Data missing or out of range;Data missing or out of range;Cleared junction or waiting/parked at junction exit;Data missing or out of range;Data missing or out of range;Data missing or out of range;Data missing or out of range;Back;-1;Not known;Not known;50;46 - 55;-1;-1;-1;7;Urban area;7
2019010157291;535275;192391;-0.04761;51.614103;Metropolitan Police;Slight;2;2;13/01/2019;Sunday;14:50;Enfield;Enfield;Unclassified;0;One way street;30 MPH;T or staggered junction;Give way or uncontrolled;Unclassified;0;None within 50 metres ;No physical crossing facilities within 50 metres;Daylight;Fine no high winds;Dry;None;None;Urban;Yes;E01001427;2;1;Passenger;Female;39;7;Slight;Not a Pedestrian;Not a Pedestrian;Rear seat passenger;Not a bus or coach passenger;No / Not applicable;8;Cyclist;More deprived 10-20%;1;Car;No tow/articulation;Turning left;On main c'way - not in restricted lane;Approaching junction or waiting/parked at junction approach;None;None;Did not leave carriageway;None;Front;1;Not known;Male;62;56 - 65;-1;-1;-1;2;Urban area;2
2019010157291;535275;192391;-0.04761;51.614103;Metropolitan Police;Slight;2;2;13/01/2019;Sunday;14:50;Enfield;Enfield;Unclassified;0;One way street;30 MPH;T or staggered junction;Give way or uncontrolled;Unclassified;0;None within 50 metres ;No physical crossing facilities within 50 metres;Daylight;Fine no high winds;Dry;None;None;Urban;Yes;E01001427;2;1;Passenger;Female;39;7;Slight;Not a Pedestrian;Not a Pedestrian;Rear seat passenger;Not a bus or coach passenger;No / Not applicable;8;Cyclist;More deprived 10-20%;2;Taxi/Private hire car;No tow/articulation;Waiting to go - held up;On main c'way - not in restricted lane;Approaching junction or waiting/parked at junction approach;None;None;Did not leave carriageway;None;Front;1;Journey as part of work;Male;49;46 - 55;-1;-1;-1;2;Urban area;2
2019010157291;535275;192391;-0.04761;51.614103;Metropolitan Police;Slight;2;2;13/01/2019;Sunday;14:50;Enfield;Enfield;Unclassified;0;One way street;30 MPH;T or staggered junction;Give way or uncontrolled;Unclassified;0;None within 50 metres ;No physical crossing facilities within 50 metres;Daylight;Fine no high winds;Dry;None;None;Urban;Yes;E01001427;2;2;Passenger;Male;4;1;Slight;Not a Pedestrian;Not a Pedestrian;Rear seat passenger;Not a bus or coach passenger;No / Not applicable;8;Cyclist;More deprived 10-20%;1;Car;No tow/articulation;Turning left;On main c'way - not in restricted lane;Approaching junction or waiting/parked at junction approach;None;None;Did not leave carriageway;None;Front;1;Not known;Male;62;56 - 65;-1;-1;-1;2;Urban area;2
2019010157291;535275;192391;-0.04761;51.614103;Metropolitan Police;Slight;2;2;13/01/2019;Sunday;14:50;Enfield;Enfield;Unclassified;0;One way street;30 MPH;T or staggered junction;Give way or uncontrolled;Unclassified;0;None within 50 metres ;No physical crossing facilities within 50 metres;Daylight;Fine no high winds;Dry;None;None;Urban;Yes;E01001427;2;2;Passenger;Male;4;1;Slight;Not a Pedestrian;Not a Pedestrian;Rear seat passenger;Not a bus or coach passenger;No / Not applicable;8;Cyclist;More deprived 10-20%;2;Taxi/Private hire car;No tow/articulation;Waiting to go - held up;On main c'way - not in restricted lane;Approaching junction or waiting/parked at junction approach;None;None;Did not leave carriageway;None;Front;1;Journey as part of work;Male;49;46 - 55;-1;-1;-1;2;Urban area;2
2019010157297;547051;171681;0.113716;51.425066;Metropolitan Police;Serious;2;1;13/01/2019;Sunday;15:15;Bexley;Bexley;C;0;Single carriageway;30 MPH;Other junction;Give way or uncontrolled;Unclassified;0;None within 50 metres ;No physical crossing facilities within 50 metres;Daylight;Fine no high winds;Dry;None;None;Urban;Yes;E01000384;1;1;Driver or rider;Male;51;8;Serious;Not a Pedestrian;Not a Pedestrian;Not car passenger;Not a bus or coach passenger;No / Not applicable;5;Cyclist;More deprived 20-30%;1;Motorcycle over 500cc;No tow/articulation;Turning left;On main c'way - not in restricted lane;Approaching junction or waiting/parked at junction approach;None;None;Did not leave carriageway;None;Front;1;Not known;Male;51;46 - 55;-1;-1;-1;3;Urban area;3
2019010157297;547051;171681;0.113716;51.425066;Metropolitan Police;Serious;2;1;13/01/2019;Sunday;15:15;Bexley;Bexley;C;0;Single carriageway;30 MPH;Other junction;Give way or uncontrolled;Unclassified;0;None within 50 metres ;No physical crossing facilities within 50 metres;Daylight;Fine no high winds;Dry;None;None;Urban;Yes;E01000384;1;1;Driver or rider;Male;51;8;Serious;Not a Pedestrian;Not a Pedestrian;Not car passenger;Not a bus or coach passenger;No / Not applicable;5;Cyclist;More deprived 20-30%;2;Car;No tow/articulation;Waiting to go - held up;On main c'way - not in restricted lane;Approaching junction or waiting/parked at junction approach;None;None;Did not leave carriageway;None;Back;1;Not known;Male;42;36 - 45;-1;-1;-1;6;Urban area;6
2019010157298;520192;166546;-0.274137;51.385241;Metropolitan Police;Slight;2;1;13/01/2019;Sunday;16:50;Kingston upon Thames;Kingston upon Thames;A;3;Single carriageway;30 MPH;T or staggered junction;Give way or uncontrolled;Unclassified;0;None within 50 metres ;No physical crossing facilities within 50 metres;Daylight;Fine no high winds;Dry;None;None;Urban;Yes;E01002915;1;1;Passenger;Male;27;6;Slight;Not a Pedestrian;Not a Pedestrian;Front seat passenger;Not a bus or coach passenger;No / Not applicable;9;Cyclist;Less deprived 10-20%;1;Car;No tow/articulation;Going ahead other;On main c'way - not in restricted lane;Approaching junction or waiting/parked at junction approach;Skidded;None;Nearside;Other permanent object;Front;1;Not known;Male;27;26 - 35;-1;-1;-1;3;Urban area;3
2019010157298;520192;166546;-0.274137;51.385241;Metropolitan Police;Slight;2;1;13/01/2019;Sunday;16:50;Kingston upon Thames;Kingston upon Thames;A;3;Single carriageway;30 MPH;T or staggered junction;Give way or uncontrolled;Unclassified;0;None within 50 metres ;No physical crossing facilities within 50 metres;Daylight;Fine no high winds;Dry;None;None;Urban;Yes;E01002915;1;1;Passenger;Male;27;6;Slight;Not a Pedestrian;Not a Pedestrian;Front seat passenger;Not a bus or coach passenger;No / Not applicable;9;Cyclist;Less deprived 10-20%;2;Car;No tow/articulation;Turning right;On main c'way - not in restricted lane;Entering main road;None;None;Did not leave carriageway;None;Did not impact;1;Not known;Male;23;21 - 25;-1;-1;-1;9;Urban area;9
2019010157300;516300;173484;-0.327768;51.448409;Metropolitan Police;Slight;1;1;13/01/2019;Sunday;14:05;Richmond upon Thames;Richmond upon Thames;Unclassified;0;Dual carriageway;20 MPH;T or staggered junction;Give way or uncontrolled;C;0;None within 50 metres ;No physical crossing facilities within 50 metres;Daylight;Fine no high winds;Dry;None;None;Urban;Yes;E01003897;1;1;Driver or rider;Male;68;10;Slight;Not a Pedestrian;Not a Pedestrian;Not car passenger;Not a bus or coach passenger;No / Not applicable;9;Cyclist;Least deprived 10%;1;Car;No tow/articulation;Slowing or stopping;Footway (pavement);Entering main road;None;None;Straight ahead at junction;Other permanent object;Front;1;Not known;Male;68;66 - 75;-1;-1;-1;10;Urban area;10
2019010157304;511737;181944;-0.39073;51.525366;Metropolitan Police;Slight;2;2;12/01/2019;Saturday;17:36;Hillingdon;Hillingdon;A;312;Roundabout;40 MPH;Roundabout;Give way or uncontrolled;C;0;None within 50 metres ;No physical crossing facilities within 50 metres;Darkness - lights lit;Fine no high winds;Dry;None;None;Urban;Yes;E01002545;1;1;Passenger;Female;58;9;Slight;Not a Pedestrian;Not a Pedestrian;Rear seat passenger;Not a bus or coach passenger;No / Not applicable;9;-1;Data missing or out of range;1;Car;No tow/articulation;Going ahead other;On main c'way - not in restricted lane;Entering roundabout;None;None;Did not leave carriageway;None;Front;1;Not known;Male;52;46 - 55;-1;-1;-1;-1;Data missing or out of range;-1
2019010157304;511737;181944;-0.39073;51.525366;Metropolitan Police;Slight;2;2;12/01/2019;Saturday;17:36;Hillingdon;Hillingdon;A;312;Roundabout;40 MPH;Roundabout;Give way or uncontrolled;C;0;None within 50 metres ;No physical crossing facilities within 50 metres;Darkness - lights lit;Fine no high winds;Dry;None;None;Urban;Yes;E01002545;1;1;Passenger;Female;58;9;Slight;Not a Pedestrian;Not a Pedestrian;Rear seat passenger;Not a bus or coach passenger;No / Not applicable;9;-1;Data missing or out of range;2;Car;No tow/articulation;Going ahead right-hand bend;On main c'way - not in restricted lane;Entering roundabout;None;None;Did not leave carriageway;None;Nearside;1;Not known;Male;28;26 - 35;-1;-1;-1;6;Urban area;6
2019010157304;511737;181944;-0.39073;51.525366;Metropolitan Police;Slight;2;2;12/01/2019;Saturday;17:36;Hillingdon;Hillingdon;A;312;Roundabout;40 MPH;Roundabout;Give way or uncontrolled;C;0;None within 50 metres ;No physical crossing facilities within 50 metres;Darkness - lights lit;Fine no high winds;Dry;None;None;Urban;Yes;E01002545;2;2;Passenger;Female;20;4;Slight;Not a Pedestrian;Not a Pedestrian;Front seat passenger;Not a bus or coach passenger;No / Not applicable;9;Cyclist;Less deprived 40-50%;1;Car;No tow/articulation;Going ahead other;On main c'way - not in restricted lane;Entering roundabout;None;None;Did not leave carriageway;None;Front;1;Not known;Male;52;46 - 55;-1;-1;-1;-1;Data missing or out of range;-1
2019010157304;511737;181944;-0.39073;51.525366;Metropolitan Police;Slight;2;2;12/01/2019;Saturday;17:36;Hillingdon;Hillingdon;A;312;Roundabout;40 MPH;Roundabout;Give way or uncontrolled;C;0;None within 50 metres ;No physical crossing facilities within 50 metres;Darkness - lights lit;Fine no high winds;Dry;None;None;Urban;Yes;E01002545;2;2;Passenger;Female;20;4;Slight;Not a Pedestrian;Not a Pedestrian;Front seat passenger;Not a bus or coach passenger;No / Not applicable;9;Cyclist;Less deprived 40-50%;2;Car;No tow/articulation;Going ahead right-hand bend;On main c'way - not in restricted lane;Entering roundabout;None;None;Did not leave carriageway;None;Nearside;1;Not known;Male;28;26 - 35;-1;-1;-1;6;Urban area;6
2019010157310;530877;168925;-0.119793;51.404261;Metropolitan Police;Slight;2;1;13/01/2019;Sunday;17:25;Croydon;Croydon;A;23;Single carriageway;30 MPH;T or staggered junction;Give way or uncontrolled;Unclassified;0;None within 50 metres ;Central refuge;Darkness - lights lit;Fine no high winds;Dry;None;None;Urban;Yes;E01001090;2;1;Passenger;Female;29;6;Slight;Not a Pedestrian;Not a Pedestrian;Not car passenger;Not a bus or coach passenger;No / Not applicable;19;Cyclist;More deprived 10-20%;1;Car;No tow/articulation;Turning right;On main c'way - not in restricted lane;Entering main road;None;None;Did not leave carriageway;None;Front;1;Not known;Male;17;16 - 20;-1;-1;-1;5;Urban area;5
2019010157310;530877;168925;-0.119793;51.404261;Metropolitan Police;Slight;2;1;13/01/2019;Sunday;17:25;Croydon;Croydon;A;23;Single carriageway;30 MPH;T or staggered junction;Give way or uncontrolled;Unclassified;0;None within 50 metres ;Central refuge;Darkness - lights lit;Fine no high winds;Dry;None;None;Urban;Yes;E01001090;2;1;Passenger;Female;29;6;Slight;Not a Pedestrian;Not a Pedestrian;Not car passenger;Not a bus or coach passenger;No / Not applicable;19;Cyclist;More deprived 10-20%;2;Van / Goods 3.5 tonnes mgw or under;Other tow;Going ahead other;On main c'way - not in restricted lane;Approaching junction or waiting/parked at junction approach;None;None;Did not leave carriageway;None;Front;1;Not known;Male;65;56 - 65;-1;-1;-1;4;Urban area;4
2019010157311;533474;165487;-0.083771;51.37276;Metropolitan Police;Slight;2;2;13/01/2019;Sunday;18:20;Croydon;Croydon;A;232;Single carriageway;30 MPH;T or staggered junction;Give way or uncontrolled;Unclassified;0;None within 50 metres ;Zebra;Daylight;Fine no high winds;Dry;None;Pedestrian in carriageway - not injured;Urban;Yes;E01001046;1;1;Pedestrian;Male;73;10;Slight;Crossing on pedestrian crossing facility;Crossing from driver's nearside;Not car passenger;Not a bus or coach passenger;No / Not applicable;0;Cyclist;Less deprived 20-30%;1;Car;No tow/articulation;Waiting to go - held up;On main c'way - not in restricted lane;Cleared junction or waiting/parked at junction exit;None;None;Did not leave carriageway;None;Back;1;Not known;Male;67;66 - 75;-1;-1;-1;-1;Data missing or out of range;-1
2019010157311;533474;165487;-0.083771;51.37276;Metropolitan Police;Slight;2;2;13/01/2019;Sunday;18:20;Croydon;Croydon;A;232;Single carriageway;30 MPH;T or staggered junction;Give way or uncontrolled;Unclassified;0;None within 50 metres ;Zebra;Daylight;Fine no high winds;Dry;None;Pedestrian in carriageway - not injured;Urban;Yes;E01001046;1;1;Pedestrian;Male;73;10;Slight;Crossing on pedestrian crossing facility;Crossing from driver's nearside;Not car passenger;Not a bus or coach passenger;No / Not applicable;0;Cyclist;Less deprived 20-30%;2;Car;No tow/articulation;Going ahead other;On main c'way - not in restricted lane;Cleared junction or waiting/parked at junction exit;None;None;Did not leave carriageway;None;Front;1;Not known;Female;20;16 - 20;-1;-1;-1;9;Urban area;9
2019010157311;533474;165487;-0.083771;51.37276;Metropolitan Police;Slight;2;2;13/01/2019;Sunday;18:20;Croydon;Croydon;A;232;Single carriageway;30 MPH;T or staggered junction;Give way or uncontrolled;Unclassified;0;None within 50 metres ;Zebra;Daylight;Fine no high winds;Dry;None;Pedestrian in carriageway - not injured;Urban;Yes;E01001046;2;2;Driver or rider;Female;20;4;Slight;Not a Pedestrian;Not a Pedestrian;Not car passenger;Not a bus or coach passenger;No / Not applicable;9;Cyclist;Less deprived 10-20%;1;Car;No tow/articulation;Waiting to go - held up;On main c'way - not in restricted lane;Cleared junction or waiting/parked at junction exit;None;None;Did not leave carriageway;None;Back;1;Not known;Male;67;66 - 75;-1;-1;-1;-1;Data missing or out of range;-1
2019010157311;533474;165487;-0.083771;51.37276;Metropolitan Police;Slight;2;2;13/01/2019;Sunday;18:20;Croydon;Croydon;A;232;Single carriageway;30 MPH;T or staggered junction;Give way or uncontrolled;Unclassified;0;None within 50 metres ;Zebra;Daylight;Fine no high winds;Dry;None;Pedestrian in carriageway - not injured;Urban;Yes;E01001046;2;2;Driver or rider;Female;20;4;Slight;Not a Pedestrian;Not a Pedestrian;Not car passenger;Not a bus or coach passenger;No / Not applicable;9;Cyclist;Less deprived 10-20%;2;Car;No tow/articulation;Going ahead other;On main c'way - not in restricted lane;Cleared junction or waiting/parked at junction exit;None;None;Did not leave carriageway;None;Front;1;Not known;Female;20;16 - 20;-1;-1;-1;9;Urban area;9
2019010157315;529774;182558;-0.130642;51.527032;Metropolitan Police;Slight;1;1;13/01/2019;Sunday;17:46;Camden;Camden;A;501;Dual carriageway;30 MPH;Crossroads;Auto traffic signal;A;4200;None within 50 metres ;Pedestrian phase at traffic signal junction;Darkness - lights lit;Fine no high winds;Wet or damp;None;None;Urban;Yes;E01000852;1;1;Pedestrian;Male;37;7;Slight;In centre of carriageway - not on refuge, island or central reservation;Crossing from driver's offside;Not car passenger;Not a bus or coach passenger;No / Not applicable;0;Cyclist;More deprived 40-50%;1;Taxi/Private hire car;No tow/articulation;Going ahead other;On main c'way - not in restricted lane;Mid Junction - on roundabout or on main road;None;None;Did not leave carriageway;None;Front;1;Not known;Female;49;46 - 55;-1;-1;-1;3;Urban area;3
2019010157317;546276;171796;0.102624;51.4263;Metropolitan Police;Slight;1;1;09/01/2019;Wednesday;16:25;Bexley;Bexley;A;211;Unknown;30 MPH;T or staggered junction;Give way or uncontrolled;Unclassified;0;None within 50 metres ;Pedestrian phase at traffic signal junction;Darkness - lights lit;Unknown;Dry;None;None;Urban;No - accident was reported using a self completion  form (self rep only);E01000457;1;1;Pedestrian;Male;37;7;Slight;In carriageway, crossing elsewhere;Crossing from driver's nearside;Not car passenger;Not a bus or coach passenger;No / Not applicable;0;Cyclist;More deprived 20-30%;1;Car;No tow/articulation;Data missing or out of range;Data missing or out of range;Data missing or out of range;Data missing or out of range;Data missing or out of range;Data missing or out of range;Data missing or out of range;Front;-1;Not known;Not known;-1;Data missing or out of range;-1;-1;-1;-1;Data missing or out of range;-1
2019010157318;519497;186559;-0.277357;51.565257;Metropolitan Police;Slight;4;1;13/01/2019;Sunday;17:39;Brent;Brent;A;4089;Single carriageway;30 MPH;T or staggered junction;Auto traffic signal;A;4088;Control by other authorised person;Pelican, puffin, toucan or similar non-junction pedestrian light crossing;Darkness - lights lit;Fine no high winds;Dry;None;None;Urban;Yes;E01000482;2;1;Driver or rider;Male;27;6;Slight;Not a Pedestrian;Not a Pedestrian;Not car passenger;Not a bus or coach passenger;No / Not applicable;9;-1;Data missing or out of range;1;Car;No tow/articulation;Going ahead left-hand bend;On main c'way - not in restricted lane;Entering main road;None;Parked vehicle;Did not leave carriageway;None;Front;1;Not known;Female;28;26 - 35;-1;-1;-1;5;Urban area;5
2019010157318;519497;186559;-0.277357;51.565257;Metropolitan Police;Slight;4;1;13/01/2019;Sunday;17:39;Brent;Brent;A;4089;Single carriageway;30 MPH;T or staggered junction;Auto traffic signal;A;4088;Control by other authorised person;Pelican, puffin, toucan or similar non-junction pedestrian light crossing;Darkness - lights lit;Fine no high winds;Dry;None;None;Urban;Yes;E01000482;2;1;Driver or rider;Male;27;6;Slight;Not a Pedestrian;Not a Pedestrian;Not car passenger;Not a bus or coach passenger;No / Not applicable;9;-1;Data missing or out of range;2;Car;No tow/articulation;Waiting to go - held up;On main c'way - not in restricted lane;Cleared junction or waiting/parked at junction exit;None;None;Did not leave carriageway;None;Back;1;Not known;Male;27;26 - 35;-1;-1;-1;-1;Data missing or out of range;-1
2019010157318;519497;186559;-0.277357;51.565257;Metropolitan Police;Slight;4;1;13/01/2019;Sunday;17:39;Brent;Brent;A;4089;Single carriageway;30 MPH;T or staggered junction;Auto traffic signal;A;4088;Control by other authorised person;Pelican, puffin, toucan or similar non-junction pedestrian light crossing;Darkness - lights lit;Fine no high winds;Dry;None;None;Urban;Yes;E01000482;2;1;Driver or rider;Male;27;6;Slight;Not a Pedestrian;Not a Pedestrian;Not car passenger;Not a bus or coach passenger;No / Not applicable;9;-1;Data missing or out of range;3;Car;No tow/articulation;Going ahead other;On main c'way - not in restricted lane;Entering main road;None;None;Did not leave carriageway;None;Front;1;Not known;Not known;-1;Data missing or out of range;-1;-1;-1;-1;Data missing or out of range;-1
2019010157318;519497;186559;-0.277357;51.565257;Metropolitan Police;Slight;4;1;13/01/2019;Sunday;17:39;Brent;Brent;A;4089;Single carriageway;30 MPH;T or staggered junction;Auto traffic signal;A;4088;Control by other authorised person;Pelican, puffin, toucan or similar non-junction pedestrian light crossing;Darkness - lights lit;Fine no high winds;Dry;None;None;Urban;Yes;E01000482;2;1;Driver or rider;Male;27;6;Slight;Not a Pedestrian;Not a Pedestrian;Not car passenger;Not a bus or coach passenger;No / Not applicable;9;-1;Data missing or out of range;4;Van / Goods 3.5 tonnes mgw or under;No tow/articulation;Parked;On main c'way - not in restricted lane;Cleared junction or waiting/parked at junction exit;None;None;Did not leave carriageway;None;Back;1;Not known;Not known;-1;Data missing or out of range;-1;-1;-1;-1;Data missing or out of range;-1
2019010157323;522789;184653;-0.23055;51.547421;Metropolitan Police;Slight;2;1;13/01/2019;Sunday;13:28;Brent;Brent;Unclassified;0;Single carriageway;30 MPH;Not at junction or within 20 metres;Data missing or out of range;-1;0;None within 50 metres ;No physical crossing facilities within 50 metres;Daylight;Fine no high winds;Dry;None;None;Urban;Yes;E01000639;2;1;Driver or rider;Male;43;7;Slight;Not a Pedestrian;Not a Pedestrian;Not car passenger;Not a bus or coach passenger;No / Not applicable;3;-1;Data missing or out of range;1;Car;No tow/articulation;Reversing;On main c'way - not in restricted lane;Not at or within 20 metres of junction;None;None;Did not leave carriageway;None;Back;1;Not known;Male;23;21 - 25;-1;-1;-1;-1;Data missing or out of range;-1