Accident_Index;Location_Easting_OSGR;Location_Northing_OSGR;Longitude;Latitude;Police_Force;Accident_Severity;Number_of_Vehicles;Number_of_Casualties;Date;Day_of_Week;Time;Local_Authority_(District);Local_Authority_(Highway);1st_Road_Class;1st_Road_Number;Road_Type;Speed_limit;Junction_Detail;Junction_Control;2nd_Road_Class;2nd_Road_Number;Pedestrian_Crossing-Human_Control;Pedestrian_Crossing-Physical_Facilities;Light_Conditions;Weather_Conditions;Road_Surface_Conditions;Special_Conditions_at_Site;Carriageway_Hazards;Urban_or_Rural_Area;Did_Police_Officer_Attend_Scene_of_Accident;LSOA_of_Accident_Location;Vehicle_Reference_x;Casualty_Reference;Casualty_Class;Sex_of_Casualty;Age_of_Casualty;Age_Band_of_Casualty;Casualty_Severity;Pedestrian_Location;Pedestrian_Movement;Car_Passenger;Bus_or_Coach_Passenger;Pedestrian_Road_Maintenance_Worker;Casualty_Type;Casualty_Home_Area_Type;Casualty_IMD_Decile;Vehicle_Reference_y;Vehicle_Type;Towing_and_Articulation;Vehicle_Manoeuvre;Vehicle_Location-Restricted_Lane;Junction_Location;Skidding_and_Overturning;Hit_Object_in_Carriageway;Vehicle_Leaving_Carriageway;Hit_Object_off_Carriageway;1st_Point_of_Impact;Was_Vehicle_Left_Hand_Drive?;Journey_Purpose_of_Driver;Sex_of_Driver;Age_of_Driver;Age_Band_of_Driver;Engine_Capacity_(CC);Propulsion_Code;Age_of_Vehicle;Driver_IMD_Decile;Driver_Home_Area_Type;Vehicle_IMD_Decile
2019010157323;522789;184653;-0.23055;51.547421;Metropolitan Police;Slight;2;1;13/01/2019;Sunday;13:28;Brent;Brent;Unclassified;0;Single carriageway;30 MPH;Not at junction or within 20 metres;Data missing or out of range;-1;0;None within 50 metres ;No physical crossing facilities within 50 metres;Daylight;Fine no high winds;Dry;None;None;Urban;Yes;E01000639;2;1;Driver or rider;Male;43;7;Slight;Not a Pedestrian;Not a Pedestrian;Not car passenger;Not a bus or coach passenger;No / Not applicable;3;-1;Data missing or out of range;2;Motorcycle 125cc and under;No tow/articulation;Slowing or stopping;On main c'way - not in restricted lane;Not at or within 20 metres of junction;None;None;Did not leave carriageway;None;Front;1;Not known;Male;43;36 - 45;-1;-1;-1;-1;Data missing or out of range;-1
2019010157326;544010;170415;0.069493;51.414471;Metropolitan Police;Serious;2;1;13/01/2019;Sunday;17:00;Bromley;Bromley;B;263;Single carriageway;30 MPH;Not at junction or within 20 metres;Data missing or out of range;-1;0;None within 50 metres ;No physical crossing facilities within 50 metres;Darkness - lights lit;Fine no high winds;Dry;None;None;Urban;Yes;E01000696;2;1;Driver or rider;Male;19;4;Serious;Not a Pedestrian;Not a Pedestrian;Not car passenger;Not a bus or coach passenger;No / Not applicable;3;Cyclist;Less deprived 30-40%;1;Car;No tow/articulation;Changing lane to right;On main c'way - not in restricted lane;Not at or within 20 metres of junction;None;Kerb;Did not leave carriageway;None;Front;1;Not known;Male;30;26 - 35;-1;-1;-1;5;Urban area;5
2019010157326;544010;170415;0.069493;51.414471;Metropolitan Police;Serious;2;1;13/01/2019;Sunday;17:00;Bromley;Bromley;B;263;Single carriageway;30 MPH;Not at junction or within 20 metres;Data missing or out of range;-1;0;None within 50 metres ;No physical crossing facilities within 50 metres;Darkness - lights lit;Fine no high winds;Dry;None;None;Urban;Yes;E01000696;2;1;Driver or rider;Male;19;4;Serious;Not a Pedestrian;Not a Pedestrian;Not car passenger;Not a bus or coach passenger;No / Not applicable;3;Cyclist;Less deprived 30-40%;2;Motorcycle 125cc and under;No tow/articulation;Going ahead other;On main c'way - not in restricted lane;Not at or within 20 metres of junction;None;Kerb;Did not leave carriageway;None;Front;1;Not known;Male;19;16 - 20;-1;-1;-1;7;Urban area;7
2019010157331;534774;169298;-0.06366;51.406701;Metropolitan Police;Fatal;1;2;13/01/2019;Sunday;20:08;Bromley;Bromley;A;213;Single carriageway;30 MPH;T or staggered junction;Give way or uncontrolled;Unclassified;0;None within 50 metres ;Pelican, puffin, toucan or similar non-junction pedestrian light crossing;Darkness - lights lit;Other;Dry;None;Pedestrian in carriageway - not injured;Urban;Yes;E01000743;1;1;Pedestrian;Female;23;5;Fatal;Crossing elsewhere within 50m. of pedestrian crossing;Crossing from nearside - masked by parked or stationary vehicle;Not car passenger;Not a bus or coach passenger;No / Not applicable;0;Cyclist;More deprived 30-40%;1;Car;No tow/articulation;Going ahead other;On main c'way - not in restricted lane;Approaching junction or waiting/parked at junction approach;None;None;Did not leave carriageway;None;Front;1;Not known;Male;51;46 - 55;1364;Petrol;1;4;Urban area;4
2019010157331;534774;169298;-0.06366;51.406701;Metropolitan Police;Fatal;1;2;13/01/2019;Sunday;20:08;Bromley;Bromley;A;213;Single carriageway;30 MPH;T or staggered junction;Give way or uncontrolled;Unclassified;0;None within 50 metres ;Pelican, puffin, toucan or similar non-junction pedestrian light crossing;Darkness - lights lit;Other;Dry;None;Pedestrian in carriageway - not injured;Urban;Yes;E01000743;1;2;Pedestrian;Male;0;1;Fatal;Crossing elsewhere within 50m. of pedestrian crossing;Crossing from nearside - masked by parked or stationary vehicle;Not car passenger;Not a bus or coach passenger;No / Not applicable;0;Cyclist;More deprived 30-40%;1;Car;No tow/articulation;Going ahead other;On main c'way - not in restricted lane;Approaching junction or waiting/parked at junction approach;None;None;Did not leave carriageway;None;Front;1;Not known;Male;51;46 - 55;1364;Petrol;1;4;Urban area;4
2019010157333;547705;187444;0.129708;51.566532;Metropolitan Police;Slight;2;2;13/01/2019;Sunday;22:35;Barking and Dagenham;Barking and Dagenham;C;0;Single carriageway;30 MPH;Crossroads;Auto traffic signal;C;0;None within 50 metres ;Pelican, puffin, toucan or similar non-junction pedestrian light crossing;Darkness - lights lit;Fine no high winds;Dry;None;None;Urban;Yes;E01000097;1;1;Driver or rider;Male;37;7;Slight;Not a Pedestrian;Not a Pedestrian;Not car passenger;Not a bus or coach passenger;No / Not applicable;9;Cyclist;More deprived 30-40%;1;Car;No tow/articulation;Turning right;On main c'way - not in restricted lane;Mid Junction - on roundabout or on main road;None;None;Did not leave carriageway;None;Nearside;1;Not known;Male;37;36 - 45;-1;-1;-1;4;Urban area;4
2019010157333;547705;187444;0.129708;51.566532;Metropolitan Police;Slight;2;2;13/01/2019;Sunday;22:35;Barking and Dagenham;Barking and Dagenham;C;0;Single carriageway;30 MPH;Crossroads;Auto traffic signal;C;0;None within 50 metres ;Pelican, puffin, toucan or similar non-junction pedestrian light crossing;Darkness - lights lit;Fine no high winds;Dry;None;None;Urban;Yes;E01000097;1;1;Driver or rider;Male;37;7;Slight;Not a Pedestrian;Not a Pedestrian;Not car passenger;Not a bus or coach passenger;No / Not applicable;9;Cyclist;More deprived 30-40%;2;Car;No tow/articulation;Going ahead other;On main c'way - not in restricted lane;Mid Junction - on roundabout or on main road;None;None;Did not leave carriageway;None;Front;1;Not known;Male;46;46 - 55;-1;-1;-1;4;Urban area;4
2019010157333;547705;187444;0.129708;51.566532;Metropolitan Police;Slight;2;2;13/01/2019;Sunday;22:35;Barking and Dagenham;Barking and Dagenham;C;0;Single carriageway;30 MPH;Crossroads;Auto traffic signal;C;0;None within 50 metres ;Pelican, puffin, toucan or similar non-junction pedestrian light crossing;Darkness - lights lit;Fine no high winds;Dry;None;None;Urban;Yes;E01000097;2;2;Driver or rider;Male;46;8;Slight;Not a Pedestrian;Not a Pedestrian;Not car passenger;Not a bus or coach passenger;No / Not applicable;9;Cyclist;More deprived 30-40%;1;Car;No tow/articulation;Turning right;On main c'way - not in restricted lane;Mid Junction - on roundabout or on main road;None;None;Did not leave carriageway;None;Nearside;1;Not known;Male;37;36 - 45;-1;-1;-1;4;Urban area;4
2019010157333;547705;187444;0.129708;51.566532;Metropolitan Police;Slight;2;2;13/01/2019;Sunday;22:35;Barking and Dagenham;Barking and Dagenham;C;0;Single carriageway;30 MPH;Crossroads;Auto traffic signal;C;0;None within 50 metres ;Pelican, puffin, toucan or similar non-junction pedestrian light crossing;Darkness - lights lit;Fine no high winds;Dry;None;None;Urban;Yes;E01000097;2;2;Driver or rider;Male;46;8;Slight;Not a Pedestrian;Not a Pedestrian;Not car passenger;Not a bus or coach passenger;No / Not applicable;9;Cyclist;More deprived 30-40%;2;Car;No tow/articulation;Going ahead other;On main c'way - not in restricted lane;Mid Junction - on roundabout or on main road;None;None;Did not leave carriageway;None;Front;1;Not known;Male;46;46 - 55;-1;-1;-1;4;Urban area;4
2019010157339;526954;191839;-0.16792;51.61108;Metropolitan Police;Serious;1;1;14/01/2019;Monday;07:21;Barnet;Barnet;A;1003;Single carriageway;30 MPH;T or staggered junction;Give way or uncontrolled;Unclassified;0;None within 50 metres ;Zebra;Daylight;Fine no high winds;Dry;None;None;Urban;Yes;E01000315;1;1;Pedestrian;Female;29;6;Serious;Crossing elsewhere within 50m. of pedestrian crossing;Crossing from driver's offside;Not car passenger;Not a bus or coach passenger;No / Not applicable;0;Cyclist;More deprived 10-20%;1;Car;No tow/articulation;Going ahead other;On main c'way - not in restricted lane;Approaching junction or waiting/parked at junction approach;None;None;Did not leave carriageway;None;Front;1;Not known;Male;30;26 - 35;-1;-1;-1;4;Urban area;4
2019010157340;518115;188038;-0.29679;51.57884;Metropolitan Police;Serious;1;1;14/01/2019;Monday;06:48;Brent;Brent;Unclassified;0;Dual carriageway;30 MPH;T or staggered junction;Give way or uncontrolled;Unclassified;0;None within 50 metres ;Zebra;Darkness - no lighting;Fine no high winds;Dry;None;None;Urban;Yes;E01000538;1;1;Pedestrian;Male;39;7;Serious;Crossing on pedestrian crossing facility;Crossing from driver's nearside;Not car passenger;Not a bus or coach passenger;No / Not applicable;0;Cyclist;Less deprived 10-20%;1;Car;No tow/articulation;Going ahead other;On main c'way - not in restricted lane;Cleared junction or waiting/parked at junction exit;None;None;Did not leave carriageway;None;Nearside;1;Commuting to/from work;Male;48;46 - 55;-1;-1;-1;9;Urban area;9
2019010157343;528411;181409;-0.150698;51.517018;Metropolitan Police;Slight;2;1;14/01/2019;Monday;07:45;Westminster;Westminster;Unclassified;0;One way street;30 MPH;T or staggered junction;Stop sign;Unclassified;0;None within 50 metres ;No physical crossing facilities within 50 metres;Daylight;Fine no high winds;Dry;None;None;Urban;Yes;E01004714;2;1;Driver or rider;Female;27;6;Slight;Not a Pedestrian;Not a Pedestrian;Not car passenger;Not a bus or coach passenger;No / Not applicable;1;Cyclist;More deprived 10-20%;1;Van / Goods 3.5 tonnes mgw or under;No tow/articulation;Moving off;On main c'way - not in restricted lane;Mid Junction - on roundabout or on main road;None;None;Did not leave carriageway;None;Front;1;Journey as part of work;Male;44;36 - 45;-1;-1;-1;2;Urban area;2
2019010157343;528411;181409;-0.150698;51.517018;Metropolitan Police;Slight;2;1;14/01/2019;Monday;07:45;Westminster;Westminster;Unclassified;0;One way street;30 MPH;T or staggered junction;Stop sign;Unclassified;0;None within 50 metres ;No physical crossing facilities within 50 metres;Daylight;Fine no high winds;Dry;None;None;Urban;Yes;E01004714;2;1;Driver or rider;Female;27;6;Slight;Not a Pedestrian;Not a Pedestrian;Not car passenger;Not a bus or coach passenger;No / Not applicable;1;Cyclist;More deprived 10-20%;2;Pedal cycle;No tow/articulation;Going ahead other;On main c'way - not in restricted lane;Cleared junction or waiting/parked at junction exit;None;None;Did not leave carriageway;None;Offside;1;Commuting to/from work;Female;27;26 - 35;-1;-1;-1;2;Urban area;2
2019010157345;529712;176141;-0.133892;51.469378;Metropolitan Police;Serious;2;1;14/01/2019;Monday;07:53;Lambeth;Lambeth;C;0;Single carriageway;30 MPH;Private drive or entrance;Give way or uncontrolled;Unclassified;0;None within 50 metres ;No physical crossing facilities within 50 metres;Darkness - lights lit;Fine no high winds;Dry;None;None;Urban;Yes;E01003095;2;1;Driver or rider;Male;24;5;Serious;Not a Pedestrian;Not a Pedestrian;Not car passenger;Not a bus or coach passenger;No / Not applicable;5;Cyclist;Less deprived 40-50%;1;Car;No tow/articulation;Turning right;On main c'way - not in restricted lane;Mid Junction - on roundabout or on main road;None;None;Did not leave carriageway;None;Offside;1;Taking pupil to/from school;Male;48;46 - 55;-1;-1;-1;3;Urban area;3
2019010157345;529712;176141;-0.133892;51.469378;Metropolitan Police;Serious;2;1;14/01/2019;Monday;07:53;Lambeth;Lambeth;C;0;Single carriageway;30 MPH;Private drive or entrance;Give way or uncontrolled;Unclassified;0;None within 50 metres ;No physical crossing facilities within 50 metres;Darkness - lights lit;Fine no high winds;Dry;None;None;Urban;Yes;E01003095;2;1;Driver or rider;Male;24;5;Serious;Not a Pedestrian;Not a Pedestrian;Not car passenger;Not a bus or coach passenger;No / Not applicable;5;Cyclist;Less deprived 40-50%;2;Motorcycle over 500cc;No tow/articulation;Going ahead other;On main c'way - not in restricted lane;Mid Junction - on roundabout or on main road;Skidded and overturned;None;Did not leave carriageway;None;Front;1;Commuting to/from work;Male;24;21 - 25;-1;-1;-1;6;Urban area;6
2019010157361;512659;182801;-0.377171;51.532886;Metropolitan Police;Serious;2;1;11/01/2019;Friday;15:27;Ealing;Ealing;B;455;Slip road;20 MPH;Data missing or out of range;Auto traffic signal;Unclassified;0;None within 50 metres ;Data missing or out of range;Darkness - lighting unknown;Fine no high winds;Dry;Data missing or out of range;Data missing or out of range;Urban;No - accident was reported using a self completion  form (self rep only);E01001257;1;1;Driver or rider;Male;19;4;Serious;Not a Pedestrian;Not a Pedestrian;Not car passenger;Not a bus or coach passenger;No / Not applicable;2;Cyclist;More deprived 30-40%;1;Motorcycle 50cc and under;No tow/articulation;Data missing or out of range;Data missing or out of range;Data missing or out of range;Data missing or out of range;Data missing or out of range;Data missing or out of range;Data missing or out of range;Data missing or out of range;1;Commuting to/from work;Male;19;16 - 20;-1;-1;-1;4;Urban area;4
2019010157361;512659;182801;-0.377171;51.532886;Metropolitan Police;Serious;2;1;11/01/2019;Friday;15:27;Ealing;Ealing;B;455;Slip road;20 MPH;Data missing or out of range;Auto traffic signal;Unclassified;0;None within 50 metres ;Data missing or out of range;Darkness - lighting unknown;Fine no high winds;Dry;Data missing or out of range;Data missing or out of range;Urban;No - accident was reported using a self completion  form (self rep only);E01001257;1;1;Driver or rider;Male;19;4;Serious;Not a Pedestrian;Not a Pedestrian;Not car passenger;Not a bus or coach passenger;No / Not applicable;2;Cyclist;More deprived 30-40%;2;Car;No tow/articulation;Data missing or out of range;Data missing or out of range;Data missing or out of range;Data missing or out of range;Data missing or out of range;Data missing or out of range;Data missing or out of range;Data missing or out of range;-1;Not known;Not known;33;26 - 35;-1;-1;-1;2;Urban area;2
2019010157363;524266;181421;-0.2104;51.518052;Metropolitan Police;Slight;1;1;14/01/2019;Monday;08:50;Kensington and Chelsea;Kensington and Chelsea;B;450;Single carriageway;30 MPH;Crossroads;Auto traffic signal;B;412;None within 50 metres ;No physical crossing facilities within 50 metres;Daylight;Fine no high winds;Dry;None;None;Urban;Yes;E01002878;1;1;Passenger;Female;28;6;Slight;Not a Pedestrian;Not a Pedestrian;Not car passenger;Standing passenger;No / Not applicable;11;Cyclist;Most deprived 10%;1;Bus or coach (17 or more pass seats);No tow/articulation;Going ahead right-hand bend;On main c'way - not in restricted lane;Cleared junction or waiting/parked at junction exit;None;None;Did not leave carriageway;None;Did not impact;1;Journey as part of work;Male;40;36 - 45;-1;-1;-1;3;Urban area;3
2019010157373;523914;179905;-0.216004;51.504504;Metropolitan Police;Slight;2;1;13/01/2019;Sunday;12:20;Hammersmith and Fulham;Hammersmith and Fulham;A;402;Roundabout;20 MPH;Roundabout;Auto traffic signal;A;3220;None within 50 metres ;Data missing or out of range;Daylight;Fine no high winds;Dry;None;None;Urban;No - accident was reported using a self completion  form (self rep only);E01002869;1;1;Driver or rider;Male;34;6;Slight;Not a Pedestrian;Not a Pedestrian;Not car passenger;Not a bus or coach passenger;No / Not applicable;3;Cyclist;Less deprived 40-50%;1;Motorcycle 125cc and under;No tow/articulation;Data missing or out of range;Data missing or out of range;Data missing or out of range;Data missing or out of range;Data missing or out of range;Data missing or out of range;Data missing or out of range;Data missing or out of range;1;Not known;Male;34;26 - 35;-1;-1;-1;6;Urban area;6
2019010157373;523914;179905;-0.216004;51.504504;Metropolitan Police;Slight;2;1;13/01/2019;Sunday;12:20;Hammersmith and Fulham;Hammersmith and Fulham;A;402;Roundabout;20 MPH;Roundabout;Auto traffic signal;A;3220;None within 50 metres ;Data missing or out of range;Daylight;Fine no high winds;Dry;None;None;Urban;No - accident was reported using a self completion  form (self rep only);E01002869;1;1;Driver or rider;Male;34;6;Slight;Not a Pedestrian;Not a Pedestrian;Not car passenger;Not a bus or coach passenger;No / Not applicable;3;Cyclist;Less deprived 40-50%;2;Taxi/Private hire car;No tow/articulation;Data missing or out of range;Data missing or out of range;Data missing or out of range;Data missing or out of range;Data missing or out of range;Data missing or out of range;Data missing or out of range;Data missing or out of range;-1;Not known;Not known;-1;Data missing or out of range;-1;-1;-1;-1;Data missing or out of range;-1
2019010157374;535068;180759;-0.055062;51.509625;Metropolitan Police;Slight;2;1;12/01/2019;Saturday;13:30;Tower Hamlets;Tower Hamlets;A;1203;Dual carriageway;30 MPH;T or staggered junction;Auto traffic signal;C;0;Data missing or out of range;Pedestrian phase at traffic signal junction;Daylight;Fine no high winds;Dry;None;None;Urban;No - accident was reported using a self completion  form (self rep only);E01004303;1;1;Driver or rider;Female;31;6;Slight;Not a Pedestrian;Not a Pedestrian;Not car passenger;Not a bus or coach passenger;No / Not applicable;9;Cyclist;More deprived 30-40%;1;Car;No tow/articulation;Data missing or out of range;Data missing or out of range;Data missing or out of range;Data missing or out of range;Data missing or out of range;Data missing or out of range;Data missing or out of range;Back;-1;Commuting to/from work;Female;31;26 - 35;-1;-1;-1;4;Urban area;4
2019010157374;535068;180759;-0.055062;51.509625;Metropolitan Police;Slight;2;1;12/01/2019;Saturday;13:30;Tower Hamlets;Tower Hamlets;A;1203;Dual carriageway;30 MPH;T or staggered junction;Auto traffic signal;C;0;Data missing or out of range;Pedestrian phase at traffic signal junction;Daylight;Fine no high winds;Dry;None;None;Urban;No - accident was reported using a self completion  form (self rep only);E01004303;1;1;Driver or rider;Female;31;6;Slight;Not a Pedestrian;Not a Pedestrian;Not car passenger;Not a bus or coach passenger;No / Not applicable;9;Cyclist;More deprived 30-40%;2;Motorcycle 125cc and under;No tow/articulation;Data missing or out of range;Data missing or out of range;Data missing or out of range;Data missing or out of range;Data missing or out of range;Data missing or out of range;Data missing or out of range;Back;1;Not known;Not known;-1;Data missing or out of range;-1;-1;-1;3;Urban area;3
2019010157377;525080;169889;-0.202751;51.414231;Metropolitan Police;Serious;2;1;14/01/2019;Monday;10:53;Merton;Merton;A;238;Single carriageway;30 MPH;T or staggered junction;Give way or uncontrolled;B;285;None within 50 metres ;Pedestrian phase at traffic signal junction;Daylight;Fine no high winds;Dry;None;None;Urban;Yes;E01003428;2;1;Driver or rider;Male;23;5;Serious;Not a Pedestrian;Not a Pedestrian;Not car passenger;Not a bus or coach passenger;No / Not applicable;3;Cyclist;Less deprived 20-30%;1;Van / Goods 3.5 tonnes mgw or under;No tow/articulation;Turning right;On main c'way - not in restricted lane;Cleared junction or waiting/parked at junction exit;None;None;Did not leave carriageway;None;Front;1;Not known;Male;57;56 - 65;-1;-1;-1;9;Urban area;9
2019010157377;525080;169889;-0.202751;51.414231;Metropolitan Police;Serious;2;1;14/01/2019;Monday;10:53;Merton;Merton;A;238;Single carriageway;30 MPH;T or staggered junction;Give way or uncontrolled;B;285;None within 50 metres ;Pedestrian phase at traffic signal junction;Daylight;Fine no high winds;Dry;None;None;Urban;Yes;E01003428;2;1;Driver or rider;Male;23;5;Serious;Not a Pedestrian;Not a Pedestrian;Not car passenger;Not a bus or coach passenger;No / Not applicable;3;Cyclist;Less deprived 20-30%;2;Motorcycle 125cc and under;No tow/articulation;Going ahead other;On main c'way - not in restricted lane;Mid Junction - on roundabout or on main road;None;None;Did not leave carriageway;None;Front;1;Not known;Male;23;21 - 25;-1;-1;-1;8;Urban area;8
2019010157380;553808;189500;0.218591;51.583375;Metropolitan Police;Serious;3;1;14/01/2019;Monday;07:18;Havering;Havering;C;0;Single carriageway;30 MPH;Other junction;Give way or uncontrolled;Unclassified;0;None within 50 metres ;No physical crossing facilities within 50 metres;Daylight;Fine no high winds;Dry;None;None;Urban;Yes;E01002380;1;1;Driver or rider;Male;54;8;Serious;Not a Pedestrian;Not a Pedestrian;Not car passenger;Not a bus or coach passenger;No / Not applicable;9;Cyclist;More deprived 20-30%;1;Car;No tow/articulation;Overtaking moving vehicle - offside;On main c'way - not in restricted lane;Approaching junction or waiting/parked at junction approach;None;None;Straight ahead at junction;Lamp post;Nearside;1;Commuting to/from work;Male;54;46 - 55;-1;-1;-1;3;Urban area;3
2019010157380;553808;189500;0.218591;51.583375;Metropolitan Police;Serious;3;1;14/01/2019;Monday;07:18;Havering;Havering;C;0;Single carriageway;30 MPH;Other junction;Give way or uncontrolled;Unclassified;0;None within 50 metres ;No physical crossing facilities within 50 metres;Daylight;Fine no high winds;Dry;None;None;Urban;Yes;E01002380;1;1;Driver or rider;Male;54;8;Serious;Not a Pedestrian;Not a Pedestrian;Not car passenger;Not a bus or coach passenger;No / Not applicable;9;Cyclist;More deprived 20-30%;2;Car;No tow/articulation;Waiting to turn right;On main c'way - not in restricted lane;Cleared junction or waiting/parked at junction exit;None;None;Did not leave carriageway;None;Front;1;Commuting to/from work;Male;29;26 - 35;-1;-1;-1;7;Data missing or out of range;7
2019010157380;553808;189500;0.218591;51.583375;Metropolitan Police;Serious;3;1;14/01/2019;Monday;07:18;Havering;Havering;C;0;Single carriageway;30 MPH;Other junction;Give way or uncontrolled;Unclassified;0;None within 50 metres ;No physical crossing facilities within 50 metres;Daylight;Fine no high winds;Dry;None;None;Urban;Yes;E01002380;1;1;Driver or rider;Male;54;8;Serious;Not a Pedestrian;Not a Pedestrian;Not car passenger;Not a bus or coach passenger;No / Not applicable;9;Cyclist;More deprived 20-30%;3;Car;No tow/articulation;Parked;Footway (pavement);Cleared junction or waiting/parked at junction exit;None;None;Did not leave carriageway;None;Back;1;Not known;Not known;-1;Data missing or out of range;-1;-1;-1;-1;Data missing or out of range;-1
2019010157381;542384;183513;0.051402;51.532577;Metropolitan Police;Serious;1;1;08/01/2019;Tuesday;14:30;Newham;Newham;A;124;Unknown;30 MPH;Not at junction or within 20 metres;Data missing or out of range;-1;0;Data missing or out of range;Data missing or out of range;Daylight;Unknown;Data missing or out of range;Data missing or out of range;Data missing or out of range;Urban;No - accident was reported using a self completion  form (self rep only);E01003525;1;1;Pedestrian;Female;57;9;Serious;Unknown or other;Unknown or other;Not car passenger;Not a bus or coach passenger;No / Not applicable;0;Cyclist;More deprived 20-30%;1;Motorcycle 125cc and under;Data missing or out of range;Data missing or out of range;Data missing or out of range;Data missing or out of range;Data missing or out of range;Data missing or out of range;Data missing or out of range;Data missing or out of range;Data missing or out of range;1;Not known;Not known;-1;Data missing or out of range;-1;-1;-1;-1;Data missing or out of range;-1
2019010157383;541051;184327;0.032523;51.540226;Metropolitan Police;Slight;2;2;05/01/2019;Saturday;14:20;Newham;Newham;B;167;Unknown;30 MPH;T or staggered junction;Data missing or out of range;Unclassified;0;Data missing or out of range;Data missing or out of range;Darkness - lighting unknown;Unknown;Data missing or out of range;Data missing or out of range;Data missing or out of range;Urban;No - accident was reported using a self completion  form (self rep only);E01003573;1;1;Driver or rider;Male;29;6;Slight;Not a Pedestrian;Not a Pedestrian;Not car passenger;Not a bus or coach passenger;No / Not applicable;9;Cyclist;More deprived 20-30%;1;Car;Data missing or out of range;Going ahead other;On main c'way - not in restricted lane;Data missing or out of range;Data missing or out of range;None;Did not leave carriageway;None;Offside;-1;Not known;Male;29;26 - 35;-1;-1;-1;3;Urban area;3
2019010157383;541051;184327;0.032523;51.540226;Metropolitan Police;Slight;2;2;05/01/2019;Saturday;14:20;Newham;Newham;B;167;Unknown;30 MPH;T or staggered junction;Data missing or out of range;Unclassified;0;Data missing or out of range;Data missing or out of range;Darkness - lighting unknown;Unknown;Data missing or out of range;Data missing or out of range;Data missing or out of range;Urban;No - accident was reported using a self completion  form (self rep only);E01003573;1;1;Driver or rider;Male;29;6;Slight;Not a Pedestrian;Not a Pedestrian;Not car passenger;Not a bus or coach passenger;No / Not applicable;9;Cyclist;More deprived 20-30%;2;Car;Data missing or out of range;Data missing or out of range;On main c'way - not in restricted lane;Data missing or out of range;Data missing or out of range;Data missing or out of range;Did not leave carriageway;None;Data missing or out of range;-1;Not known;Not known;-1;Data missing or out of range;-1;-1;-1;-1;Data missing or out of range;-1
2019010157383;541051;184327;0.032523;51.540226;Metropolitan Police;Slight;2;2;05/01/2019;Saturday;14:20;Newham;Newham;B;167;Unknown;30 MPH;T or staggered junction;Data missing or out of range;Unclassified;0;Data missing or out of range;Data missing or out of range;Darkness - lighting unknown;Unknown;Data missing or out of range;Data missing or out of range;Data missing or out of range;Urban;No - accident was reported using a self completion  form (self rep only);E01003573;1;2;Passenger;Female;53;8;Slight;Not a Pedestrian;Not a Pedestrian;Data missing or out of range;Not a bus or coach passenger;No / Not applicable;9;Cyclist;More deprived 20-30%;1;Car;Data missing or out of range;Going ahead other;On main c'way - not in restricted lane;Data missing or out of range;Data missing or out of range;None;Did not leave carriageway;None;Offside;-1;Not known;Male;29;26 - 35;-1;-1;-1;3;Urban area;3
2019010157383;541051;184327;0.032523;51.540226;Metropolitan Police;Slight;2;2;05/01/2019;Saturday;14:20;Newham;Newham;B;167;Unknown;30 MPH;T or staggered junction;Data missing or out of range;Unclassified;0;Data missing or out of range;Data missing or out of range;Darkness - lighting unknown;Unknown;Data missing or out of range;Data missing or out of range;Data missing or out of range;Urban;No - accident was reported using a self completion  form (self rep only);E01003573;1;2;Passenger;Female;53;8;Slight;Not a Pedestrian;Not a Pedestrian;Data missing or out of range;Not a bus or coach passenger;No / Not applicable;9;Cyclist;More deprived 20-30%;2;Car;Data missing or out of range;Data missing or out of range;On main c'way - not in restricted lane;Data missing or out of range;Data missing or out of range;Data missing or out of range;Did not leave carriageway;None;Data missing or out of range;-1;Not known;Not known;-1;Data missing or out of range;-1;-1;-1;-1;Data missing or out of range;-1
2019010157385;512298;176503;-0.384377;51.476351;Metropolitan Police;Slight;2;1;01/01/2019;Tuesday;10:15;Hounslow;Hounslow;A;4;Dual carriageway;40 MPH;T or staggered junction;Auto traffic signal;C;0;None within 50 metres ;Pedestrian phase at traffic signal junction;Daylight;Fine no high winds;Dry;None;None;Urban;No - accident was reported using a self completion  form (self rep only);E01002623;1;1;Driver or rider;Female;38;7;Slight;Not a Pedestrian;Not a Pedestrian;Not car passenger;Not a bus or coach passenger;No / Not applicable;9;Cyclist;More deprived 30-40%;1;Car;No tow/articulation;Waiting to go - held up;On main c'way - not in restricted lane;Mid Junction - on roundabout or on main road;None;Data missing or out of range;Did not leave carriageway;None;Did not impact;-1;Not known;Female;38;36 - 45;-1;-1;-1;4;Urban area;4
2019010157385;512298;176503;-0.384377;51.476351;Metropolitan Police;Slight;2;1;01/01/2019;Tuesday;10:15;Hounslow;Hounslow;A;4;Dual carriageway;40 MPH;T or staggered junction;Auto traffic signal;C;0;None within 50 metres ;Pedestrian phase at traffic signal junction;Daylight;Fine no high winds;Dry;None;None;Urban;No - accident was reported using a self completion  form (self rep only);E01002623;1;1;Driver or rider;Female;38;7;Slight;Not a Pedestrian;Not a Pedestrian;Not car passenger;Not a bus or coach passenger;No / Not applicable;9;Cyclist;More deprived 30-40%;2;Car;Data missing or out of range;Going ahead other;On main c'way - not in restricted lane;Mid Junction - on roundabout or on main road;None;Data missing or out of range;Did not leave carriageway;None;Back;-1;Not known;Male;71;66 - 75;-1;-1;-1;5;Urban area;5