Accident_Index;Location_Easting_OSGR;Location_Northing_OSGR;Longitude;Latitude;Police_Force;Accident_Severity;Number_of_Vehicles;Number_of_Casualties;Date;Day_of_Week;Time;Local_Authority_(District);Local_Authority_(Highway);1st_Road_Class;1st_Road_Number;Road_Type;Speed_limit;Junction_Detail;Junction_Control;2nd_Road_Class;2nd_Road_Number;Pedestrian_Crossing-Human_Control;Pedestrian_Crossing-Physical_Facilities;Light_Conditions;Weather_Conditions;Road_Surface_Conditions;Special_Conditions_at_Site;Carriageway_Hazards;Urban_or_Rural_Area;Did_Police_Officer_Attend_Scene_of_Accident;LSOA_of_Accident_Location;Vehicle_Reference_x;Casualty_Reference;Casualty_Class;Sex_of_Casualty;Age_of_Casualty;Age_Band_of_Casualty;Casualty_Severity;Pedestrian_Location;Pedestrian_Movement;Car_Passenger;Bus_or_Coach_Passenger;Pedestrian_Road_Maintenance_Worker;Casualty_Type;Casualty_Home_Area_Type;Casualty_IMD_Decile;Vehicle_Reference_y;Vehicle_Type;Towing_and_Articulation;Vehicle_Manoeuvre;Vehicle_Location-Restricted_Lane;Junction_Location;Skidding_and_Overturning;Hit_Object_in_Carriageway;Vehicle_Leaving_Carriageway;Hit_Object_off_Carriageway;1st_Point_of_Impact;Was_Vehicle_Left_Hand_Drive?;Journey_Purpose_of_Driver;Sex_of_Driver;Age_of_Driver;Age_Band_of_Driver;Engine_Capacity_(CC);Propulsion_Code;Age_of_Vehicle;Driver_IMD_Decile;Driver_Home_Area_Type;Vehicle_IMD_Decile
2019010157387;534119;177946;-0.069797;51.484572;Metropolitan Police;Slight;2;2;13/01/2019;Sunday;04:00;Southwark;Southwark;Unclassified;0;Single carriageway;30 MPH;Data missing or out of range;Data missing or out of range;Unclassified;0;None within 50 metres ;Pedestrian phase at traffic signal junction;Darkness - lights lit;Fine no high winds;Dry;None;None;Urban;No - accident was reported using a self completion  form (self rep only);E01003964;1;1;Driver or rider;Male;25;5;Slight;Not a Pedestrian;Not a Pedestrian;Not car passenger;Not a bus or coach passenger;No / Not applicable;9;Cyclist;More deprived 10-20%;1;Car;No tow/articulation;Data missing or out of range;Data missing or out of range;Data missing or out of range;Data missing or out of range;Data missing or out of range;Data missing or out of range;Data missing or out of range;Back;-1;Not known;Male;25;21 - 25;-1;-1;-1;2;Urban area;2
2019010157387;534119;177946;-0.069797;51.484572;Metropolitan Police;Slight;2;2;13/01/2019;Sunday;04:00;Southwark;Southwark;Unclassified;0;Single carriageway;30 MPH;Data missing or out of range;Data missing or out of range;Unclassified;0;None within 50 metres ;Pedestrian phase at traffic signal junction;Darkness - lights lit;Fine no high winds;Dry;None;None;Urban;No - accident was reported using a self completion  form (self rep only);E01003964;1;1;Driver or rider;Male;25;5;Slight;Not a Pedestrian;Not a Pedestrian;Not car passenger;Not a bus or coach passenger;No / Not applicable;9;Cyclist;More deprived 10-20%;2;Car;No tow/articulation;Data missing or out of range;Data missing or out of range;Data missing or out of range;Data missing or out of range;Data missing or out of range;Data missing or out of range;Data missing or out of range;Data missing or out of range;-1;Not known;Female;30;26 - 35;-1;-1;-1;8;Urban area;8
2019010157387;534119;177946;-0.069797;51.484572;Metropolitan Police;Slight;2;2;13/01/2019;Sunday;04:00;Southwark;Southwark;Unclassified;0;Single carriageway;30 MPH;Data missing or out of range;Data missing or out of range;Unclassified;0;None within 50 metres ;Pedestrian phase at traffic signal junction;Darkness - lights lit;Fine no high winds;Dry;None;None;Urban;No - accident was reported using a self completion  form (self rep only);E01003964;1;2;Passenger;Male;Data missing or out of range;-1;Slight;Not a Pedestrian;Not a Pedestrian;Front seat passenger;Not a bus or coach passenger;No / Not applicable;9;-1;Data missing or out of range;1;Car;No tow/articulation;Data missing or out of range;Data missing or out of range;Data missing or out of range;Data missing or out of range;Data missing or out of range;Data missing or out of range;Data missing or out of range;Back;-1;Not known;Male;25;21 - 25;-1;-1;-1;2;Urban area;2
2019010157387;534119;177946;-0.069797;51.484572;Metropolitan Police;Slight;2;2;13/01/2019;Sunday;04:00;Southwark;Southwark;Unclassified;0;Single carriageway;30 MPH;Data missing or out of range;Data missing or out of range;Unclassified;0;None within 50 metres ;Pedestrian phase at traffic signal junction;Darkness - lights lit;Fine no high winds;Dry;None;None;Urban;No - accident was reported using a self completion  form (self rep only);E01003964;1;2;Passenger;Male;Data missing or out of range;-1;Slight;Not a Pedestrian;Not a Pedestrian;Front seat passenger;Not a bus or coach passenger;No / Not applicable;9;-1;Data missing or out of range;2;Car;No tow/articulation;Data missing or out of range;Data missing or out of range;Data missing or out of range;Data missing or out of range;Data missing or out of range;Data missing or out of range;Data missing or out of range;Data missing or out of range;-1;Not known;Female;30;26 - 35;-1;-1;-1;8;Urban area;8
2019010157388;529088;184040;-0.139982;51.540508;Metropolitan Police;Slight;1;1;14/01/2019;Monday;12:01;Camden;Camden;A;400;Dual carriageway;20 MPH;Crossroads;Auto traffic signal;A;503;None within 50 metres ;Pedestrian phase at traffic signal junction;Daylight;Fine no high winds;Dry;None;None;Urban;Yes;E01000856;1;1;Pedestrian;Female;71;10;Slight;In carriageway, crossing elsewhere;Crossing from driver's nearside;Not car passenger;Not a bus or coach passenger;No / Not applicable;0;Cyclist;Less deprived 40-50%;1;Taxi/Private hire car;No tow/articulation;Going ahead other;On main c'way - not in restricted lane;Approaching junction or waiting/parked at junction approach;None;None;Did not leave carriageway;None;Front;1;Journey as part of work;Male;34;26 - 35;-1;-1;-1;1;Urban area;1
2019010157391;542889;186911;0.060056;51.562983;Metropolitan Police;Slight;2;2;13/01/2019;Sunday;21:40;Redbridge;Redbridge;Unclassified;0;Roundabout;30 MPH;Data missing or out of range;Data missing or out of range;Unclassified;0;Data missing or out of range;Data missing or out of range;Darkness - lights lit;Fine no high winds;Data missing or out of range;None;None;Urban;No - accident was reported using a self completion  form (self rep only);E01003784;1;1;Driver or rider;Female;41;7;Slight;Not a Pedestrian;Not a Pedestrian;Not car passenger;Not a bus or coach passenger;No / Not applicable;9;Cyclist;Most deprived 10%;1;Car;No tow/articulation;Data missing or out of range;Data missing or out of range;Data missing or out of range;Data missing or out of range;Data missing or out of range;Data missing or out of range;Data missing or out of range;Back;-1;Not known;Female;41;36 - 45;-1;-1;-1;1;Urban area;1
2019010157391;542889;186911;0.060056;51.562983;Metropolitan Police;Slight;2;2;13/01/2019;Sunday;21:40;Redbridge;Redbridge;Unclassified;0;Roundabout;30 MPH;Data missing or out of range;Data missing or out of range;Unclassified;0;Data missing or out of range;Data missing or out of range;Darkness - lights lit;Fine no high winds;Data missing or out of range;None;None;Urban;No - accident was reported using a self completion  form (self rep only);E01003784;1;1;Driver or rider;Female;41;7;Slight;Not a Pedestrian;Not a Pedestrian;Not car passenger;Not a bus or coach passenger;No / Not applicable;9;Cyclist;Most deprived 10%;2;Car;No tow/articulation;Data missing or out of range;Data missing or out of range;Data missing or out of range;Data missing or out of range;Data missing or out of range;Data missing or out of range;Data missing or out of range;Data missing or out of range;-1;Not known;Female;-1;Data missing or out of range;-1;-1;-1;-1;Data missing or out of range;-1
2019010157391;542889;186911;0.060056;51.562983;Metropolitan Police;Slight;2;2;13/01/2019;Sunday;21:40;Redbridge;Redbridge;Unclassified;0;Roundabout;30 MPH;Data missing or out of range;Data missing or out of range;Unclassified;0;Data missing or out of range;Data missing or out of range;Darkness - lights lit;Fine no high winds;Data missing or out of range;None;None;Urban;No - accident was reported using a self completion  form (self rep only);E01003784;1;2;Passenger;Female;Data missing or out of range;-1;Slight;Not a Pedestrian;Not a Pedestrian;Rear seat passenger;Not a bus or coach passenger;No / Not applicable;9;-1;Data missing or out of range;1;Car;No tow/articulation;Data missing or out of range;Data missing or out of range;Data missing or out of range;Data missing or out of range;Data missing or out of range;Data missing or out of range;Data missing or out of range;Back;-1;Not known;Female;41;36 - 45;-1;-1;-1;1;Urban area;1
2019010157391;542889;186911;0.060056;51.562983;Metropolitan Police;Slight;2;2;13/01/2019;Sunday;21:40;Redbridge;Redbridge;Unclassified;0;Roundabout;30 MPH;Data missing or out of range;Data missing or out of range;Unclassified;0;Data missing or out of range;Data missing or out of range;Darkness - lights lit;Fine no high winds;Data missing or out of range;None;None;Urban;No - accident was reported using a self completion  form (self rep only);E01003784;1;2;Passenger;Female;Data missing or out of range;-1;Slight;Not a Pedestrian;Not a Pedestrian;Rear seat passenger;Not a bus or coach passenger;No / Not applicable;9;-1;Data missing or out of range;2;Car;No tow/articulation;Data missing or out of range;Data missing or out of range;Data missing or out of range;Data missing or out of range;Data missing or out of range;Data missing or out of range;Data missing or out of range;Data missing or out of range;-1;Not known;Female;-1;Data missing or out of range;-1;-1;-1;-1;Data missing or out of range;-1
2019010157397;529871;175643;-0.131787;51.464866;Metropolitan Police;Slight;2;1;14/01/2019;Monday;11:30;Lambeth;Lambeth;Unclassified;0;Single carriageway;20 MPH;Not at junction or within 20 metres;Data missing or out of range;-1;0;None within 50 metres ;Pedestrian phase at traffic signal junction;Daylight;Fine no high winds;Dry;None;None;Urban;Yes;E01003035;2;1;Driver or rider;Female;36;7;Slight;Not a Pedestrian;Not a Pedestrian;Not car passenger;Not a bus or coach passenger;No / Not applicable;9;Cyclist;More deprived 10-20%;1;Car;No tow/articulation;Moving off;On main c'way - not in restricted lane;Not at or within 20 metres of junction;None;None;Did not leave carriageway;None;Front;1;Not known;Male;69;66 - 75;1248;Heavy oil;12;3;Urban area;3
2019010157397;529871;175643;-0.131787;51.464866;Metropolitan Police;Slight;2;1;14/01/2019;Monday;11:30;Lambeth;Lambeth;Unclassified;0;Single carriageway;20 MPH;Not at junction or within 20 metres;Data missing or out of range;-1;0;None within 50 metres ;Pedestrian phase at traffic signal junction;Daylight;Fine no high winds;Dry;None;None;Urban;Yes;E01003035;2;1;Driver or rider;Female;36;7;Slight;Not a Pedestrian;Not a Pedestrian;Not car passenger;Not a bus or coach passenger;No / Not applicable;9;Cyclist;More deprived 10-20%;2;Car;No tow/articulation;Moving off;On main c'way - not in restricted lane;Not at or within 20 metres of junction;None;None;Did not leave carriageway;None;Back;1;Not known;Female;36;36 - 45;1796;Petrol;15;2;Urban area;2
2019010157402;525319;165926;-0.200714;51.378562;Metropolitan Police;Slight;2;1;14/01/2019;Monday;10:49;Sutton;Sutton;B;279;Single carriageway;30 MPH;Crossroads;Auto traffic signal;A;217;None within 50 metres ;Pedestrian phase at traffic signal junction;Daylight;Fine no high winds;Dry;None;None;Urban;Yes;E01004145;2;1;Passenger;Female;94;11;Slight;Not a Pedestrian;Not a Pedestrian;Front seat passenger;Not a bus or coach passenger;No / Not applicable;9;Cyclist;Less deprived 40-50%;1;Goods 7.5 tonnes mgw and over;No tow/articulation;Waiting to turn left;On main c'way - not in restricted lane;Approaching junction or waiting/parked at junction approach;None;None;Did not leave carriageway;None;Back;1;Journey as part of work;Male;44;36 - 45;-1;-1;-1;6;Urban area;6
2019010157402;525319;165926;-0.200714;51.378562;Metropolitan Police;Slight;2;1;14/01/2019;Monday;10:49;Sutton;Sutton;B;279;Single carriageway;30 MPH;Crossroads;Auto traffic signal;A;217;None within 50 metres ;Pedestrian phase at traffic signal junction;Daylight;Fine no high winds;Dry;None;None;Urban;Yes;E01004145;2;1;Passenger;Female;94;11;Slight;Not a Pedestrian;Not a Pedestrian;Front seat passenger;Not a bus or coach passenger;No / Not applicable;9;Cyclist;Less deprived 40-50%;2;Car;No tow/articulation;Going ahead other;On main c'way - not in restricted lane;Approaching junction or waiting/parked at junction approach;None;None;Did not leave carriageway;None;Front;1;Not known;Male;95;Over 75;-1;-1;-1;6;Urban area;6
2019010157404;525796;169598;-0.192564;51.411457;Metropolitan Police;Serious;2;1;14/01/2019;Monday;06:49;Merton;Merton;A;24;Dual carriageway;30 MPH;Not at junction or within 20 metres;Data missing or out of range;-1;0;None within 50 metres ;No physical crossing facilities within 50 metres;Darkness - lights lit;Fine no high winds;Dry;None;None;Urban;Yes;E01003357;2;1;Driver or rider;Female;52;8;Serious;Not a Pedestrian;Not a Pedestrian;Not car passenger;Not a bus or coach passenger;No / Not applicable;1;Cyclist;Less deprived 10-20%;1;Motorcycle over 500cc;No tow/articulation;Changing lane to right;On main c'way - not in restricted lane;Not at or within 20 metres of junction;None;None;Did not leave carriageway;None;Front;1;Commuting to/from work;Male;35;26 - 35;-1;-1;-1;3;Urban area;3
2019010157404;525796;169598;-0.192564;51.411457;Metropolitan Police;Serious;2;1;14/01/2019;Monday;06:49;Merton;Merton;A;24;Dual carriageway;30 MPH;Not at junction or within 20 metres;Data missing or out of range;-1;0;None within 50 metres ;No physical crossing facilities within 50 metres;Darkness - lights lit;Fine no high winds;Dry;None;None;Urban;Yes;E01003357;2;1;Driver or rider;Female;52;8;Serious;Not a Pedestrian;Not a Pedestrian;Not car passenger;Not a bus or coach passenger;No / Not applicable;1;Cyclist;Less deprived 10-20%;2;Pedal cycle;No tow/articulation;Moving off;On main c'way - not in restricted lane;Not at or within 20 metres of junction;None;None;Did not leave carriageway;None;Back;1;Commuting to/from work;Female;52;46 - 55;-1;-1;-1;9;Urban area;9
2019010157409;537883;172409;-0.01778;51.43391;Metropolitan Police;Slight;1;1;14/01/2019;Monday;13:30;Lewisham;Lewisham;A;21;Single carriageway;30 MPH;T or staggered junction;Give way or uncontrolled;Unclassified;0;None within 50 metres ;No physical crossing facilities within 50 metres;Daylight;Fine no high winds;Dry;None;None;Urban;Yes;E01003223;1;1;Passenger;Male;54;8;Slight;Not a Pedestrian;Not a Pedestrian;Not car passenger;Seated passenger;No / Not applicable;11;Cyclist;More deprived 20-30%;1;Bus or coach (17 or more pass seats);No tow/articulation;Slowing or stopping;On main c'way - not in restricted lane;Approaching junction or waiting/parked at junction approach;None;None;Did not leave carriageway;None;Did not impact;1;Journey as part of work;Male;44;36 - 45;-1;-1;-1;7;Urban area;7
2019010157410;531371;184963;-0.106737;51.548276;Metropolitan Police;Slight;2;1;14/01/2019;Monday;08:25;Islington;Islington;A;1;Single carriageway;20 MPH;Not at junction or within 20 metres;Data missing or out of range;-1;0;None within 50 metres ;Pedestrian phase at traffic signal junction;Daylight;Fine no high winds;Dry;None;None;Urban;No - accident was reported using a self completion  form (self rep only);E01002795;1;1;Driver or rider;Female;41;7;Slight;Not a Pedestrian;Not a Pedestrian;Not car passenger;Not a bus or coach passenger;No / Not applicable;1;Cyclist;Most deprived 10%;1;Pedal cycle;Data missing or out of range;Data missing or out of range;Data missing or out of range;Not at or within 20 metres of junction;Data missing or out of range;Data missing or out of range;Data missing or out of range;Data missing or out of range;Data missing or out of range;1;Commuting to/from work;Female;41;36 - 45;-1;-1;-1;1;Urban area;1
2019010157410;531371;184963;-0.106737;51.548276;Metropolitan Police;Slight;2;1;14/01/2019;Monday;08:25;Islington;Islington;A;1;Single carriageway;20 MPH;Not at junction or within 20 metres;Data missing or out of range;-1;0;None within 50 metres ;Pedestrian phase at traffic signal junction;Daylight;Fine no high winds;Dry;None;None;Urban;No - accident was reported using a self completion  form (self rep only);E01002795;1;1;Driver or rider;Female;41;7;Slight;Not a Pedestrian;Not a Pedestrian;Not car passenger;Not a bus or coach passenger;No / Not applicable;1;Cyclist;Most deprived 10%;2;Motorcycle 125cc and under;Data missing or out of range;Data missing or out of range;Data missing or out of range;Not at or within 20 metres of junction;Data missing or out of range;Data missing or out of range;Data missing or out of range;Data missing or out of range;Data missing or out of range;1;Not known;Not known;-1;Data missing or out of range;-1;-1;-1;-1;Data missing or out of range;-1
2019010157412;534117;192314;-0.064354;51.613688;Metropolitan Police;Slight;1;1;10/01/2019;Thursday;19:00;Enfield;Enfield;A;1010;Dual carriageway;30 MPH;Data missing or out of range;Auto traffic signal;Unclassified;0;Data missing or out of range;Pedestrian phase at traffic signal junction;Darkness - lights lit;Fine no high winds;Dry;None;None;Urban;No - accident was reported using a self completion  form (self rep only);E01001558;1;1;Passenger;Female;53;8;Slight;Not a Pedestrian;Not a Pedestrian;Data missing or out of range;Not a bus or coach passenger;No / Not applicable;9;Cyclist;More deprived 10-20%;1;Car;No tow/articulation;Data missing or out of range;Data missing or out of range;Data missing or out of range;Data missing or out of range;Data missing or out of range;Data missing or out of range;Data missing or out of range;Back;-1;Not known;Not known;-1;Data missing or out of range;-1;-1;-1;-1;Data missing or out of range;-1
2019010157413;533845;190173;-0.069097;51.594514;Metropolitan Police;Slight;1;1;17/01/2019;Thursday;13:30;Haringey;Haringey;A;1010;Unknown;30 MPH;Data missing or out of range;Data missing or out of range;C;0;Data missing or out of range;Data missing or out of range;Daylight;Unknown;Dry;Data missing or out of range;Data missing or out of range;Urban;No - accident was reported using a self completion  form (self rep only);E01002077;1;1;Pedestrian;Male;58;9;Slight;On footway or verge;Unknown or other;Not car passenger;Not a bus or coach passenger;No / Not applicable;0;Cyclist;Most deprived 10%;1;Pedal cycle;Data missing or out of range;Data missing or out of range;Footway (pavement);Data missing or out of range;Data missing or out of range;Data missing or out of range;Data missing or out of range;Data missing or out of range;Data missing or out of range;1;Not known;Not known;-1;Data missing or out of range;-1;-1;-1;-1;Data missing or out of range;-1
2019010157418;534175;197724;-0.061443;51.66229;Metropolitan Police;Slight;2;1;14/01/2019;Monday;12:50;Enfield;Enfield;Unclassified;0;Single carriageway;30 MPH;T or staggered junction;Give way or uncontrolled;Unclassified;0;None within 50 metres ;No physical crossing facilities within 50 metres;Daylight;Fine no high winds;Dry;None;None;Urban;Yes;E01001409;1;1;Driver or rider;Male;16;4;Slight;Not a Pedestrian;Not a Pedestrian;Not car passenger;Not a bus or coach passenger;No / Not applicable;2;Cyclist;More deprived 20-30%;1;Motorcycle 50cc and under;No tow/articulation;Turning left;On main c'way - not in restricted lane;Mid Junction - on roundabout or on main road;None;None;Did not leave carriageway;None;Offside;1;Not known;Male;16;16 - 20;-1;-1;-1;3;Urban area;3
2019010157418;534175;197724;-0.061443;51.66229;Metropolitan Police;Slight;2;1;14/01/2019;Monday;12:50;Enfield;Enfield;Unclassified;0;Single carriageway;30 MPH;T or staggered junction;Give way or uncontrolled;Unclassified;0;None within 50 metres ;No physical crossing facilities within 50 metres;Daylight;Fine no high winds;Dry;None;None;Urban;Yes;E01001409;1;1;Driver or rider;Male;16;4;Slight;Not a Pedestrian;Not a Pedestrian;Not car passenger;Not a bus or coach passenger;No / Not applicable;2;Cyclist;More deprived 20-30%;2;Car;No tow/articulation;Going ahead right-hand bend;On main c'way - not in restricted lane;Mid Junction - on roundabout or on main road;None;None;Did not leave carriageway;None;Front;1;Not known;Not known;-1;Data missing or out of range;-1;-1;-1;-1;Data missing or out of range;-1
2019010157419;524839;189417;-0.19931;51.589787;Metropolitan Police;Slight;1;1;14/01/2019;Monday;09:56;Barnet;Barnet;A;406;Dual carriageway;40 MPH;Crossroads;Auto traffic signal;A;598;None within 50 metres ;Pedestrian phase at traffic signal junction;Daylight;Fine no high winds;Dry;None;None;Urban;Yes;E01000203;1;1;Passenger;Female;51;8;Slight;Not a Pedestrian;Not a Pedestrian;Not car passenger;Seated passenger;No / Not applicable;11;Cyclist;More deprived 40-50%;1;Bus or coach (17 or more pass seats);No tow/articulation;Changing lane to left;On main c'way - not in restricted lane;Approaching junction or waiting/parked at junction approach;None;None;Did not leave carriageway;None;Did not impact;1;Journey as part of work;Male;46;46 - 55;-1;-1;-1;4;Urban area;4
2019010157424;558322;188712;0.283335;51.575047;Metropolitan Police;Slight;2;1;14/01/2019;Monday;14:40;Havering;Havering;Motorway;25;Dual carriageway;70 MPH;Not at junction or within 20 metres;Data missing or out of range;-1;0;None within 50 metres ;No physical crossing facilities within 50 metres;Daylight;Fine no high winds;Dry;None;None;Rural;Yes;E01002259;1;1;Driver or rider;Male;55;8;Slight;Not a Pedestrian;Not a Pedestrian;Not car passenger;Not a bus or coach passenger;No / Not applicable;19;Cyclist;More deprived 10-20%;1;Van / Goods 3.5 tonnes mgw or under;No tow/articulation;Slowing or stopping;On main c'way - not in restricted lane;Not at or within 20 metres of junction;None;None;Did not leave carriageway;None;Back;1;Commuting to/from work;Male;55;46 - 55;-1;-1;-1;2;Urban area;2
2019010157424;558322;188712;0.283335;51.575047;Metropolitan Police;Slight;2;1;14/01/2019;Monday;14:40;Havering;Havering;Motorway;25;Dual carriageway;70 MPH;Not at junction or within 20 metres;Data missing or out of range;-1;0;None within 50 metres ;No physical crossing facilities within 50 metres;Daylight;Fine no high winds;Dry;None;None;Rural;Yes;E01002259;1;1;Driver or rider;Male;55;8;Slight;Not a Pedestrian;Not a Pedestrian;Not car passenger;Not a bus or coach passenger;No / Not applicable;19;Cyclist;More deprived 10-20%;2;Goods 7.5 tonnes mgw and over;No tow/articulation;Slowing or stopping;On main c'way - not in restricted lane;Not at or within 20 metres of junction;None;None;Did not leave carriageway;None;Front;1;Journey as part of work;Male;35;26 - 35;-1;-1;-1;4;Urban area;4
2019010157428;547176;188498;0.122523;51.576141;Metropolitan Police;Slight;2;1;14/01/2019;Monday;13:20;Redbridge;Redbridge;C;0;Single carriageway;30 MPH;T or staggered junction;Give way or uncontrolled;Unclassified;0;None within 50 metres ;No physical crossing facilities within 50 metres;Daylight;Fine no high winds;Dry;None;None;Urban;Yes;E01003666;1;1;Driver or rider;Male;28;6;Slight;Not a Pedestrian;Not a Pedestrian;Not car passenger;Not a bus or coach passenger;No / Not applicable;3;Cyclist;Most deprived 10%;1;Motorcycle 125cc and under;No tow/articulation;Going ahead other;On main c'way - not in restricted lane;Cleared junction or waiting/parked at junction exit;None;Open door of vehicle;Did not leave carriageway;None;Front;1;Not known;Male;28;26 - 35;-1;-1;-1;1;Urban area;1
2019010157428;547176;188498;0.122523;51.576141;Metropolitan Police;Slight;2;1;14/01/2019;Monday;13:20;Redbridge;Redbridge;C;0;Single carriageway;30 MPH;T or staggered junction;Give way or uncontrolled;Unclassified;0;None within 50 metres ;No physical crossing facilities within 50 metres;Daylight;Fine no high winds;Dry;None;None;Urban;Yes;E01003666;1;1;Driver or rider;Male;28;6;Slight;Not a Pedestrian;Not a Pedestrian;Not car passenger;Not a bus or coach passenger;No / Not applicable;3;Cyclist;Most deprived 10%;2;Car;No tow/articulation;Going ahead other;Footway (pavement);Cleared junction or waiting/parked at junction exit;None;Open door of vehicle;Did not leave carriageway;None;Offside;1;Journey as part of work;Female;62;56 - 65;-1;-1;-1;5;Urban area;5
2019010157430;531148;184958;-0.109953;51.548283;Metropolitan Police;Serious;2;1;14/01/2019;Monday;08:05;Islington;Islington;B;515;Single carriageway;20 MPH;Crossroads;Data missing or out of range;Unclassified;0;Data missing or out of range;Zebra;Daylight;Fine no high winds;Dry;None;None;Urban;No - accident was reported using a self completion  form (self rep only);E01002795;1;1;Driver or rider;Male;33;6;Serious;Not a Pedestrian;Not a Pedestrian;Not car passenger;Not a bus or coach passenger;No / Not applicable;1;Cyclist;Less deprived 40-50%;1;Pedal cycle;Data missing or out of range;Data missing or out of range;Data missing or out of range;Data missing or out of range;Data missing or out of range;Data missing or out of range;Data missing or out of range;Data missing or out of range;Data missing or out of range;1;Commuting to/from work;Male;33;26 - 35;-1;-1;-1;6;Urban area;6
2019010157430;531148;184958;-0.109953;51.548283;Metropolitan Police;Serious;2;1;14/01/2019;Monday;08:05;Islington;Islington;B;515;Single carriageway;20 MPH;Crossroads;Data missing or out of range;Unclassified;0;Data missing or out of range;Zebra;Daylight;Fine no high winds;Dry;None;None;Urban;No - accident was reported using a self completion  form (self rep only);E01002795;1;1;Driver or rider;Male;33;6;Serious;Not a Pedestrian;Not a Pedestrian;Not car passenger;Not a bus or coach passenger;No / Not applicable;1;Cyclist;Less deprived 40-50%;2;Car;No tow/articulation;Data missing or out of range;Data missing or out of range;Data missing or out of range;Data missing or out of range;Data missing or out of range;Data missing or out of range;Data missing or out of range;Data missing or out of range;-1;Not known;Not known;-1;Data missing or out of range;-1;-1;-1;-1;Data missing or out of range;-1
2019010157437;520709;189704;-0.258798;51.593265;Metropolitan Police;Slight;1;1;14/01/2019;Monday;15:30;Barnet;Barnet;A;5;Single carriageway;30 MPH;T or staggered junction;Give way or uncontrolled;Unclassified;0;None within 50 metres ;Central refuge;Daylight;Fine no high winds;Dry;None;None;Urban;Yes;E01000588;1;1;Pedestrian;Female;23;5;Slight;Crossing on pedestrian crossing facility;Crossing from driver's nearside;Not car passenger;Not a bus or coach passenger;No / Not applicable;0;Cyclist;Less deprived 40-50%;1;Motorcycle 125cc and under;No tow/articulation;Going ahead other;Bus lane;Approaching junction or waiting/parked at junction approach;None;None;Did not leave carriageway;None;Front;1;Not known;Male;19;16 - 20;-1;-1;-1;4;Urban area;4
2019010157441;548932;177740;0.143301;51.479017;Metropolitan Police;Slight;2;1;14/01/2019;Monday;10:00;Bexley;Bexley;C;0;Roundabout;30 MPH;Roundabout;Give way or uncontrolled;C;0;Data missing or out of range;Data missing or out of range;Darkness - lights lit;Unknown;Data missing or out of range;Data missing or out of range;Data missing or out of range;Urban;No - accident was reported using a self completion  form (self rep only);E01000442;2;1;Passenger;Female;48;8;Slight;Not a Pedestrian;Not a Pedestrian;Front seat passenger;Not a bus or coach passenger;No / Not applicable;9;Cyclist;Less deprived 10-20%;1;Car;Data missing or out of range;Data missing or out of range;On main c'way - not in restricted lane;Data missing or out of range;Data missing or out of range;Data missing or out of range;Data missing or out of range;Data missing or out of range;Data missing or out of range;-1;Not known;Not known;-1;Data missing or out of range;-1;-1;-1;5;Urban area;5
2019010157441;548932;177740;0.143301;51.479017;Metropolitan Police;Slight;2;1;14/01/2019;Monday;10:00;Bexley;Bexley;C;0;Roundabout;30 MPH;Roundabout;Give way or uncontrolled;C;0;Data missing or out of range;Data missing or out of range;Darkness - lights lit;Unknown;Data missing or out of range;Data missing or out of range;Data missing or out of range;Urban;No - accident was reported using a self completion  form (self rep only);E01000442;2;1;Passenger;Female;48;8;Slight;Not a Pedestrian;Not a Pedestrian;Front seat passenger;Not a bus or coach passenger;No / Not applicable;9;Cyclist;Less deprived 10-20%;2;Car;Data missing or out of range;Data missing or out of range;Data missing or out of range;Data missing or out of range;Data missing or out of range;Data missing or out of range;Data missing or out of range;Data missing or out of range;Data missing or out of range;-1;Not known;Not known;-1;Data missing or out of range;-1;-1;-1;-1;Data missing or out of range;-1
2019010157442;536550;171842;-0.037162;51.429137;Metropolitan Police;Serious;2;5;14/01/2019;Monday;13:50;Lewisham;Lewisham;A;212;Single carriageway;20 MPH;Crossroads;Auto traffic signal;A;212;None within 50 metres ;Pedestrian phase at traffic signal junction;Daylight;Fine no high winds;Dry;None;None;Urban;Yes;E01003190;1;1;Driver or rider;Male;50;8;Slight;Not a Pedestrian;Not a Pedestrian;Not car passenger;Not a bus or coach passenger;No / Not applicable;11;Cyclist;More deprived 30-40%;1;Bus or coach (17 or more pass seats);No tow/articulation;Moving off;On main c'way - not in restricted lane;Mid Junction - on roundabout or on main road;None;None;Did not leave carriageway;None;Offside;1;Journey as part of work;Male;50;46 - 55;-1;-1;-1;4;Urban area;4