Accident_Index;Location_Easting_OSGR;Location_Northing_OSGR;Longitude;Latitude;Police_Force;Accident_Severity;Number_of_Vehicles;Number_of_Casualties;Date;Day_of_Week;Time;Local_Authority_(District);Local_Authority_(Highway);1st_Road_Class;1st_Road_Number;Road_Type;Speed_limit;Junction_Detail;Junction_Control;2nd_Road_Class;2nd_Road_Number;Pedestrian_Crossing-Human_Control;Pedestrian_Crossing-Physical_Facilities;Light_Conditions;Weather_Conditions;Road_Surface_Conditions;Special_Conditions_at_Site;Carriageway_Hazards;Urban_or_Rural_Area;Did_Police_Officer_Attend_Scene_of_Accident;LSOA_of_Accident_Location;Vehicle_Reference_x;Casualty_Reference;Casualty_Class;Sex_of_Casualty;Age_of_Casualty;Age_Band_of_Casualty;Casualty_Severity;Pedestrian_Location;Pedestrian_Movement;Car_Passenger;Bus_or_Coach_Passenger;Pedestrian_Road_Maintenance_Worker;Casualty_Type;Casualty_Home_Area_Type;Casualty_IMD_Decile;Vehicle_Reference_y;Vehicle_Type;Towing_and_Articulation;Vehicle_Manoeuvre;Vehicle_Location-Restricted_Lane;Junction_Location;Skidding_and_Overturning;Hit_Object_in_Carriageway;Vehicle_Leaving_Carriageway;Hit_Object_off_Carriageway;1st_Point_of_Impact;Was_Vehicle_Left_Hand_Drive?;Journey_Purpose_of_Driver;Sex_of_Driver;Age_of_Driver;Age_Band_of_Driver;Engine_Capacity_(CC);Propulsion_Code;Age_of_Vehicle;Driver_IMD_Decile;Driver_Home_Area_Type;Vehicle_IMD_Decile
2019010157481;545287;167825;0.086783;51.390873;Metropolitan Police;Serious;2;3;14/01/2019;Monday;18:54;Bromley;Bromley;C;0;Single carriageway;30 MPH;Not at junction or within 20 metres;Data missing or out of range;-1;0;None within 50 metres ;No physical crossing facilities within 50 metres;Darkness - lights lit;Fine no high winds;Dry;None;None;Urban;Yes;E01000815;1;1;Driver or rider;Male;43;7;Serious;Not a Pedestrian;Not a Pedestrian;Not car passenger;Not a bus or coach passenger;No / Not applicable;9;Cyclist;More deprived 30-40%;2;Car;No tow/articulation;Going ahead other;On main c'way - not in restricted lane;Not at or within 20 metres of junction;None;None;Did not leave carriageway;None;Front;1;Not known;Male;19;16 - 20;-1;-1;-1;-1;Data missing or out of range;-1
2019010157481;545287;167825;0.086783;51.390873;Metropolitan Police;Serious;2;3;14/01/2019;Monday;18:54;Bromley;Bromley;C;0;Single carriageway;30 MPH;Not at junction or within 20 metres;Data missing or out of range;-1;0;None within 50 metres ;No physical crossing facilities within 50 metres;Darkness - lights lit;Fine no high winds;Dry;None;None;Urban;Yes;E01000815;1;2;Passenger;Male;42;7;Slight;Not a Pedestrian;Not a Pedestrian;Front seat passenger;Not a bus or coach passenger;No / Not applicable;9;Cyclist;More deprived 20-30%;1;Car;No tow/articulation;Going ahead other;On main c'way - not in restricted lane;Not at or within 20 metres of junction;None;None;Did not leave carriageway;None;Front;1;Not known;Male;43;36 - 45;-1;-1;-1;4;Urban area;4
2019010157481;545287;167825;0.086783;51.390873;Metropolitan Police;Serious;2;3;14/01/2019;Monday;18:54;Bromley;Bromley;C;0;Single carriageway;30 MPH;Not at junction or within 20 metres;Data missing or out of range;-1;0;None within 50 metres ;No physical crossing facilities within 50 metres;Darkness - lights lit;Fine no high winds;Dry;None;None;Urban;Yes;E01000815;1;2;Passenger;Male;42;7;Slight;Not a Pedestrian;Not a Pedestrian;Front seat passenger;Not a bus or coach passenger;No / Not applicable;9;Cyclist;More deprived 20-30%;2;Car;No tow/articulation;Going ahead other;On main c'way - not in restricted lane;Not at or within 20 metres of junction;None;None;Did not leave carriageway;None;Front;1;Not known;Male;19;16 - 20;-1;-1;-1;-1;Data missing or out of range;-1
2019010157481;545287;167825;0.086783;51.390873;Metropolitan Police;Serious;2;3;14/01/2019;Monday;18:54;Bromley;Bromley;C;0;Single carriageway;30 MPH;Not at junction or within 20 metres;Data missing or out of range;-1;0;None within 50 metres ;No physical crossing facilities within 50 metres;Darkness - lights lit;Fine no high winds;Dry;None;None;Urban;Yes;E01000815;1;3;Passenger;Female;43;7;Slight;Not a Pedestrian;Not a Pedestrian;Rear seat passenger;Not a bus or coach passenger;No / Not applicable;9;Cyclist;More deprived 30-40%;1;Car;No tow/articulation;Going ahead other;On main c'way - not in restricted lane;Not at or within 20 metres of junction;None;None;Did not leave carriageway;None;Front;1;Not known;Male;43;36 - 45;-1;-1;-1;4;Urban area;4
2019010157481;545287;167825;0.086783;51.390873;Metropolitan Police;Serious;2;3;14/01/2019;Monday;18:54;Bromley;Bromley;C;0;Single carriageway;30 MPH;Not at junction or within 20 metres;Data missing or out of range;-1;0;None within 50 metres ;No physical crossing facilities within 50 metres;Darkness - lights lit;Fine no high winds;Dry;None;None;Urban;Yes;E01000815;1;3;Passenger;Female;43;7;Slight;Not a Pedestrian;Not a Pedestrian;Rear seat passenger;Not a bus or coach passenger;No / Not applicable;9;Cyclist;More deprived 30-40%;2;Car;No tow/articulation;Going ahead other;On main c'way - not in restricted lane;Not at or within 20 metres of junction;None;None;Did not leave carriageway;None;Front;1;Not known;Male;19;16 - 20;-1;-1;-1;-1;Data missing or out of range;-1
2019010157482;531107;184412;-0.110747;51.543386;Metropolitan Police;Serious;2;1;14/01/2019;Monday;19:50;Islington;Islington;Unclassified;0;Single carriageway;20 MPH;Crossroads;Stop sign;C;0;None within 50 metres ;No physical crossing facilities within 50 metres;Darkness - lights lit;Fine no high winds;Dry;None;None;Urban;Yes;E01002698;1;1;Driver or rider;Male;20;4;Serious;Not a Pedestrian;Not a Pedestrian;Not car passenger;Not a bus or coach passenger;No / Not applicable;3;Cyclist;More deprived 10-20%;1;Motorcycle 125cc and under;No tow/articulation;Turning left;On main c'way - not in restricted lane;Leaving main road;None;None;Did not leave carriageway;None;Nearside;1;Not known;Male;20;16 - 20;-1;-1;-1;2;Urban area;2
2019010157482;531107;184412;-0.110747;51.543386;Metropolitan Police;Serious;2;1;14/01/2019;Monday;19:50;Islington;Islington;Unclassified;0;Single carriageway;20 MPH;Crossroads;Stop sign;C;0;None within 50 metres ;No physical crossing facilities within 50 metres;Darkness - lights lit;Fine no high winds;Dry;None;None;Urban;Yes;E01002698;1;1;Driver or rider;Male;20;4;Serious;Not a Pedestrian;Not a Pedestrian;Not car passenger;Not a bus or coach passenger;No / Not applicable;3;Cyclist;More deprived 10-20%;2;Car;No tow/articulation;Going ahead other;On main c'way - not in restricted lane;Cleared junction or waiting/parked at junction exit;None;None;Did not leave carriageway;None;Offside;1;Journey as part of work;Male;49;46 - 55;-1;-1;-1;3;Urban area;3
2019010157485;522591;187302;-0.232481;51.571272;Metropolitan Police;Slight;2;2;14/01/2019;Monday;19:36;Barnet;Barnet;A;406;Roundabout;30 MPH;Roundabout;Auto traffic signal;A;5;None within 50 metres ;No physical crossing facilities within 50 metres;Darkness - lights lit;Fine no high winds;Dry;None;None;Urban;Yes;E01000305;2;1;Passenger;Female;53;8;Slight;Not a Pedestrian;Not a Pedestrian;Front seat passenger;Not a bus or coach passenger;No / Not applicable;9;-1;Data missing or out of range;1;Car;No tow/articulation;Going ahead other;On main c'way - not in restricted lane;Approaching junction or waiting/parked at junction approach;None;None;Did not leave carriageway;None;Front;1;Not known;Male;25;21 - 25;-1;-1;-1;8;Urban area;8
2019010157485;522591;187302;-0.232481;51.571272;Metropolitan Police;Slight;2;2;14/01/2019;Monday;19:36;Barnet;Barnet;A;406;Roundabout;30 MPH;Roundabout;Auto traffic signal;A;5;None within 50 metres ;No physical crossing facilities within 50 metres;Darkness - lights lit;Fine no high winds;Dry;None;None;Urban;Yes;E01000305;2;1;Passenger;Female;53;8;Slight;Not a Pedestrian;Not a Pedestrian;Front seat passenger;Not a bus or coach passenger;No / Not applicable;9;-1;Data missing or out of range;2;Car;No tow/articulation;Going ahead other;On main c'way - not in restricted lane;Approaching junction or waiting/parked at junction approach;None;None;Did not leave carriageway;None;Nearside;1;Not known;Male;57;56 - 65;-1;-1;-1;6;Urban area;6
2019010157485;522591;187302;-0.232481;51.571272;Metropolitan Police;Slight;2;2;14/01/2019;Monday;19:36;Barnet;Barnet;A;406;Roundabout;30 MPH;Roundabout;Auto traffic signal;A;5;None within 50 metres ;No physical crossing facilities within 50 metres;Darkness - lights lit;Fine no high winds;Dry;None;None;Urban;Yes;E01000305;2;2;Driver or rider;Male;57;9;Slight;Not a Pedestrian;Not a Pedestrian;Not car passenger;Not a bus or coach passenger;No / Not applicable;9;Cyclist;Less deprived 40-50%;1;Car;No tow/articulation;Going ahead other;On main c'way - not in restricted lane;Approaching junction or waiting/parked at junction approach;None;None;Did not leave carriageway;None;Front;1;Not known;Male;25;21 - 25;-1;-1;-1;8;Urban area;8
2019010157485;522591;187302;-0.232481;51.571272;Metropolitan Police;Slight;2;2;14/01/2019;Monday;19:36;Barnet;Barnet;A;406;Roundabout;30 MPH;Roundabout;Auto traffic signal;A;5;None within 50 metres ;No physical crossing facilities within 50 metres;Darkness - lights lit;Fine no high winds;Dry;None;None;Urban;Yes;E01000305;2;2;Driver or rider;Male;57;9;Slight;Not a Pedestrian;Not a Pedestrian;Not car passenger;Not a bus or coach passenger;No / Not applicable;9;Cyclist;Less deprived 40-50%;2;Car;No tow/articulation;Going ahead other;On main c'way - not in restricted lane;Approaching junction or waiting/parked at junction approach;None;None;Did not leave carriageway;None;Nearside;1;Not known;Male;57;56 - 65;-1;-1;-1;6;Urban area;6
2019010157487;523471;178191;-0.222983;51.489197;Metropolitan Police;Slight;2;1;14/01/2019;Monday;17:33;Hammersmith and Fulham;Hammersmith and Fulham;A;219;Dual carriageway;20 MPH;Private drive or entrance;Give way or uncontrolled;Unclassified;0;None within 50 metres ;No physical crossing facilities within 50 metres;Darkness - lights lit;Fine no high winds;Dry;None;None;Urban;Yes;E01001891;2;1;Driver or rider;Male;44;7;Slight;Not a Pedestrian;Not a Pedestrian;Not car passenger;Not a bus or coach passenger;No / Not applicable;3;Cyclist;Less deprived 30-40%;1;Car;No tow/articulation;Turning right;On main c'way - not in restricted lane;Approaching junction or waiting/parked at junction approach;None;None;Did not leave carriageway;None;Front;1;Not known;Male;57;56 - 65;-1;-1;-1;2;Urban area;2
2019010157487;523471;178191;-0.222983;51.489197;Metropolitan Police;Slight;2;1;14/01/2019;Monday;17:33;Hammersmith and Fulham;Hammersmith and Fulham;A;219;Dual carriageway;20 MPH;Private drive or entrance;Give way or uncontrolled;Unclassified;0;None within 50 metres ;No physical crossing facilities within 50 metres;Darkness - lights lit;Fine no high winds;Dry;None;None;Urban;Yes;E01001891;2;1;Driver or rider;Male;44;7;Slight;Not a Pedestrian;Not a Pedestrian;Not car passenger;Not a bus or coach passenger;No / Not applicable;3;Cyclist;Less deprived 30-40%;2;Motorcycle 125cc and under;No tow/articulation;Going ahead other;Bus lane;Cleared junction or waiting/parked at junction exit;None;None;Did not leave carriageway;None;Offside;1;Not known;Male;44;36 - 45;-1;-1;-1;7;Urban area;7
2019010157488;530180;179678;-0.125856;51.501057;Metropolitan Police;Slight;1;1;14/01/2019;Monday;15:50;Westminster;Westminster;A;302;Single carriageway;30 MPH;More than 4 arms (not roundabout);Auto traffic signal;A;3212;None within 50 metres ;Pelican, puffin, toucan or similar non-junction pedestrian light crossing;Daylight;Fine no high winds;Dry;None;None;Urban;Yes;E01004733;1;1;Pedestrian;Female;64;9;Slight;Crossing on pedestrian crossing facility;Crossing from driver's nearside;Not car passenger;Not a bus or coach passenger;No / Not applicable;0;Motorcycle 125cc and under rider or passenger;Less deprived 10-20%;1;Taxi/Private hire car;No tow/articulation;Turning left;On main c'way - not in restricted lane;Cleared junction or waiting/parked at junction exit;None;None;Nearside;None;Front;1;Journey as part of work;Male;60;56 - 65;-1;-1;-1;1;Urban area;1
2019010157490;512568;174683;-0.381069;51.459939;Metropolitan Police;Slight;1;1;14/01/2019;Monday;13:20;Hounslow;Hounslow;Unclassified;0;Slip road;20 MPH;Slip road;Data missing or out of range;Unclassified;0;Data missing or out of range;Data missing or out of range;Daylight;Unknown;Data missing or out of range;None;None;Urban;No - accident was reported using a self completion  form (self rep only);E01002650;1;1;Driver or rider;Female;43;7;Slight;Not a Pedestrian;Not a Pedestrian;Not car passenger;Not a bus or coach passenger;No / Not applicable;9;Cyclist;More deprived 40-50%;1;Car;No tow/articulation;Data missing or out of range;Data missing or out of range;Data missing or out of range;Data missing or out of range;Data missing or out of range;Data missing or out of range;Data missing or out of range;Offside;-1;Commuting to/from work;Female;43;36 - 45;-1;-1;-1;5;Urban area;5
2019010157495;534454;169977;-0.068001;51.412878;Metropolitan Police;Slight;2;1;14/01/2019;Monday;18:30;Bromley;Bromley;A;214;Single carriageway;30 MPH;T or staggered junction;Give way or uncontrolled;Unclassified;0;None within 50 metres ;Pelican, puffin, toucan or similar non-junction pedestrian light crossing;Daylight;Fine no high winds;Dry;None;None;Urban;Yes;E01000740;2;1;Driver or rider;Male;36;7;Slight;Not a Pedestrian;Not a Pedestrian;Not car passenger;Not a bus or coach passenger;No / Not applicable;1;Cyclist;More deprived 30-40%;1;Car;No tow/articulation;Turning right;On main c'way - not in restricted lane;Mid Junction - on roundabout or on main road;None;None;Did not leave carriageway;None;Nearside;1;Not known;Male;76;Over 75;-1;-1;-1;10;Urban area;10
2019010157495;534454;169977;-0.068001;51.412878;Metropolitan Police;Slight;2;1;14/01/2019;Monday;18:30;Bromley;Bromley;A;214;Single carriageway;30 MPH;T or staggered junction;Give way or uncontrolled;Unclassified;0;None within 50 metres ;Pelican, puffin, toucan or similar non-junction pedestrian light crossing;Daylight;Fine no high winds;Dry;None;None;Urban;Yes;E01000740;2;1;Driver or rider;Male;36;7;Slight;Not a Pedestrian;Not a Pedestrian;Not car passenger;Not a bus or coach passenger;No / Not applicable;1;Cyclist;More deprived 30-40%;2;Pedal cycle;No tow/articulation;Going ahead other;On main c'way - not in restricted lane;Mid Junction - on roundabout or on main road;None;None;Did not leave carriageway;None;Nearside;1;Not known;Male;36;36 - 45;-1;-1;-1;4;Urban area;4
2019010157497;522411;195801;-0.232112;51.647692;Metropolitan Police;Slight;2;1;14/01/2019;Monday;08:57;Barnet;Barnet;C;0;Single carriageway;30 MPH;T or staggered junction;Data missing or out of range;A;411;None within 50 metres ;No physical crossing facilities within 50 metres;Daylight;Fine no high winds;Dry;None;None;Urban;No - accident was reported using a self completion  form (self rep only);E01000253;1;1;Driver or rider;Female;38;7;Slight;Not a Pedestrian;Not a Pedestrian;Not car passenger;Not a bus or coach passenger;No / Not applicable;9;Cyclist;More deprived 20-30%;1;Car;No tow/articulation;Data missing or out of range;Data missing or out of range;Data missing or out of range;Data missing or out of range;Data missing or out of range;Data missing or out of range;Data missing or out of range;Front;-1;Not known;Female;38;36 - 45;-1;-1;-1;3;Urban area;3
2019010157497;522411;195801;-0.232112;51.647692;Metropolitan Police;Slight;2;1;14/01/2019;Monday;08:57;Barnet;Barnet;C;0;Single carriageway;30 MPH;T or staggered junction;Data missing or out of range;A;411;None within 50 metres ;No physical crossing facilities within 50 metres;Daylight;Fine no high winds;Dry;None;None;Urban;No - accident was reported using a self completion  form (self rep only);E01000253;1;1;Driver or rider;Female;38;7;Slight;Not a Pedestrian;Not a Pedestrian;Not car passenger;Not a bus or coach passenger;No / Not applicable;9;Cyclist;More deprived 20-30%;2;Car;No tow/articulation;Data missing or out of range;Data missing or out of range;Data missing or out of range;Data missing or out of range;Data missing or out of range;Data missing or out of range;Data missing or out of range;Front;-1;Not known;Female;34;26 - 35;-1;-1;-1;2;Data missing or out of range;2
2019010157498;534372;199999;-0.057723;51.682686;Metropolitan Police;Slight;3;1;14/01/2019;Monday;18:30;Enfield;Enfield;Motorway;25;Dual carriageway;70 MPH;Slip road;Auto traffic signal;Unclassified;0;None within 50 metres ;No physical crossing facilities within 50 metres;Darkness - lights lit;Fine no high winds;Dry;None;None;Rural;Yes;E01001412;2;1;Driver or rider;Female;28;6;Slight;Not a Pedestrian;Not a Pedestrian;Not car passenger;Not a bus or coach passenger;No / Not applicable;9;Cyclist;More deprived 30-40%;1;Car;No tow/articulation;Waiting to go - held up;On main c'way - not in restricted lane;Leaving main road;None;None;Did not leave carriageway;None;Back;1;Not known;Male;73;66 - 75;-1;-1;-1;2;Urban area;2
2019010157498;534372;199999;-0.057723;51.682686;Metropolitan Police;Slight;3;1;14/01/2019;Monday;18:30;Enfield;Enfield;Motorway;25;Dual carriageway;70 MPH;Slip road;Auto traffic signal;Unclassified;0;None within 50 metres ;No physical crossing facilities within 50 metres;Darkness - lights lit;Fine no high winds;Dry;None;None;Rural;Yes;E01001412;2;1;Driver or rider;Female;28;6;Slight;Not a Pedestrian;Not a Pedestrian;Not car passenger;Not a bus or coach passenger;No / Not applicable;9;Cyclist;More deprived 30-40%;2;Car;No tow/articulation;Waiting to go - held up;On main c'way - not in restricted lane;Leaving main road;None;None;Did not leave carriageway;None;Back;1;Not known;Female;28;26 - 35;-1;-1;-1;4;Urban area;4
2019010157498;534372;199999;-0.057723;51.682686;Metropolitan Police;Slight;3;1;14/01/2019;Monday;18:30;Enfield;Enfield;Motorway;25;Dual carriageway;70 MPH;Slip road;Auto traffic signal;Unclassified;0;None within 50 metres ;No physical crossing facilities within 50 metres;Darkness - lights lit;Fine no high winds;Dry;None;None;Rural;Yes;E01001412;2;1;Driver or rider;Female;28;6;Slight;Not a Pedestrian;Not a Pedestrian;Not car passenger;Not a bus or coach passenger;No / Not applicable;9;Cyclist;More deprived 30-40%;3;Car;No tow/articulation;Slowing or stopping;On main c'way - not in restricted lane;Leaving main road;None;None;Did not leave carriageway;None;Front;1;Not known;Female;46;46 - 55;-1;-1;-1;4;Urban area;4
2019010157500;522608;183089;-0.233704;51.533404;Metropolitan Police;Slight;2;1;14/01/2019;Monday;21:08;Brent;Brent;C;0;Single carriageway;30 MPH;Roundabout;Give way or uncontrolled;C;0;None within 50 metres ;No physical crossing facilities within 50 metres;Darkness - lights lit;Fine no high winds;Dry;None;None;Urban;Yes;E01000530;2;1;Driver or rider;Male;38;7;Slight;Not a Pedestrian;Not a Pedestrian;Not car passenger;Not a bus or coach passenger;No / Not applicable;4;Cyclist;Less deprived 40-50%;1;Car;No tow/articulation;Turning right;On main c'way - not in restricted lane;Entering roundabout;None;None;Did not leave carriageway;None;Front;1;Commuting to/from work;Female;31;26 - 35;-1;-1;-1;10;Urban area;10
2019010157500;522608;183089;-0.233704;51.533404;Metropolitan Police;Slight;2;1;14/01/2019;Monday;21:08;Brent;Brent;C;0;Single carriageway;30 MPH;Roundabout;Give way or uncontrolled;C;0;None within 50 metres ;No physical crossing facilities within 50 metres;Darkness - lights lit;Fine no high winds;Dry;None;None;Urban;Yes;E01000530;2;1;Driver or rider;Male;38;7;Slight;Not a Pedestrian;Not a Pedestrian;Not car passenger;Not a bus or coach passenger;No / Not applicable;4;Cyclist;Less deprived 40-50%;2;Motorcycle over 125cc and up to 500cc;No tow/articulation;Turning right;On main c'way - not in restricted lane;Entering roundabout;Overturned;None;Did not leave carriageway;None;Front;1;Not known;Male;38;36 - 45;-1;-1;-1;6;Urban area;6
2019010157502;530200;177850;-0.126241;51.484625;Metropolitan Police;Slight;2;1;14/01/2019;Monday;06:02;Lambeth;Lambeth;A;3036;Roundabout;30 MPH;Roundabout;Auto traffic signal;A;203;None within 50 metres ;No physical crossing facilities within 50 metres;Darkness - lights lit;Fine no high winds;Dry;None;None;Urban;Yes;E01033208;1;1;Driver or rider;Male;57;9;Slight;Not a Pedestrian;Not a Pedestrian;Not car passenger;Not a bus or coach passenger;No / Not applicable;4;-1;Data missing or out of range;1;Motorcycle over 125cc and up to 500cc;No tow/articulation;Turning right;On main c'way - not in restricted lane;Mid Junction - on roundabout or on main road;None;None;Did not leave carriageway;None;Front;1;Commuting to/from work;Male;57;56 - 65;-1;-1;-1;-1;Data missing or out of range;-1
2019010157502;530200;177850;-0.126241;51.484625;Metropolitan Police;Slight;2;1;14/01/2019;Monday;06:02;Lambeth;Lambeth;A;3036;Roundabout;30 MPH;Roundabout;Auto traffic signal;A;203;None within 50 metres ;No physical crossing facilities within 50 metres;Darkness - lights lit;Fine no high winds;Dry;None;None;Urban;Yes;E01033208;1;1;Driver or rider;Male;57;9;Slight;Not a Pedestrian;Not a Pedestrian;Not car passenger;Not a bus or coach passenger;No / Not applicable;4;-1;Data missing or out of range;2;Bus or coach (17 or more pass seats);No tow/articulation;Going ahead other;On main c'way - not in restricted lane;Entering roundabout;None;None;Did not leave carriageway;None;Offside;1;Journey as part of work;Male;43;36 - 45;-1;-1;-1;6;Urban area;6
2019010157503;534079;173673;-0.071992;51.446182;Metropolitan Police;Slight;2;1;14/01/2019;Monday;17:46;Southwark;Southwark;A;2216;Single carriageway;30 MPH;T or staggered junction;Give way or uncontrolled;C;0;None within 50 metres ;Pelican, puffin, toucan or similar non-junction pedestrian light crossing;Darkness - lights lit;Fine no high winds;Dry;None;None;Urban;Yes;E01004075;2;1;Driver or rider;Male;35;6;Slight;Not a Pedestrian;Not a Pedestrian;Not car passenger;Not a bus or coach passenger;No / Not applicable;1;Cyclist;More deprived 20-30%;1;Van / Goods 3.5 tonnes mgw or under;No tow/articulation;Moving off;On main c'way - not in restricted lane;Mid Junction - on roundabout or on main road;None;None;Did not leave carriageway;None;Front;1;Journey as part of work;Male;52;46 - 55;-1;-1;-1;9;Urban area;9
2019010157503;534079;173673;-0.071992;51.446182;Metropolitan Police;Slight;2;1;14/01/2019;Monday;17:46;Southwark;Southwark;A;2216;Single carriageway;30 MPH;T or staggered junction;Give way or uncontrolled;C;0;None within 50 metres ;Pelican, puffin, toucan or similar non-junction pedestrian light crossing;Darkness - lights lit;Fine no high winds;Dry;None;None;Urban;Yes;E01004075;2;1;Driver or rider;Male;35;6;Slight;Not a Pedestrian;Not a Pedestrian;Not car passenger;Not a bus or coach passenger;No / Not applicable;1;Cyclist;More deprived 20-30%;2;Pedal cycle;No tow/articulation;Moving off;On main c'way - not in restricted lane;Mid Junction - on roundabout or on main road;Overturned;None;Did not leave carriageway;None;Offside;1;Commuting to/from work;Male;35;26 - 35;-1;-1;-1;3;Urban area;3
2019010157508;529376;186718;-0.134847;51.564509;Metropolitan Police;Slight;2;1;12/01/2019;Saturday;17:00;Islington;Islington;A;400;One way street;20 MPH;Other junction;Data missing or out of range;Unclassified;0;None within 50 metres ;Pedestrian phase at traffic signal junction;Darkness - lighting unknown;Fine no high winds;Dry;None;None;Urban;No - accident was reported using a self completion  form (self rep only);E01002774;1;1;Driver or rider;Female;45;7;Slight;Not a Pedestrian;Not a Pedestrian;Not car passenger;Not a bus or coach passenger;No / Not applicable;9;Cyclist;More deprived 10-20%;1;Car;No tow/articulation;Data missing or out of range;Data missing or out of range;Data missing or out of range;Data missing or out of range;Data missing or out of range;Data missing or out of range;Data missing or out of range;Front;-1;Not known;Female;45;36 - 45;-1;-1;-1;2;Urban area;2
2019010157508;529376;186718;-0.134847;51.564509;Metropolitan Police;Slight;2;1;12/01/2019;Saturday;17:00;Islington;Islington;A;400;One way street;20 MPH;Other junction;Data missing or out of range;Unclassified;0;None within 50 metres ;Pedestrian phase at traffic signal junction;Darkness - lighting unknown;Fine no high winds;Dry;None;None;Urban;No - accident was reported using a self completion  form (self rep only);E01002774;1;1;Driver or rider;Female;45;7;Slight;Not a Pedestrian;Not a Pedestrian;Not car passenger;Not a bus or coach passenger;No / Not applicable;9;Cyclist;More deprived 10-20%;2;Goods vehicle - unknown weight;No tow/articulation;Data missing or out of range;Data missing or out of range;Data missing or out of range;Data missing or out of range;Data missing or out of range;Data missing or out of range;Data missing or out of range;Back;-1;Not known;Not known;-1;Data missing or out of range;-1;-1;-1;-1;Data missing or out of range;-1
2019010157509;522675;195964;-0.228241;51.649099;Metropolitan Police;Slight;1;1;08/01/2019;Tuesday;18:00;Barnet;Barnet;A;411;Single carriageway;30 MPH;Other junction;Data missing or out of range;Unclassified;0;None within 50 metres ;No physical crossing facilities within 50 metres;Darkness - lighting unknown;Fine no high winds;Dry;None;None;Urban;No - accident was reported using a self completion  form (self rep only);E01000253;1;1;Pedestrian;Female;48;8;Slight;Unknown or other;Unknown or other;Not car passenger;Not a bus or coach passenger;No / Not applicable;0;Cyclist;Less deprived 20-30%;1;Car;Data missing or out of range;Data missing or out of range;Data missing or out of range;Data missing or out of range;Data missing or out of range;Data missing or out of range;Data missing or out of range;Data missing or out of range;Data missing or out of range;-1;Not known;Not known;-1;Data missing or out of range;-1;-1;-1;-1;Data missing or out of range;-1
2019010157513;544393;185584;0.081194;51.550676;Metropolitan Police;Slight;2;2;15/01/2019;Tuesday;00:01;Redbridge;Redbridge;Unclassified;0;Single carriageway;30 MPH;Other junction;Give way or uncontrolled;Unclassified;0;None within 50 metres ;No physical crossing facilities within 50 metres;Darkness - lights unlit;Fine no high winds;Dry;None;None;Urban;Yes;E01003731;1;1;Pedestrian;Male;52;8;Slight;In carriageway, not crossing;Walking along in carriageway, back to traffic;Not car passenger;Not a bus or coach passenger;No / Not applicable;0;Cyclist;More deprived 10-20%;1;Car;No tow/articulation;Parked;On main c'way - not in restricted lane;Approaching junction or waiting/parked at junction approach;None;Parked vehicle;Did not leave carriageway;None;Nearside;1;Not known;Not known;-1;Data missing or out of range;-1;-1;-1;-1;Data missing or out of range;-1
2019010157513;544393;185584;0.081194;51.550676;Metropolitan Police;Slight;2;2;15/01/2019;Tuesday;00:01;Redbridge;Redbridge;Unclassified;0;Single carriageway;30 MPH;Other junction;Give way or uncontrolled;Unclassified;0;None within 50 metres ;No physical crossing facilities within 50 metres;Darkness - lights unlit;Fine no high winds;Dry;None;None;Urban;Yes;E01003731;1;1;Pedestrian;Male;52;8;Slight;In carriageway, not crossing;Walking along in carriageway, back to traffic;Not car passenger;Not a bus or coach passenger;No / Not applicable;0;Cyclist;More deprived 10-20%;2;Car;No tow/articulation;Going ahead other;On main c'way - not in restricted lane;Cleared junction or waiting/parked at junction exit;None;Parked vehicle;Did not leave carriageway;None;Offside;1;Not known;Male;40;36 - 45;-1;-1;-1;-1;Data missing or out of range;-1
2019010157513;544393;185584;0.081194;51.550676;Metropolitan Police;Slight;2;2;15/01/2019;Tuesday;00:01;Redbridge;Redbridge;Unclassified;0;Single carriageway;30 MPH;Other junction;Give way or uncontrolled;Unclassified;0;None within 50 metres ;No physical crossing facilities within 50 metres;Darkness - lights unlit;Fine no high winds;Dry;None;None;Urban;Yes;E01003731;2;2;Pedestrian;Male;34;6;Slight;In carriageway, not crossing;In carriageway, stationary - not crossing  (standing or playing);Not car passenger;Not a bus or coach passenger;No / Not applicable;0;Cyclist;More deprived 30-40%;1;Car;No tow/articulation;Parked;On main c'way - not in restricted lane;Approaching junction or waiting/parked at junction approach;None;Parked vehicle;Did not leave carriageway;None;Nearside;1;Not known;Not known;-1;Data missing or out of range;-1;-1;-1;-1;Data missing or out of range;-1
2019010157513;544393;185584;0.081194;51.550676;Metropolitan Police;Slight;2;2;15/01/2019;Tuesday;00:01;Redbridge;Redbridge;Unclassified;0;Single carriageway;30 MPH;Other junction;Give way or uncontrolled;Unclassified;0;None within 50 metres ;No physical crossing facilities within 50 metres;Darkness - lights unlit;Fine no high winds;Dry;None;None;Urban;Yes;E01003731;2;2;Pedestrian;Male;34;6;Slight;In carriageway, not crossing;In carriageway, stationary - not crossing  (standing or playing);Not car passenger;Not a bus or coach passenger;No / Not applicable;0;Cyclist;More deprived 30-40%;2;Car;No tow/articulation;Going ahead other;On main c'way - not in restricted lane;Cleared junction or waiting/parked at junction exit;None;Parked vehicle;Did not leave carriageway;None;Offside;1;Not known;Male;40;36 - 45;-1;-1;-1;-1;Data missing or out of range;-1
2019010157520;535662;185637;-0.04463;51.553318;Metropolitan Police;Slight;2;1;06/01/2019;Sunday;07:50;Hackney;Hackney;C;0;Unknown;20 MPH;Crossroads;Data missing or out of range;Unclassified;0;Data missing or out of range;Data missing or out of range;Darkness - lights lit;Unknown;Data missing or out of range;Data missing or out of range;Data missing or out of range;Urban;No - accident was reported using a self completion  form (self rep only);E01001796;1;1;Driver or rider;Female;52;8;Slight;Not a Pedestrian;Not a Pedestrian;Not car passenger;Not a bus or coach passenger;No / Not applicable;9;Cyclist;More deprived 10-20%;1;Car;Data missing or out of range;Data missing or out of range;Data missing or out of range;Data missing or out of range;Data missing or out of range;Data missing or out of range;Data missing or out of range;Data missing or out of range;Front;-1;Not known;Female;52;46 - 55;-1;-1;-1;2;Urban area;2