Accident_Index;Location_Easting_OSGR;Location_Northing_OSGR;Longitude;Latitude;Police_Force;Accident_Severity;Number_of_Vehicles;Number_of_Casualties;Date;Day_of_Week;Time;Local_Authority_(District);Local_Authority_(Highway);1st_Road_Class;1st_Road_Number;Road_Type;Speed_limit;Junction_Detail;Junction_Control;2nd_Road_Class;2nd_Road_Number;Pedestrian_Crossing-Human_Control;Pedestrian_Crossing-Physical_Facilities;Light_Conditions;Weather_Conditions;Road_Surface_Conditions;Special_Conditions_at_Site;Carriageway_Hazards;Urban_or_Rural_Area;Did_Police_Officer_Attend_Scene_of_Accident;LSOA_of_Accident_Location;Vehicle_Reference_x;Casualty_Reference;Casualty_Class;Sex_of_Casualty;Age_of_Casualty;Age_Band_of_Casualty;Casualty_Severity;Pedestrian_Location;Pedestrian_Movement;Car_Passenger;Bus_or_Coach_Passenger;Pedestrian_Road_Maintenance_Worker;Casualty_Type;Casualty_Home_Area_Type;Casualty_IMD_Decile;Vehicle_Reference_y;Vehicle_Type;Towing_and_Articulation;Vehicle_Manoeuvre;Vehicle_Location-Restricted_Lane;Junction_Location;Skidding_and_Overturning;Hit_Object_in_Carriageway;Vehicle_Leaving_Carriageway;Hit_Object_off_Carriageway;1st_Point_of_Impact;Was_Vehicle_Left_Hand_Drive?;Journey_Purpose_of_Driver;Sex_of_Driver;Age_of_Driver;Age_Band_of_Driver;Engine_Capacity_(CC);Propulsion_Code;Age_of_Vehicle;Driver_IMD_Decile;Driver_Home_Area_Type;Vehicle_IMD_Decile
2019010157520;535662;185637;-0.04463;51.553318;Metropolitan Police;Slight;2;1;06/01/2019;Sunday;07:50;Hackney;Hackney;C;0;Unknown;20 MPH;Crossroads;Data missing or out of range;Unclassified;0;Data missing or out of range;Data missing or out of range;Darkness - lights lit;Unknown;Data missing or out of range;Data missing or out of range;Data missing or out of range;Urban;No - accident was reported using a self completion  form (self rep only);E01001796;1;1;Driver or rider;Female;52;8;Slight;Not a Pedestrian;Not a Pedestrian;Not car passenger;Not a bus or coach passenger;No / Not applicable;9;Cyclist;More deprived 10-20%;2;Car;Data missing or out of range;Reversing;Data missing or out of range;Data missing or out of range;Data missing or out of range;Data missing or out of range;Data missing or out of range;Data missing or out of range;Data missing or out of range;-1;Not known;Not known;-1;Data missing or out of range;-1;-1;-1;2;Urban area;2
2019010157523;528194;167579;-0.158831;51.392776;Metropolitan Police;Slight;1;2;15/01/2019;Tuesday;07:15;Merton;Merton;A;237;Single carriageway;30 MPH;Other junction;Auto traffic signal;Unclassified;0;None within 50 metres ;Pelican, puffin, toucan or similar non-junction pedestrian light crossing;Darkness - lights lit;Fine no high winds;Dry;None;None;Urban;Yes;E01003375;1;1;Driver or rider;Male;36;7;Slight;Not a Pedestrian;Not a Pedestrian;Not car passenger;Not a bus or coach passenger;No / Not applicable;3;Cyclist;More deprived 10-20%;1;Motorcycle 125cc and under;No tow/articulation;Overtaking static vehicle - offside;On main c'way - not in restricted lane;Cleared junction or waiting/parked at junction exit;None;None;Did not leave carriageway;None;Front;1;Commuting to/from work;Male;36;36 - 45;-1;-1;-1;2;Urban area;2
2019010157523;528194;167579;-0.158831;51.392776;Metropolitan Police;Slight;1;2;15/01/2019;Tuesday;07:15;Merton;Merton;A;237;Single carriageway;30 MPH;Other junction;Auto traffic signal;Unclassified;0;None within 50 metres ;Pelican, puffin, toucan or similar non-junction pedestrian light crossing;Darkness - lights lit;Fine no high winds;Dry;None;None;Urban;Yes;E01003375;1;2;Pedestrian;Male;12;3;Slight;Crossing elsewhere within 50m. of pedestrian crossing;Crossing from nearside - masked by parked or stationary vehicle;Not car passenger;Not a bus or coach passenger;No / Not applicable;0;Cyclist;More deprived 10-20%;1;Motorcycle 125cc and under;No tow/articulation;Overtaking static vehicle - offside;On main c'way - not in restricted lane;Cleared junction or waiting/parked at junction exit;None;None;Did not leave carriageway;None;Front;1;Commuting to/from work;Male;36;36 - 45;-1;-1;-1;2;Urban area;2
2019010157524;546576;178565;0.109741;51.487045;Metropolitan Police;Slight;1;1;07/01/2019;Monday;08:40;Greenwich;Greenwich;Unclassified;0;Single carriageway;30 MPH;T or staggered junction;Give way or uncontrolled;B;213;None within 50 metres ;No physical crossing facilities within 50 metres;Daylight;Fine no high winds;Dry;None;None;Urban;No - accident was reported using a self completion  form (self rep only);E01001573;1;1;Pedestrian;Male;46;8;Slight;In carriageway, not crossing;In carriageway, stationary - not crossing  (standing or playing);Not car passenger;Not a bus or coach passenger;No / Not applicable;0;Cyclist;Less deprived 10-20%;1;Car;Data missing or out of range;Going ahead other;On main c'way - not in restricted lane;Approaching junction or waiting/parked at junction approach;None;None;Did not leave carriageway;None;Nearside;-1;Not known;Not known;-1;Data missing or out of range;-1;-1;-1;-1;Data missing or out of range;-1
2019010157541;534702;165767;-0.066033;51.374986;Metropolitan Police;Slight;2;1;08/01/2019;Tuesday;08:30;Croydon;Croydon;A;232;Single carriageway;30 MPH;T or staggered junction;Give way or uncontrolled;Unclassified;0;None within 50 metres ;No physical crossing facilities within 50 metres;Daylight;Fine no high winds;Dry;None;None;Urban;No - accident was reported using a self completion  form (self rep only);E01000986;1;1;Driver or rider;Male;19;4;Slight;Not a Pedestrian;Not a Pedestrian;Not car passenger;Not a bus or coach passenger;No / Not applicable;3;Cyclist;More deprived 40-50%;1;Motorcycle 125cc and under;No tow/articulation;Going ahead other;On main c'way - not in restricted lane;Approaching junction or waiting/parked at junction approach;None;None;Did not leave carriageway;None;Front;1;Not known;Male;19;16 - 20;-1;-1;-1;5;Urban area;5
2019010157541;534702;165767;-0.066033;51.374986;Metropolitan Police;Slight;2;1;08/01/2019;Tuesday;08:30;Croydon;Croydon;A;232;Single carriageway;30 MPH;T or staggered junction;Give way or uncontrolled;Unclassified;0;None within 50 metres ;No physical crossing facilities within 50 metres;Daylight;Fine no high winds;Dry;None;None;Urban;No - accident was reported using a self completion  form (self rep only);E01000986;1;1;Driver or rider;Male;19;4;Slight;Not a Pedestrian;Not a Pedestrian;Not car passenger;Not a bus or coach passenger;No / Not applicable;3;Cyclist;More deprived 40-50%;2;Car;No tow/articulation;Turning right;On main c'way - not in restricted lane;Entering main road;None;None;Did not leave carriageway;None;Offside;1;Not known;Female;37;36 - 45;-1;-1;-1;9;Urban area;9
2019010157561;540591;185011;0.026168;51.546487;Metropolitan Police;Serious;1;1;04/01/2019;Friday;17:15;Newham;Newham;A;118;Unknown;30 MPH;Data missing or out of range;Auto traffic signal;A;114;Data missing or out of range;Pedestrian phase at traffic signal junction;Darkness - lighting unknown;Fine no high winds;Dry;None;None;Urban;No - accident was reported using a self completion  form (self rep only);E01003558;1;1;Pedestrian;Male;70;10;Serious;Crossing on pedestrian crossing facility;Crossing from driver's offside;Not car passenger;Not a bus or coach passenger;No / Not applicable;0;Cyclist;More deprived 20-30%;1;Car;No tow/articulation;Data missing or out of range;Data missing or out of range;Data missing or out of range;Data missing or out of range;Data missing or out of range;Data missing or out of range;Data missing or out of range;Data missing or out of range;-1;Not known;Male;20;16 - 20;-1;-1;-1;4;Urban area;4
2019010157567;530496;173928;-0.123427;51.44931;Metropolitan Police;Slight;2;2;15/01/2019;Tuesday;08:42;Lambeth;Lambeth;A;23;Single carriageway;30 MPH;Other junction;Auto traffic signal;C;0;Control by other authorised person;Pedestrian phase at traffic signal junction;Daylight;Fine no high winds;Dry;None;None;Urban;Yes;E01003023;1;1;Driver or rider;Male;42;7;Slight;Not a Pedestrian;Not a Pedestrian;Not car passenger;Not a bus or coach passenger;No / Not applicable;3;Cyclist;More deprived 30-40%;1;Motorcycle 125cc and under;No tow/articulation;Turning left;On main c'way - not in restricted lane;Leaving main road;None;None;Did not leave carriageway;None;Nearside;1;Commuting to/from work;Male;42;36 - 45;-1;-1;-1;4;Urban area;4
2019010157567;530496;173928;-0.123427;51.44931;Metropolitan Police;Slight;2;2;15/01/2019;Tuesday;08:42;Lambeth;Lambeth;A;23;Single carriageway;30 MPH;Other junction;Auto traffic signal;C;0;Control by other authorised person;Pedestrian phase at traffic signal junction;Daylight;Fine no high winds;Dry;None;None;Urban;Yes;E01003023;1;1;Driver or rider;Male;42;7;Slight;Not a Pedestrian;Not a Pedestrian;Not car passenger;Not a bus or coach passenger;No / Not applicable;3;Cyclist;More deprived 30-40%;2;Pedal cycle;No tow/articulation;Going ahead other;On main c'way - not in restricted lane;Approaching junction or waiting/parked at junction approach;None;None;Did not leave carriageway;None;Front;1;Journey as part of work;Male;34;26 - 35;-1;-1;-1;6;Urban area;6
2019010157567;530496;173928;-0.123427;51.44931;Metropolitan Police;Slight;2;2;15/01/2019;Tuesday;08:42;Lambeth;Lambeth;A;23;Single carriageway;30 MPH;Other junction;Auto traffic signal;C;0;Control by other authorised person;Pedestrian phase at traffic signal junction;Daylight;Fine no high winds;Dry;None;None;Urban;Yes;E01003023;2;2;Driver or rider;Male;34;6;Slight;Not a Pedestrian;Not a Pedestrian;Not car passenger;Not a bus or coach passenger;No / Not applicable;1;Cyclist;Less deprived 40-50%;1;Motorcycle 125cc and under;No tow/articulation;Turning left;On main c'way - not in restricted lane;Leaving main road;None;None;Did not leave carriageway;None;Nearside;1;Commuting to/from work;Male;42;36 - 45;-1;-1;-1;4;Urban area;4
2019010157567;530496;173928;-0.123427;51.44931;Metropolitan Police;Slight;2;2;15/01/2019;Tuesday;08:42;Lambeth;Lambeth;A;23;Single carriageway;30 MPH;Other junction;Auto traffic signal;C;0;Control by other authorised person;Pedestrian phase at traffic signal junction;Daylight;Fine no high winds;Dry;None;None;Urban;Yes;E01003023;2;2;Driver or rider;Male;34;6;Slight;Not a Pedestrian;Not a Pedestrian;Not car passenger;Not a bus or coach passenger;No / Not applicable;1;Cyclist;Less deprived 40-50%;2;Pedal cycle;No tow/articulation;Going ahead other;On main c'way - not in restricted lane;Approaching junction or waiting/parked at junction approach;None;None;Did not leave carriageway;None;Front;1;Journey as part of work;Male;34;26 - 35;-1;-1;-1;6;Urban area;6
2019010157569;537327;182842;-0.021719;51.5278;Metropolitan Police;Slight;1;1;15/01/2019;Tuesday;08:45;Tower Hamlets;Tower Hamlets;A;11;Dual carriageway;30 MPH;Private drive or entrance;Give way or uncontrolled;Unclassified;0;None within 50 metres ;Pedestrian phase at traffic signal junction;Daylight;Fine no high winds;Dry;Road sign or marking defective or obscured;None;Urban;Yes;E01004267;1;1;Pedestrian;Female;39;7;Slight;On footway or verge;Unknown or other;Not car passenger;Not a bus or coach passenger;No / Not applicable;0;Cyclist;More deprived 10-20%;1;Car;No tow/articulation;Waiting to turn left;Cycleway or shared use footway (not part of  main carriageway);Entering main road;None;None;Did not leave carriageway;None;Front;1;Not known;Female;45;36 - 45;-1;-1;-1;2;Urban area;2
2019010157580;535829;190238;-0.040446;51.594623;Metropolitan Police;Slight;1;1;15/01/2019;Tuesday;07:30;Waltham Forest;Waltham Forest;B;179;Single carriageway;20 MPH;T or staggered junction;Give way or uncontrolled;Unclassified;0;Control by school crossing patrol;Zebra;Daylight;Fine no high winds;Dry;None;None;Urban;Yes;E01004401;1;1;Pedestrian;Male;25;5;Slight;Crossing on pedestrian crossing facility;Crossing from driver's offside;Not car passenger;Not a bus or coach passenger;No / Not applicable;0;Cyclist;More deprived 20-30%;1;Bus or coach (17 or more pass seats);No tow/articulation;Slowing or stopping;On main c'way - not in restricted lane;Cleared junction or waiting/parked at junction exit;None;None;Did not leave carriageway;None;Front;1;Journey as part of work;Male;43;36 - 45;-1;-1;-1;2;Urban area;2
2019010157581;525003;178685;-0.200753;51.4933;Metropolitan Police;Slight;1;1;15/01/2019;Tuesday;11:15;Kensington and Chelsea;Kensington and Chelsea;A;3220;Single carriageway;30 MPH;Not at junction or within 20 metres;Data missing or out of range;-1;0;None within 50 metres ;Pedestrian phase at traffic signal junction;Daylight;Fine no high winds;Dry;None;None;Urban;Yes;E01002814;1;1;Pedestrian;Female;72;10;Slight;Crossing elsewhere within 50m. of pedestrian crossing;Crossing from nearside - masked by parked or stationary vehicle;Not car passenger;Not a bus or coach passenger;No / Not applicable;0;Cyclist;More deprived 20-30%;1;Car;No tow/articulation;Going ahead other;On main c'way - not in restricted lane;Not at or within 20 metres of junction;None;None;Did not leave carriageway;None;Front;1;Not known;Male;53;46 - 55;-1;-1;-1;5;Urban area;5
2019010157583;534644;176257;-0.062884;51.469269;Metropolitan Police;Slight;2;1;11/01/2019;Friday;12:00;Southwark;Southwark;Unclassified;0;Unknown;20 MPH;Data missing or out of range;Give way or uncontrolled;Unclassified;0;Data missing or out of range;Data missing or out of range;Daylight;Snowing no high winds;Dry;None;None;Urban;No - accident was reported using a self completion  form (self rep only);E01004068;1;1;Driver or rider;Male;21;5;Slight;Not a Pedestrian;Not a Pedestrian;Not car passenger;Not a bus or coach passenger;No / Not applicable;3;Cyclist;More deprived 10-20%;1;Motorcycle 125cc and under;No tow/articulation;Data missing or out of range;Data missing or out of range;Data missing or out of range;Data missing or out of range;Data missing or out of range;Data missing or out of range;Data missing or out of range;Data missing or out of range;1;Commuting to/from work;Male;21;21 - 25;-1;-1;-1;2;Urban area;2
2019010157583;534644;176257;-0.062884;51.469269;Metropolitan Police;Slight;2;1;11/01/2019;Friday;12:00;Southwark;Southwark;Unclassified;0;Unknown;20 MPH;Data missing or out of range;Give way or uncontrolled;Unclassified;0;Data missing or out of range;Data missing or out of range;Daylight;Snowing no high winds;Dry;None;None;Urban;No - accident was reported using a self completion  form (self rep only);E01004068;1;1;Driver or rider;Male;21;5;Slight;Not a Pedestrian;Not a Pedestrian;Not car passenger;Not a bus or coach passenger;No / Not applicable;3;Cyclist;More deprived 10-20%;2;Car;No tow/articulation;Data missing or out of range;Data missing or out of range;Data missing or out of range;Data missing or out of range;Data missing or out of range;Data missing or out of range;Data missing or out of range;Data missing or out of range;-1;Not known;Not known;-1;Data missing or out of range;-1;-1;-1;-1;Data missing or out of range;-1
2019010157584;523214;180944;-0.225721;51.513995;Metropolitan Police;Slight;2;1;15/01/2019;Tuesday;12:15;Hammersmith and Fulham;Hammersmith and Fulham;A;219;Unknown;30 MPH;Not at junction or within 20 metres;Data missing or out of range;-1;0;Data missing or out of range;Data missing or out of range;Daylight;Unknown;Data missing or out of range;Data missing or out of range;Data missing or out of range;Urban;No - accident was reported using a self completion  form (self rep only);E01001874;1;1;Driver or rider;Male;44;7;Slight;Not a Pedestrian;Not a Pedestrian;Not car passenger;Not a bus or coach passenger;No / Not applicable;1;Cyclist;More deprived 10-20%;1;Pedal cycle;Data missing or out of range;Data missing or out of range;Data missing or out of range;Not at or within 20 metres of junction;Data missing or out of range;Data missing or out of range;Data missing or out of range;Data missing or out of range;Data missing or out of range;1;Not known;Male;44;36 - 45;-1;-1;-1;2;Urban area;2
2019010157584;523214;180944;-0.225721;51.513995;Metropolitan Police;Slight;2;1;15/01/2019;Tuesday;12:15;Hammersmith and Fulham;Hammersmith and Fulham;A;219;Unknown;30 MPH;Not at junction or within 20 metres;Data missing or out of range;-1;0;Data missing or out of range;Data missing or out of range;Daylight;Unknown;Data missing or out of range;Data missing or out of range;Data missing or out of range;Urban;No - accident was reported using a self completion  form (self rep only);E01001874;1;1;Driver or rider;Male;44;7;Slight;Not a Pedestrian;Not a Pedestrian;Not car passenger;Not a bus or coach passenger;No / Not applicable;1;Cyclist;More deprived 10-20%;2;Bus or coach (17 or more pass seats);Data missing or out of range;Data missing or out of range;Data missing or out of range;Not at or within 20 metres of junction;Data missing or out of range;Data missing or out of range;Data missing or out of range;Data missing or out of range;Data missing or out of range;-1;Not known;Not known;-1;Data missing or out of range;-1;-1;-1;-1;Data missing or out of range;-1
2019010157590;543608;186478;0.070245;51.55891;Metropolitan Police;Serious;1;1;15/01/2019;Tuesday;10:52;Redbridge;Redbridge;A;123;Single carriageway;30 MPH;Other junction;Give way or uncontrolled;Unclassified;0;None within 50 metres ;No physical crossing facilities within 50 metres;Daylight;Fine no high winds;Dry;None;None;Urban;Yes;E01003689;1;1;Pedestrian;Female;70;10;Serious;In carriageway, crossing elsewhere;Crossing from driver's nearside;Not car passenger;Not a bus or coach passenger;No / Not applicable;0;Cyclist;More deprived 30-40%;1;Goods 7.5 tonnes mgw and over;Articulated vehicle;Turning left;On main c'way - not in restricted lane;Leaving main road;None;None;Did not leave carriageway;None;Nearside;1;Journey as part of work;Male;49;46 - 55;-1;-1;-1;8;Small town;8
2019010157593;526548;175665;-0.17959;51.465816;Metropolitan Police;Slight;2;1;15/01/2019;Tuesday;08:40;Wandsworth;Wandsworth;A;3205;Dual carriageway;30 MPH;Other junction;Give way or uncontrolled;Unclassified;0;None within 50 metres ;No physical crossing facilities within 50 metres;Daylight;Fine no high winds;Dry;None;None;Urban;Yes;E01004537;2;1;Driver or rider;Male;42;7;Slight;Not a Pedestrian;Not a Pedestrian;Not car passenger;Not a bus or coach passenger;No / Not applicable;2;Cyclist;Less deprived 40-50%;1;Car;No tow/articulation;Changing lane to left;On main c'way - not in restricted lane;Cleared junction or waiting/parked at junction exit;None;None;Did not leave carriageway;None;Front;1;Not known;Female;31;26 - 35;-1;-1;-1;2;Urban area;2
2019010157593;526548;175665;-0.17959;51.465816;Metropolitan Police;Slight;2;1;15/01/2019;Tuesday;08:40;Wandsworth;Wandsworth;A;3205;Dual carriageway;30 MPH;Other junction;Give way or uncontrolled;Unclassified;0;None within 50 metres ;No physical crossing facilities within 50 metres;Daylight;Fine no high winds;Dry;None;None;Urban;Yes;E01004537;2;1;Driver or rider;Male;42;7;Slight;Not a Pedestrian;Not a Pedestrian;Not car passenger;Not a bus or coach passenger;No / Not applicable;2;Cyclist;Less deprived 40-50%;2;Motorcycle 50cc and under;No tow/articulation;Going ahead other;On main c'way - not in restricted lane;Cleared junction or waiting/parked at junction exit;Overturned;None;Did not leave carriageway;None;Nearside;1;Not known;Male;42;36 - 45;-1;-1;-1;6;Urban area;6
2019010157594;519245;191618;-0.279274;51.610777;Metropolitan Police;Slight;2;1;15/01/2019;Tuesday;11:45;Barnet;Barnet;B;461;Dual carriageway;30 MPH;Crossroads;Auto traffic signal;A;5;None within 50 metres ;Pedestrian phase at traffic signal junction;Daylight;Fine no high winds;Dry;None;None;Urban;No - accident was reported using a self completion  form (self rep only);E01000194;1;1;Driver or rider;Male;54;8;Slight;Not a Pedestrian;Not a Pedestrian;Not car passenger;Not a bus or coach passenger;No / Not applicable;98;Motorcycle 50cc and under rider or passenger;Less deprived 40-50%;1;Goods vehicle - unknown weight;No tow/articulation;Data missing or out of range;Data missing or out of range;Data missing or out of range;Data missing or out of range;Data missing or out of range;Data missing or out of range;Data missing or out of range;Data missing or out of range;-1;Not known;Male;54;46 - 55;-1;-1;-1;6;Small town;6
2019010157594;519245;191618;-0.279274;51.610777;Metropolitan Police;Slight;2;1;15/01/2019;Tuesday;11:45;Barnet;Barnet;B;461;Dual carriageway;30 MPH;Crossroads;Auto traffic signal;A;5;None within 50 metres ;Pedestrian phase at traffic signal junction;Daylight;Fine no high winds;Dry;None;None;Urban;No - accident was reported using a self completion  form (self rep only);E01000194;1;1;Driver or rider;Male;54;8;Slight;Not a Pedestrian;Not a Pedestrian;Not car passenger;Not a bus or coach passenger;No / Not applicable;98;Motorcycle 50cc and under rider or passenger;Less deprived 40-50%;2;Car;No tow/articulation;Data missing or out of range;Data missing or out of range;Data missing or out of range;Data missing or out of range;Data missing or out of range;Data missing or out of range;Data missing or out of range;Front;-1;Not known;Not known;-1;Data missing or out of range;-1;-1;-1;-1;Data missing or out of range;-1
2019010157602;518957;186158;-0.28528;51.561767;Metropolitan Police;Slight;1;1;13/01/2019;Sunday;18:45;Brent;Brent;A;4089;Single carriageway;30 MPH;T or staggered junction;Data missing or out of range;Unclassified;0;None within 50 metres ;Data missing or out of range;Darkness - lights lit;Raining no high winds;Wet or damp;None;None;Urban;No - accident was reported using a self completion  form (self rep only);E01033457;1;1;Pedestrian;Female;31;6;Slight;Crossing elsewhere within 50m. of pedestrian crossing;Crossing from driver's nearside;Not car passenger;Not a bus or coach passenger;No / Not applicable;0;Cyclist;Less deprived 20-30%;1;Car;Data missing or out of range;Data missing or out of range;Data missing or out of range;Data missing or out of range;Data missing or out of range;Data missing or out of range;Data missing or out of range;Data missing or out of range;Data missing or out of range;-1;Not known;Not known;-1;Data missing or out of range;-1;-1;-1;-1;Data missing or out of range;-1
2019010157607;540670;174716;0.023204;51.453957;Metropolitan Police;Slight;1;1;15/01/2019;Tuesday;08:45;Greenwich;Greenwich;A;20;Single carriageway;30 MPH;T or staggered junction;Give way or uncontrolled;Unclassified;0;None within 50 metres ;Central refuge;Daylight;Fine no high winds;Dry;None;None;Urban;Yes;E01001658;1;1;Pedestrian;Male;11;3;Slight;Crossing elsewhere within 50m. of pedestrian crossing;Crossing from nearside - masked by parked or stationary vehicle;Not car passenger;Not a bus or coach passenger;No / Not applicable;0;Cyclist;More deprived 40-50%;1;Motorcycle over 125cc and up to 500cc;No tow/articulation;Slowing or stopping;On main c'way - not in restricted lane;Approaching junction or waiting/parked at junction approach;None;None;Did not leave carriageway;None;Front;1;Commuting to/from work;Male;42;36 - 45;-1;-1;-1;7;Urban area;7
2019010157611;540055;174886;0.014425;51.455637;Metropolitan Police;Serious;3;2;15/01/2019;Tuesday;11:08;Greenwich;Greenwich;A;20;Single carriageway;30 MPH;T or staggered junction;Give way or uncontrolled;Unclassified;0;None within 50 metres ;No physical crossing facilities within 50 metres;Daylight;Fine no high winds;Dry;None;None;Urban;Yes;E01003286;1;1;Driver or rider;Female;49;8;Serious;Not a Pedestrian;Not a Pedestrian;Not car passenger;Not a bus or coach passenger;No / Not applicable;9;Cyclist;Less deprived 30-40%;1;Car;No tow/articulation;Going ahead other;On main c'way - not in restricted lane;Cleared junction or waiting/parked at junction exit;None;None;Offside;Wall or fence;Front;1;Not known;Female;49;46 - 55;-1;-1;-1;7;Urban area;7
2019010157611;540055;174886;0.014425;51.455637;Metropolitan Police;Serious;3;2;15/01/2019;Tuesday;11:08;Greenwich;Greenwich;A;20;Single carriageway;30 MPH;T or staggered junction;Give way or uncontrolled;Unclassified;0;None within 50 metres ;No physical crossing facilities within 50 metres;Daylight;Fine no high winds;Dry;None;None;Urban;Yes;E01003286;1;1;Driver or rider;Female;49;8;Serious;Not a Pedestrian;Not a Pedestrian;Not car passenger;Not a bus or coach passenger;No / Not applicable;9;Cyclist;Less deprived 30-40%;2;Car;No tow/articulation;Going ahead other;On main c'way - not in restricted lane;Cleared junction or waiting/parked at junction exit;None;None;Did not leave carriageway;None;Front;1;Not known;Male;33;26 - 35;-1;-1;-1;9;Urban area;9
2019010157611;540055;174886;0.014425;51.455637;Metropolitan Police;Serious;3;2;15/01/2019;Tuesday;11:08;Greenwich;Greenwich;A;20;Single carriageway;30 MPH;T or staggered junction;Give way or uncontrolled;Unclassified;0;None within 50 metres ;No physical crossing facilities within 50 metres;Daylight;Fine no high winds;Dry;None;None;Urban;Yes;E01003286;1;1;Driver or rider;Female;49;8;Serious;Not a Pedestrian;Not a Pedestrian;Not car passenger;Not a bus or coach passenger;No / Not applicable;9;Cyclist;Less deprived 30-40%;3;Car;No tow/articulation;Going ahead other;On main c'way - not in restricted lane;Cleared junction or waiting/parked at junction exit;None;None;Did not leave carriageway;None;Offside;1;Not known;Male;25;21 - 25;-1;-1;-1;6;Urban area;6
2019010157611;540055;174886;0.014425;51.455637;Metropolitan Police;Serious;3;2;15/01/2019;Tuesday;11:08;Greenwich;Greenwich;A;20;Single carriageway;30 MPH;T or staggered junction;Give way or uncontrolled;Unclassified;0;None within 50 metres ;No physical crossing facilities within 50 metres;Daylight;Fine no high winds;Dry;None;None;Urban;Yes;E01003286;2;2;Driver or rider;Male;33;6;Slight;Not a Pedestrian;Not a Pedestrian;Not car passenger;Not a bus or coach passenger;No / Not applicable;9;Cyclist;Less deprived 10-20%;1;Car;No tow/articulation;Going ahead other;On main c'way - not in restricted lane;Cleared junction or waiting/parked at junction exit;None;None;Offside;Wall or fence;Front;1;Not known;Female;49;46 - 55;-1;-1;-1;7;Urban area;7
2019010157611;540055;174886;0.014425;51.455637;Metropolitan Police;Serious;3;2;15/01/2019;Tuesday;11:08;Greenwich;Greenwich;A;20;Single carriageway;30 MPH;T or staggered junction;Give way or uncontrolled;Unclassified;0;None within 50 metres ;No physical crossing facilities within 50 metres;Daylight;Fine no high winds;Dry;None;None;Urban;Yes;E01003286;2;2;Driver or rider;Male;33;6;Slight;Not a Pedestrian;Not a Pedestrian;Not car passenger;Not a bus or coach passenger;No / Not applicable;9;Cyclist;Less deprived 10-20%;2;Car;No tow/articulation;Going ahead other;On main c'way - not in restricted lane;Cleared junction or waiting/parked at junction exit;None;None;Did not leave carriageway;None;Front;1;Not known;Male;33;26 - 35;-1;-1;-1;9;Urban area;9
2019010157611;540055;174886;0.014425;51.455637;Metropolitan Police;Serious;3;2;15/01/2019;Tuesday;11:08;Greenwich;Greenwich;A;20;Single carriageway;30 MPH;T or staggered junction;Give way or uncontrolled;Unclassified;0;None within 50 metres ;No physical crossing facilities within 50 metres;Daylight;Fine no high winds;Dry;None;None;Urban;Yes;E01003286;2;2;Driver or rider;Male;33;6;Slight;Not a Pedestrian;Not a Pedestrian;Not car passenger;Not a bus or coach passenger;No / Not applicable;9;Cyclist;Less deprived 10-20%;3;Car;No tow/articulation;Going ahead other;On main c'way - not in restricted lane;Cleared junction or waiting/parked at junction exit;None;None;Did not leave carriageway;None;Offside;1;Not known;Male;25;21 - 25;-1;-1;-1;6;Urban area;6
2019010157619;544226;189621;0.080443;51.586993;Metropolitan Police;Serious;1;1;15/01/2019;Tuesday;11:40;Redbridge;Redbridge;A;123;Single carriageway;30 MPH;T or staggered junction;Auto traffic signal;Unclassified;0;None within 50 metres ;Pelican, puffin, toucan or similar non-junction pedestrian light crossing;Daylight;Fine no high winds;Dry;None;None;Urban;Yes;E01003638;1;1;Pedestrian;Female;71;10;Serious;Crossing on pedestrian crossing facility;Crossing from nearside - masked by parked or stationary vehicle;Not car passenger;Not a bus or coach passenger;No / Not applicable;0;Cyclist;Less deprived 40-50%;1;Van / Goods 3.5 tonnes mgw or under;No tow/articulation;Going ahead other;On main c'way - not in restricted lane;Approaching junction or waiting/parked at junction approach;None;None;Did not leave carriageway;None;Nearside;1;Journey as part of work;Male;20;16 - 20;-1;-1;-1;1;Urban area;1
2019010157637;525197;182506;-0.196604;51.527597;Metropolitan Police;Slight;1;1;15/01/2019;Tuesday;14:46;Westminster;Westminster;B;413;Single carriageway;30 MPH;T or staggered junction;Give way or uncontrolled;B;413;None within 50 metres ;No physical crossing facilities within 50 metres;Daylight;Fine no high winds;Dry;None;None;Urban;Yes;E01004675;1;1;Pedestrian;Female;38;7;Slight;In centre of carriageway - not on refuge, island or central reservation;Crossing from driver's nearside;Not car passenger;Not a bus or coach passenger;No / Not applicable;0;Cyclist;More deprived 20-30%;1;Car;No tow/articulation;Moving off;On main c'way - not in restricted lane;Approaching junction or waiting/parked at junction approach;None;None;Did not leave carriageway;None;Front;1;Not known;Male;38;36 - 45;-1;-1;-1;6;Urban area;6