Accident_Index;Location_Easting_OSGR;Location_Northing_OSGR;Longitude;Latitude;Police_Force;Accident_Severity;Number_of_Vehicles;Number_of_Casualties;Date;Day_of_Week;Time;Local_Authority_(District);Local_Authority_(Highway);1st_Road_Class;1st_Road_Number;Road_Type;Speed_limit;Junction_Detail;Junction_Control;2nd_Road_Class;2nd_Road_Number;Pedestrian_Crossing-Human_Control;Pedestrian_Crossing-Physical_Facilities;Light_Conditions;Weather_Conditions;Road_Surface_Conditions;Special_Conditions_at_Site;Carriageway_Hazards;Urban_or_Rural_Area;Did_Police_Officer_Attend_Scene_of_Accident;LSOA_of_Accident_Location;Vehicle_Reference_x;Casualty_Reference;Casualty_Class;Sex_of_Casualty;Age_of_Casualty;Age_Band_of_Casualty;Casualty_Severity;Pedestrian_Location;Pedestrian_Movement;Car_Passenger;Bus_or_Coach_Passenger;Pedestrian_Road_Maintenance_Worker;Casualty_Type;Casualty_Home_Area_Type;Casualty_IMD_Decile;Vehicle_Reference_y;Vehicle_Type;Towing_and_Articulation;Vehicle_Manoeuvre;Vehicle_Location-Restricted_Lane;Junction_Location;Skidding_and_Overturning;Hit_Object_in_Carriageway;Vehicle_Leaving_Carriageway;Hit_Object_off_Carriageway;1st_Point_of_Impact;Was_Vehicle_Left_Hand_Drive?;Journey_Purpose_of_Driver;Sex_of_Driver;Age_of_Driver;Age_Band_of_Driver;Engine_Capacity_(CC);Propulsion_Code;Age_of_Vehicle;Driver_IMD_Decile;Driver_Home_Area_Type;Vehicle_IMD_Decile
2019010157640;531154;185162;-0.10979;51.550115;Metropolitan Police;Slight;2;1;15/01/2019;Tuesday;15:50;Islington;Islington;Unclassified;0;Single carriageway;20 MPH;Other junction;Give way or uncontrolled;Unclassified;0;None within 50 metres ;No physical crossing facilities within 50 metres;Daylight;Fine no high winds;Dry;None;None;Urban;Yes;E01002795;1;1;Driver or rider;Male;38;7;Slight;Not a Pedestrian;Not a Pedestrian;Not car passenger;Not a bus or coach passenger;No / Not applicable;1;Cyclist;Less deprived 40-50%;1;Pedal cycle;No tow/articulation;Going ahead other;On main c'way - not in restricted lane;Approaching junction or waiting/parked at junction approach;None;None;Did not leave carriageway;None;Nearside;1;Not known;Male;38;36 - 45;-1;-1;-1;6;Urban area;6
2019010157640;531154;185162;-0.10979;51.550115;Metropolitan Police;Slight;2;1;15/01/2019;Tuesday;15:50;Islington;Islington;Unclassified;0;Single carriageway;20 MPH;Other junction;Give way or uncontrolled;Unclassified;0;None within 50 metres ;No physical crossing facilities within 50 metres;Daylight;Fine no high winds;Dry;None;None;Urban;Yes;E01002795;1;1;Driver or rider;Male;38;7;Slight;Not a Pedestrian;Not a Pedestrian;Not car passenger;Not a bus or coach passenger;No / Not applicable;1;Cyclist;Less deprived 40-50%;2;Van / Goods 3.5 tonnes mgw or under;No tow/articulation;Turning right;On main c'way - not in restricted lane;Approaching junction or waiting/parked at junction approach;None;None;Did not leave carriageway;None;Nearside;1;Journey as part of work;Male;61;56 - 65;-1;-1;-1;5;Urban area;5
2019010157649;543033;172255;0.056196;51.431251;Metropolitan Police;Slight;2;1;15/01/2019;Tuesday;14:46;Greenwich;Greenwich;Unclassified;0;Single carriageway;30 MPH;T or staggered junction;Give way or uncontrolled;Unclassified;0;None within 50 metres ;No physical crossing facilities within 50 metres;Daylight;Fine no high winds;Dry;None;None;Urban;Yes;E01001602;1;1;Driver or rider;Male;65;9;Slight;Not a Pedestrian;Not a Pedestrian;Not car passenger;Not a bus or coach passenger;No / Not applicable;9;Cyclist;More deprived 20-30%;1;Car;No tow/articulation;Turning right;On main c'way - not in restricted lane;Entering main road;None;Parked vehicle;Did not leave carriageway;None;Front;1;Not known;Male;65;56 - 65;-1;-1;-1;3;Urban area;3
2019010157649;543033;172255;0.056196;51.431251;Metropolitan Police;Slight;2;1;15/01/2019;Tuesday;14:46;Greenwich;Greenwich;Unclassified;0;Single carriageway;30 MPH;T or staggered junction;Give way or uncontrolled;Unclassified;0;None within 50 metres ;No physical crossing facilities within 50 metres;Daylight;Fine no high winds;Dry;None;None;Urban;Yes;E01001602;1;1;Driver or rider;Male;65;9;Slight;Not a Pedestrian;Not a Pedestrian;Not car passenger;Not a bus or coach passenger;No / Not applicable;9;Cyclist;More deprived 20-30%;2;Car;No tow/articulation;Parked;On main c'way - not in restricted lane;Approaching junction or waiting/parked at junction approach;None;None;Did not leave carriageway;None;Back;1;Not known;Not known;-1;Data missing or out of range;-1;-1;-1;-1;Data missing or out of range;-1
2019010157651;548310;176305;0.133748;51.466287;Metropolitan Police;Slight;2;1;15/01/2019;Tuesday;13:00;Bexley;Bexley;C;0;Single carriageway;30 MPH;Other junction;Give way or uncontrolled;Unclassified;0;None within 50 metres ;No physical crossing facilities within 50 metres;Daylight;Other;Wet or damp;None;None;Urban;Yes;E01000356;1;1;Driver or rider;Female;56;9;Slight;Not a Pedestrian;Not a Pedestrian;Not car passenger;Not a bus or coach passenger;No / Not applicable;9;Cyclist;Less deprived 10-20%;1;Car;No tow/articulation;Waiting to turn right;On main c'way - not in restricted lane;Approaching junction or waiting/parked at junction approach;None;None;Did not leave carriageway;None;Back;1;Not known;Female;56;56 - 65;-1;-1;-1;9;Urban area;9
2019010157651;548310;176305;0.133748;51.466287;Metropolitan Police;Slight;2;1;15/01/2019;Tuesday;13:00;Bexley;Bexley;C;0;Single carriageway;30 MPH;Other junction;Give way or uncontrolled;Unclassified;0;None within 50 metres ;No physical crossing facilities within 50 metres;Daylight;Other;Wet or damp;None;None;Urban;Yes;E01000356;1;1;Driver or rider;Female;56;9;Slight;Not a Pedestrian;Not a Pedestrian;Not car passenger;Not a bus or coach passenger;No / Not applicable;9;Cyclist;Less deprived 10-20%;2;Bus or coach (17 or more pass seats);No tow/articulation;Moving off;On main c'way - not in restricted lane;Approaching junction or waiting/parked at junction approach;None;None;Did not leave carriageway;None;Front;1;Journey as part of work;Male;40;36 - 45;-1;-1;-1;-1;Data missing or out of range;-1
2019010157652;522818;189219;-0.228537;51.588451;Metropolitan Police;Serious;2;1;15/01/2019;Tuesday;15:27;Barnet;Barnet;A;504;Single carriageway;30 MPH;Not at junction or within 20 metres;Data missing or out of range;-1;0;None within 50 metres ;Pedestrian phase at traffic signal junction;Daylight;Fine no high winds;Dry;None;None;Urban;Yes;E01000239;1;1;Pedestrian;Female;19;4;Serious;Crossing on pedestrian crossing facility;Crossing from nearside - masked by parked or stationary vehicle;Not car passenger;Not a bus or coach passenger;No / Not applicable;0;Cyclist;More deprived 30-40%;1;Motorcycle over 500cc;No tow/articulation;Going ahead other;On main c'way - not in restricted lane;Not at or within 20 metres of junction;None;None;Did not leave carriageway;None;Front;1;Not known;Male;21;21 - 25;-1;-1;-1;1;Urban area;1
2019010157652;522818;189219;-0.228537;51.588451;Metropolitan Police;Serious;2;1;15/01/2019;Tuesday;15:27;Barnet;Barnet;A;504;Single carriageway;30 MPH;Not at junction or within 20 metres;Data missing or out of range;-1;0;None within 50 metres ;Pedestrian phase at traffic signal junction;Daylight;Fine no high winds;Dry;None;None;Urban;Yes;E01000239;1;1;Pedestrian;Female;19;4;Serious;Crossing on pedestrian crossing facility;Crossing from nearside - masked by parked or stationary vehicle;Not car passenger;Not a bus or coach passenger;No / Not applicable;0;Cyclist;More deprived 30-40%;2;Taxi/Private hire car;No tow/articulation;Waiting to go - held up;On main c'way - not in restricted lane;Not at or within 20 metres of junction;None;None;Did not leave carriageway;None;Front;1;Journey as part of work;Female;42;36 - 45;-1;-1;-1;1;Urban area;1
2019010157654;518491;173719;-0.296174;51.450068;Metropolitan Police;Serious;2;1;15/01/2019;Tuesday;14:00;Richmond upon Thames;Richmond upon Thames;B;353;Single carriageway;20 MPH;More than 4 arms (not roundabout);Give way or uncontrolled;Unclassified;0;None within 50 metres ;No physical crossing facilities within 50 metres;Daylight;Fine no high winds;Dry;None;None;Urban;Yes;E01003816;1;1;Driver or rider;Male;38;7;Serious;Not a Pedestrian;Not a Pedestrian;Not car passenger;Not a bus or coach passenger;No / Not applicable;1;Cyclist;Less deprived 30-40%;1;Pedal cycle;No tow/articulation;Going ahead other;On main c'way - not in restricted lane;Approaching junction or waiting/parked at junction approach;None;Parked vehicle;Did not leave carriageway;None;Front;1;Not known;Male;38;36 - 45;-1;-1;-1;7;Urban area;7
2019010157654;518491;173719;-0.296174;51.450068;Metropolitan Police;Serious;2;1;15/01/2019;Tuesday;14:00;Richmond upon Thames;Richmond upon Thames;B;353;Single carriageway;20 MPH;More than 4 arms (not roundabout);Give way or uncontrolled;Unclassified;0;None within 50 metres ;No physical crossing facilities within 50 metres;Daylight;Fine no high winds;Dry;None;None;Urban;Yes;E01003816;1;1;Driver or rider;Male;38;7;Serious;Not a Pedestrian;Not a Pedestrian;Not car passenger;Not a bus or coach passenger;No / Not applicable;1;Cyclist;Less deprived 30-40%;2;Car;No tow/articulation;Slowing or stopping;On main c'way - not in restricted lane;Approaching junction or waiting/parked at junction approach;None;None;Did not leave carriageway;None;Did not impact;2;Not known;Female;24;21 - 25;-1;-1;-1;10;Urban area;10
2019010157657;544021;188246;0.076922;51.574691;Metropolitan Police;Slight;3;1;15/01/2019;Tuesday;17:50;Redbridge;Redbridge;A;12;Dual carriageway;40 MPH;T or staggered junction;Give way or uncontrolled;Unclassified;0;None within 50 metres ;No physical crossing facilities within 50 metres;Darkness - lights lit;Fine no high winds;Dry;None;None;Urban;Yes;E01003752;2;1;Driver or rider;Female;33;6;Slight;Not a Pedestrian;Not a Pedestrian;Not car passenger;Not a bus or coach passenger;No / Not applicable;9;Cyclist;Less deprived 40-50%;1;Car;No tow/articulation;Slowing or stopping;On main c'way - not in restricted lane;Cleared junction or waiting/parked at junction exit;None;None;Did not leave carriageway;None;Back;1;Commuting to/from work;Male;34;26 - 35;-1;-1;-1;7;Urban area;7
2019010157657;544021;188246;0.076922;51.574691;Metropolitan Police;Slight;3;1;15/01/2019;Tuesday;17:50;Redbridge;Redbridge;A;12;Dual carriageway;40 MPH;T or staggered junction;Give way or uncontrolled;Unclassified;0;None within 50 metres ;No physical crossing facilities within 50 metres;Darkness - lights lit;Fine no high winds;Dry;None;None;Urban;Yes;E01003752;2;1;Driver or rider;Female;33;6;Slight;Not a Pedestrian;Not a Pedestrian;Not car passenger;Not a bus or coach passenger;No / Not applicable;9;Cyclist;Less deprived 40-50%;2;Car;No tow/articulation;Slowing or stopping;On main c'way - not in restricted lane;Cleared junction or waiting/parked at junction exit;None;None;Offside on to central reservation;Central crash barrier;Back;1;Commuting to/from work;Female;33;26 - 35;-1;-1;-1;6;Urban area;6
2019010157657;544021;188246;0.076922;51.574691;Metropolitan Police;Slight;3;1;15/01/2019;Tuesday;17:50;Redbridge;Redbridge;A;12;Dual carriageway;40 MPH;T or staggered junction;Give way or uncontrolled;Unclassified;0;None within 50 metres ;No physical crossing facilities within 50 metres;Darkness - lights lit;Fine no high winds;Dry;None;None;Urban;Yes;E01003752;2;1;Driver or rider;Female;33;6;Slight;Not a Pedestrian;Not a Pedestrian;Not car passenger;Not a bus or coach passenger;No / Not applicable;9;Cyclist;Less deprived 40-50%;3;Car;No tow/articulation;Going ahead other;On main c'way - not in restricted lane;Cleared junction or waiting/parked at junction exit;None;None;Did not leave carriageway;None;Front;1;Not known;Male;38;36 - 45;-1;-1;-1;4;Urban area;4
2019010157663;535680;172365;-0.049469;51.434046;Metropolitan Police;Slight;1;1;15/01/2019;Tuesday;14:37;Lewisham;Lewisham;Unclassified;0;Single carriageway;20 MPH;Crossroads;Give way or uncontrolled;Unclassified;0;None within 50 metres ;No physical crossing facilities within 50 metres;Daylight;Fine no high winds;Dry;None;None;Urban;Yes;E01003309;1;1;Pedestrian;Female;36;7;Slight;In carriageway, crossing elsewhere;Crossing from driver's offside;Not car passenger;Not a bus or coach passenger;No / Not applicable;0;Cyclist;More deprived 10-20%;1;Car;No tow/articulation;Turning right;On main c'way - not in restricted lane;Approaching junction or waiting/parked at junction approach;None;None;Did not leave carriageway;None;Offside;1;Not known;Male;22;21 - 25;-1;-1;-1;5;Urban area;5
2019010157666;532179;179917;-0.096983;51.502741;Metropolitan Police;Slight;2;1;15/01/2019;Tuesday;15:59;Southwark;Southwark;A;300;Single carriageway;20 MPH;T or staggered junction;Give way or uncontrolled;Unclassified;0;None within 50 metres ;No physical crossing facilities within 50 metres;Daylight;Fine no high winds;Dry;None;None;Urban;Yes;E01003927;2;1;Driver or rider;Male;31;6;Slight;Not a Pedestrian;Not a Pedestrian;Not car passenger;Not a bus or coach passenger;No / Not applicable;1;Cyclist;More deprived 30-40%;1;Van / Goods 3.5 tonnes mgw or under;No tow/articulation;Moving off;On main c'way - not in restricted lane;Approaching junction or waiting/parked at junction approach;None;None;Did not leave carriageway;None;Front;1;Journey as part of work;Male;33;26 - 35;-1;-1;-1;5;Urban area;5
2019010157666;532179;179917;-0.096983;51.502741;Metropolitan Police;Slight;2;1;15/01/2019;Tuesday;15:59;Southwark;Southwark;A;300;Single carriageway;20 MPH;T or staggered junction;Give way or uncontrolled;Unclassified;0;None within 50 metres ;No physical crossing facilities within 50 metres;Daylight;Fine no high winds;Dry;None;None;Urban;Yes;E01003927;2;1;Driver or rider;Male;31;6;Slight;Not a Pedestrian;Not a Pedestrian;Not car passenger;Not a bus or coach passenger;No / Not applicable;1;Cyclist;More deprived 30-40%;2;Pedal cycle;No tow/articulation;Going ahead other;On main c'way - not in restricted lane;Approaching junction or waiting/parked at junction approach;Skidded;None;Did not leave carriageway;None;Nearside;1;Not known;Male;31;26 - 35;-1;-1;-1;4;Urban area;4
2019010157674;529353;178225;-0.138296;51.488189;Metropolitan Police;Slight;2;1;15/01/2019;Tuesday;19:27;Westminster;Westminster;C;0;Single carriageway;30 MPH;Crossroads;Auto traffic signal;Unclassified;0;None within 50 metres ;Pelican, puffin, toucan or similar non-junction pedestrian light crossing;Darkness - lights lit;Fine no high winds;Dry;None;None;Urban;Yes;E01004742;1;1;Driver or rider;Male;37;7;Slight;Not a Pedestrian;Not a Pedestrian;Not car passenger;Not a bus or coach passenger;No / Not applicable;3;Cyclist;Less deprived 40-50%;1;Motorcycle 125cc and under;No tow/articulation;Moving off;On main c'way - not in restricted lane;Mid Junction - on roundabout or on main road;None;None;Did not leave carriageway;None;Offside;1;Not known;Male;37;36 - 45;-1;-1;-1;6;Urban area;6
2019010157674;529353;178225;-0.138296;51.488189;Metropolitan Police;Slight;2;1;15/01/2019;Tuesday;19:27;Westminster;Westminster;C;0;Single carriageway;30 MPH;Crossroads;Auto traffic signal;Unclassified;0;None within 50 metres ;Pelican, puffin, toucan or similar non-junction pedestrian light crossing;Darkness - lights lit;Fine no high winds;Dry;None;None;Urban;Yes;E01004742;1;1;Driver or rider;Male;37;7;Slight;Not a Pedestrian;Not a Pedestrian;Not car passenger;Not a bus or coach passenger;No / Not applicable;3;Cyclist;Less deprived 40-50%;2;Car;No tow/articulation;Going ahead other;On main c'way - not in restricted lane;Mid Junction - on roundabout or on main road;None;None;Did not leave carriageway;None;Front;1;Not known;Not known;-1;Data missing or out of range;-1;-1;-1;-1;Data missing or out of range;-1
2019010157684;526003;189007;-0.182664;51.585843;Metropolitan Police;Slight;2;1;15/01/2019;Tuesday;05:55;Barnet;Barnet;A;1;Single carriageway;30 MPH;Crossroads;Auto traffic signal;A;1;None within 50 metres ;Pedestrian phase at traffic signal junction;Darkness - lighting unknown;Fine no high winds;Dry;None;None;Urban;No - accident was reported using a self completion  form (self rep only);E01000207;1;1;Driver or rider;Male;30;6;Slight;Not a Pedestrian;Not a Pedestrian;Not car passenger;Not a bus or coach passenger;No / Not applicable;9;Cyclist;More deprived 20-30%;1;Car;No tow/articulation;Data missing or out of range;Data missing or out of range;Data missing or out of range;Data missing or out of range;Data missing or out of range;Data missing or out of range;Data missing or out of range;Data missing or out of range;-1;Commuting to/from work;Male;30;26 - 35;-1;-1;-1;3;Urban area;3
2019010157684;526003;189007;-0.182664;51.585843;Metropolitan Police;Slight;2;1;15/01/2019;Tuesday;05:55;Barnet;Barnet;A;1;Single carriageway;30 MPH;Crossroads;Auto traffic signal;A;1;None within 50 metres ;Pedestrian phase at traffic signal junction;Darkness - lighting unknown;Fine no high winds;Dry;None;None;Urban;No - accident was reported using a self completion  form (self rep only);E01000207;1;1;Driver or rider;Male;30;6;Slight;Not a Pedestrian;Not a Pedestrian;Not car passenger;Not a bus or coach passenger;No / Not applicable;9;Cyclist;More deprived 20-30%;2;Car;No tow/articulation;Data missing or out of range;Data missing or out of range;Data missing or out of range;Data missing or out of range;Data missing or out of range;Data missing or out of range;Data missing or out of range;Back;-1;Not known;Not known;-1;Data missing or out of range;-1;-1;-1;-1;Data missing or out of range;-1
2019010157685;547301;175639;0.118956;51.460566;Metropolitan Police;Serious;1;1;15/01/2019;Tuesday;18:30;Bexley;Bexley;A;207;Single carriageway;30 MPH;T or staggered junction;Give way or uncontrolled;Unclassified;0;None within 50 metres ;No physical crossing facilities within 50 metres;Darkness - lights lit;Fine no high winds;Dry;None;None;Urban;Yes;E01000389;1;1;Pedestrian;Female;54;8;Serious;In carriageway, crossing elsewhere;Crossing from driver's nearside;Not car passenger;Not a bus or coach passenger;No / Not applicable;0;Cyclist;More deprived 30-40%;1;Car;No tow/articulation;Turning right;On main c'way - not in restricted lane;Mid Junction - on roundabout or on main road;None;None;Did not leave carriageway;None;Front;1;Commuting to/from work;Male;62;56 - 65;-1;-1;-1;8;Urban area;8
2019010157686;510566;179132;-0.408484;51.500322;Metropolitan Police;Slight;2;1;15/01/2019;Tuesday;08:24;Hillingdon;Hillingdon;A;312;Dual carriageway;40 MPH;Not at junction or within 20 metres;Data missing or out of range;-1;0;Data missing or out of range;Data missing or out of range;Daylight;Fine no high winds;Data missing or out of range;Data missing or out of range;Data missing or out of range;Urban;No - accident was reported using a self completion  form (self rep only);E01002507;1;1;Passenger;Female;18;4;Slight;Not a Pedestrian;Not a Pedestrian;Data missing or out of range;Not a bus or coach passenger;No / Not applicable;9;Cyclist;More deprived 40-50%;1;Car;No tow/articulation;Data missing or out of range;Data missing or out of range;Not at or within 20 metres of junction;Data missing or out of range;Data missing or out of range;Data missing or out of range;Data missing or out of range;Back;-1;Not known;Not known;-1;Data missing or out of range;-1;-1;-1;5;Urban area;5
2019010157686;510566;179132;-0.408484;51.500322;Metropolitan Police;Slight;2;1;15/01/2019;Tuesday;08:24;Hillingdon;Hillingdon;A;312;Dual carriageway;40 MPH;Not at junction or within 20 metres;Data missing or out of range;-1;0;Data missing or out of range;Data missing or out of range;Daylight;Fine no high winds;Data missing or out of range;Data missing or out of range;Data missing or out of range;Urban;No - accident was reported using a self completion  form (self rep only);E01002507;1;1;Passenger;Female;18;4;Slight;Not a Pedestrian;Not a Pedestrian;Data missing or out of range;Not a bus or coach passenger;No / Not applicable;9;Cyclist;More deprived 40-50%;2;Car;No tow/articulation;Data missing or out of range;Data missing or out of range;Not at or within 20 metres of junction;Data missing or out of range;Data missing or out of range;Data missing or out of range;Data missing or out of range;Front;-1;Not known;Not known;-1;Data missing or out of range;-1;-1;-1;-1;Data missing or out of range;-1
2019010157687;537434;176903;-0.02249;51.474404;Metropolitan Police;Slight;2;1;15/01/2019;Tuesday;18:10;Greenwich;Greenwich;A;2;Dual carriageway;30 MPH;Not at junction or within 20 metres;Data missing or out of range;-1;0;None within 50 metres ;No physical crossing facilities within 50 metres;Darkness - lights lit;Fine no high winds;Dry;None;None;Urban;Yes;E01001644;1;1;Driver or rider;Male;45;7;Slight;Not a Pedestrian;Not a Pedestrian;Not car passenger;Not a bus or coach passenger;No / Not applicable;3;Cyclist;More deprived 20-30%;1;Motorcycle 125cc and under;No tow/articulation;Changing lane to right;On main c'way - not in restricted lane;Not at or within 20 metres of junction;None;None;Did not leave carriageway;None;Nearside;1;Not known;Male;45;36 - 45;-1;-1;-1;3;Urban area;3
2019010157687;537434;176903;-0.02249;51.474404;Metropolitan Police;Slight;2;1;15/01/2019;Tuesday;18:10;Greenwich;Greenwich;A;2;Dual carriageway;30 MPH;Not at junction or within 20 metres;Data missing or out of range;-1;0;None within 50 metres ;No physical crossing facilities within 50 metres;Darkness - lights lit;Fine no high winds;Dry;None;None;Urban;Yes;E01001644;1;1;Driver or rider;Male;45;7;Slight;Not a Pedestrian;Not a Pedestrian;Not car passenger;Not a bus or coach passenger;No / Not applicable;3;Cyclist;More deprived 20-30%;2;Car;No tow/articulation;Changing lane to right;On main c'way - not in restricted lane;Not at or within 20 metres of junction;None;None;Did not leave carriageway;None;Offside;1;Not known;Male;32;26 - 35;-1;-1;-1;2;Urban area;2
2019010157688;540745;165066;0.020457;51.367224;Metropolitan Police;Slight;2;3;15/01/2019;Tuesday;17:35;Bromley;Bromley;A;232;Single carriageway;40 MPH;Crossroads;Give way or uncontrolled;Unclassified;0;None within 50 metres ;No physical crossing facilities within 50 metres;Darkness - lights lit;Fine no high winds;Dry;None;None;Rural;Yes;E01000759;1;1;Driver or rider;Female;50;8;Slight;Not a Pedestrian;Not a Pedestrian;Not car passenger;Not a bus or coach passenger;No / Not applicable;9;Cyclist;Less deprived 20-30%;1;Car;No tow/articulation;Turning right;On main c'way - not in restricted lane;Approaching junction or waiting/parked at junction approach;None;None;Did not leave carriageway;None;Front;1;Commuting to/from work;Female;50;46 - 55;-1;-1;-1;8;Urban area;8
2019010157688;540745;165066;0.020457;51.367224;Metropolitan Police;Slight;2;3;15/01/2019;Tuesday;17:35;Bromley;Bromley;A;232;Single carriageway;40 MPH;Crossroads;Give way or uncontrolled;Unclassified;0;None within 50 metres ;No physical crossing facilities within 50 metres;Darkness - lights lit;Fine no high winds;Dry;None;None;Rural;Yes;E01000759;1;1;Driver or rider;Female;50;8;Slight;Not a Pedestrian;Not a Pedestrian;Not car passenger;Not a bus or coach passenger;No / Not applicable;9;Cyclist;Less deprived 20-30%;2;Car;No tow/articulation;Going ahead other;On main c'way - not in restricted lane;Approaching junction or waiting/parked at junction approach;None;None;Did not leave carriageway;None;Front;1;Not known;Female;19;16 - 20;-1;-1;-1;9;Urban area;9
2019010157688;540745;165066;0.020457;51.367224;Metropolitan Police;Slight;2;3;15/01/2019;Tuesday;17:35;Bromley;Bromley;A;232;Single carriageway;40 MPH;Crossroads;Give way or uncontrolled;Unclassified;0;None within 50 metres ;No physical crossing facilities within 50 metres;Darkness - lights lit;Fine no high winds;Dry;None;None;Rural;Yes;E01000759;2;2;Driver or rider;Female;19;4;Slight;Not a Pedestrian;Not a Pedestrian;Not car passenger;Not a bus or coach passenger;No / Not applicable;9;Cyclist;Less deprived 10-20%;1;Car;No tow/articulation;Turning right;On main c'way - not in restricted lane;Approaching junction or waiting/parked at junction approach;None;None;Did not leave carriageway;None;Front;1;Commuting to/from work;Female;50;46 - 55;-1;-1;-1;8;Urban area;8
2019010157688;540745;165066;0.020457;51.367224;Metropolitan Police;Slight;2;3;15/01/2019;Tuesday;17:35;Bromley;Bromley;A;232;Single carriageway;40 MPH;Crossroads;Give way or uncontrolled;Unclassified;0;None within 50 metres ;No physical crossing facilities within 50 metres;Darkness - lights lit;Fine no high winds;Dry;None;None;Rural;Yes;E01000759;2;2;Driver or rider;Female;19;4;Slight;Not a Pedestrian;Not a Pedestrian;Not car passenger;Not a bus or coach passenger;No / Not applicable;9;Cyclist;Less deprived 10-20%;2;Car;No tow/articulation;Going ahead other;On main c'way - not in restricted lane;Approaching junction or waiting/parked at junction approach;None;None;Did not leave carriageway;None;Front;1;Not known;Female;19;16 - 20;-1;-1;-1;9;Urban area;9
2019010157688;540745;165066;0.020457;51.367224;Metropolitan Police;Slight;2;3;15/01/2019;Tuesday;17:35;Bromley;Bromley;A;232;Single carriageway;40 MPH;Crossroads;Give way or uncontrolled;Unclassified;0;None within 50 metres ;No physical crossing facilities within 50 metres;Darkness - lights lit;Fine no high winds;Dry;None;None;Rural;Yes;E01000759;2;3;Passenger;Female;44;7;Slight;Not a Pedestrian;Not a Pedestrian;Front seat passenger;Not a bus or coach passenger;No / Not applicable;9;Cyclist;Less deprived 30-40%;1;Car;No tow/articulation;Turning right;On main c'way - not in restricted lane;Approaching junction or waiting/parked at junction approach;None;None;Did not leave carriageway;None;Front;1;Commuting to/from work;Female;50;46 - 55;-1;-1;-1;8;Urban area;8
2019010157688;540745;165066;0.020457;51.367224;Metropolitan Police;Slight;2;3;15/01/2019;Tuesday;17:35;Bromley;Bromley;A;232;Single carriageway;40 MPH;Crossroads;Give way or uncontrolled;Unclassified;0;None within 50 metres ;No physical crossing facilities within 50 metres;Darkness - lights lit;Fine no high winds;Dry;None;None;Rural;Yes;E01000759;2;3;Passenger;Female;44;7;Slight;Not a Pedestrian;Not a Pedestrian;Front seat passenger;Not a bus or coach passenger;No / Not applicable;9;Cyclist;Less deprived 30-40%;2;Car;No tow/articulation;Going ahead other;On main c'way - not in restricted lane;Approaching junction or waiting/parked at junction approach;None;None;Did not leave carriageway;None;Front;1;Not known;Female;19;16 - 20;-1;-1;-1;9;Urban area;9
2019010157693;517884;175019;-0.304473;51.461878;Metropolitan Police;Slight;2;1;15/01/2019;Tuesday;20:10;Richmond upon Thames;Richmond upon Thames;Unclassified;0;Single carriageway;30 MPH;Crossroads;Give way or uncontrolled;Unclassified;0;None within 50 metres ;No physical crossing facilities within 50 metres;Darkness - lights lit;Fine no high winds;Dry;Road sign or marking defective or obscured;None;Urban;Yes;E01003876;1;1;Driver or rider;Female;55;8;Slight;Not a Pedestrian;Not a Pedestrian;Not car passenger;Not a bus or coach passenger;No / Not applicable;1;Cyclist;Less deprived 30-40%;1;Pedal cycle;No tow/articulation;Overtaking static vehicle - offside;On main c'way - not in restricted lane;Approaching junction or waiting/parked at junction approach;None;Parked vehicle;Did not leave carriageway;None;Front;1;Commuting to/from work;Female;55;46 - 55;-1;-1;-1;7;Urban area;7
2019010157693;517884;175019;-0.304473;51.461878;Metropolitan Police;Slight;2;1;15/01/2019;Tuesday;20:10;Richmond upon Thames;Richmond upon Thames;Unclassified;0;Single carriageway;30 MPH;Crossroads;Give way or uncontrolled;Unclassified;0;None within 50 metres ;No physical crossing facilities within 50 metres;Darkness - lights lit;Fine no high winds;Dry;Road sign or marking defective or obscured;None;Urban;Yes;E01003876;1;1;Driver or rider;Female;55;8;Slight;Not a Pedestrian;Not a Pedestrian;Not car passenger;Not a bus or coach passenger;No / Not applicable;1;Cyclist;Less deprived 30-40%;2;Car;No tow/articulation;Parked;On main c'way - not in restricted lane;Cleared junction or waiting/parked at junction exit;None;None;Did not leave carriageway;None;Offside;1;Not known;Not known;-1;Data missing or out of range;-1;-1;-1;-1;Data missing or out of range;-1
2019010157695;543448;183846;0.066867;51.5353;Metropolitan Police;Slight;2;1;12/01/2019;Saturday;18:15;Newham;Newham;A;124;Single carriageway;60 MPH;Not at junction or within 20 metres;Data missing or out of range;-1;0;Data missing or out of range;Data missing or out of range;Darkness - lights lit;Other;Wet or damp;None;None;Urban;No - accident was reported using a self completion  form (self rep only);E01003622;1;1;Driver or rider;Female;47;8;Slight;Not a Pedestrian;Not a Pedestrian;Not car passenger;Not a bus or coach passenger;No / Not applicable;9;Cyclist;More deprived 20-30%;1;Car;No tow/articulation;Data missing or out of range;Data missing or out of range;Not at or within 20 metres of junction;Data missing or out of range;Data missing or out of range;Data missing or out of range;Data missing or out of range;Back;-1;Not known;Female;47;46 - 55;-1;-1;-1;3;Urban area;3
2019010157695;543448;183846;0.066867;51.5353;Metropolitan Police;Slight;2;1;12/01/2019;Saturday;18:15;Newham;Newham;A;124;Single carriageway;60 MPH;Not at junction or within 20 metres;Data missing or out of range;-1;0;Data missing or out of range;Data missing or out of range;Darkness - lights lit;Other;Wet or damp;None;None;Urban;No - accident was reported using a self completion  form (self rep only);E01003622;1;1;Driver or rider;Female;47;8;Slight;Not a Pedestrian;Not a Pedestrian;Not car passenger;Not a bus or coach passenger;No / Not applicable;9;Cyclist;More deprived 20-30%;2;Car;No tow/articulation;Data missing or out of range;Data missing or out of range;Data missing or out of range;Data missing or out of range;Data missing or out of range;Data missing or out of range;Data missing or out of range;Front;-1;Not known;Male;51;46 - 55;-1;-1;-1;3;Urban area;3