Accident_Index;Location_Easting_OSGR;Location_Northing_OSGR;Longitude;Latitude;Police_Force;Accident_Severity;Number_of_Vehicles;Number_of_Casualties;Date;Day_of_Week;Time;Local_Authority_(District);Local_Authority_(Highway);1st_Road_Class;1st_Road_Number;Road_Type;Speed_limit;Junction_Detail;Junction_Control;2nd_Road_Class;2nd_Road_Number;Pedestrian_Crossing-Human_Control;Pedestrian_Crossing-Physical_Facilities;Light_Conditions;Weather_Conditions;Road_Surface_Conditions;Special_Conditions_at_Site;Carriageway_Hazards;Urban_or_Rural_Area;Did_Police_Officer_Attend_Scene_of_Accident;LSOA_of_Accident_Location;Vehicle_Reference_x;Casualty_Reference;Casualty_Class;Sex_of_Casualty;Age_of_Casualty;Age_Band_of_Casualty;Casualty_Severity;Pedestrian_Location;Pedestrian_Movement;Car_Passenger;Bus_or_Coach_Passenger;Pedestrian_Road_Maintenance_Worker;Casualty_Type;Casualty_Home_Area_Type;Casualty_IMD_Decile;Vehicle_Reference_y;Vehicle_Type;Towing_and_Articulation;Vehicle_Manoeuvre;Vehicle_Location-Restricted_Lane;Junction_Location;Skidding_and_Overturning;Hit_Object_in_Carriageway;Vehicle_Leaving_Carriageway;Hit_Object_off_Carriageway;1st_Point_of_Impact;Was_Vehicle_Left_Hand_Drive?;Journey_Purpose_of_Driver;Sex_of_Driver;Age_of_Driver;Age_Band_of_Driver;Engine_Capacity_(CC);Propulsion_Code;Age_of_Vehicle;Driver_IMD_Decile;Driver_Home_Area_Type;Vehicle_IMD_Decile
2019010157697;543465;186226;0.068081;51.556682;Metropolitan Police;Slight;2;1;15/01/2019;Tuesday;17:30;Redbridge;Redbridge;Unclassified;0;Roundabout;30 MPH;Not at junction or within 20 metres;Data missing or out of range;-1;0;None within 50 metres ;No physical crossing facilities within 50 metres;Darkness - lights lit;Fine no high winds;Dry;None;None;Urban;No - accident was reported using a self completion  form (self rep only);E01003728;1;1;Driver or rider;Female;27;6;Slight;Not a Pedestrian;Not a Pedestrian;Not car passenger;Not a bus or coach passenger;No / Not applicable;9;Cyclist;Less deprived 40-50%;1;Car;No tow/articulation;Data missing or out of range;Data missing or out of range;Not at or within 20 metres of junction;Data missing or out of range;Data missing or out of range;Data missing or out of range;Data missing or out of range;Back;-1;Not known;Female;27;26 - 35;-1;-1;-1;6;Urban area;6
2019010157697;543465;186226;0.068081;51.556682;Metropolitan Police;Slight;2;1;15/01/2019;Tuesday;17:30;Redbridge;Redbridge;Unclassified;0;Roundabout;30 MPH;Not at junction or within 20 metres;Data missing or out of range;-1;0;None within 50 metres ;No physical crossing facilities within 50 metres;Darkness - lights lit;Fine no high winds;Dry;None;None;Urban;No - accident was reported using a self completion  form (self rep only);E01003728;1;1;Driver or rider;Female;27;6;Slight;Not a Pedestrian;Not a Pedestrian;Not car passenger;Not a bus or coach passenger;No / Not applicable;9;Cyclist;Less deprived 40-50%;2;Car;No tow/articulation;Data missing or out of range;Data missing or out of range;Not at or within 20 metres of junction;Data missing or out of range;Data missing or out of range;Data missing or out of range;Data missing or out of range;Front;-1;Not known;Not known;-1;Data missing or out of range;-1;-1;-1;-1;Data missing or out of range;-1
2019010157705;525337;177235;-0.196459;51.480195;Metropolitan Police;Slight;2;1;15/01/2019;Tuesday;20:30;Hammersmith and Fulham;Hammersmith and Fulham;A;304;Single carriageway;20 MPH;Not at junction or within 20 metres;Data missing or out of range;-1;0;None within 50 metres ;Pedestrian phase at traffic signal junction;Darkness - lights lit;Fine no high winds;Dry;None;None;Urban;No - accident was reported using a self completion  form (self rep only);E01001953;1;1;Driver or rider;Male;23;5;Slight;Not a Pedestrian;Not a Pedestrian;Not car passenger;Not a bus or coach passenger;No / Not applicable;1;Cyclist;More deprived 40-50%;1;Pedal cycle;Data missing or out of range;Data missing or out of range;Data missing or out of range;Not at or within 20 metres of junction;Data missing or out of range;Data missing or out of range;Data missing or out of range;Data missing or out of range;Front;1;Not known;Male;23;21 - 25;-1;-1;-1;5;Urban area;5
2019010157705;525337;177235;-0.196459;51.480195;Metropolitan Police;Slight;2;1;15/01/2019;Tuesday;20:30;Hammersmith and Fulham;Hammersmith and Fulham;A;304;Single carriageway;20 MPH;Not at junction or within 20 metres;Data missing or out of range;-1;0;None within 50 metres ;Pedestrian phase at traffic signal junction;Darkness - lights lit;Fine no high winds;Dry;None;None;Urban;No - accident was reported using a self completion  form (self rep only);E01001953;1;1;Driver or rider;Male;23;5;Slight;Not a Pedestrian;Not a Pedestrian;Not car passenger;Not a bus or coach passenger;No / Not applicable;1;Cyclist;More deprived 40-50%;2;Motorcycle 50cc and under;No tow/articulation;Data missing or out of range;Data missing or out of range;Not at or within 20 metres of junction;Data missing or out of range;Data missing or out of range;Data missing or out of range;Data missing or out of range;Data missing or out of range;1;Not known;Not known;-1;Data missing or out of range;-1;-1;-1;-1;Data missing or out of range;-1
2019010157711;538219;188515;-0.006641;51.57856;Metropolitan Police;Slight;1;1;15/01/2019;Tuesday;16:27;Waltham Forest;Waltham Forest;A;104;Single carriageway;30 MPH;Not at junction or within 20 metres;Data missing or out of range;-1;0;None within 50 metres ;Central refuge;Darkness - lights lit;Fine no high winds;Dry;None;None;Urban;Yes;E01004364;1;1;Pedestrian;Female;46;8;Slight;In centre of carriageway - not on refuge, island or central reservation;Crossing from driver's offside;Not car passenger;Not a bus or coach passenger;No / Not applicable;0;Cyclist;Less deprived 10-20%;1;Car;No tow/articulation;Turning right;On main c'way - not in restricted lane;Not at or within 20 metres of junction;None;None;Did not leave carriageway;None;Nearside;1;Commuting to/from work;Male;60;56 - 65;-1;-1;-1;3;Urban area;3
2019010157713;544662;174464;0.080515;51.450688;Metropolitan Police;Slight;2;1;15/01/2019;Tuesday;18:45;Greenwich;Greenwich;A;210;Single carriageway;30 MPH;T or staggered junction;Auto traffic signal;B;2214;None within 50 metres ;Pedestrian phase at traffic signal junction;Darkness - lights lit;Fine no high winds;Dry;None;None;Urban;Yes;E01001614;2;1;Driver or rider;Female;43;7;Slight;Not a Pedestrian;Not a Pedestrian;Not car passenger;Not a bus or coach passenger;No / Not applicable;1;Cyclist;Less deprived 40-50%;1;Car;No tow/articulation;Moving off;On main c'way - not in restricted lane;Approaching junction or waiting/parked at junction approach;None;None;Did not leave carriageway;None;Nearside;1;Journey as part of work;Male;50;46 - 55;-1;-1;-1;2;Urban area;2
2019010157713;544662;174464;0.080515;51.450688;Metropolitan Police;Slight;2;1;15/01/2019;Tuesday;18:45;Greenwich;Greenwich;A;210;Single carriageway;30 MPH;T or staggered junction;Auto traffic signal;B;2214;None within 50 metres ;Pedestrian phase at traffic signal junction;Darkness - lights lit;Fine no high winds;Dry;None;None;Urban;Yes;E01001614;2;1;Driver or rider;Female;43;7;Slight;Not a Pedestrian;Not a Pedestrian;Not car passenger;Not a bus or coach passenger;No / Not applicable;1;Cyclist;Less deprived 40-50%;2;Pedal cycle;No tow/articulation;Going ahead other;On main c'way - not in restricted lane;Cleared junction or waiting/parked at junction exit;None;None;Did not leave carriageway;None;Front;1;Journey as part of work;Female;43;36 - 45;-1;-1;-1;6;Urban area;6
2019010157716;536277;182417;-0.03701;51.524234;Metropolitan Police;Serious;1;2;15/01/2019;Tuesday;22:30;Tower Hamlets;Tower Hamlets;A;11;Single carriageway;30 MPH;T or staggered junction;Give way or uncontrolled;Unclassified;0;None within 50 metres ;No physical crossing facilities within 50 metres;Darkness - lights lit;Fine no high winds;Dry;None;None;Urban;Yes;E01004270;1;1;Driver or rider;Female;22;5;Slight;Not a Pedestrian;Not a Pedestrian;Not car passenger;Not a bus or coach passenger;No / Not applicable;9;Cyclist;More deprived 20-30%;1;Car;No tow/articulation;Going ahead other;On main c'way - not in restricted lane;Cleared junction or waiting/parked at junction exit;None;None;Did not leave carriageway;None;Front;1;Not known;Female;22;21 - 25;-1;-1;-1;3;Urban area;3
2019010157716;536277;182417;-0.03701;51.524234;Metropolitan Police;Serious;1;2;15/01/2019;Tuesday;22:30;Tower Hamlets;Tower Hamlets;A;11;Single carriageway;30 MPH;T or staggered junction;Give way or uncontrolled;Unclassified;0;None within 50 metres ;No physical crossing facilities within 50 metres;Darkness - lights lit;Fine no high winds;Dry;None;None;Urban;Yes;E01004270;1;2;Pedestrian;Male;51;8;Serious;In carriageway, crossing elsewhere;Unknown or other;Not car passenger;Not a bus or coach passenger;No / Not applicable;0;Cyclist;Less deprived 30-40%;1;Car;No tow/articulation;Going ahead other;On main c'way - not in restricted lane;Cleared junction or waiting/parked at junction exit;None;None;Did not leave carriageway;None;Front;1;Not known;Female;22;21 - 25;-1;-1;-1;3;Urban area;3
2019010157718;537418;182481;-0.020548;51.524533;Metropolitan Police;Slight;3;1;15/01/2019;Tuesday;18:30;Tower Hamlets;Tower Hamlets;Unclassified;0;Single carriageway;20 MPH;Not at junction or within 20 metres;Data missing or out of range;-1;0;None within 50 metres ;No physical crossing facilities within 50 metres;Darkness - lights lit;Fine no high winds;Dry;None;None;Urban;Yes;E01004240;1;1;Passenger;Male;46;8;Slight;Not a Pedestrian;Not a Pedestrian;Front seat passenger;Not a bus or coach passenger;No / Not applicable;9;Cyclist;More deprived 10-20%;1;Car;No tow/articulation;Parked;On main c'way - not in restricted lane;Not at or within 20 metres of junction;None;None;Did not leave carriageway;None;Front;1;Not known;Not known;-1;Data missing or out of range;-1;-1;-1;-1;Data missing or out of range;-1
2019010157718;537418;182481;-0.020548;51.524533;Metropolitan Police;Slight;3;1;15/01/2019;Tuesday;18:30;Tower Hamlets;Tower Hamlets;Unclassified;0;Single carriageway;20 MPH;Not at junction or within 20 metres;Data missing or out of range;-1;0;None within 50 metres ;No physical crossing facilities within 50 metres;Darkness - lights lit;Fine no high winds;Dry;None;None;Urban;Yes;E01004240;1;1;Passenger;Male;46;8;Slight;Not a Pedestrian;Not a Pedestrian;Front seat passenger;Not a bus or coach passenger;No / Not applicable;9;Cyclist;More deprived 10-20%;2;Car;No tow/articulation;Waiting to go - held up;On main c'way - not in restricted lane;Not at or within 20 metres of junction;None;None;Did not leave carriageway;None;Front;1;Not known;Male;20;16 - 20;1084;Petrol;2;1;Urban area;1
2019010157718;537418;182481;-0.020548;51.524533;Metropolitan Police;Slight;3;1;15/01/2019;Tuesday;18:30;Tower Hamlets;Tower Hamlets;Unclassified;0;Single carriageway;20 MPH;Not at junction or within 20 metres;Data missing or out of range;-1;0;None within 50 metres ;No physical crossing facilities within 50 metres;Darkness - lights lit;Fine no high winds;Dry;None;None;Urban;Yes;E01004240;1;1;Passenger;Male;46;8;Slight;Not a Pedestrian;Not a Pedestrian;Front seat passenger;Not a bus or coach passenger;No / Not applicable;9;Cyclist;More deprived 10-20%;3;Car;Data missing or out of range;Data missing or out of range;Data missing or out of range;Not at or within 20 metres of junction;Data missing or out of range;Data missing or out of range;Did not leave carriageway;None;Front;-1;Not known;Not known;-1;Data missing or out of range;1685;Heavy oil;6;-1;Data missing or out of range;-1
2019010157720;523549;179906;-0.22126;51.504593;Metropolitan Police;Serious;1;2;15/01/2019;Tuesday;21:43;Hammersmith and Fulham;Hammersmith and Fulham;A;4020;Single carriageway;20 MPH;Not at junction or within 20 metres;Data missing or out of range;-1;0;None within 50 metres ;Pedestrian phase at traffic signal junction;Darkness - lights lit;Fine no high winds;Dry;None;None;Urban;Yes;E01001943;1;1;Driver or rider;Male;50;8;Slight;Not a Pedestrian;Not a Pedestrian;Not car passenger;Not a bus or coach passenger;No / Not applicable;3;Cyclist;More deprived 10-20%;1;Motorcycle 125cc and under;No tow/articulation;Going ahead other;On main c'way - not in restricted lane;Not at or within 20 metres of junction;None;None;Did not leave carriageway;None;Front;1;Journey as part of work;Male;50;46 - 55;-1;-1;-1;2;Urban area;2
2019010157720;523549;179906;-0.22126;51.504593;Metropolitan Police;Serious;1;2;15/01/2019;Tuesday;21:43;Hammersmith and Fulham;Hammersmith and Fulham;A;4020;Single carriageway;20 MPH;Not at junction or within 20 metres;Data missing or out of range;-1;0;None within 50 metres ;Pedestrian phase at traffic signal junction;Darkness - lights lit;Fine no high winds;Dry;None;None;Urban;Yes;E01001943;1;2;Pedestrian;Male;49;8;Serious;In carriageway, crossing elsewhere;Crossing from driver's offside;Not car passenger;Not a bus or coach passenger;No / Not applicable;0;-1;Data missing or out of range;1;Motorcycle 125cc and under;No tow/articulation;Going ahead other;On main c'way - not in restricted lane;Not at or within 20 metres of junction;None;None;Did not leave carriageway;None;Front;1;Journey as part of work;Male;50;46 - 55;-1;-1;-1;2;Urban area;2
2019010157724;524393;189297;-0.205787;51.588807;Metropolitan Police;Slight;4;3;14/01/2019;Monday;21:40;Barnet;Barnet;A;1;Dual carriageway;40 MPH;Crossroads;Auto traffic signal;A;406;None within 50 metres ;Pedestrian phase at traffic signal junction;Darkness - lights lit;Fine no high winds;Dry;None;None;Urban;Yes;E01000201;1;1;Driver or rider;Female;62;9;Slight;Not a Pedestrian;Not a Pedestrian;Not car passenger;Not a bus or coach passenger;No / Not applicable;9;Cyclist;More deprived 40-50%;1;Car;No tow/articulation;Going ahead other;On main c'way - not in restricted lane;Approaching junction or waiting/parked at junction approach;None;None;Did not leave carriageway;None;Front;1;Not known;Female;62;56 - 65;-1;-1;-1;5;Urban area;5
2019010157724;524393;189297;-0.205787;51.588807;Metropolitan Police;Slight;4;3;14/01/2019;Monday;21:40;Barnet;Barnet;A;1;Dual carriageway;40 MPH;Crossroads;Auto traffic signal;A;406;None within 50 metres ;Pedestrian phase at traffic signal junction;Darkness - lights lit;Fine no high winds;Dry;None;None;Urban;Yes;E01000201;1;1;Driver or rider;Female;62;9;Slight;Not a Pedestrian;Not a Pedestrian;Not car passenger;Not a bus or coach passenger;No / Not applicable;9;Cyclist;More deprived 40-50%;2;Car;No tow/articulation;Waiting to go - held up;On main c'way - not in restricted lane;Approaching junction or waiting/parked at junction approach;None;None;Did not leave carriageway;None;Back;1;Not known;Male;29;26 - 35;-1;-1;-1;6;Urban area;6
2019010157724;524393;189297;-0.205787;51.588807;Metropolitan Police;Slight;4;3;14/01/2019;Monday;21:40;Barnet;Barnet;A;1;Dual carriageway;40 MPH;Crossroads;Auto traffic signal;A;406;None within 50 metres ;Pedestrian phase at traffic signal junction;Darkness - lights lit;Fine no high winds;Dry;None;None;Urban;Yes;E01000201;1;1;Driver or rider;Female;62;9;Slight;Not a Pedestrian;Not a Pedestrian;Not car passenger;Not a bus or coach passenger;No / Not applicable;9;Cyclist;More deprived 40-50%;3;Car;No tow/articulation;Waiting to go - held up;On main c'way - not in restricted lane;Approaching junction or waiting/parked at junction approach;None;None;Did not leave carriageway;None;Back;1;Not known;Male;27;26 - 35;-1;-1;-1;7;Urban area;7
2019010157724;524393;189297;-0.205787;51.588807;Metropolitan Police;Slight;4;3;14/01/2019;Monday;21:40;Barnet;Barnet;A;1;Dual carriageway;40 MPH;Crossroads;Auto traffic signal;A;406;None within 50 metres ;Pedestrian phase at traffic signal junction;Darkness - lights lit;Fine no high winds;Dry;None;None;Urban;Yes;E01000201;1;1;Driver or rider;Female;62;9;Slight;Not a Pedestrian;Not a Pedestrian;Not car passenger;Not a bus or coach passenger;No / Not applicable;9;Cyclist;More deprived 40-50%;4;Car;No tow/articulation;Waiting to go - held up;On main c'way - not in restricted lane;Approaching junction or waiting/parked at junction approach;None;None;Did not leave carriageway;None;Front;1;Not known;Male;43;36 - 45;-1;-1;-1;7;Urban area;7
2019010157724;524393;189297;-0.205787;51.588807;Metropolitan Police;Slight;4;3;14/01/2019;Monday;21:40;Barnet;Barnet;A;1;Dual carriageway;40 MPH;Crossroads;Auto traffic signal;A;406;None within 50 metres ;Pedestrian phase at traffic signal junction;Darkness - lights lit;Fine no high winds;Dry;None;None;Urban;Yes;E01000201;2;2;Driver or rider;Male;29;6;Slight;Not a Pedestrian;Not a Pedestrian;Not car passenger;Not a bus or coach passenger;No / Not applicable;9;Cyclist;Less deprived 40-50%;1;Car;No tow/articulation;Going ahead other;On main c'way - not in restricted lane;Approaching junction or waiting/parked at junction approach;None;None;Did not leave carriageway;None;Front;1;Not known;Female;62;56 - 65;-1;-1;-1;5;Urban area;5
2019010157724;524393;189297;-0.205787;51.588807;Metropolitan Police;Slight;4;3;14/01/2019;Monday;21:40;Barnet;Barnet;A;1;Dual carriageway;40 MPH;Crossroads;Auto traffic signal;A;406;None within 50 metres ;Pedestrian phase at traffic signal junction;Darkness - lights lit;Fine no high winds;Dry;None;None;Urban;Yes;E01000201;2;2;Driver or rider;Male;29;6;Slight;Not a Pedestrian;Not a Pedestrian;Not car passenger;Not a bus or coach passenger;No / Not applicable;9;Cyclist;Less deprived 40-50%;2;Car;No tow/articulation;Waiting to go - held up;On main c'way - not in restricted lane;Approaching junction or waiting/parked at junction approach;None;None;Did not leave carriageway;None;Back;1;Not known;Male;29;26 - 35;-1;-1;-1;6;Urban area;6
2019010157724;524393;189297;-0.205787;51.588807;Metropolitan Police;Slight;4;3;14/01/2019;Monday;21:40;Barnet;Barnet;A;1;Dual carriageway;40 MPH;Crossroads;Auto traffic signal;A;406;None within 50 metres ;Pedestrian phase at traffic signal junction;Darkness - lights lit;Fine no high winds;Dry;None;None;Urban;Yes;E01000201;2;2;Driver or rider;Male;29;6;Slight;Not a Pedestrian;Not a Pedestrian;Not car passenger;Not a bus or coach passenger;No / Not applicable;9;Cyclist;Less deprived 40-50%;3;Car;No tow/articulation;Waiting to go - held up;On main c'way - not in restricted lane;Approaching junction or waiting/parked at junction approach;None;None;Did not leave carriageway;None;Back;1;Not known;Male;27;26 - 35;-1;-1;-1;7;Urban area;7
2019010157724;524393;189297;-0.205787;51.588807;Metropolitan Police;Slight;4;3;14/01/2019;Monday;21:40;Barnet;Barnet;A;1;Dual carriageway;40 MPH;Crossroads;Auto traffic signal;A;406;None within 50 metres ;Pedestrian phase at traffic signal junction;Darkness - lights lit;Fine no high winds;Dry;None;None;Urban;Yes;E01000201;2;2;Driver or rider;Male;29;6;Slight;Not a Pedestrian;Not a Pedestrian;Not car passenger;Not a bus or coach passenger;No / Not applicable;9;Cyclist;Less deprived 40-50%;4;Car;No tow/articulation;Waiting to go - held up;On main c'way - not in restricted lane;Approaching junction or waiting/parked at junction approach;None;None;Did not leave carriageway;None;Front;1;Not known;Male;43;36 - 45;-1;-1;-1;7;Urban area;7
2019010157724;524393;189297;-0.205787;51.588807;Metropolitan Police;Slight;4;3;14/01/2019;Monday;21:40;Barnet;Barnet;A;1;Dual carriageway;40 MPH;Crossroads;Auto traffic signal;A;406;None within 50 metres ;Pedestrian phase at traffic signal junction;Darkness - lights lit;Fine no high winds;Dry;None;None;Urban;Yes;E01000201;2;3;Passenger;Female;31;6;Slight;Not a Pedestrian;Not a Pedestrian;Front seat passenger;Not a bus or coach passenger;No / Not applicable;9;Cyclist;Less deprived 40-50%;1;Car;No tow/articulation;Going ahead other;On main c'way - not in restricted lane;Approaching junction or waiting/parked at junction approach;None;None;Did not leave carriageway;None;Front;1;Not known;Female;62;56 - 65;-1;-1;-1;5;Urban area;5
2019010157724;524393;189297;-0.205787;51.588807;Metropolitan Police;Slight;4;3;14/01/2019;Monday;21:40;Barnet;Barnet;A;1;Dual carriageway;40 MPH;Crossroads;Auto traffic signal;A;406;None within 50 metres ;Pedestrian phase at traffic signal junction;Darkness - lights lit;Fine no high winds;Dry;None;None;Urban;Yes;E01000201;2;3;Passenger;Female;31;6;Slight;Not a Pedestrian;Not a Pedestrian;Front seat passenger;Not a bus or coach passenger;No / Not applicable;9;Cyclist;Less deprived 40-50%;2;Car;No tow/articulation;Waiting to go - held up;On main c'way - not in restricted lane;Approaching junction or waiting/parked at junction approach;None;None;Did not leave carriageway;None;Back;1;Not known;Male;29;26 - 35;-1;-1;-1;6;Urban area;6
2019010157724;524393;189297;-0.205787;51.588807;Metropolitan Police;Slight;4;3;14/01/2019;Monday;21:40;Barnet;Barnet;A;1;Dual carriageway;40 MPH;Crossroads;Auto traffic signal;A;406;None within 50 metres ;Pedestrian phase at traffic signal junction;Darkness - lights lit;Fine no high winds;Dry;None;None;Urban;Yes;E01000201;2;3;Passenger;Female;31;6;Slight;Not a Pedestrian;Not a Pedestrian;Front seat passenger;Not a bus or coach passenger;No / Not applicable;9;Cyclist;Less deprived 40-50%;3;Car;No tow/articulation;Waiting to go - held up;On main c'way - not in restricted lane;Approaching junction or waiting/parked at junction approach;None;None;Did not leave carriageway;None;Back;1;Not known;Male;27;26 - 35;-1;-1;-1;7;Urban area;7
2019010157724;524393;189297;-0.205787;51.588807;Metropolitan Police;Slight;4;3;14/01/2019;Monday;21:40;Barnet;Barnet;A;1;Dual carriageway;40 MPH;Crossroads;Auto traffic signal;A;406;None within 50 metres ;Pedestrian phase at traffic signal junction;Darkness - lights lit;Fine no high winds;Dry;None;None;Urban;Yes;E01000201;2;3;Passenger;Female;31;6;Slight;Not a Pedestrian;Not a Pedestrian;Front seat passenger;Not a bus or coach passenger;No / Not applicable;9;Cyclist;Less deprived 40-50%;4;Car;No tow/articulation;Waiting to go - held up;On main c'way - not in restricted lane;Approaching junction or waiting/parked at junction approach;None;None;Did not leave carriageway;None;Front;1;Not known;Male;43;36 - 45;-1;-1;-1;7;Urban area;7
2019010157727;541152;190259;0.036358;51.593504;Metropolitan Police;Slight;1;1;16/01/2019;Wednesday;01:00;Redbridge;Redbridge;A;113;Roundabout;30 MPH;Roundabout;Data missing or out of range;A;406;None within 50 metres ;No physical crossing facilities within 50 metres;Darkness - lighting unknown;Fine no high winds;Dry;None;None;Rural;No - accident was reported using a self completion  form (self rep only);E01003764;1;1;Driver or rider;Male;22;5;Slight;Not a Pedestrian;Not a Pedestrian;Not car passenger;Not a bus or coach passenger;No / Not applicable;9;Cyclist;Most deprived 10%;1;Car;No tow/articulation;Data missing or out of range;Data missing or out of range;Data missing or out of range;Data missing or out of range;Data missing or out of range;Data missing or out of range;Data missing or out of range;Front;-1;Not known;Male;22;21 - 25;-1;-1;-1;1;Urban area;1
2019010157729;536091;182281;-0.039742;51.523057;Metropolitan Police;Slight;2;1;16/01/2019;Wednesday;03:51;Tower Hamlets;Tower Hamlets;A;11;Single carriageway;30 MPH;T or staggered junction;Auto traffic signal;C;0;Control by other authorised person;Pedestrian phase at traffic signal junction;Darkness - lights lit;Fine no high winds;Dry;None;None;Urban;Yes;E01004261;1;1;Driver or rider;Male;24;5;Slight;Not a Pedestrian;Not a Pedestrian;Not car passenger;Not a bus or coach passenger;No / Not applicable;9;Cyclist;Less deprived 30-40%;1;Car;No tow/articulation;Going ahead other;On main c'way - not in restricted lane;Approaching junction or waiting/parked at junction approach;Skidded;Kerb;Offside;Road sign or traffic signal;Front;1;Not known;Male;24;21 - 25;1988;Petrol;18;7;Urban area;7
2019010157729;536091;182281;-0.039742;51.523057;Metropolitan Police;Slight;2;1;16/01/2019;Wednesday;03:51;Tower Hamlets;Tower Hamlets;A;11;Single carriageway;30 MPH;T or staggered junction;Auto traffic signal;C;0;Control by other authorised person;Pedestrian phase at traffic signal junction;Darkness - lights lit;Fine no high winds;Dry;None;None;Urban;Yes;E01004261;1;1;Driver or rider;Male;24;5;Slight;Not a Pedestrian;Not a Pedestrian;Not car passenger;Not a bus or coach passenger;No / Not applicable;9;Cyclist;Less deprived 30-40%;2;Car;No tow/articulation;Waiting to go - held up;On main c'way - not in restricted lane;Approaching junction or waiting/parked at junction approach;None;None;Did not leave carriageway;None;Did not impact;1;Journey as part of work;Male;31;26 - 35;1598;Heavy oil;4;7;Urban area;7
2019010157731;514507;179250;-0.351692;51.500599;Metropolitan Police;Serious;1;1;16/01/2019;Wednesday;04:00;Ealing;Ealing;B;454;Single carriageway;30 MPH;Not at junction or within 20 metres;Data missing or out of range;-1;0;None within 50 metres ;No physical crossing facilities within 50 metres;Darkness - lights lit;Other;Wet or damp;None;Other object on road;Urban;Yes;E01001337;1;1;Driver or rider;Male;62;9;Serious;Not a Pedestrian;Not a Pedestrian;Not car passenger;Not a bus or coach passenger;No / Not applicable;9;Cyclist;More deprived 30-40%;1;Car;No tow/articulation;Going ahead other;On main c'way - not in restricted lane;Not at or within 20 metres of junction;Skidded;Other object;Offside and rebounded;Wall or fence;Offside;1;Not known;Male;62;56 - 65;-1;-1;-1;4;Urban area;4
2019010157732;528956;175218;-0.145106;51.461256;Metropolitan Police;Serious;1;2;15/01/2019;Tuesday;07:08;Lambeth;Lambeth;A;3;Single carriageway;30 MPH;Not at junction or within 20 metres;Data missing or out of range;-1;0;None within 50 metres ;Pelican, puffin, toucan or similar non-junction pedestrian light crossing;Darkness - lights lit;Fine no high winds;Dry;None;None;Urban;Yes;E01003026;1;1;Driver or rider;Male;33;6;Serious;Not a Pedestrian;Not a Pedestrian;Not car passenger;Not a bus or coach passenger;No / Not applicable;1;Cyclist;Least deprived 10%;1;Pedal cycle;No tow/articulation;Going ahead other;On main c'way - not in restricted lane;Not at or within 20 metres of junction;Skidded;None;Did not leave carriageway;None;Front;1;Commuting to/from work;Male;33;26 - 35;-1;-1;-1;10;Urban area;10
2019010157732;528956;175218;-0.145106;51.461256;Metropolitan Police;Serious;1;2;15/01/2019;Tuesday;07:08;Lambeth;Lambeth;A;3;Single carriageway;30 MPH;Not at junction or within 20 metres;Data missing or out of range;-1;0;None within 50 metres ;Pelican, puffin, toucan or similar non-junction pedestrian light crossing;Darkness - lights lit;Fine no high winds;Dry;None;None;Urban;Yes;E01003026;1;2;Pedestrian;Female;13;3;Slight;Crossing on pedestrian crossing facility;Crossing from driver's nearside;Not car passenger;Not a bus or coach passenger;No / Not applicable;0;Cyclist;Less deprived 30-40%;1;Pedal cycle;No tow/articulation;Going ahead other;On main c'way - not in restricted lane;Not at or within 20 metres of junction;Skidded;None;Did not leave carriageway;None;Front;1;Commuting to/from work;Male;33;26 - 35;-1;-1;-1;10;Urban area;10
2019010157733;528837;181664;-0.144468;51.519212;Metropolitan Police;Slight;2;1;15/01/2019;Tuesday;13:35;Westminster;Westminster;A;4201;Dual carriageway;30 MPH;Other junction;Give way or uncontrolled;Unclassified;0;None within 50 metres ;No physical crossing facilities within 50 metres;Daylight;Fine no high winds;Dry;None;None;Urban;Yes;E01004765;1;1;Driver or rider;Male;39;7;Slight;Not a Pedestrian;Not a Pedestrian;Not car passenger;Not a bus or coach passenger;No / Not applicable;5;-1;Data missing or out of range;1;Motorcycle over 500cc;No tow/articulation;Going ahead other;On main c'way - not in restricted lane;Approaching junction or waiting/parked at junction approach;None;None;Did not leave carriageway;None;Front;1;Not known;Male;39;36 - 45;-1;-1;-1;-1;Data missing or out of range;-1
2019010157733;528837;181664;-0.144468;51.519212;Metropolitan Police;Slight;2;1;15/01/2019;Tuesday;13:35;Westminster;Westminster;A;4201;Dual carriageway;30 MPH;Other junction;Give way or uncontrolled;Unclassified;0;None within 50 metres ;No physical crossing facilities within 50 metres;Daylight;Fine no high winds;Dry;None;None;Urban;Yes;E01004765;1;1;Driver or rider;Male;39;7;Slight;Not a Pedestrian;Not a Pedestrian;Not car passenger;Not a bus or coach passenger;No / Not applicable;5;-1;Data missing or out of range;2;Taxi/Private hire car;No tow/articulation;Going ahead other;On main c'way - not in restricted lane;Approaching junction or waiting/parked at junction approach;None;None;Did not leave carriageway;None;Nearside;1;Journey as part of work;Male;51;46 - 55;-1;-1;-1;10;Small town;10
2019010157734;514517;175972;-0.352611;51.471134;Metropolitan Police;Slight;2;1;14/01/2019;Monday;17:40;Hounslow;Hounslow;A;315;One way street;30 MPH;T or staggered junction;Data missing or out of range;Unclassified;0;None within 50 metres ;Zebra;Darkness - lighting unknown;Fine no high winds;Dry;None;None;Urban;No - accident was reported using a self completion  form (self rep only);E01002642;1;1;Driver or rider;Male;36;7;Slight;Not a Pedestrian;Not a Pedestrian;Not car passenger;Not a bus or coach passenger;No / Not applicable;1;Cyclist;Less deprived 30-40%;1;Pedal cycle;Data missing or out of range;Data missing or out of range;Data missing or out of range;Data missing or out of range;Data missing or out of range;Data missing or out of range;Data missing or out of range;Data missing or out of range;Front;1;Commuting to/from work;Male;36;36 - 45;-1;-1;-1;7;Urban area;7