Accident_Index;Location_Easting_OSGR;Location_Northing_OSGR;Longitude;Latitude;Police_Force;Accident_Severity;Number_of_Vehicles;Number_of_Casualties;Date;Day_of_Week;Time;Local_Authority_(District);Local_Authority_(Highway);1st_Road_Class;1st_Road_Number;Road_Type;Speed_limit;Junction_Detail;Junction_Control;2nd_Road_Class;2nd_Road_Number;Pedestrian_Crossing-Human_Control;Pedestrian_Crossing-Physical_Facilities;Light_Conditions;Weather_Conditions;Road_Surface_Conditions;Special_Conditions_at_Site;Carriageway_Hazards;Urban_or_Rural_Area;Did_Police_Officer_Attend_Scene_of_Accident;LSOA_of_Accident_Location;Vehicle_Reference_x;Casualty_Reference;Casualty_Class;Sex_of_Casualty;Age_of_Casualty;Age_Band_of_Casualty;Casualty_Severity;Pedestrian_Location;Pedestrian_Movement;Car_Passenger;Bus_or_Coach_Passenger;Pedestrian_Road_Maintenance_Worker;Casualty_Type;Casualty_Home_Area_Type;Casualty_IMD_Decile;Vehicle_Reference_y;Vehicle_Type;Towing_and_Articulation;Vehicle_Manoeuvre;Vehicle_Location-Restricted_Lane;Junction_Location;Skidding_and_Overturning;Hit_Object_in_Carriageway;Vehicle_Leaving_Carriageway;Hit_Object_off_Carriageway;1st_Point_of_Impact;Was_Vehicle_Left_Hand_Drive?;Journey_Purpose_of_Driver;Sex_of_Driver;Age_of_Driver;Age_Band_of_Driver;Engine_Capacity_(CC);Propulsion_Code;Age_of_Vehicle;Driver_IMD_Decile;Driver_Home_Area_Type;Vehicle_IMD_Decile
2019010157795;549978;185701;0.161736;51.550272;Metropolitan Police;Slight;1;1;15/01/2019;Tuesday;16:10;Barking and Dagenham;Barking and Dagenham;A;1112;Single carriageway;30 MPH;T or staggered junction;Stop sign;Unclassified;0;None within 50 metres ;No physical crossing facilities within 50 metres;Daylight;Fine no high winds;Dry;None;None;Urban;Yes;E01000035;1;1;Passenger;Male;11;3;Slight;Not a Pedestrian;Not a Pedestrian;Not car passenger;Alighting;No / Not applicable;11;Cyclist;More deprived 20-30%;1;Bus or coach (17 or more pass seats);No tow/articulation;Slowing or stopping;On main c'way - not in restricted lane;Cleared junction or waiting/parked at junction exit;None;None;Did not leave carriageway;None;Did not impact;1;Journey as part of work;Male;26;26 - 35;-1;-1;-1;4;Urban area;4
2019010157798;530617;188925;-0.116134;51.584056;Metropolitan Police;Slight;2;2;09/01/2019;Wednesday;15:20;Haringey;Haringey;A;103;Unknown;30 MPH;Private drive or entrance;Data missing or out of range;Unclassified;0;Data missing or out of range;Data missing or out of range;Daylight;Unknown;Data missing or out of range;Data missing or out of range;Data missing or out of range;Urban;No - accident was reported using a self completion  form (self rep only);E01002016;1;1;Driver or rider;Male;19;4;Slight;Not a Pedestrian;Not a Pedestrian;Not car passenger;Not a bus or coach passenger;No / Not applicable;9;Cyclist;More deprived 10-20%;1;Car;Data missing or out of range;Data missing or out of range;Data missing or out of range;Data missing or out of range;Data missing or out of range;Data missing or out of range;Data missing or out of range;Data missing or out of range;Data missing or out of range;-1;Not known;Male;19;16 - 20;-1;-1;-1;2;Urban area;2
2019010157798;530617;188925;-0.116134;51.584056;Metropolitan Police;Slight;2;2;09/01/2019;Wednesday;15:20;Haringey;Haringey;A;103;Unknown;30 MPH;Private drive or entrance;Data missing or out of range;Unclassified;0;Data missing or out of range;Data missing or out of range;Daylight;Unknown;Data missing or out of range;Data missing or out of range;Data missing or out of range;Urban;No - accident was reported using a self completion  form (self rep only);E01002016;1;1;Driver or rider;Male;19;4;Slight;Not a Pedestrian;Not a Pedestrian;Not car passenger;Not a bus or coach passenger;No / Not applicable;9;Cyclist;More deprived 10-20%;2;Car;Data missing or out of range;Data missing or out of range;Data missing or out of range;Data missing or out of range;Data missing or out of range;Data missing or out of range;Data missing or out of range;Data missing or out of range;Data missing or out of range;-1;Not known;Male;-1;Data missing or out of range;-1;-1;-1;-1;Data missing or out of range;-1
2019010157798;530617;188925;-0.116134;51.584056;Metropolitan Police;Slight;2;2;09/01/2019;Wednesday;15:20;Haringey;Haringey;A;103;Unknown;30 MPH;Private drive or entrance;Data missing or out of range;Unclassified;0;Data missing or out of range;Data missing or out of range;Daylight;Unknown;Data missing or out of range;Data missing or out of range;Data missing or out of range;Urban;No - accident was reported using a self completion  form (self rep only);E01002016;1;2;Passenger;Female;18;4;Slight;Not a Pedestrian;Not a Pedestrian;Data missing or out of range;Not a bus or coach passenger;No / Not applicable;9;-1;Data missing or out of range;1;Car;Data missing or out of range;Data missing or out of range;Data missing or out of range;Data missing or out of range;Data missing or out of range;Data missing or out of range;Data missing or out of range;Data missing or out of range;Data missing or out of range;-1;Not known;Male;19;16 - 20;-1;-1;-1;2;Urban area;2
2019010157798;530617;188925;-0.116134;51.584056;Metropolitan Police;Slight;2;2;09/01/2019;Wednesday;15:20;Haringey;Haringey;A;103;Unknown;30 MPH;Private drive or entrance;Data missing or out of range;Unclassified;0;Data missing or out of range;Data missing or out of range;Daylight;Unknown;Data missing or out of range;Data missing or out of range;Data missing or out of range;Urban;No - accident was reported using a self completion  form (self rep only);E01002016;1;2;Passenger;Female;18;4;Slight;Not a Pedestrian;Not a Pedestrian;Data missing or out of range;Not a bus or coach passenger;No / Not applicable;9;-1;Data missing or out of range;2;Car;Data missing or out of range;Data missing or out of range;Data missing or out of range;Data missing or out of range;Data missing or out of range;Data missing or out of range;Data missing or out of range;Data missing or out of range;Data missing or out of range;-1;Not known;Male;-1;Data missing or out of range;-1;-1;-1;-1;Data missing or out of range;-1
2019010157802;534823;184823;-0.057035;51.546204;Metropolitan Police;Slight;1;1;16/01/2019;Wednesday;11:18;Hackney;Hackney;Unclassified;0;Single carriageway;20 MPH;Private drive or entrance;Give way or uncontrolled;Unclassified;0;None within 50 metres ;No physical crossing facilities within 50 metres;Daylight;Fine no high winds;Dry;None;Vehicle load on road;Urban;Yes;E01001762;1;1;Pedestrian;Male;64;9;Slight;In carriageway, crossing elsewhere;Unknown or other;Not car passenger;Not a bus or coach passenger;No / Not applicable;0;Cyclist;More deprived 10-20%;1;Van / Goods 3.5 tonnes mgw or under;No tow/articulation;Reversing;On main c'way - not in restricted lane;Cleared junction or waiting/parked at junction exit;None;None;Did not leave carriageway;None;Back;1;Journey as part of work;Male;40;36 - 45;-1;-1;-1;4;Urban area;4
2019010157803;525528;184849;-0.191;51.548581;Metropolitan Police;Slight;2;1;16/01/2019;Wednesday;13:15;Camden;Camden;B;510;Single carriageway;20 MPH;Private drive or entrance;Give way or uncontrolled;Unclassified;0;None within 50 metres ;No physical crossing facilities within 50 metres;Daylight;Raining no high winds;Wet or damp;None;None;Urban;Yes;E01000972;2;1;Driver or rider;Male;38;7;Slight;Not a Pedestrian;Not a Pedestrian;Not car passenger;Not a bus or coach passenger;No / Not applicable;3;Cyclist;More deprived 30-40%;1;Car;No tow/articulation;Waiting to turn right;On main c'way - not in restricted lane;Approaching junction or waiting/parked at junction approach;None;None;Did not leave carriageway;None;Front;1;Commuting to/from work;Male;49;46 - 55;-1;-1;-1;6;Urban area;6
2019010157803;525528;184849;-0.191;51.548581;Metropolitan Police;Slight;2;1;16/01/2019;Wednesday;13:15;Camden;Camden;B;510;Single carriageway;20 MPH;Private drive or entrance;Give way or uncontrolled;Unclassified;0;None within 50 metres ;No physical crossing facilities within 50 metres;Daylight;Raining no high winds;Wet or damp;None;None;Urban;Yes;E01000972;2;1;Driver or rider;Male;38;7;Slight;Not a Pedestrian;Not a Pedestrian;Not car passenger;Not a bus or coach passenger;No / Not applicable;3;Cyclist;More deprived 30-40%;2;Motorcycle 125cc and under;No tow/articulation;Overtaking static vehicle - offside;On main c'way - not in restricted lane;Approaching junction or waiting/parked at junction approach;None;None;Did not leave carriageway;None;Front;1;Journey as part of work;Male;38;36 - 45;-1;-1;-1;4;Urban area;4
2019010157804;551202;189014;0.180799;51.579714;Metropolitan Police;Slight;2;1;09/01/2019;Wednesday;16:30;Havering;Havering;Unclassified;0;Unknown;30 MPH;Data missing or out of range;Data missing or out of range;Unclassified;0;None within 50 metres ;No physical crossing facilities within 50 metres;Darkness - lighting unknown;Fine no high winds;Dry;None;None;Urban;No - accident was reported using a self completion  form (self rep only);E01002353;1;1;Driver or rider;Male;33;6;Slight;Not a Pedestrian;Not a Pedestrian;Not car passenger;Not a bus or coach passenger;No / Not applicable;9;Cyclist;Less deprived 20-30%;1;Car;No tow/articulation;Data missing or out of range;Data missing or out of range;Data missing or out of range;Data missing or out of range;Data missing or out of range;Data missing or out of range;Data missing or out of range;Front;1;Not known;Male;33;26 - 35;-1;-1;-1;8;Urban area;8
2019010157804;551202;189014;0.180799;51.579714;Metropolitan Police;Slight;2;1;09/01/2019;Wednesday;16:30;Havering;Havering;Unclassified;0;Unknown;30 MPH;Data missing or out of range;Data missing or out of range;Unclassified;0;None within 50 metres ;No physical crossing facilities within 50 metres;Darkness - lighting unknown;Fine no high winds;Dry;None;None;Urban;No - accident was reported using a self completion  form (self rep only);E01002353;1;1;Driver or rider;Male;33;6;Slight;Not a Pedestrian;Not a Pedestrian;Not car passenger;Not a bus or coach passenger;No / Not applicable;9;Cyclist;Less deprived 20-30%;2;Car;Data missing or out of range;Data missing or out of range;Data missing or out of range;Data missing or out of range;Data missing or out of range;Data missing or out of range;Data missing or out of range;Data missing or out of range;Back;1;Not known;Not known;-1;Data missing or out of range;-1;-1;-1;-1;Data missing or out of range;-1
2019010157805;512772;175285;-0.377943;51.46531;Metropolitan Police;Slight;2;1;16/01/2019;Wednesday;12:12;Hounslow;Hounslow;A;315;Single carriageway;30 MPH;T or staggered junction;Auto traffic signal;A;3063;None within 50 metres ;Pedestrian phase at traffic signal junction;Daylight;Raining no high winds;Wet or damp;None;None;Urban;No - accident was reported using a self completion  form (self rep only);E01002646;1;1;Driver or rider;Male;56;9;Slight;Not a Pedestrian;Not a Pedestrian;Not car passenger;Not a bus or coach passenger;No / Not applicable;8;Cyclist;More deprived 40-50%;1;Taxi/Private hire car;No tow/articulation;Data missing or out of range;Data missing or out of range;Data missing or out of range;Data missing or out of range;Data missing or out of range;Data missing or out of range;Data missing or out of range;Front;-1;Not known;Male;56;56 - 65;-1;-1;-1;5;Urban area;5
2019010157805;512772;175285;-0.377943;51.46531;Metropolitan Police;Slight;2;1;16/01/2019;Wednesday;12:12;Hounslow;Hounslow;A;315;Single carriageway;30 MPH;T or staggered junction;Auto traffic signal;A;3063;None within 50 metres ;Pedestrian phase at traffic signal junction;Daylight;Raining no high winds;Wet or damp;None;None;Urban;No - accident was reported using a self completion  form (self rep only);E01002646;1;1;Driver or rider;Male;56;9;Slight;Not a Pedestrian;Not a Pedestrian;Not car passenger;Not a bus or coach passenger;No / Not applicable;8;Cyclist;More deprived 40-50%;2;Car;No tow/articulation;Data missing or out of range;Data missing or out of range;Data missing or out of range;Data missing or out of range;Data missing or out of range;Data missing or out of range;Data missing or out of range;Data missing or out of range;-1;Not known;Female;40;36 - 45;-1;-1;-1;6;Urban area;6
2019010157806;536949;187556;-0.025331;51.570252;Metropolitan Police;Slight;1;1;16/01/2019;Wednesday;13:00;Waltham Forest;Waltham Forest;A;104;Single carriageway;30 MPH;T or staggered junction;Give way or uncontrolled;A;1006;None within 50 metres ;No physical crossing facilities within 50 metres;Daylight;Unknown;Dry;None;None;Urban;Yes;E01004424;1;1;Passenger;Female;Data missing or out of range;-1;Slight;Not a Pedestrian;Not a Pedestrian;Not car passenger;Boarding;No / Not applicable;11;Cyclist;More deprived 10-20%;1;Bus or coach (17 or more pass seats);No tow/articulation;Moving off;On main c'way - not in restricted lane;Approaching junction or waiting/parked at junction approach;None;None;Did not leave carriageway;None;Did not impact;1;Journey as part of work;Male;55;46 - 55;-1;-1;-1;3;Urban area;3
2019010157807;525063;186453;-0.197133;51.563099;Metropolitan Police;Serious;1;1;16/01/2019;Wednesday;10:00;Barnet;Barnet;A;598;Single carriageway;30 MPH;Crossroads;Auto traffic signal;A;598;None within 50 metres ;Zebra;Daylight;Raining no high winds;Wet or damp;None;None;Urban;Yes;E01000140;1;1;Pedestrian;Female;35;6;Serious;Crossing elsewhere within 50m. of pedestrian crossing;Crossing from driver's nearside;Not car passenger;Not a bus or coach passenger;No / Not applicable;0;Cyclist;Less deprived 20-30%;1;Car;No tow/articulation;Turning right;Footway (pavement);Cleared junction or waiting/parked at junction exit;None;None;Did not leave carriageway;None;Nearside;1;Journey as part of work;Male;44;36 - 45;-1;-1;-1;5;Urban area;5
2019010157812;525200;177228;-0.198433;51.480162;Metropolitan Police;Slight;2;1;15/01/2019;Tuesday;20:45;Hammersmith and Fulham;Hammersmith and Fulham;A;304;Single carriageway;30 MPH;Roundabout;Give way or uncontrolled;B;317;None within 50 metres ;No physical crossing facilities within 50 metres;Darkness - lights lit;Fine no high winds;Dry;None;None;Urban;Yes;E01001953;1;1;Driver or rider;Male;32;6;Slight;Not a Pedestrian;Not a Pedestrian;Not car passenger;Not a bus or coach passenger;No / Not applicable;8;Cyclist;More deprived 40-50%;1;Taxi/Private hire car;No tow/articulation;Slowing or stopping;On main c'way - not in restricted lane;Cleared junction or waiting/parked at junction exit;None;None;Did not leave carriageway;None;Back;1;Journey as part of work;Male;32;26 - 35;-1;-1;-1;5;Urban area;5
2019010157812;525200;177228;-0.198433;51.480162;Metropolitan Police;Slight;2;1;15/01/2019;Tuesday;20:45;Hammersmith and Fulham;Hammersmith and Fulham;A;304;Single carriageway;30 MPH;Roundabout;Give way or uncontrolled;B;317;None within 50 metres ;No physical crossing facilities within 50 metres;Darkness - lights lit;Fine no high winds;Dry;None;None;Urban;Yes;E01001953;1;1;Driver or rider;Male;32;6;Slight;Not a Pedestrian;Not a Pedestrian;Not car passenger;Not a bus or coach passenger;No / Not applicable;8;Cyclist;More deprived 40-50%;2;Car;No tow/articulation;Waiting to go - held up;On main c'way - not in restricted lane;Cleared junction or waiting/parked at junction exit;None;None;Did not leave carriageway;None;Front;1;Not known;Not known;-1;Data missing or out of range;-1;-1;-1;-1;Data missing or out of range;-1
2019010157813;549628;174756;0.152053;51.452022;Metropolitan Police;Slight;2;1;03/01/2019;Thursday;22:15;Bexley;Bexley;A;220;Single carriageway;30 MPH;Not at junction or within 20 metres;Data missing or out of range;-1;0;None within 50 metres ;Central refuge;Darkness - lights lit;Fine no high winds;Dry;None;None;Urban;No - accident was reported using a self completion  form (self rep only);E01000364;1;1;Driver or rider;Male;Data missing or out of range;-1;Slight;Not a Pedestrian;Not a Pedestrian;Not car passenger;Not a bus or coach passenger;No / Not applicable;9;Cyclist;Less deprived 30-40%;1;Car;No tow/articulation;Going ahead other;On main c'way - not in restricted lane;Not at or within 20 metres of junction;None;None;Did not leave carriageway;None;Back;-1;Commuting to/from work;Male;-1;Data missing or out of range;-1;-1;-1;7;Urban area;7
2019010157813;549628;174756;0.152053;51.452022;Metropolitan Police;Slight;2;1;03/01/2019;Thursday;22:15;Bexley;Bexley;A;220;Single carriageway;30 MPH;Not at junction or within 20 metres;Data missing or out of range;-1;0;None within 50 metres ;Central refuge;Darkness - lights lit;Fine no high winds;Dry;None;None;Urban;No - accident was reported using a self completion  form (self rep only);E01000364;1;1;Driver or rider;Male;Data missing or out of range;-1;Slight;Not a Pedestrian;Not a Pedestrian;Not car passenger;Not a bus or coach passenger;No / Not applicable;9;Cyclist;Less deprived 30-40%;2;Car;No tow/articulation;Overtaking moving vehicle - offside;On main c'way - not in restricted lane;Not at or within 20 metres of junction;None;None;Did not leave carriageway;None;Front;-1;Not known;Not known;-1;Data missing or out of range;-1;-1;-1;-1;Data missing or out of range;-1
2019010157817;538830;184262;0.000493;51.540193;Metropolitan Police;Slight;2;1;16/01/2019;Wednesday;15:00;Newham;Newham;A;11;Single carriageway;20 MPH;Other junction;Auto traffic signal;A;11;None within 50 metres ;Pedestrian phase at traffic signal junction;Daylight;Fine no high winds;Dry;None;None;Urban;Yes;E01003619;1;1;Passenger;Female;22;5;Slight;Not a Pedestrian;Not a Pedestrian;Front seat passenger;Not a bus or coach passenger;No / Not applicable;9;Cyclist;More deprived 20-30%;1;Car;No tow/articulation;Moving off;On main c'way - not in restricted lane;Approaching junction or waiting/parked at junction approach;None;None;Did not leave carriageway;None;Back;1;Not known;Male;31;26 - 35;-1;-1;-1;2;Urban area;2
2019010157817;538830;184262;0.000493;51.540193;Metropolitan Police;Slight;2;1;16/01/2019;Wednesday;15:00;Newham;Newham;A;11;Single carriageway;20 MPH;Other junction;Auto traffic signal;A;11;None within 50 metres ;Pedestrian phase at traffic signal junction;Daylight;Fine no high winds;Dry;None;None;Urban;Yes;E01003619;1;1;Passenger;Female;22;5;Slight;Not a Pedestrian;Not a Pedestrian;Front seat passenger;Not a bus or coach passenger;No / Not applicable;9;Cyclist;More deprived 20-30%;2;Car;No tow/articulation;Going ahead other;On main c'way - not in restricted lane;Approaching junction or waiting/parked at junction approach;None;None;Did not leave carriageway;None;Front;1;Not known;Not known;-1;Data missing or out of range;-1;-1;-1;-1;Data missing or out of range;-1
2019010157821;526183;169831;-0.186919;51.413465;Metropolitan Police;Slight;2;1;16/01/2019;Wednesday;13:52;Merton;Merton;Unclassified;0;Single carriageway;30 MPH;T or staggered junction;Give way or uncontrolled;A;24;None within 50 metres ;No physical crossing facilities within 50 metres;Daylight;Raining no high winds;Wet or damp;None;None;Urban;Yes;E01003357;2;1;Driver or rider;Male;36;7;Slight;Not a Pedestrian;Not a Pedestrian;Not car passenger;Not a bus or coach passenger;No / Not applicable;3;Cyclist;Less deprived 20-30%;1;Car;No tow/articulation;Waiting to turn right;On main c'way - not in restricted lane;Approaching junction or waiting/parked at junction approach;None;None;Did not leave carriageway;None;Did not impact;1;Journey as part of work;Male;34;26 - 35;1598;Heavy oil;5;2;Urban area;2
2019010157821;526183;169831;-0.186919;51.413465;Metropolitan Police;Slight;2;1;16/01/2019;Wednesday;13:52;Merton;Merton;Unclassified;0;Single carriageway;30 MPH;T or staggered junction;Give way or uncontrolled;A;24;None within 50 metres ;No physical crossing facilities within 50 metres;Daylight;Raining no high winds;Wet or damp;None;None;Urban;Yes;E01003357;2;1;Driver or rider;Male;36;7;Slight;Not a Pedestrian;Not a Pedestrian;Not car passenger;Not a bus or coach passenger;No / Not applicable;3;Cyclist;Less deprived 20-30%;2;Motorcycle 125cc and under;No tow/articulation;Going ahead other;On main c'way - not in restricted lane;Mid Junction - on roundabout or on main road;Skidded;None;Did not leave carriageway;None;Did not impact;1;Journey as part of work;Male;36;36 - 45;125;Petrol;4;8;Urban area;8
2019010157823;515254;184960;-0.339068;51.551767;Metropolitan Police;Slight;2;1;16/01/2019;Wednesday;06:15;Ealing;Ealing;A;4127;Single carriageway;30 MPH;Not at junction or within 20 metres;Data missing or out of range;-1;0;Data missing or out of range;Pedestrian phase at traffic signal junction;Darkness - lighting unknown;Raining no high winds;Wet or damp;None;None;Urban;No - accident was reported using a self completion  form (self rep only);E01001307;1;1;Driver or rider;Female;40;7;Slight;Not a Pedestrian;Not a Pedestrian;Not car passenger;Not a bus or coach passenger;No / Not applicable;9;Cyclist;Less deprived 40-50%;1;Car;Single trailer;Data missing or out of range;Data missing or out of range;Not at or within 20 metres of junction;Data missing or out of range;Data missing or out of range;Data missing or out of range;Data missing or out of range;Front;-1;Commuting to/from work;Female;40;36 - 45;-1;-1;-1;6;Urban area;6
2019010157823;515254;184960;-0.339068;51.551767;Metropolitan Police;Slight;2;1;16/01/2019;Wednesday;06:15;Ealing;Ealing;A;4127;Single carriageway;30 MPH;Not at junction or within 20 metres;Data missing or out of range;-1;0;Data missing or out of range;Pedestrian phase at traffic signal junction;Darkness - lighting unknown;Raining no high winds;Wet or damp;None;None;Urban;No - accident was reported using a self completion  form (self rep only);E01001307;1;1;Driver or rider;Female;40;7;Slight;Not a Pedestrian;Not a Pedestrian;Not car passenger;Not a bus or coach passenger;No / Not applicable;9;Cyclist;Less deprived 40-50%;2;Car;Single trailer;Data missing or out of range;Data missing or out of range;Not at or within 20 metres of junction;Data missing or out of range;Data missing or out of range;Data missing or out of range;Data missing or out of range;Front;-1;Not known;Not known;-1;Data missing or out of range;-1;-1;-1;-1;Data missing or out of range;-1
2019010157826;509295;172538;-0.428824;51.441301;Metropolitan Police;Slight;2;1;16/01/2019;Wednesday;15:30;Hounslow;Hounslow;C;0;Single carriageway;30 MPH;Not at junction or within 20 metres;Data missing or out of range;-1;0;None within 50 metres ;No physical crossing facilities within 50 metres;Daylight;Raining no high winds;Wet or damp;None;None;Rural;Yes;E01002596;1;1;Passenger;Female;24;5;Slight;Not a Pedestrian;Not a Pedestrian;Front seat passenger;Not a bus or coach passenger;No / Not applicable;9;Cyclist;Less deprived 40-50%;1;Car;No tow/articulation;Waiting to go - held up;On main c'way - not in restricted lane;Not at or within 20 metres of junction;None;None;Did not leave carriageway;None;Back;1;Taking pupil to/from school;Male;24;21 - 25;-1;-1;-1;6;Urban area;6
2019010157826;509295;172538;-0.428824;51.441301;Metropolitan Police;Slight;2;1;16/01/2019;Wednesday;15:30;Hounslow;Hounslow;C;0;Single carriageway;30 MPH;Not at junction or within 20 metres;Data missing or out of range;-1;0;None within 50 metres ;No physical crossing facilities within 50 metres;Daylight;Raining no high winds;Wet or damp;None;None;Rural;Yes;E01002596;1;1;Passenger;Female;24;5;Slight;Not a Pedestrian;Not a Pedestrian;Front seat passenger;Not a bus or coach passenger;No / Not applicable;9;Cyclist;Less deprived 40-50%;2;Car;No tow/articulation;Slowing or stopping;On main c'way - not in restricted lane;Not at or within 20 metres of junction;Skidded;None;Did not leave carriageway;None;Front;1;Taking pupil to/from school;Female;28;26 - 35;-1;-1;-1;2;Urban area;2
2019010157828;530928;182190;-0.114153;51.523459;Metropolitan Police;Slight;2;1;16/01/2019;Wednesday;10:19;Camden;Camden;Unclassified;0;Single carriageway;30 MPH;Not at junction or within 20 metres;Data missing or out of range;-1;0;None within 50 metres ;Zebra;Daylight;Fine no high winds;Dry;Roadworks;None;Urban;No - accident was reported using a self completion  form (self rep only);E01000920;1;1;Driver or rider;Male;50;8;Slight;Not a Pedestrian;Not a Pedestrian;Not car passenger;Not a bus or coach passenger;No / Not applicable;1;Motorcycle 50cc and under rider or passenger;Less deprived 40-50%;1;Pedal cycle;Data missing or out of range;Data missing or out of range;Data missing or out of range;Not at or within 20 metres of junction;Data missing or out of range;Data missing or out of range;Data missing or out of range;Data missing or out of range;Data missing or out of range;1;Commuting to/from work;Male;50;46 - 55;-1;-1;-1;6;Small town;6
2019010157828;530928;182190;-0.114153;51.523459;Metropolitan Police;Slight;2;1;16/01/2019;Wednesday;10:19;Camden;Camden;Unclassified;0;Single carriageway;30 MPH;Not at junction or within 20 metres;Data missing or out of range;-1;0;None within 50 metres ;Zebra;Daylight;Fine no high winds;Dry;Roadworks;None;Urban;No - accident was reported using a self completion  form (self rep only);E01000920;1;1;Driver or rider;Male;50;8;Slight;Not a Pedestrian;Not a Pedestrian;Not car passenger;Not a bus or coach passenger;No / Not applicable;1;Motorcycle 50cc and under rider or passenger;Less deprived 40-50%;2;Van / Goods 3.5 tonnes mgw or under;No tow/articulation;Data missing or out of range;Data missing or out of range;Not at or within 20 metres of junction;Data missing or out of range;Data missing or out of range;Data missing or out of range;Data missing or out of range;Data missing or out of range;-1;Not known;Not known;-1;Data missing or out of range;-1;-1;-1;-1;Data missing or out of range;-1
2019010157832;536687;189011;-0.028544;51.58339;Metropolitan Police;Slight;1;1;16/01/2019;Wednesday;14:50;Waltham Forest;Waltham Forest;C;0;Single carriageway;30 MPH;T or staggered junction;Give way or uncontrolled;Unclassified;0;None within 50 metres ;No physical crossing facilities within 50 metres;Daylight;Fine no high winds;Dry;None;None;Urban;Yes;E01004392;1;1;Pedestrian;Male;62;9;Slight;In carriageway, crossing elsewhere;Crossing from driver's nearside;Not car passenger;Not a bus or coach passenger;No / Not applicable;0;Cyclist;More deprived 30-40%;1;Car;No tow/articulation;Turning right;On main c'way - not in restricted lane;Approaching junction or waiting/parked at junction approach;None;None;Did not leave carriageway;None;Front;1;Not known;Male;49;46 - 55;-1;-1;-1;2;Urban area;2
2019010157834;521163;185866;-0.253571;51.558674;Metropolitan Police;Slight;2;1;16/01/2019;Wednesday;15:58;Brent;Brent;A;406;Single carriageway;40 MPH;T or staggered junction;Give way or uncontrolled;A;4088;None within 50 metres ;No physical crossing facilities within 50 metres;Darkness - lights lit;Raining no high winds;Wet or damp;None;None;Urban;Yes;E01000628;1;1;Driver or rider;Female;48;8;Slight;Not a Pedestrian;Not a Pedestrian;Not car passenger;Not a bus or coach passenger;No / Not applicable;9;Cyclist;More deprived 10-20%;1;Car;No tow/articulation;Turning left;On main c'way - not in restricted lane;Entering main road;None;None;Did not leave carriageway;None;Back;1;Commuting to/from work;Female;48;46 - 55;-1;-1;-1;2;Urban area;2
2019010157834;521163;185866;-0.253571;51.558674;Metropolitan Police;Slight;2;1;16/01/2019;Wednesday;15:58;Brent;Brent;A;406;Single carriageway;40 MPH;T or staggered junction;Give way or uncontrolled;A;4088;None within 50 metres ;No physical crossing facilities within 50 metres;Darkness - lights lit;Raining no high winds;Wet or damp;None;None;Urban;Yes;E01000628;1;1;Driver or rider;Female;48;8;Slight;Not a Pedestrian;Not a Pedestrian;Not car passenger;Not a bus or coach passenger;No / Not applicable;9;Cyclist;More deprived 10-20%;2;Car;No tow/articulation;Waiting to turn left;On main c'way - not in restricted lane;Entering main road;None;None;Did not leave carriageway;None;Front;1;Commuting to/from work;Female;37;36 - 45;-1;-1;-1;3;Urban area;3
2019010157840;519948;190689;-0.269443;51.602279;Metropolitan Police;Slight;2;1;16/01/2019;Wednesday;17:43;Barnet;Barnet;Unclassified;0;Single carriageway;30 MPH;T or staggered junction;Give way or uncontrolled;A;5;None within 50 metres ;No physical crossing facilities within 50 metres;Darkness - lights lit;Fine no high winds;Wet or damp;None;None;Urban;Yes;E01002123;2;1;Driver or rider;Male;54;8;Slight;Not a Pedestrian;Not a Pedestrian;Not car passenger;Not a bus or coach passenger;No / Not applicable;3;Cyclist;Least deprived 10%;1;Car;No tow/articulation;Waiting to turn right;On main c'way - not in restricted lane;Entering main road;None;None;Did not leave carriageway;None;Front;1;Not known;Male;79;Over 75;-1;-1;-1;5;Urban area;5
2019010157840;519948;190689;-0.269443;51.602279;Metropolitan Police;Slight;2;1;16/01/2019;Wednesday;17:43;Barnet;Barnet;Unclassified;0;Single carriageway;30 MPH;T or staggered junction;Give way or uncontrolled;A;5;None within 50 metres ;No physical crossing facilities within 50 metres;Darkness - lights lit;Fine no high winds;Wet or damp;None;None;Urban;Yes;E01002123;2;1;Driver or rider;Male;54;8;Slight;Not a Pedestrian;Not a Pedestrian;Not car passenger;Not a bus or coach passenger;No / Not applicable;3;Cyclist;Least deprived 10%;2;Motorcycle 125cc and under;No tow/articulation;Going ahead other;On main c'way - not in restricted lane;Approaching junction or waiting/parked at junction approach;None;None;Did not leave carriageway;None;Front;1;Not known;Male;54;46 - 55;-1;-1;-1;10;Urban area;10
2019010157841;528938;177127;-0.14467;51.478416;Metropolitan Police;Slight;2;1;16/01/2019;Wednesday;16:15;Wandsworth;Wandsworth;A;3205;Single carriageway;30 MPH;Not at junction or within 20 metres;Data missing or out of range;-1;0;None within 50 metres ;No physical crossing facilities within 50 metres;Darkness - lights lit;Raining no high winds;Wet or damp;None;None;Urban;Yes;E01033098;2;1;Driver or rider;Male;31;6;Slight;Not a Pedestrian;Not a Pedestrian;Not car passenger;Not a bus or coach passenger;No / Not applicable;4;-1;Data missing or out of range;1;Taxi/Private hire car;No tow/articulation;Going ahead other;On main c'way - not in restricted lane;Not at or within 20 metres of junction;None;None;Did not leave carriageway;None;Offside;1;Journey as part of work;Male;46;46 - 55;-1;-1;-1;5;Urban area;5