Accident_Index;Location_Easting_OSGR;Location_Northing_OSGR;Longitude;Latitude;Police_Force;Accident_Severity;Number_of_Vehicles;Number_of_Casualties;Date;Day_of_Week;Time;Local_Authority_(District);Local_Authority_(Highway);1st_Road_Class;1st_Road_Number;Road_Type;Speed_limit;Junction_Detail;Junction_Control;2nd_Road_Class;2nd_Road_Number;Pedestrian_Crossing-Human_Control;Pedestrian_Crossing-Physical_Facilities;Light_Conditions;Weather_Conditions;Road_Surface_Conditions;Special_Conditions_at_Site;Carriageway_Hazards;Urban_or_Rural_Area;Did_Police_Officer_Attend_Scene_of_Accident;LSOA_of_Accident_Location;Vehicle_Reference_x;Casualty_Reference;Casualty_Class;Sex_of_Casualty;Age_of_Casualty;Age_Band_of_Casualty;Casualty_Severity;Pedestrian_Location;Pedestrian_Movement;Car_Passenger;Bus_or_Coach_Passenger;Pedestrian_Road_Maintenance_Worker;Casualty_Type;Casualty_Home_Area_Type;Casualty_IMD_Decile;Vehicle_Reference_y;Vehicle_Type;Towing_and_Articulation;Vehicle_Manoeuvre;Vehicle_Location-Restricted_Lane;Junction_Location;Skidding_and_Overturning;Hit_Object_in_Carriageway;Vehicle_Leaving_Carriageway;Hit_Object_off_Carriageway;1st_Point_of_Impact;Was_Vehicle_Left_Hand_Drive?;Journey_Purpose_of_Driver;Sex_of_Driver;Age_of_Driver;Age_Band_of_Driver;Engine_Capacity_(CC);Propulsion_Code;Age_of_Vehicle;Driver_IMD_Decile;Driver_Home_Area_Type;Vehicle_IMD_Decile
2019010157889;534670;176210;-0.062528;51.468841;Metropolitan Police;Serious;2;1;16/01/2019;Wednesday;20:50;Southwark;Southwark;Unclassified;0;Single carriageway;30 MPH;T or staggered junction;Give way or uncontrolled;Unclassified;0;None within 50 metres ;Zebra;Darkness - lights lit;Fine no high winds;Wet or damp;None;None;Urban;Yes;E01004068;2;1;Driver or rider;Male;19;4;Serious;Not a Pedestrian;Not a Pedestrian;Not car passenger;Not a bus or coach passenger;No / Not applicable;2;Cyclist;More deprived 30-40%;2;Motorcycle 50cc and under;No tow/articulation;Waiting to turn right;On main c'way - not in restricted lane;Approaching junction or waiting/parked at junction approach;None;None;Did not leave carriageway;None;Offside;1;Not known;Male;19;16 - 20;-1;-1;-1;4;Urban area;4
2019010157892;531968;190545;-0.096038;51.598299;Metropolitan Police;Slight;2;1;16/01/2019;Wednesday;18:12;Haringey;Haringey;A;109;Single carriageway;30 MPH;T or staggered junction;Auto traffic signal;Unclassified;0;None within 50 metres ;No physical crossing facilities within 50 metres;Darkness - lights lit;Fine no high winds;Dry;None;None;Urban;Yes;E01002028;2;1;Driver or rider;Male;59;9;Slight;Not a Pedestrian;Not a Pedestrian;Not car passenger;Not a bus or coach passenger;No / Not applicable;1;Cyclist;More deprived 30-40%;1;Car;No tow/articulation;Turning right;On main c'way - not in restricted lane;Entering main road;None;None;Did not leave carriageway;None;Front;1;Not known;Female;35;26 - 35;-1;-1;-1;1;Urban area;1
2019010157892;531968;190545;-0.096038;51.598299;Metropolitan Police;Slight;2;1;16/01/2019;Wednesday;18:12;Haringey;Haringey;A;109;Single carriageway;30 MPH;T or staggered junction;Auto traffic signal;Unclassified;0;None within 50 metres ;No physical crossing facilities within 50 metres;Darkness - lights lit;Fine no high winds;Dry;None;None;Urban;Yes;E01002028;2;1;Driver or rider;Male;59;9;Slight;Not a Pedestrian;Not a Pedestrian;Not car passenger;Not a bus or coach passenger;No / Not applicable;1;Cyclist;More deprived 30-40%;2;Pedal cycle;No tow/articulation;Going ahead left-hand bend;On main c'way - not in restricted lane;Mid Junction - on roundabout or on main road;None;None;Did not leave carriageway;None;Offside;1;Not known;Male;59;56 - 65;-1;-1;-1;4;Urban area;4
2019010157893;541451;177042;0.035366;51.474664;Metropolitan Police;Slight;2;3;16/01/2019;Wednesday;20:13;Greenwich;Greenwich;A;207;Single carriageway;30 MPH;T or staggered junction;Give way or uncontrolled;Unclassified;0;None within 50 metres ;No physical crossing facilities within 50 metres;Darkness - lights lit;Fine no high winds;Wet or damp;None;None;Urban;Yes;E01001650;1;1;Driver or rider;Female;25;5;Slight;Not a Pedestrian;Not a Pedestrian;Not car passenger;Not a bus or coach passenger;No / Not applicable;9;Cyclist;More deprived 20-30%;1;Car;No tow/articulation;Going ahead other;On main c'way - not in restricted lane;Mid Junction - on roundabout or on main road;None;None;Did not leave carriageway;None;Offside;1;Not known;Female;25;21 - 25;-1;-1;-1;3;Urban area;3
2019010157893;541451;177042;0.035366;51.474664;Metropolitan Police;Slight;2;3;16/01/2019;Wednesday;20:13;Greenwich;Greenwich;A;207;Single carriageway;30 MPH;T or staggered junction;Give way or uncontrolled;Unclassified;0;None within 50 metres ;No physical crossing facilities within 50 metres;Darkness - lights lit;Fine no high winds;Wet or damp;None;None;Urban;Yes;E01001650;1;1;Driver or rider;Female;25;5;Slight;Not a Pedestrian;Not a Pedestrian;Not car passenger;Not a bus or coach passenger;No / Not applicable;9;Cyclist;More deprived 20-30%;2;Car;No tow/articulation;Turning right;On main c'way - not in restricted lane;Approaching junction or waiting/parked at junction approach;None;None;Did not leave carriageway;None;Front;1;Journey as part of work;Male;33;26 - 35;-1;-1;-1;6;Urban area;6
2019010157893;541451;177042;0.035366;51.474664;Metropolitan Police;Slight;2;3;16/01/2019;Wednesday;20:13;Greenwich;Greenwich;A;207;Single carriageway;30 MPH;T or staggered junction;Give way or uncontrolled;Unclassified;0;None within 50 metres ;No physical crossing facilities within 50 metres;Darkness - lights lit;Fine no high winds;Wet or damp;None;None;Urban;Yes;E01001650;1;2;Passenger;Female;58;9;Slight;Not a Pedestrian;Not a Pedestrian;Front seat passenger;Not a bus or coach passenger;No / Not applicable;9;Cyclist;More deprived 20-30%;1;Car;No tow/articulation;Going ahead other;On main c'way - not in restricted lane;Mid Junction - on roundabout or on main road;None;None;Did not leave carriageway;None;Offside;1;Not known;Female;25;21 - 25;-1;-1;-1;3;Urban area;3
2019010157893;541451;177042;0.035366;51.474664;Metropolitan Police;Slight;2;3;16/01/2019;Wednesday;20:13;Greenwich;Greenwich;A;207;Single carriageway;30 MPH;T or staggered junction;Give way or uncontrolled;Unclassified;0;None within 50 metres ;No physical crossing facilities within 50 metres;Darkness - lights lit;Fine no high winds;Wet or damp;None;None;Urban;Yes;E01001650;1;2;Passenger;Female;58;9;Slight;Not a Pedestrian;Not a Pedestrian;Front seat passenger;Not a bus or coach passenger;No / Not applicable;9;Cyclist;More deprived 20-30%;2;Car;No tow/articulation;Turning right;On main c'way - not in restricted lane;Approaching junction or waiting/parked at junction approach;None;None;Did not leave carriageway;None;Front;1;Journey as part of work;Male;33;26 - 35;-1;-1;-1;6;Urban area;6
2019010157893;541451;177042;0.035366;51.474664;Metropolitan Police;Slight;2;3;16/01/2019;Wednesday;20:13;Greenwich;Greenwich;A;207;Single carriageway;30 MPH;T or staggered junction;Give way or uncontrolled;Unclassified;0;None within 50 metres ;No physical crossing facilities within 50 metres;Darkness - lights lit;Fine no high winds;Wet or damp;None;None;Urban;Yes;E01001650;1;3;Passenger;Female;20;4;Slight;Not a Pedestrian;Not a Pedestrian;Rear seat passenger;Not a bus or coach passenger;No / Not applicable;9;-1;Data missing or out of range;1;Car;No tow/articulation;Going ahead other;On main c'way - not in restricted lane;Mid Junction - on roundabout or on main road;None;None;Did not leave carriageway;None;Offside;1;Not known;Female;25;21 - 25;-1;-1;-1;3;Urban area;3
2019010157893;541451;177042;0.035366;51.474664;Metropolitan Police;Slight;2;3;16/01/2019;Wednesday;20:13;Greenwich;Greenwich;A;207;Single carriageway;30 MPH;T or staggered junction;Give way or uncontrolled;Unclassified;0;None within 50 metres ;No physical crossing facilities within 50 metres;Darkness - lights lit;Fine no high winds;Wet or damp;None;None;Urban;Yes;E01001650;1;3;Passenger;Female;20;4;Slight;Not a Pedestrian;Not a Pedestrian;Rear seat passenger;Not a bus or coach passenger;No / Not applicable;9;-1;Data missing or out of range;2;Car;No tow/articulation;Turning right;On main c'way - not in restricted lane;Approaching junction or waiting/parked at junction approach;None;None;Did not leave carriageway;None;Front;1;Journey as part of work;Male;33;26 - 35;-1;-1;-1;6;Urban area;6
2019010157895;553988;190972;0.221832;51.596552;Metropolitan Police;Slight;2;1;16/01/2019;Wednesday;09:45;Havering;Havering;Unclassified;0;Single carriageway;30 MPH;Not at junction or within 20 metres;Data missing or out of range;-1;0;None within 50 metres ;No physical crossing facilities within 50 metres;Daylight;Fine no high winds;Dry;None;None;Urban;No - accident was reported using a self completion  form (self rep only);E01002293;1;1;Driver or rider;Female;35;6;Slight;Not a Pedestrian;Not a Pedestrian;Not car passenger;Not a bus or coach passenger;No / Not applicable;9;Cyclist;Less deprived 20-30%;1;Car;No tow/articulation;Data missing or out of range;On main c'way - not in restricted lane;Not at or within 20 metres of junction;None;None;Did not leave carriageway;None;Front;1;Not known;Female;35;26 - 35;-1;-1;-1;8;Urban area;8
2019010157895;553988;190972;0.221832;51.596552;Metropolitan Police;Slight;2;1;16/01/2019;Wednesday;09:45;Havering;Havering;Unclassified;0;Single carriageway;30 MPH;Not at junction or within 20 metres;Data missing or out of range;-1;0;None within 50 metres ;No physical crossing facilities within 50 metres;Daylight;Fine no high winds;Dry;None;None;Urban;No - accident was reported using a self completion  form (self rep only);E01002293;1;1;Driver or rider;Female;35;6;Slight;Not a Pedestrian;Not a Pedestrian;Not car passenger;Not a bus or coach passenger;No / Not applicable;9;Cyclist;Less deprived 20-30%;2;Car;Single trailer;Reversing;On main c'way - not in restricted lane;Not at or within 20 metres of junction;None;None;Did not leave carriageway;None;Front;1;Commuting to/from work;Male;48;46 - 55;-1;-1;-1;6;Rural;6
2019010157896;522115;183046;-0.240823;51.533125;Metropolitan Police;Slight;2;1;15/01/2019;Tuesday;21:05;Brent;Brent;A;404;Single carriageway;30 MPH;T or staggered junction;Auto traffic signal;C;0;None within 50 metres ;No physical crossing facilities within 50 metres;Darkness - lights lit;Fine no high winds;Dry;None;None;Urban;Yes;E01000535;2;1;Driver or rider;Male;38;7;Slight;Not a Pedestrian;Not a Pedestrian;Not car passenger;Not a bus or coach passenger;No / Not applicable;3;Cyclist;Most deprived 10%;1;Car;No tow/articulation;Turning right;On main c'way - not in restricted lane;Entering main road;None;None;Did not leave carriageway;None;Front;1;Not known;Male;21;21 - 25;-1;-1;-1;4;Urban area;4
2019010157896;522115;183046;-0.240823;51.533125;Metropolitan Police;Slight;2;1;15/01/2019;Tuesday;21:05;Brent;Brent;A;404;Single carriageway;30 MPH;T or staggered junction;Auto traffic signal;C;0;None within 50 metres ;No physical crossing facilities within 50 metres;Darkness - lights lit;Fine no high winds;Dry;None;None;Urban;Yes;E01000535;2;1;Driver or rider;Male;38;7;Slight;Not a Pedestrian;Not a Pedestrian;Not car passenger;Not a bus or coach passenger;No / Not applicable;3;Cyclist;Most deprived 10%;2;Motorcycle 125cc and under;No tow/articulation;Overtaking static vehicle - offside;On main c'way - not in restricted lane;Approaching junction or waiting/parked at junction approach;None;None;Did not leave carriageway;None;Front;1;Journey as part of work;Male;38;36 - 45;-1;-1;-1;1;Urban area;1
2019010157897;525483;168219;-0.197549;51.399133;Metropolitan Police;Serious;1;1;16/01/2019;Wednesday;18:51;Merton;Merton;A;24;Dual carriageway;30 MPH;Not at junction or within 20 metres;Data missing or out of range;-1;0;None within 50 metres ;No physical crossing facilities within 50 metres;Darkness - lights lit;Raining no high winds;Wet or damp;Road surface defective;None;Urban;Yes;E01003427;1;1;Driver or rider;Male;39;7;Serious;Not a Pedestrian;Not a Pedestrian;Not car passenger;Not a bus or coach passenger;No / Not applicable;1;Cyclist;Most deprived 10%;1;Pedal cycle;No tow/articulation;Overtaking moving vehicle - offside;On main c'way - not in restricted lane;Not at or within 20 metres of junction;None;None;Did not leave carriageway;None;Offside;1;Not known;Male;39;36 - 45;-1;-1;-1;1;Urban area;1
2019010157901;527513;184343;-0.162571;51.543589;Metropolitan Police;Serious;2;1;16/01/2019;Wednesday;20:36;Camden;Camden;B;509;Dual carriageway;20 MPH;Crossroads;Auto traffic signal;C;0;None within 50 metres ;Pedestrian phase at traffic signal junction;Darkness - lights lit;Other;Wet or damp;None;None;Urban;Yes;E01000845;2;1;Driver or rider;Female;32;6;Serious;Not a Pedestrian;Not a Pedestrian;Not car passenger;Not a bus or coach passenger;No / Not applicable;4;Cyclist;More deprived 20-30%;1;Car;No tow/articulation;Turning right;On main c'way - not in restricted lane;Approaching junction or waiting/parked at junction approach;None;None;Did not leave carriageway;None;Front;1;Not known;Male;21;21 - 25;-1;-1;-1;10;Rural;10
2019010157901;527513;184343;-0.162571;51.543589;Metropolitan Police;Serious;2;1;16/01/2019;Wednesday;20:36;Camden;Camden;B;509;Dual carriageway;20 MPH;Crossroads;Auto traffic signal;C;0;None within 50 metres ;Pedestrian phase at traffic signal junction;Darkness - lights lit;Other;Wet or damp;None;None;Urban;Yes;E01000845;2;1;Driver or rider;Female;32;6;Serious;Not a Pedestrian;Not a Pedestrian;Not car passenger;Not a bus or coach passenger;No / Not applicable;4;Cyclist;More deprived 20-30%;2;Motorcycle over 125cc and up to 500cc;No tow/articulation;Going ahead other;On main c'way - not in restricted lane;Mid Junction - on roundabout or on main road;None;None;Did not leave carriageway;None;Front;1;Journey as part of work;Female;32;26 - 35;-1;-1;-1;3;Urban area;3
2019010157902;534165;187584;-0.065467;51.571172;Metropolitan Police;Slight;2;1;16/01/2019;Wednesday;18:40;Hackney;Hackney;A;107;Single carriageway;20 MPH;T or staggered junction;Give way or uncontrolled;Unclassified;0;None within 50 metres ;Pedestrian phase at traffic signal junction;Darkness - lighting unknown;Fine no high winds;Wet or damp;None;None;Urban;Yes;E01001824;1;1;Driver or rider;Male;34;6;Slight;Not a Pedestrian;Not a Pedestrian;Not car passenger;Not a bus or coach passenger;No / Not applicable;3;Cyclist;Most deprived 10%;1;Motorcycle 125cc and under;No tow/articulation;Going ahead other;Bus lane;Cleared junction or waiting/parked at junction exit;Skidded;None;Did not leave carriageway;None;Offside;1;Journey as part of work;Male;34;26 - 35;-1;-1;-1;1;Urban area;1
2019010157902;534165;187584;-0.065467;51.571172;Metropolitan Police;Slight;2;1;16/01/2019;Wednesday;18:40;Hackney;Hackney;A;107;Single carriageway;20 MPH;T or staggered junction;Give way or uncontrolled;Unclassified;0;None within 50 metres ;Pedestrian phase at traffic signal junction;Darkness - lighting unknown;Fine no high winds;Wet or damp;None;None;Urban;Yes;E01001824;1;1;Driver or rider;Male;34;6;Slight;Not a Pedestrian;Not a Pedestrian;Not car passenger;Not a bus or coach passenger;No / Not applicable;3;Cyclist;Most deprived 10%;2;Car;No tow/articulation;Changing lane to left;On main c'way - not in restricted lane;Mid Junction - on roundabout or on main road;None;None;Did not leave carriageway;None;Nearside;1;Not known;Male;34;26 - 35;-1;-1;-1;4;Urban area;4
2019010157904;546272;174716;0.103773;51.452539;Metropolitan Police;Slight;2;1;16/01/2019;Wednesday;15:50;Bexley;Bexley;C;0;Single carriageway;30 MPH;Not at junction or within 20 metres;Data missing or out of range;-1;0;Data missing or out of range;Pelican, puffin, toucan or similar non-junction pedestrian light crossing;Daylight;Raining no high winds;Wet or damp;None;None;Urban;No - accident was reported using a self completion  form (self rep only);E01000391;1;1;Driver or rider;Male;32;6;Slight;Not a Pedestrian;Not a Pedestrian;Not car passenger;Not a bus or coach passenger;No / Not applicable;9;Cyclist;Less deprived 20-30%;1;Car;No tow/articulation;Data missing or out of range;Data missing or out of range;Not at or within 20 metres of junction;Data missing or out of range;Data missing or out of range;Data missing or out of range;Data missing or out of range;Back;-1;Not known;Male;32;26 - 35;-1;-1;-1;8;Urban area;8
2019010157904;546272;174716;0.103773;51.452539;Metropolitan Police;Slight;2;1;16/01/2019;Wednesday;15:50;Bexley;Bexley;C;0;Single carriageway;30 MPH;Not at junction or within 20 metres;Data missing or out of range;-1;0;Data missing or out of range;Pelican, puffin, toucan or similar non-junction pedestrian light crossing;Daylight;Raining no high winds;Wet or damp;None;None;Urban;No - accident was reported using a self completion  form (self rep only);E01000391;1;1;Driver or rider;Male;32;6;Slight;Not a Pedestrian;Not a Pedestrian;Not car passenger;Not a bus or coach passenger;No / Not applicable;9;Cyclist;Less deprived 20-30%;2;Car;No tow/articulation;Data missing or out of range;Data missing or out of range;Not at or within 20 metres of junction;Data missing or out of range;Data missing or out of range;Data missing or out of range;Data missing or out of range;Back;-1;Not known;Not known;-1;Data missing or out of range;-1;-1;-1;-1;Data missing or out of range;-1
2019010157909;541526;184903;0.039599;51.545283;Metropolitan Police;Slight;3;1;17/01/2019;Thursday;01:00;Newham;Newham;Unclassified;0;One way street;30 MPH;Not at junction or within 20 metres;Data missing or out of range;-1;0;None within 50 metres ;No physical crossing facilities within 50 metres;Darkness - lights lit;Raining no high winds;Wet or damp;None;None;Urban;Yes;E01003560;1;1;Passenger;Female;24;5;Slight;Not a Pedestrian;Not a Pedestrian;Front seat passenger;Not a bus or coach passenger;No / Not applicable;9;-1;Data missing or out of range;1;Car;No tow/articulation;Slowing or stopping;On main c'way - not in restricted lane;Not at or within 20 metres of junction;Skidded;Parked vehicle;Did not leave carriageway;None;Nearside;1;Not known;Female;26;26 - 35;1995;Petrol;12;-1;Data missing or out of range;-1
2019010157909;541526;184903;0.039599;51.545283;Metropolitan Police;Slight;3;1;17/01/2019;Thursday;01:00;Newham;Newham;Unclassified;0;One way street;30 MPH;Not at junction or within 20 metres;Data missing or out of range;-1;0;None within 50 metres ;No physical crossing facilities within 50 metres;Darkness - lights lit;Raining no high winds;Wet or damp;None;None;Urban;Yes;E01003560;1;1;Passenger;Female;24;5;Slight;Not a Pedestrian;Not a Pedestrian;Front seat passenger;Not a bus or coach passenger;No / Not applicable;9;-1;Data missing or out of range;2;Car;No tow/articulation;Parked;On main c'way - not in restricted lane;Not at or within 20 metres of junction;None;None;Did not leave carriageway;None;Did not impact;1;Not known;Not known;-1;Data missing or out of range;3246;Petrol;15;-1;Data missing or out of range;-1
2019010157909;541526;184903;0.039599;51.545283;Metropolitan Police;Slight;3;1;17/01/2019;Thursday;01:00;Newham;Newham;Unclassified;0;One way street;30 MPH;Not at junction or within 20 metres;Data missing or out of range;-1;0;None within 50 metres ;No physical crossing facilities within 50 metres;Darkness - lights lit;Raining no high winds;Wet or damp;None;None;Urban;Yes;E01003560;1;1;Passenger;Female;24;5;Slight;Not a Pedestrian;Not a Pedestrian;Front seat passenger;Not a bus or coach passenger;No / Not applicable;9;-1;Data missing or out of range;3;Car;No tow/articulation;Parked;On main c'way - not in restricted lane;Not at or within 20 metres of junction;None;None;Did not leave carriageway;None;Did not impact;1;Not known;Not known;-1;Data missing or out of range;1339;Hybrid electric;9;-1;Data missing or out of range;-1
2019010157912;522472;189140;-0.233556;51.587816;Metropolitan Police;Slight;1;2;16/01/2019;Wednesday;22:41;Barnet;Barnet;Unclassified;0;One way street;30 MPH;Not at junction or within 20 metres;Data missing or out of range;-1;0;None within 50 metres ;No physical crossing facilities within 50 metres;Darkness - lights lit;Raining no high winds;Wet or damp;None;None;Urban;Yes;E01000239;1;1;Driver or rider;Male;36;7;Slight;Not a Pedestrian;Not a Pedestrian;Not car passenger;Not a bus or coach passenger;No / Not applicable;9;Cyclist;Less deprived 30-40%;1;Car;No tow/articulation;Going ahead left-hand bend;On main c'way - not in restricted lane;Not at or within 20 metres of junction;None;None;Did not leave carriageway;None;Front;1;Not known;Male;36;36 - 45;-1;-1;-1;7;Urban area;7
2019010157912;522472;189140;-0.233556;51.587816;Metropolitan Police;Slight;1;2;16/01/2019;Wednesday;22:41;Barnet;Barnet;Unclassified;0;One way street;30 MPH;Not at junction or within 20 metres;Data missing or out of range;-1;0;None within 50 metres ;No physical crossing facilities within 50 metres;Darkness - lights lit;Raining no high winds;Wet or damp;None;None;Urban;Yes;E01000239;1;2;Passenger;Female;41;7;Slight;Not a Pedestrian;Not a Pedestrian;Front seat passenger;Not a bus or coach passenger;No / Not applicable;9;Cyclist;Less deprived 30-40%;1;Car;No tow/articulation;Going ahead left-hand bend;On main c'way - not in restricted lane;Not at or within 20 metres of junction;None;None;Did not leave carriageway;None;Front;1;Not known;Male;36;36 - 45;-1;-1;-1;7;Urban area;7
2019010157931;527764;180989;-0.160169;51.51339;Metropolitan Police;Slight;2;1;17/01/2019;Thursday;07:45;Westminster;Westminster;A;40;One way street;30 MPH;T or staggered junction;Auto traffic signal;A;5;None within 50 metres ;No physical crossing facilities within 50 metres;Darkness - lights lit;Raining no high winds;Wet or damp;None;None;Urban;Yes;E01004658;2;1;Driver or rider;Male;25;5;Slight;Not a Pedestrian;Not a Pedestrian;Not car passenger;Not a bus or coach passenger;No / Not applicable;5;Cyclist;Less deprived 40-50%;1;Bus or coach (17 or more pass seats);No tow/articulation;Going ahead right-hand bend;On main c'way - not in restricted lane;Approaching junction or waiting/parked at junction approach;None;None;Did not leave carriageway;None;Nearside;1;Journey as part of work;Male;55;46 - 55;-1;-1;-1;6;Rural;6
2019010157931;527764;180989;-0.160169;51.51339;Metropolitan Police;Slight;2;1;17/01/2019;Thursday;07:45;Westminster;Westminster;A;40;One way street;30 MPH;T or staggered junction;Auto traffic signal;A;5;None within 50 metres ;No physical crossing facilities within 50 metres;Darkness - lights lit;Raining no high winds;Wet or damp;None;None;Urban;Yes;E01004658;2;1;Driver or rider;Male;25;5;Slight;Not a Pedestrian;Not a Pedestrian;Not car passenger;Not a bus or coach passenger;No / Not applicable;5;Cyclist;Less deprived 40-50%;2;Motorcycle over 500cc;No tow/articulation;Going ahead other;On main c'way - not in restricted lane;Approaching junction or waiting/parked at junction approach;None;None;Did not leave carriageway;None;Offside;1;Journey as part of work;Male;25;21 - 25;-1;-1;-1;6;Urban area;6
2019010157936;546599;169874;0.106473;51.408946;Metropolitan Police;Slight;1;1;17/01/2019;Thursday;07:15;Bromley;Bromley;Unclassified;0;Single carriageway;30 MPH;T or staggered junction;Give way or uncontrolled;Unclassified;0;None within 50 metres ;Pelican, puffin, toucan or similar non-junction pedestrian light crossing;Darkness - lights lit;Raining no high winds;Wet or damp;None;None;Urban;Yes;E01000735;1;1;Driver or rider;Male;85;11;Slight;Not a Pedestrian;Not a Pedestrian;Not car passenger;Not a bus or coach passenger;No / Not applicable;9;Cyclist;More deprived 20-30%;1;Car;No tow/articulation;Going ahead other;On main c'way - not in restricted lane;Approaching junction or waiting/parked at junction approach;None;Bollard or refuge;Did not leave carriageway;None;Front;1;Not known;Male;85;Over 75;-1;-1;-1;3;Urban area;3
2019010157937;524718;182646;-0.203456;51.528961;Metropolitan Police;Slight;2;1;12/01/2019;Saturday;12:20;Westminster;Westminster;Unclassified;0;Single carriageway;20 MPH;Crossroads;Give way or uncontrolled;Unclassified;0;None within 50 metres ;No physical crossing facilities within 50 metres;Daylight;Fine no high winds;Dry;None;None;Urban;No - accident was reported using a self completion  form (self rep only);E01004678;1;1;Driver or rider;Male;21;5;Slight;Not a Pedestrian;Not a Pedestrian;Not car passenger;Not a bus or coach passenger;No / Not applicable;3;Cyclist;More deprived 20-30%;1;Motorcycle 125cc and under;No tow/articulation;Going ahead other;On main c'way - not in restricted lane;Mid Junction - on roundabout or on main road;Data missing or out of range;None;Did not leave carriageway;None;Front;1;Commuting to/from work;Male;21;21 - 25;-1;-1;-1;3;Urban area;3
2019010157937;524718;182646;-0.203456;51.528961;Metropolitan Police;Slight;2;1;12/01/2019;Saturday;12:20;Westminster;Westminster;Unclassified;0;Single carriageway;20 MPH;Crossroads;Give way or uncontrolled;Unclassified;0;None within 50 metres ;No physical crossing facilities within 50 metres;Daylight;Fine no high winds;Dry;None;None;Urban;No - accident was reported using a self completion  form (self rep only);E01004678;1;1;Driver or rider;Male;21;5;Slight;Not a Pedestrian;Not a Pedestrian;Not car passenger;Not a bus or coach passenger;No / Not applicable;3;Cyclist;More deprived 20-30%;2;Car;No tow/articulation;Going ahead other;On main c'way - not in restricted lane;Mid Junction - on roundabout or on main road;Data missing or out of range;None;Did not leave carriageway;None;Front;-1;Not known;Not known;-1;Data missing or out of range;-1;-1;-1;-1;Data missing or out of range;-1
2019010157943;531274;161631;-0.116781;51.338619;Metropolitan Police;Slight;1;1;17/01/2019;Thursday;09:15;Croydon;Croydon;A;235;Dual carriageway;30 MPH;Crossroads;Auto traffic signal;A;23;None within 50 metres ;Pelican, puffin, toucan or similar non-junction pedestrian light crossing;Daylight;Fine no high winds;Wet or damp;None;None;Urban;Yes;E01001097;1;1;Pedestrian;Male;72;10;Slight;Crossing on pedestrian crossing facility;Crossing from driver's offside;Not car passenger;Not a bus or coach passenger;No / Not applicable;0;-1;Data missing or out of range;1;Taxi/Private hire car;No tow/articulation;Going ahead other;On main c'way - not in restricted lane;Leaving main road;None;None;Did not leave carriageway;None;Nearside;1;Not known;Male;36;36 - 45;-1;-1;-1;5;Urban area;5
2019010157945;507584;181931;-0.450575;51.526055;Metropolitan Police;Serious;1;1;17/01/2019;Thursday;09:37;Hillingdon;Hillingdon;A;437;Dual carriageway;30 MPH;Not at junction or within 20 metres;Data missing or out of range;-1;0;None within 50 metres ;Pelican, puffin, toucan or similar non-junction pedestrian light crossing;Daylight;Fine no high winds;Wet or damp;None;None;Urban;Yes;E01002549;1;1;Pedestrian;Female;17;4;Serious;Crossing on pedestrian crossing facility;Crossing from driver's nearside;Not car passenger;Not a bus or coach passenger;No / Not applicable;0;Cyclist;More deprived 20-30%;1;Van / Goods 3.5 tonnes mgw or under;No tow/articulation;Going ahead other;On main c'way - not in restricted lane;Not at or within 20 metres of junction;None;None;Did not leave carriageway;None;Front;1;Journey as part of work;Male;29;26 - 35;-1;-1;-1;2;Urban area;2
2019010157950;525822;170063;-0.192025;51.415631;Metropolitan Police;Slight;1;1;17/01/2019;Thursday;09:26;Merton;Merton;A;238;Single carriageway;30 MPH;Crossroads;Auto traffic signal;A;219;None within 50 metres ;Pedestrian phase at traffic signal junction;Daylight;Fine no high winds;Dry;None;None;Urban;Yes;E01003355;1;1;Passenger;Female;53;8;Slight;Not a Pedestrian;Not a Pedestrian;Not car passenger;Standing passenger;No / Not applicable;11;Cyclist;More deprived 40-50%;1;Bus or coach (17 or more pass seats);No tow/articulation;Going ahead other;Bus lane;Approaching junction or waiting/parked at junction approach;None;None;Did not leave carriageway;None;Did not impact;1;Journey as part of work;Male;43;36 - 45;-1;-1;-1;2;Urban area;2
2019010157952;530473;170220;-0.125122;51.415992;Metropolitan Police;Serious;2;1;17/01/2019;Thursday;08:45;Lambeth;Lambeth;A;23;Single carriageway;30 MPH;Crossroads;Give way or uncontrolled;Unclassified;0;Control by other authorised person;Central refuge;Daylight;Fine no high winds;Wet or damp;None;None;Urban;Yes;E01003141;2;1;Driver or rider;Male;25;5;Serious;Not a Pedestrian;Not a Pedestrian;Not car passenger;Not a bus or coach passenger;No / Not applicable;5;Cyclist;More deprived 30-40%;1;Car;No tow/articulation;Waiting to go - held up;On main c'way - not in restricted lane;Leaving main road;None;None;Did not leave carriageway;None;Front;1;Not known;Male;48;46 - 55;-1;-1;-1;3;Urban area;3
2019010157952;530473;170220;-0.125122;51.415992;Metropolitan Police;Serious;2;1;17/01/2019;Thursday;08:45;Lambeth;Lambeth;A;23;Single carriageway;30 MPH;Crossroads;Give way or uncontrolled;Unclassified;0;Control by other authorised person;Central refuge;Daylight;Fine no high winds;Wet or damp;None;None;Urban;Yes;E01003141;2;1;Driver or rider;Male;25;5;Serious;Not a Pedestrian;Not a Pedestrian;Not car passenger;Not a bus or coach passenger;No / Not applicable;5;Cyclist;More deprived 30-40%;2;Motorcycle over 500cc;No tow/articulation;Going ahead other;On main c'way - not in restricted lane;Approaching junction or waiting/parked at junction approach;None;None;Did not leave carriageway;None;Offside;1;Not known;Male;25;21 - 25;-1;-1;-1;4;Urban area;4