Accident_Index;Location_Easting_OSGR;Location_Northing_OSGR;Longitude;Latitude;Police_Force;Accident_Severity;Number_of_Vehicles;Number_of_Casualties;Date;Day_of_Week;Time;Local_Authority_(District);Local_Authority_(Highway);1st_Road_Class;1st_Road_Number;Road_Type;Speed_limit;Junction_Detail;Junction_Control;2nd_Road_Class;2nd_Road_Number;Pedestrian_Crossing-Human_Control;Pedestrian_Crossing-Physical_Facilities;Light_Conditions;Weather_Conditions;Road_Surface_Conditions;Special_Conditions_at_Site;Carriageway_Hazards;Urban_or_Rural_Area;Did_Police_Officer_Attend_Scene_of_Accident;LSOA_of_Accident_Location;Vehicle_Reference_x;Casualty_Reference;Casualty_Class;Sex_of_Casualty;Age_of_Casualty;Age_Band_of_Casualty;Casualty_Severity;Pedestrian_Location;Pedestrian_Movement;Car_Passenger;Bus_or_Coach_Passenger;Pedestrian_Road_Maintenance_Worker;Casualty_Type;Casualty_Home_Area_Type;Casualty_IMD_Decile;Vehicle_Reference_y;Vehicle_Type;Towing_and_Articulation;Vehicle_Manoeuvre;Vehicle_Location-Restricted_Lane;Junction_Location;Skidding_and_Overturning;Hit_Object_in_Carriageway;Vehicle_Leaving_Carriageway;Hit_Object_off_Carriageway;1st_Point_of_Impact;Was_Vehicle_Left_Hand_Drive?;Journey_Purpose_of_Driver;Sex_of_Driver;Age_of_Driver;Age_Band_of_Driver;Engine_Capacity_(CC);Propulsion_Code;Age_of_Vehicle;Driver_IMD_Decile;Driver_Home_Area_Type;Vehicle_IMD_Decile
2019010158058;533761;189498;-0.070565;51.588468;Metropolitan Police;Slight;1;2;17/01/2019;Thursday;17:10;Haringey;Haringey;A;10;Dual carriageway;30 MPH;T or staggered junction;Auto traffic signal;A;10;None within 50 metres ;Pedestrian phase at traffic signal junction;Darkness - lights lit;Fine no high winds;Dry;None;None;Urban;Yes;E01002066;1;2;Passenger;Male;36;7;Slight;Not a Pedestrian;Not a Pedestrian;Not car passenger;Seated passenger;No / Not applicable;11;Cyclist;More deprived 10-20%;1;Bus or coach (17 or more pass seats);No tow/articulation;Going ahead other;On main c'way - not in restricted lane;Approaching junction or waiting/parked at junction approach;None;None;Did not leave carriageway;None;Did not impact;1;Journey as part of work;Male;30;26 - 35;-1;-1;-1;3;Urban area;3
2019010158060;526063;172968;-0.187529;51.441685;Metropolitan Police;Slight;2;1;17/01/2019;Thursday;13:29;Wandsworth;Wandsworth;A;217;Single carriageway;30 MPH;T or staggered junction;Auto traffic signal;Unclassified;0;None within 50 metres ;Pedestrian phase at traffic signal junction;Daylight;Fine no high winds;Dry;None;None;Urban;Yes;E01004496;1;1;Passenger;Female;48;8;Slight;Not a Pedestrian;Not a Pedestrian;Not car passenger;Seated passenger;No / Not applicable;11;Cyclist;Less deprived 40-50%;1;Bus or coach (17 or more pass seats);No tow/articulation;Going ahead other;On main c'way - not in restricted lane;Approaching junction or waiting/parked at junction approach;None;None;Did not leave carriageway;None;Did not impact;1;Journey as part of work;Male;57;56 - 65;-1;-1;-1;8;Urban area;8
2019010158060;526063;172968;-0.187529;51.441685;Metropolitan Police;Slight;2;1;17/01/2019;Thursday;13:29;Wandsworth;Wandsworth;A;217;Single carriageway;30 MPH;T or staggered junction;Auto traffic signal;Unclassified;0;None within 50 metres ;Pedestrian phase at traffic signal junction;Daylight;Fine no high winds;Dry;None;None;Urban;Yes;E01004496;1;1;Passenger;Female;48;8;Slight;Not a Pedestrian;Not a Pedestrian;Not car passenger;Seated passenger;No / Not applicable;11;Cyclist;Less deprived 40-50%;2;Car;No tow/articulation;Slowing or stopping;On main c'way - not in restricted lane;Approaching junction or waiting/parked at junction approach;None;None;Did not leave carriageway;None;Did not impact;-1;Not known;Not known;-1;Data missing or out of range;-1;-1;-1;-1;Data missing or out of range;-1
2019010158065;539349;181492;0.006877;51.515173;Metropolitan Police;Slight;2;1;17/01/2019;Thursday;16:59;Newham;Newham;A;13;Dual carriageway;30 MPH;Not at junction or within 20 metres;Data missing or out of range;-1;0;None within 50 metres ;No physical crossing facilities within 50 metres;Darkness - lights lit;Fine no high winds;Dry;None;None;Rural;Yes;E01033585;2;1;Driver or rider;Female;25;5;Slight;Not a Pedestrian;Not a Pedestrian;Not car passenger;Not a bus or coach passenger;No / Not applicable;9;Cyclist;Most deprived 10%;1;Car;No tow/articulation;Overtaking - nearside;On main c'way - not in restricted lane;Not at or within 20 metres of junction;None;Bollard or refuge;Offside - crossed central reservation;Other permanent object;Back;1;Not known;Male;63;56 - 65;-1;-1;-1;3;Urban area;3
2019010158065;539349;181492;0.006877;51.515173;Metropolitan Police;Slight;2;1;17/01/2019;Thursday;16:59;Newham;Newham;A;13;Dual carriageway;30 MPH;Not at junction or within 20 metres;Data missing or out of range;-1;0;None within 50 metres ;No physical crossing facilities within 50 metres;Darkness - lights lit;Fine no high winds;Dry;None;None;Rural;Yes;E01033585;2;1;Driver or rider;Female;25;5;Slight;Not a Pedestrian;Not a Pedestrian;Not car passenger;Not a bus or coach passenger;No / Not applicable;9;Cyclist;Most deprived 10%;2;Car;No tow/articulation;Going ahead other;On main c'way - not in restricted lane;Not at or within 20 metres of junction;None;None;Did not leave carriageway;None;Front;1;Not known;Female;25;21 - 25;-1;-1;-1;1;Urban area;1
2019010158074;512934;177535;-0.374893;51.485501;Metropolitan Police;Slight;1;1;17/01/2019;Thursday;17:09;Hounslow;Hounslow;C;0;Single carriageway;20 MPH;Not at junction or within 20 metres;Data missing or out of range;-1;0;None within 50 metres ;No physical crossing facilities within 50 metres;Darkness - lights lit;Fine no high winds;Dry;None;None;Urban;Yes;E01002626;1;1;Pedestrian;Male;3;1;Slight;In carriageway, crossing elsewhere;Crossing from driver's nearside;Not car passenger;Not a bus or coach passenger;No / Not applicable;0;Cyclist;Less deprived 40-50%;1;Car;No tow/articulation;Moving off;On main c'way - not in restricted lane;Not at or within 20 metres of junction;None;None;Did not leave carriageway;None;Nearside;1;Not known;Female;77;Over 75;-1;-1;-1;5;Urban area;5
2019010158076;533347;165751;-0.085495;51.375163;Metropolitan Police;Slight;1;1;17/01/2019;Thursday;17:19;Croydon;Croydon;C;0;Single carriageway;30 MPH;Not at junction or within 20 metres;Data missing or out of range;-1;0;None within 50 metres ;No physical crossing facilities within 50 metres;Darkness - lights lit;Fine no high winds;Dry;None;None;Urban;Yes;E01001050;1;1;Pedestrian;Male;14;3;Slight;In carriageway, crossing elsewhere;Crossing from driver's offside;Not car passenger;Not a bus or coach passenger;No / Not applicable;0;Cyclist;Less deprived 20-30%;1;Bus or coach (17 or more pass seats);No tow/articulation;Going ahead other;On main c'way - not in restricted lane;Not at or within 20 metres of junction;None;None;Did not leave carriageway;None;Front;1;Journey as part of work;Male;48;46 - 55;-1;-1;-1;5;Urban area;5
2019010158077;530507;190811;-0.11702;51.60103;Metropolitan Police;Slight;2;1;17/01/2019;Thursday;17:54;Haringey;Haringey;A;109;Single carriageway;30 MPH;Not at junction or within 20 metres;Data missing or out of range;-1;0;None within 50 metres ;Pelican, puffin, toucan or similar non-junction pedestrian light crossing;Darkness - lights lit;Fine no high winds;Dry;None;None;Urban;Yes;E01001972;1;1;Passenger;Male;6;2;Slight;Not a Pedestrian;Not a Pedestrian;Rear seat passenger;Not a bus or coach passenger;No / Not applicable;9;Cyclist;More deprived 10-20%;1;Car;No tow/articulation;Going ahead other;On main c'way - not in restricted lane;Not at or within 20 metres of junction;None;None;Did not leave carriageway;None;Back;1;Not known;Male;47;46 - 55;-1;-1;-1;2;Urban area;2
2019010158077;530507;190811;-0.11702;51.60103;Metropolitan Police;Slight;2;1;17/01/2019;Thursday;17:54;Haringey;Haringey;A;109;Single carriageway;30 MPH;Not at junction or within 20 metres;Data missing or out of range;-1;0;None within 50 metres ;Pelican, puffin, toucan or similar non-junction pedestrian light crossing;Darkness - lights lit;Fine no high winds;Dry;None;None;Urban;Yes;E01001972;1;1;Passenger;Male;6;2;Slight;Not a Pedestrian;Not a Pedestrian;Rear seat passenger;Not a bus or coach passenger;No / Not applicable;9;Cyclist;More deprived 10-20%;2;Car;No tow/articulation;Going ahead other;On main c'way - not in restricted lane;Not at or within 20 metres of junction;None;None;Did not leave carriageway;None;Front;1;Not known;Female;22;21 - 25;-1;-1;-1;2;Urban area;2
2019010158081;525045;186473;-0.197385;51.563283;Metropolitan Police;Slight;2;2;16/01/2019;Wednesday;13:37;Barnet;Barnet;A;598;Single carriageway;30 MPH;Slip road;Give way or uncontrolled;A;407;None within 50 metres ;No physical crossing facilities within 50 metres;Daylight;Fine no high winds;Dry;None;None;Urban;Yes;E01000140;1;1;Driver or rider;Female;38;7;Slight;Not a Pedestrian;Not a Pedestrian;Not car passenger;Not a bus or coach passenger;No / Not applicable;9;Cyclist;Less deprived 20-30%;1;Car;No tow/articulation;Waiting to turn left;On main c'way - not in restricted lane;Cleared junction or waiting/parked at junction exit;None;None;Did not leave carriageway;None;Back;1;Not known;Female;38;36 - 45;-1;-1;-1;8;Urban area;8
2019010158081;525045;186473;-0.197385;51.563283;Metropolitan Police;Slight;2;2;16/01/2019;Wednesday;13:37;Barnet;Barnet;A;598;Single carriageway;30 MPH;Slip road;Give way or uncontrolled;A;407;None within 50 metres ;No physical crossing facilities within 50 metres;Daylight;Fine no high winds;Dry;None;None;Urban;Yes;E01000140;1;1;Driver or rider;Female;38;7;Slight;Not a Pedestrian;Not a Pedestrian;Not car passenger;Not a bus or coach passenger;No / Not applicable;9;Cyclist;Less deprived 20-30%;2;Car;No tow/articulation;Waiting to turn left;On main c'way - not in restricted lane;Approaching junction or waiting/parked at junction approach;None;None;Did not leave carriageway;None;Front;1;Not known;Male;25;21 - 25;-1;-1;-1;3;Urban area;3
2019010158081;525045;186473;-0.197385;51.563283;Metropolitan Police;Slight;2;2;16/01/2019;Wednesday;13:37;Barnet;Barnet;A;598;Single carriageway;30 MPH;Slip road;Give way or uncontrolled;A;407;None within 50 metres ;No physical crossing facilities within 50 metres;Daylight;Fine no high winds;Dry;None;None;Urban;Yes;E01000140;1;2;Passenger;Male;56;9;Slight;Not a Pedestrian;Not a Pedestrian;Front seat passenger;Not a bus or coach passenger;No / Not applicable;9;Cyclist;More deprived 10-20%;1;Car;No tow/articulation;Waiting to turn left;On main c'way - not in restricted lane;Cleared junction or waiting/parked at junction exit;None;None;Did not leave carriageway;None;Back;1;Not known;Female;38;36 - 45;-1;-1;-1;8;Urban area;8
2019010158081;525045;186473;-0.197385;51.563283;Metropolitan Police;Slight;2;2;16/01/2019;Wednesday;13:37;Barnet;Barnet;A;598;Single carriageway;30 MPH;Slip road;Give way or uncontrolled;A;407;None within 50 metres ;No physical crossing facilities within 50 metres;Daylight;Fine no high winds;Dry;None;None;Urban;Yes;E01000140;1;2;Passenger;Male;56;9;Slight;Not a Pedestrian;Not a Pedestrian;Front seat passenger;Not a bus or coach passenger;No / Not applicable;9;Cyclist;More deprived 10-20%;2;Car;No tow/articulation;Waiting to turn left;On main c'way - not in restricted lane;Approaching junction or waiting/parked at junction approach;None;None;Did not leave carriageway;None;Front;1;Not known;Male;25;21 - 25;-1;-1;-1;3;Urban area;3
2019010158082;522855;188723;-0.228176;51.583985;Metropolitan Police;Slight;2;1;17/01/2019;Thursday;10:00;Barnet;Barnet;A;41;Dual carriageway;30 MPH;Data missing or out of range;Auto traffic signal;Unclassified;0;None within 50 metres ;Pedestrian phase at traffic signal junction;Daylight;Fine no high winds;Wet or damp;None;None;Urban;No - accident was reported using a self completion  form (self rep only);E01000237;1;1;Driver or rider;Female;22;5;Slight;Not a Pedestrian;Not a Pedestrian;Not car passenger;Not a bus or coach passenger;No / Not applicable;9;Cyclist;Least deprived 10%;1;Car;No tow/articulation;Data missing or out of range;Data missing or out of range;Data missing or out of range;Data missing or out of range;Data missing or out of range;Data missing or out of range;Data missing or out of range;Back;-1;Commuting to/from work;Female;22;21 - 25;-1;-1;-1;10;Urban area;10
2019010158082;522855;188723;-0.228176;51.583985;Metropolitan Police;Slight;2;1;17/01/2019;Thursday;10:00;Barnet;Barnet;A;41;Dual carriageway;30 MPH;Data missing or out of range;Auto traffic signal;Unclassified;0;None within 50 metres ;Pedestrian phase at traffic signal junction;Daylight;Fine no high winds;Wet or damp;None;None;Urban;No - accident was reported using a self completion  form (self rep only);E01000237;1;1;Driver or rider;Female;22;5;Slight;Not a Pedestrian;Not a Pedestrian;Not car passenger;Not a bus or coach passenger;No / Not applicable;9;Cyclist;Least deprived 10%;2;Car;No tow/articulation;Data missing or out of range;Data missing or out of range;Data missing or out of range;Data missing or out of range;Data missing or out of range;Data missing or out of range;Data missing or out of range;Front;-1;Not known;Male;42;36 - 45;-1;-1;-1;3;Urban area;3
2019010158083;533071;190760;-0.080041;51.599972;Metropolitan Police;Slight;2;1;17/01/2019;Thursday;18:15;Haringey;Haringey;A;10;Single carriageway;20 MPH;Crossroads;Give way or uncontrolled;Unclassified;0;None within 50 metres ;Pelican, puffin, toucan or similar non-junction pedestrian light crossing;Darkness - lights lit;Fine no high winds;Dry;None;None;Urban;Yes;E01002094;2;1;Driver or rider;Male;23;5;Slight;Not a Pedestrian;Not a Pedestrian;Not car passenger;Not a bus or coach passenger;No / Not applicable;3;Cyclist;More deprived 10-20%;1;Car;No tow/articulation;Turning right;On main c'way - not in restricted lane;Leaving main road;None;None;Did not leave carriageway;None;Offside;1;Not known;Male;43;36 - 45;-1;-1;-1;1;Urban area;1
2019010158083;533071;190760;-0.080041;51.599972;Metropolitan Police;Slight;2;1;17/01/2019;Thursday;18:15;Haringey;Haringey;A;10;Single carriageway;20 MPH;Crossroads;Give way or uncontrolled;Unclassified;0;None within 50 metres ;Pelican, puffin, toucan or similar non-junction pedestrian light crossing;Darkness - lights lit;Fine no high winds;Dry;None;None;Urban;Yes;E01002094;2;1;Driver or rider;Male;23;5;Slight;Not a Pedestrian;Not a Pedestrian;Not car passenger;Not a bus or coach passenger;No / Not applicable;3;Cyclist;More deprived 10-20%;2;Motorcycle 125cc and under;No tow/articulation;Going ahead other;On main c'way - not in restricted lane;Mid Junction - on roundabout or on main road;None;None;Did not leave carriageway;None;Front;1;Not known;Male;23;21 - 25;-1;-1;-1;2;Urban area;2
2019010158087;543455;185634;0.067696;51.551365;Metropolitan Police;Slight;3;1;17/01/2019;Thursday;18:04;Newham;Newham;A;406;Dual carriageway;50 MPH;Not at junction or within 20 metres;Data missing or out of range;-1;0;None within 50 metres ;No physical crossing facilities within 50 metres;Darkness - lights lit;Fine no high winds;Dry;None;None;Urban;Yes;E01003577;3;1;Driver or rider;Female;66;10;Slight;Not a Pedestrian;Not a Pedestrian;Not car passenger;Not a bus or coach passenger;No / Not applicable;9;Cyclist;More deprived 40-50%;1;Car;No tow/articulation;Slowing or stopping;On main c'way - not in restricted lane;Not at or within 20 metres of junction;None;None;Did not leave carriageway;None;Did not impact;1;Not known;Male;34;26 - 35;-1;-1;-1;2;Urban area;2
2019010158087;543455;185634;0.067696;51.551365;Metropolitan Police;Slight;3;1;17/01/2019;Thursday;18:04;Newham;Newham;A;406;Dual carriageway;50 MPH;Not at junction or within 20 metres;Data missing or out of range;-1;0;None within 50 metres ;No physical crossing facilities within 50 metres;Darkness - lights lit;Fine no high winds;Dry;None;None;Urban;Yes;E01003577;3;1;Driver or rider;Female;66;10;Slight;Not a Pedestrian;Not a Pedestrian;Not car passenger;Not a bus or coach passenger;No / Not applicable;9;Cyclist;More deprived 40-50%;2;Car;No tow/articulation;Slowing or stopping;On main c'way - not in restricted lane;Not at or within 20 metres of junction;None;None;Did not leave carriageway;None;Back;1;Not known;Female;28;26 - 35;-1;-1;-1;7;Urban area;7
2019010158087;543455;185634;0.067696;51.551365;Metropolitan Police;Slight;3;1;17/01/2019;Thursday;18:04;Newham;Newham;A;406;Dual carriageway;50 MPH;Not at junction or within 20 metres;Data missing or out of range;-1;0;None within 50 metres ;No physical crossing facilities within 50 metres;Darkness - lights lit;Fine no high winds;Dry;None;None;Urban;Yes;E01003577;3;1;Driver or rider;Female;66;10;Slight;Not a Pedestrian;Not a Pedestrian;Not car passenger;Not a bus or coach passenger;No / Not applicable;9;Cyclist;More deprived 40-50%;3;Car;No tow/articulation;Slowing or stopping;On main c'way - not in restricted lane;Not at or within 20 metres of junction;None;None;Did not leave carriageway;None;Front;1;Not known;Female;66;66 - 75;-1;-1;-1;5;Urban area;5
2019010158090;546972;166416;0.110402;51.377779;Metropolitan Police;Slight;1;3;17/01/2019;Thursday;14:45;Bromley;Bromley;Unclassified;0;Single carriageway;30 MPH;Roundabout;Data missing or out of range;Unclassified;0;None within 50 metres ;Data missing or out of range;Daylight;Other;Dry;None;None;Urban;No - accident was reported using a self completion  form (self rep only);E01000791;1;1;Pedestrian;Female;26;6;Slight;In centre of carriageway - not on refuge, island or central reservation;Crossing from driver's offside;Not car passenger;Not a bus or coach passenger;No / Not applicable;0;Cyclist;More deprived 10-20%;1;Car;No tow/articulation;Data missing or out of range;Data missing or out of range;Data missing or out of range;Data missing or out of range;Data missing or out of range;Data missing or out of range;Data missing or out of range;Front;-1;Not known;Female;81;Over 75;-1;-1;-1;7;Urban area;7
2019010158090;546972;166416;0.110402;51.377779;Metropolitan Police;Slight;1;3;17/01/2019;Thursday;14:45;Bromley;Bromley;Unclassified;0;Single carriageway;30 MPH;Roundabout;Data missing or out of range;Unclassified;0;None within 50 metres ;Data missing or out of range;Daylight;Other;Dry;None;None;Urban;No - accident was reported using a self completion  form (self rep only);E01000791;1;2;Pedestrian;Female;3;1;Slight;Crossing on pedestrian crossing facility;Unknown or other;Not car passenger;Not a bus or coach passenger;No / Not applicable;0;Cyclist;More deprived 10-20%;1;Car;No tow/articulation;Data missing or out of range;Data missing or out of range;Data missing or out of range;Data missing or out of range;Data missing or out of range;Data missing or out of range;Data missing or out of range;Front;-1;Not known;Female;81;Over 75;-1;-1;-1;7;Urban area;7
2019010158090;546972;166416;0.110402;51.377779;Metropolitan Police;Slight;1;3;17/01/2019;Thursday;14:45;Bromley;Bromley;Unclassified;0;Single carriageway;30 MPH;Roundabout;Data missing or out of range;Unclassified;0;None within 50 metres ;Data missing or out of range;Daylight;Other;Dry;None;None;Urban;No - accident was reported using a self completion  form (self rep only);E01000791;1;3;Pedestrian;Female;2;1;Slight;Crossing on pedestrian crossing facility;Unknown or other;Not car passenger;Not a bus or coach passenger;No / Not applicable;0;Cyclist;More deprived 10-20%;1;Car;No tow/articulation;Data missing or out of range;Data missing or out of range;Data missing or out of range;Data missing or out of range;Data missing or out of range;Data missing or out of range;Data missing or out of range;Front;-1;Not known;Female;81;Over 75;-1;-1;-1;7;Urban area;7
2019010158092;522844;186942;-0.228958;51.567981;Metropolitan Police;Slight;1;1;17/01/2019;Thursday;12:10;Brent;Brent;A;5;Dual carriageway;30 MPH;Not at junction or within 20 metres;Data missing or out of range;-1;0;None within 50 metres ;No physical crossing facilities within 50 metres;Daylight;Unknown;Dry;None;None;Urban;Yes;E01000497;1;1;Passenger;Male;41;7;Slight;Not a Pedestrian;Not a Pedestrian;Not car passenger;Standing passenger;No / Not applicable;11;Cyclist;More deprived 30-40%;1;Bus or coach (17 or more pass seats);No tow/articulation;Slowing or stopping;Bus lane;Not at or within 20 metres of junction;None;None;Did not leave carriageway;None;Did not impact;1;Journey as part of work;Not known;18;16 - 20;-1;-1;-1;-1;Data missing or out of range;-1
2019010158093;524736;179119;-0.204444;51.49726;Metropolitan Police;Slight;2;1;17/01/2019;Thursday;20:32;Kensington and Chelsea;Kensington and Chelsea;A;315;Single carriageway;30 MPH;Crossroads;Auto traffic signal;A;3220;None within 50 metres ;Pedestrian phase at traffic signal junction;Darkness - lights lit;Fine no high winds;Dry;None;None;Urban;Yes;E01002867;2;1;Driver or rider;Male;56;9;Slight;Not a Pedestrian;Not a Pedestrian;Not car passenger;Not a bus or coach passenger;No / Not applicable;3;Cyclist;More deprived 10-20%;1;Car;No tow/articulation;Slowing or stopping;On main c'way - not in restricted lane;Cleared junction or waiting/parked at junction exit;None;None;Did not leave carriageway;None;Back;1;Not known;Not known;-1;Data missing or out of range;-1;-1;-1;-1;Data missing or out of range;-1
2019010158093;524736;179119;-0.204444;51.49726;Metropolitan Police;Slight;2;1;17/01/2019;Thursday;20:32;Kensington and Chelsea;Kensington and Chelsea;A;315;Single carriageway;30 MPH;Crossroads;Auto traffic signal;A;3220;None within 50 metres ;Pedestrian phase at traffic signal junction;Darkness - lights lit;Fine no high winds;Dry;None;None;Urban;Yes;E01002867;2;1;Driver or rider;Male;56;9;Slight;Not a Pedestrian;Not a Pedestrian;Not car passenger;Not a bus or coach passenger;No / Not applicable;3;Cyclist;More deprived 10-20%;2;Motorcycle 125cc and under;No tow/articulation;Going ahead other;On main c'way - not in restricted lane;Cleared junction or waiting/parked at junction exit;None;None;Did not leave carriageway;None;Back;1;Journey as part of work;Male;56;56 - 65;-1;-1;-1;2;Urban area;2
2019010158099;520134;186393;-0.268228;51.56363;Metropolitan Police;Slight;1;1;17/01/2019;Thursday;17:45;Brent;Brent;Unclassified;0;Roundabout;20 MPH;Roundabout;Give way or uncontrolled;Unclassified;0;None within 50 metres ;No physical crossing facilities within 50 metres;Darkness - lights lit;Fine no high winds;Dry;None;None;Urban;Yes;E01000482;1;1;Driver or rider;Female;33;6;Slight;Not a Pedestrian;Not a Pedestrian;Not car passenger;Not a bus or coach passenger;No / Not applicable;9;Cyclist;More deprived 10-20%;1;Car;No tow/articulation;Turning right;Footway (pavement);Leaving roundabout;None;Kerb;Straight ahead at junction;Wall or fence;Front;1;Not known;Female;33;26 - 35;-1;-1;-1;2;Urban area;2
2019010158100;507843;181546;-0.44696;51.522546;Metropolitan Police;Slight;2;1;16/01/2019;Wednesday;17:10;Hillingdon;Hillingdon;A;437;One way street;30 MPH;Slip road;Auto traffic signal;B;465;None within 50 metres ;Pedestrian phase at traffic signal junction;Darkness - lights lit;Fine no high winds;Dry;None;None;Urban;Yes;E01002400;2;1;Passenger;Female;16;4;Slight;Not a Pedestrian;Not a Pedestrian;Rear seat passenger;Not a bus or coach passenger;No / Not applicable;9;Cyclist;More deprived 20-30%;1;Car;No tow/articulation;Going ahead other;On main c'way - not in restricted lane;Mid Junction - on roundabout or on main road;None;None;Did not leave carriageway;None;Back;1;Not known;Female;-1;Data missing or out of range;-1;-1;-1;-1;Data missing or out of range;-1
2019010158100;507843;181546;-0.44696;51.522546;Metropolitan Police;Slight;2;1;16/01/2019;Wednesday;17:10;Hillingdon;Hillingdon;A;437;One way street;30 MPH;Slip road;Auto traffic signal;B;465;None within 50 metres ;Pedestrian phase at traffic signal junction;Darkness - lights lit;Fine no high winds;Dry;None;None;Urban;Yes;E01002400;2;1;Passenger;Female;16;4;Slight;Not a Pedestrian;Not a Pedestrian;Rear seat passenger;Not a bus or coach passenger;No / Not applicable;9;Cyclist;More deprived 20-30%;2;Car;No tow/articulation;Going ahead other;On main c'way - not in restricted lane;Mid Junction - on roundabout or on main road;None;None;Did not leave carriageway;None;Front;1;Not known;Male;-1;Data missing or out of range;-1;-1;-1;3;Urban area;3
2019010158102;529254;182323;-0.13822;51.52504;Metropolitan Police;Slight;2;1;17/01/2019;Thursday;14:24;Camden;Camden;A;501;Single carriageway;30 MPH;Crossroads;Auto traffic signal;A;400;None within 50 metres ;Pedestrian phase at traffic signal junction;Daylight;Fine no high winds;Dry;None;None;Urban;Yes;E01000854;2;1;Driver or rider;Male;29;6;Slight;Not a Pedestrian;Not a Pedestrian;Not car passenger;Not a bus or coach passenger;No / Not applicable;2;Cyclist;Most deprived 10%;1;Taxi/Private hire car;No tow/articulation;Changing lane to left;On main c'way - not in restricted lane;Mid Junction - on roundabout or on main road;None;None;Did not leave carriageway;None;Offside;1;Journey as part of work;Male;47;46 - 55;-1;-1;-1;2;Urban area;2
2019010158102;529254;182323;-0.13822;51.52504;Metropolitan Police;Slight;2;1;17/01/2019;Thursday;14:24;Camden;Camden;A;501;Single carriageway;30 MPH;Crossroads;Auto traffic signal;A;400;None within 50 metres ;Pedestrian phase at traffic signal junction;Daylight;Fine no high winds;Dry;None;None;Urban;Yes;E01000854;2;1;Driver or rider;Male;29;6;Slight;Not a Pedestrian;Not a Pedestrian;Not car passenger;Not a bus or coach passenger;No / Not applicable;2;Cyclist;Most deprived 10%;2;Motorcycle 50cc and under;No tow/articulation;Turning right;On main c'way - not in restricted lane;Mid Junction - on roundabout or on main road;None;None;Did not leave carriageway;None;Front;1;Journey as part of work;Male;29;26 - 35;-1;-1;-1;1;Urban area;1
2019010158103;533275;186566;-0.078687;51.562235;Metropolitan Police;Slight;2;3;17/01/2019;Thursday;19:56;Hackney;Hackney;B;104;Single carriageway;20 MPH;T or staggered junction;Give way or uncontrolled;Unclassified;0;None within 50 metres ;Central refuge;Darkness - lights lit;Fine no high winds;Dry;None;None;Urban;Yes;E01001805;1;1;Driver or rider;Female;47;8;Slight;Not a Pedestrian;Not a Pedestrian;Not car passenger;Not a bus or coach passenger;No / Not applicable;9;Cyclist;More deprived 20-30%;1;Car;No tow/articulation;Slowing or stopping;On main c'way - not in restricted lane;Cleared junction or waiting/parked at junction exit;None;None;Did not leave carriageway;None;Nearside;1;Not known;Female;47;46 - 55;-1;-1;-1;3;Urban area;3
2019010158103;533275;186566;-0.078687;51.562235;Metropolitan Police;Slight;2;3;17/01/2019;Thursday;19:56;Hackney;Hackney;B;104;Single carriageway;20 MPH;T or staggered junction;Give way or uncontrolled;Unclassified;0;None within 50 metres ;Central refuge;Darkness - lights lit;Fine no high winds;Dry;None;None;Urban;Yes;E01001805;1;1;Driver or rider;Female;47;8;Slight;Not a Pedestrian;Not a Pedestrian;Not car passenger;Not a bus or coach passenger;No / Not applicable;9;Cyclist;More deprived 20-30%;2;Car;No tow/articulation;Going ahead other;Footway (pavement);Cleared junction or waiting/parked at junction exit;None;Kerb;Straight ahead at junction;Wall or fence;Front;1;Not known;Male;31;26 - 35;-1;-1;-1;-1;Data missing or out of range;-1
2019010158103;533275;186566;-0.078687;51.562235;Metropolitan Police;Slight;2;3;17/01/2019;Thursday;19:56;Hackney;Hackney;B;104;Single carriageway;20 MPH;T or staggered junction;Give way or uncontrolled;Unclassified;0;None within 50 metres ;Central refuge;Darkness - lights lit;Fine no high winds;Dry;None;None;Urban;Yes;E01001805;1;2;Passenger;Female;54;8;Slight;Not a Pedestrian;Not a Pedestrian;Front seat passenger;Not a bus or coach passenger;No / Not applicable;9;Cyclist;More deprived 40-50%;1;Car;No tow/articulation;Slowing or stopping;On main c'way - not in restricted lane;Cleared junction or waiting/parked at junction exit;None;None;Did not leave carriageway;None;Nearside;1;Not known;Female;47;46 - 55;-1;-1;-1;3;Urban area;3
2019010158103;533275;186566;-0.078687;51.562235;Metropolitan Police;Slight;2;3;17/01/2019;Thursday;19:56;Hackney;Hackney;B;104;Single carriageway;20 MPH;T or staggered junction;Give way or uncontrolled;Unclassified;0;None within 50 metres ;Central refuge;Darkness - lights lit;Fine no high winds;Dry;None;None;Urban;Yes;E01001805;1;2;Passenger;Female;54;8;Slight;Not a Pedestrian;Not a Pedestrian;Front seat passenger;Not a bus or coach passenger;No / Not applicable;9;Cyclist;More deprived 40-50%;2;Car;No tow/articulation;Going ahead other;Footway (pavement);Cleared junction or waiting/parked at junction exit;None;Kerb;Straight ahead at junction;Wall or fence;Front;1;Not known;Male;31;26 - 35;-1;-1;-1;-1;Data missing or out of range;-1
2019010158103;533275;186566;-0.078687;51.562235;Metropolitan Police;Slight;2;3;17/01/2019;Thursday;19:56;Hackney;Hackney;B;104;Single carriageway;20 MPH;T or staggered junction;Give way or uncontrolled;Unclassified;0;None within 50 metres ;Central refuge;Darkness - lights lit;Fine no high winds;Dry;None;None;Urban;Yes;E01001805;2;3;Driver or rider;Male;31;6;Slight;Not a Pedestrian;Not a Pedestrian;Not car passenger;Not a bus or coach passenger;No / Not applicable;9;-1;Data missing or out of range;1;Car;No tow/articulation;Slowing or stopping;On main c'way - not in restricted lane;Cleared junction or waiting/parked at junction exit;None;None;Did not leave carriageway;None;Nearside;1;Not known;Female;47;46 - 55;-1;-1;-1;3;Urban area;3