Accident_Index;Location_Easting_OSGR;Location_Northing_OSGR;Longitude;Latitude;Police_Force;Accident_Severity;Number_of_Vehicles;Number_of_Casualties;Date;Day_of_Week;Time;Local_Authority_(District);Local_Authority_(Highway);1st_Road_Class;1st_Road_Number;Road_Type;Speed_limit;Junction_Detail;Junction_Control;2nd_Road_Class;2nd_Road_Number;Pedestrian_Crossing-Human_Control;Pedestrian_Crossing-Physical_Facilities;Light_Conditions;Weather_Conditions;Road_Surface_Conditions;Special_Conditions_at_Site;Carriageway_Hazards;Urban_or_Rural_Area;Did_Police_Officer_Attend_Scene_of_Accident;LSOA_of_Accident_Location;Vehicle_Reference_x;Casualty_Reference;Casualty_Class;Sex_of_Casualty;Age_of_Casualty;Age_Band_of_Casualty;Casualty_Severity;Pedestrian_Location;Pedestrian_Movement;Car_Passenger;Bus_or_Coach_Passenger;Pedestrian_Road_Maintenance_Worker;Casualty_Type;Casualty_Home_Area_Type;Casualty_IMD_Decile;Vehicle_Reference_y;Vehicle_Type;Towing_and_Articulation;Vehicle_Manoeuvre;Vehicle_Location-Restricted_Lane;Junction_Location;Skidding_and_Overturning;Hit_Object_in_Carriageway;Vehicle_Leaving_Carriageway;Hit_Object_off_Carriageway;1st_Point_of_Impact;Was_Vehicle_Left_Hand_Drive?;Journey_Purpose_of_Driver;Sex_of_Driver;Age_of_Driver;Age_Band_of_Driver;Engine_Capacity_(CC);Propulsion_Code;Age_of_Vehicle;Driver_IMD_Decile;Driver_Home_Area_Type;Vehicle_IMD_Decile
2019010158330;514214;180254;-0.355587;51.509682;Metropolitan Police;Slight;2;1;19/01/2019;Saturday;09:16;Ealing;Ealing;A;4127;Dual carriageway;30 MPH;T or staggered junction;Auto traffic signal;A;4020;None within 50 metres ;Pedestrian phase at traffic signal junction;Daylight;Fine no high winds;Dry;None;None;Urban;Yes;E01001220;1;1;Passenger;Male;30;6;Slight;Not a Pedestrian;Not a Pedestrian;Not car passenger;Not a bus or coach passenger;No / Not applicable;90;Cyclist;More deprived 30-40%;1;Other vehicle;No tow/articulation;Waiting to go - held up;On main c'way - not in restricted lane;Approaching junction or waiting/parked at junction approach;None;None;Did not leave carriageway;None;Offside;1;Not known;Female;24;21 - 25;-1;-1;-1;9;Urban area;9
2019010158330;514214;180254;-0.355587;51.509682;Metropolitan Police;Slight;2;1;19/01/2019;Saturday;09:16;Ealing;Ealing;A;4127;Dual carriageway;30 MPH;T or staggered junction;Auto traffic signal;A;4020;None within 50 metres ;Pedestrian phase at traffic signal junction;Daylight;Fine no high winds;Dry;None;None;Urban;Yes;E01001220;1;1;Passenger;Male;30;6;Slight;Not a Pedestrian;Not a Pedestrian;Not car passenger;Not a bus or coach passenger;No / Not applicable;90;Cyclist;More deprived 30-40%;2;Car;No tow/articulation;Waiting to go - held up;On main c'way - not in restricted lane;Approaching junction or waiting/parked at junction approach;None;None;Did not leave carriageway;None;Nearside;1;Taking pupil to/from school;Female;37;36 - 45;-1;-1;-1;2;Urban area;2
2019010158335;526258;191755;-0.177997;51.610482;Metropolitan Police;Slight;2;1;18/01/2019;Friday;16:00;Barnet;Barnet;Unclassified;0;Single carriageway;20 MPH;Data missing or out of range;Data missing or out of range;Unclassified;0;Data missing or out of range;Central refuge;Daylight;Fine no high winds;Dry;None;None;Urban;No - accident was reported using a self completion  form (self rep only);E01000317;1;1;Driver or rider;Female;68;10;Slight;Not a Pedestrian;Not a Pedestrian;Not car passenger;Not a bus or coach passenger;No / Not applicable;9;Cyclist;Least deprived 10%;1;Car;No tow/articulation;Data missing or out of range;Data missing or out of range;Data missing or out of range;Data missing or out of range;Data missing or out of range;Data missing or out of range;Data missing or out of range;Front;-1;Not known;Female;68;66 - 75;-1;-1;-1;10;Urban area;10
2019010158335;526258;191755;-0.177997;51.610482;Metropolitan Police;Slight;2;1;18/01/2019;Friday;16:00;Barnet;Barnet;Unclassified;0;Single carriageway;20 MPH;Data missing or out of range;Data missing or out of range;Unclassified;0;Data missing or out of range;Central refuge;Daylight;Fine no high winds;Dry;None;None;Urban;No - accident was reported using a self completion  form (self rep only);E01000317;1;1;Driver or rider;Female;68;10;Slight;Not a Pedestrian;Not a Pedestrian;Not car passenger;Not a bus or coach passenger;No / Not applicable;9;Cyclist;Least deprived 10%;2;Car;No tow/articulation;Data missing or out of range;Data missing or out of range;Data missing or out of range;Data missing or out of range;Data missing or out of range;Data missing or out of range;Data missing or out of range;Data missing or out of range;-1;Not known;Female;28;26 - 35;-1;-1;-1;9;Urban area;9
2019010158336;542601;182881;0.054273;51.526843;Metropolitan Police;Slight;2;1;18/01/2019;Friday;14:37;Newham;Newham;Unclassified;0;Slip road;20 MPH;T or staggered junction;Give way or uncontrolled;Unclassified;0;None within 50 metres ;No physical crossing facilities within 50 metres;Daylight;Fine no high winds;Dry;None;None;Urban;No - accident was reported using a self completion  form (self rep only);E01003537;1;1;Driver or rider;Male;35;6;Slight;Not a Pedestrian;Not a Pedestrian;Not car passenger;Not a bus or coach passenger;No / Not applicable;9;Cyclist;More deprived 30-40%;1;Car;No tow/articulation;Data missing or out of range;Data missing or out of range;Data missing or out of range;Data missing or out of range;Data missing or out of range;Data missing or out of range;Data missing or out of range;Offside;-1;Not known;Male;35;26 - 35;-1;-1;-1;4;Urban area;4
2019010158336;542601;182881;0.054273;51.526843;Metropolitan Police;Slight;2;1;18/01/2019;Friday;14:37;Newham;Newham;Unclassified;0;Slip road;20 MPH;T or staggered junction;Give way or uncontrolled;Unclassified;0;None within 50 metres ;No physical crossing facilities within 50 metres;Daylight;Fine no high winds;Dry;None;None;Urban;No - accident was reported using a self completion  form (self rep only);E01003537;1;1;Driver or rider;Male;35;6;Slight;Not a Pedestrian;Not a Pedestrian;Not car passenger;Not a bus or coach passenger;No / Not applicable;9;Cyclist;More deprived 30-40%;2;Car;No tow/articulation;Data missing or out of range;Data missing or out of range;Data missing or out of range;Data missing or out of range;Data missing or out of range;Data missing or out of range;Data missing or out of range;Front;-1;Not known;Not known;-1;Data missing or out of range;-1;-1;-1;-1;Data missing or out of range;-1
2019010158344;552046;183336;0.19052;51.52847;Metropolitan Police;Slight;1;1;19/01/2019;Saturday;12:30;Havering;Havering;A;125;Unknown;30 MPH;T or staggered junction;Give way or uncontrolled;Unclassified;0;Data missing or out of range;Data missing or out of range;Daylight;Unknown;Data missing or out of range;Data missing or out of range;Data missing or out of range;Urban;No - accident was reported using a self completion  form (self rep only);E01002374;1;1;Pedestrian;Female;34;6;Slight;Unknown or other;Unknown or other;Not car passenger;Not a bus or coach passenger;No / Not applicable;0;Cyclist;More deprived 20-30%;1;Car;Data missing or out of range;Data missing or out of range;Data missing or out of range;Approaching junction or waiting/parked at junction approach;Data missing or out of range;Data missing or out of range;Data missing or out of range;Data missing or out of range;Data missing or out of range;-1;Not known;Not known;-1;Data missing or out of range;-1;-1;-1;-1;Data missing or out of range;-1
2019010158345;528530;173369;-0.151906;51.444736;Metropolitan Police;Slight;2;1;19/01/2019;Saturday;10:30;Wandsworth;Wandsworth;Unclassified;0;Single carriageway;30 MPH;T or staggered junction;Give way or uncontrolled;A;24;None within 50 metres ;No physical crossing facilities within 50 metres;Daylight;Fine no high winds;Dry;None;None;Urban;Yes;E01004474;1;1;Pedestrian;Female;58;9;Slight;In centre of carriageway - not on refuge, island or central reservation;Crossing from driver's nearside;Not car passenger;Not a bus or coach passenger;No / Not applicable;0;Cyclist;Least deprived 10%;1;Car;No tow/articulation;Waiting to go - held up;On main c'way - not in restricted lane;Approaching junction or waiting/parked at junction approach;None;None;Did not leave carriageway;None;Front;1;Not known;Female;43;36 - 45;-1;-1;-1;7;Urban area;7
2019010158345;528530;173369;-0.151906;51.444736;Metropolitan Police;Slight;2;1;19/01/2019;Saturday;10:30;Wandsworth;Wandsworth;Unclassified;0;Single carriageway;30 MPH;T or staggered junction;Give way or uncontrolled;A;24;None within 50 metres ;No physical crossing facilities within 50 metres;Daylight;Fine no high winds;Dry;None;None;Urban;Yes;E01004474;1;1;Pedestrian;Female;58;9;Slight;In centre of carriageway - not on refuge, island or central reservation;Crossing from driver's nearside;Not car passenger;Not a bus or coach passenger;No / Not applicable;0;Cyclist;Least deprived 10%;2;Car;No tow/articulation;Waiting to go - held up;On main c'way - not in restricted lane;Approaching junction or waiting/parked at junction approach;None;None;Did not leave carriageway;None;Back;1;Not known;Male;29;26 - 35;-1;-1;-1;6;Urban area;6
2019010158347;542614;183580;0.054743;51.533121;Metropolitan Police;Slight;2;1;19/01/2019;Saturday;11:30;Newham;Newham;A;124;Unknown;30 MPH;Other junction;Auto traffic signal;A;117;Data missing or out of range;Pedestrian phase at traffic signal junction;Daylight;Fine no high winds;Dry;Data missing or out of range;Data missing or out of range;Urban;No - accident was reported using a self completion  form (self rep only);E01003521;1;1;Driver or rider;Male;31;6;Slight;Not a Pedestrian;Not a Pedestrian;Not car passenger;Not a bus or coach passenger;No / Not applicable;9;Cyclist;More deprived 10-20%;1;Car;No tow/articulation;Data missing or out of range;Data missing or out of range;Data missing or out of range;Data missing or out of range;Data missing or out of range;Data missing or out of range;Data missing or out of range;Front;1;Not known;Male;31;26 - 35;-1;-1;-1;2;Urban area;2
2019010158347;542614;183580;0.054743;51.533121;Metropolitan Police;Slight;2;1;19/01/2019;Saturday;11:30;Newham;Newham;A;124;Unknown;30 MPH;Other junction;Auto traffic signal;A;117;Data missing or out of range;Pedestrian phase at traffic signal junction;Daylight;Fine no high winds;Dry;Data missing or out of range;Data missing or out of range;Urban;No - accident was reported using a self completion  form (self rep only);E01003521;1;1;Driver or rider;Male;31;6;Slight;Not a Pedestrian;Not a Pedestrian;Not car passenger;Not a bus or coach passenger;No / Not applicable;9;Cyclist;More deprived 10-20%;2;Car;Data missing or out of range;Data missing or out of range;Data missing or out of range;Data missing or out of range;Data missing or out of range;None;Did not leave carriageway;None;Data missing or out of range;1;Not known;Male;-1;Data missing or out of range;-1;-1;-1;2;Urban area;2
2019010158349;527958;188474;-0.154655;51.580613;Metropolitan Police;Slight;2;1;18/01/2019;Friday;17:21;Haringey;Haringey;A;1;Dual carriageway;30 MPH;Other junction;Give way or uncontrolled;A;1;None within 50 metres ;No physical crossing facilities within 50 metres;Darkness - lights lit;Fine no high winds;Dry;None;None;Urban;Yes;E01002010;2;1;Driver or rider;Male;42;7;Slight;Not a Pedestrian;Not a Pedestrian;Not car passenger;Not a bus or coach passenger;No / Not applicable;5;Cyclist;More deprived 10-20%;1;Car;No tow/articulation;Going ahead right-hand bend;On main c'way - not in restricted lane;Cleared junction or waiting/parked at junction exit;None;None;Did not leave carriageway;None;Front;1;Commuting to/from work;Male;53;46 - 55;-1;-1;-1;7;Urban area;7
2019010158349;527958;188474;-0.154655;51.580613;Metropolitan Police;Slight;2;1;18/01/2019;Friday;17:21;Haringey;Haringey;A;1;Dual carriageway;30 MPH;Other junction;Give way or uncontrolled;A;1;None within 50 metres ;No physical crossing facilities within 50 metres;Darkness - lights lit;Fine no high winds;Dry;None;None;Urban;Yes;E01002010;2;1;Driver or rider;Male;42;7;Slight;Not a Pedestrian;Not a Pedestrian;Not car passenger;Not a bus or coach passenger;No / Not applicable;5;Cyclist;More deprived 10-20%;2;Motorcycle over 500cc;No tow/articulation;Going ahead left-hand bend;On main c'way - not in restricted lane;Cleared junction or waiting/parked at junction exit;None;None;Did not leave carriageway;None;Offside;1;Commuting to/from work;Male;42;36 - 45;-1;-1;-1;2;Urban area;2
2019010158355;518074;164441;-0.305258;51.366766;Metropolitan Police;Slight;1;1;19/01/2019;Saturday;11:35;Kingston upon Thames;Kingston upon Thames;Unclassified;0;Single carriageway;30 MPH;Other junction;Give way or uncontrolled;Unclassified;0;None within 50 metres ;No physical crossing facilities within 50 metres;Daylight;Fine no high winds;Dry;None;None;Urban;Yes;E01002940;1;1;Pedestrian;Female;18;4;Slight;In centre of carriageway - not on refuge, island or central reservation;Crossing from nearside - masked by parked or stationary vehicle;Not car passenger;Not a bus or coach passenger;No / Not applicable;0;Cyclist;Less deprived 30-40%;1;Car;No tow/articulation;Going ahead other;On main c'way - not in restricted lane;Cleared junction or waiting/parked at junction exit;None;None;Did not leave carriageway;None;Front;1;Not known;Male;38;36 - 45;-1;-1;-1;8;Urban area;8
2019010158358;530704;182752;-0.117171;51.528562;Metropolitan Police;Slight;3;1;19/01/2019;Saturday;11:52;Camden;Camden;C;0;One way street;20 MPH;T or staggered junction;Give way or uncontrolled;Unclassified;0;None within 50 metres ;Zebra;Daylight;Fine no high winds;Dry;None;None;Urban;Yes;E01000938;2;1;Driver or rider;Male;23;5;Slight;Not a Pedestrian;Not a Pedestrian;Not car passenger;Not a bus or coach passenger;No / Not applicable;3;Cyclist;More deprived 30-40%;1;Car;No tow/articulation;Going ahead other;On main c'way - not in restricted lane;Approaching junction or waiting/parked at junction approach;None;None;Did not leave carriageway;None;Front;1;Not known;Male;40;36 - 45;-1;-1;-1;3;Urban area;3
2019010158358;530704;182752;-0.117171;51.528562;Metropolitan Police;Slight;3;1;19/01/2019;Saturday;11:52;Camden;Camden;C;0;One way street;20 MPH;T or staggered junction;Give way or uncontrolled;Unclassified;0;None within 50 metres ;Zebra;Daylight;Fine no high winds;Dry;None;None;Urban;Yes;E01000938;2;1;Driver or rider;Male;23;5;Slight;Not a Pedestrian;Not a Pedestrian;Not car passenger;Not a bus or coach passenger;No / Not applicable;3;Cyclist;More deprived 30-40%;2;Motorcycle 125cc and under;No tow/articulation;Going ahead other;On main c'way - not in restricted lane;Approaching junction or waiting/parked at junction approach;None;None;Did not leave carriageway;None;Back;1;Not known;Male;23;21 - 25;-1;-1;-1;4;Urban area;4
2019010158358;530704;182752;-0.117171;51.528562;Metropolitan Police;Slight;3;1;19/01/2019;Saturday;11:52;Camden;Camden;C;0;One way street;20 MPH;T or staggered junction;Give way or uncontrolled;Unclassified;0;None within 50 metres ;Zebra;Daylight;Fine no high winds;Dry;None;None;Urban;Yes;E01000938;2;1;Driver or rider;Male;23;5;Slight;Not a Pedestrian;Not a Pedestrian;Not car passenger;Not a bus or coach passenger;No / Not applicable;3;Cyclist;More deprived 30-40%;3;Car;No tow/articulation;Parked;On main c'way - not in restricted lane;Approaching junction or waiting/parked at junction approach;None;None;Did not leave carriageway;None;Nearside;1;Not known;Not known;-1;Data missing or out of range;-1;-1;-1;-1;Data missing or out of range;-1
2019010158359;537287;187771;-0.020373;51.572102;Metropolitan Police;Slight;1;1;19/01/2019;Saturday;11:50;Waltham Forest;Waltham Forest;C;0;Single carriageway;20 MPH;T or staggered junction;Give way or uncontrolled;A;104;None within 50 metres ;Zebra;Daylight;Fine no high winds;Dry;Roadworks;None;Urban;Yes;E01004424;1;1;Pedestrian;Female;61;9;Slight;Crossing on pedestrian crossing facility;Crossing from driver's nearside;Not car passenger;Not a bus or coach passenger;No / Not applicable;0;-1;Data missing or out of range;1;Car;No tow/articulation;Moving off;On main c'way - not in restricted lane;Approaching junction or waiting/parked at junction approach;None;None;Offside;None;Front;1;Not known;Female;36;36 - 45;-1;-1;-1;-1;Data missing or out of range;-1
2019010158367;520029;166098;-0.276629;51.381249;Metropolitan Police;Slight;1;1;19/01/2019;Saturday;13:30;Kingston upon Thames;Kingston upon Thames;Unclassified;0;Single carriageway;20 MPH;T or staggered junction;Give way or uncontrolled;Unclassified;0;None within 50 metres ;No physical crossing facilities within 50 metres;Daylight;Fine no high winds;Dry;None;None;Urban;Yes;E01002918;1;1;Pedestrian;Female;10;2;Slight;In carriageway, crossing elsewhere;Crossing from nearside - masked by parked or stationary vehicle;Not car passenger;Not a bus or coach passenger;No / Not applicable;0;Cyclist;Less deprived 30-40%;1;Car;No tow/articulation;Going ahead other;On main c'way - not in restricted lane;Cleared junction or waiting/parked at junction exit;None;None;Did not leave carriageway;None;Front;1;Not known;Male;23;21 - 25;-1;-1;-1;7;Urban area;7
2019010158368;526382;191903;-0.176154;51.611784;Metropolitan Police;Slight;1;1;19/01/2019;Saturday;14:40;Barnet;Barnet;Unclassified;0;Single carriageway;30 MPH;Not at junction or within 20 metres;Data missing or out of range;-1;0;None within 50 metres ;No physical crossing facilities within 50 metres;Daylight;Fine no high winds;Dry;None;None;Urban;Yes;E01000299;1;1;Pedestrian;Male;24;5;Slight;In carriageway, crossing elsewhere;Crossing from driver's nearside;Not car passenger;Not a bus or coach passenger;No / Not applicable;0;Cyclist;Less deprived 40-50%;1;Car;No tow/articulation;Going ahead other;On main c'way - not in restricted lane;Not at or within 20 metres of junction;None;None;Did not leave carriageway;None;Front;1;Not known;Not known;-1;Data missing or out of range;-1;-1;-1;-1;Data missing or out of range;-1
2019010158378;531592;189461;-0.101869;51.588646;Metropolitan Police;Slight;1;4;19/01/2019;Saturday;13:55;Haringey;Haringey;A;105;Single carriageway;30 MPH;T or staggered junction;Give way or uncontrolled;A;105;Control by other authorised person;Zebra;Daylight;Fine no high winds;Dry;None;None;Urban;Yes;E01002003;1;1;Passenger;Female;60;9;Slight;Not a Pedestrian;Not a Pedestrian;Not car passenger;Seated passenger;No / Not applicable;11;Cyclist;More deprived 10-20%;1;Bus or coach (17 or more pass seats);No tow/articulation;Going ahead other;Busway (including guided busway);Cleared junction or waiting/parked at junction exit;None;None;Did not leave carriageway;None;Did not impact;1;Journey as part of work;Male;63;56 - 65;-1;-1;-1;3;Urban area;3
2019010158378;531592;189461;-0.101869;51.588646;Metropolitan Police;Slight;1;4;19/01/2019;Saturday;13:55;Haringey;Haringey;A;105;Single carriageway;30 MPH;T or staggered junction;Give way or uncontrolled;A;105;Control by other authorised person;Zebra;Daylight;Fine no high winds;Dry;None;None;Urban;Yes;E01002003;1;2;Passenger;Female;60;9;Slight;Not a Pedestrian;Not a Pedestrian;Not car passenger;Seated passenger;No / Not applicable;11;Cyclist;More deprived 20-30%;1;Bus or coach (17 or more pass seats);No tow/articulation;Going ahead other;Busway (including guided busway);Cleared junction or waiting/parked at junction exit;None;None;Did not leave carriageway;None;Did not impact;1;Journey as part of work;Male;63;56 - 65;-1;-1;-1;3;Urban area;3
2019010158378;531592;189461;-0.101869;51.588646;Metropolitan Police;Slight;1;4;19/01/2019;Saturday;13:55;Haringey;Haringey;A;105;Single carriageway;30 MPH;T or staggered junction;Give way or uncontrolled;A;105;Control by other authorised person;Zebra;Daylight;Fine no high winds;Dry;None;None;Urban;Yes;E01002003;1;3;Passenger;Female;78;11;Slight;Not a Pedestrian;Not a Pedestrian;Not car passenger;Seated passenger;No / Not applicable;11;Cyclist;More deprived 20-30%;1;Bus or coach (17 or more pass seats);No tow/articulation;Going ahead other;Busway (including guided busway);Cleared junction or waiting/parked at junction exit;None;None;Did not leave carriageway;None;Did not impact;1;Journey as part of work;Male;63;56 - 65;-1;-1;-1;3;Urban area;3
2019010158378;531592;189461;-0.101869;51.588646;Metropolitan Police;Slight;1;4;19/01/2019;Saturday;13:55;Haringey;Haringey;A;105;Single carriageway;30 MPH;T or staggered junction;Give way or uncontrolled;A;105;Control by other authorised person;Zebra;Daylight;Fine no high winds;Dry;None;None;Urban;Yes;E01002003;1;4;Passenger;Female;48;8;Slight;Not a Pedestrian;Not a Pedestrian;Not car passenger;Seated passenger;No / Not applicable;11;Cyclist;Most deprived 10%;1;Bus or coach (17 or more pass seats);No tow/articulation;Going ahead other;Busway (including guided busway);Cleared junction or waiting/parked at junction exit;None;None;Did not leave carriageway;None;Did not impact;1;Journey as part of work;Male;63;56 - 65;-1;-1;-1;3;Urban area;3
2019010158380;551042;188472;0.178259;51.574887;Metropolitan Police;Slight;2;1;18/01/2019;Friday;16:00;Havering;Havering;A;125;One way street;30 MPH;Not at junction or within 20 metres;Data missing or out of range;-1;0;None within 50 metres ;No physical crossing facilities within 50 metres;Daylight;Fine no high winds;Dry;None;None;Urban;No - accident was reported using a self completion  form (self rep only);E01002356;1;1;Driver or rider;Male;25;5;Slight;Not a Pedestrian;Not a Pedestrian;Not car passenger;Not a bus or coach passenger;No / Not applicable;9;Cyclist;Less deprived 10-20%;1;Car;No tow/articulation;Data missing or out of range;Data missing or out of range;Not at or within 20 metres of junction;Data missing or out of range;Data missing or out of range;Data missing or out of range;Data missing or out of range;Data missing or out of range;-1;Commuting to/from work;Male;25;21 - 25;-1;-1;-1;9;Urban area;9
2019010158380;551042;188472;0.178259;51.574887;Metropolitan Police;Slight;2;1;18/01/2019;Friday;16:00;Havering;Havering;A;125;One way street;30 MPH;Not at junction or within 20 metres;Data missing or out of range;-1;0;None within 50 metres ;No physical crossing facilities within 50 metres;Daylight;Fine no high winds;Dry;None;None;Urban;No - accident was reported using a self completion  form (self rep only);E01002356;1;1;Driver or rider;Male;25;5;Slight;Not a Pedestrian;Not a Pedestrian;Not car passenger;Not a bus or coach passenger;No / Not applicable;9;Cyclist;Less deprived 10-20%;2;Van / Goods 3.5 tonnes mgw or under;No tow/articulation;Data missing or out of range;Data missing or out of range;Not at or within 20 metres of junction;Data missing or out of range;Data missing or out of range;Data missing or out of range;Data missing or out of range;Data missing or out of range;-1;Not known;Not known;-1;Data missing or out of range;-1;-1;-1;2;Urban area;2
2019010158385;542948;182151;0.058976;51.520196;Metropolitan Police;Slight;3;1;19/01/2019;Saturday;15:07;Newham;Newham;A;117;Single carriageway;30 MPH;Crossroads;Auto traffic signal;A;13;None within 50 metres ;Pedestrian phase at traffic signal junction;Daylight;Fine no high winds;Dry;None;None;Urban;Yes;E01003482;3;1;Driver or rider;Male;41;7;Slight;Not a Pedestrian;Not a Pedestrian;Not car passenger;Not a bus or coach passenger;No / Not applicable;3;Cyclist;Less deprived 40-50%;1;Car;No tow/articulation;Turning right;On main c'way - not in restricted lane;Mid Junction - on roundabout or on main road;None;None;Did not leave carriageway;None;Did not impact;1;Journey as part of work;Male;24;21 - 25;-1;-1;-1;7;Urban area;7
2019010158385;542948;182151;0.058976;51.520196;Metropolitan Police;Slight;3;1;19/01/2019;Saturday;15:07;Newham;Newham;A;117;Single carriageway;30 MPH;Crossroads;Auto traffic signal;A;13;None within 50 metres ;Pedestrian phase at traffic signal junction;Daylight;Fine no high winds;Dry;None;None;Urban;Yes;E01003482;3;1;Driver or rider;Male;41;7;Slight;Not a Pedestrian;Not a Pedestrian;Not car passenger;Not a bus or coach passenger;No / Not applicable;3;Cyclist;Less deprived 40-50%;2;Car;No tow/articulation;Turning right;On main c'way - not in restricted lane;Mid Junction - on roundabout or on main road;None;None;Did not leave carriageway;None;Front;1;Not known;Male;23;21 - 25;-1;-1;-1;4;Urban area;4
2019010158385;542948;182151;0.058976;51.520196;Metropolitan Police;Slight;3;1;19/01/2019;Saturday;15:07;Newham;Newham;A;117;Single carriageway;30 MPH;Crossroads;Auto traffic signal;A;13;None within 50 metres ;Pedestrian phase at traffic signal junction;Daylight;Fine no high winds;Dry;None;None;Urban;Yes;E01003482;3;1;Driver or rider;Male;41;7;Slight;Not a Pedestrian;Not a Pedestrian;Not car passenger;Not a bus or coach passenger;No / Not applicable;3;Cyclist;Less deprived 40-50%;3;Motorcycle 125cc and under;No tow/articulation;Slowing or stopping;On main c'way - not in restricted lane;Mid Junction - on roundabout or on main road;None;None;Did not leave carriageway;None;Back;1;Journey as part of work;Male;41;36 - 45;-1;-1;-1;6;Urban area;6
2019010158387;506488;176955;-0.467868;51.481537;Metropolitan Police;Slight;2;1;19/01/2019;Saturday;06:20;Hillingdon;Hillingdon;A;4;Dual carriageway;30 MPH;Not at junction or within 20 metres;Data missing or out of range;-1;0;Data missing or out of range;No physical crossing facilities within 50 metres;Darkness - lights lit;Other;Wet or damp;Data missing or out of range;None;Urban;No - accident was reported using a self completion  form (self rep only);E01002444;1;1;Driver or rider;Male;61;9;Slight;Not a Pedestrian;Not a Pedestrian;Not car passenger;Not a bus or coach passenger;No / Not applicable;8;Cyclist;More deprived 20-30%;1;Taxi/Private hire car;No tow/articulation;Data missing or out of range;Data missing or out of range;Not at or within 20 metres of junction;Data missing or out of range;Data missing or out of range;Data missing or out of range;Data missing or out of range;Back;-1;Not known;Male;61;56 - 65;-1;-1;-1;3;Urban area;3
2019010158387;506488;176955;-0.467868;51.481537;Metropolitan Police;Slight;2;1;19/01/2019;Saturday;06:20;Hillingdon;Hillingdon;A;4;Dual carriageway;30 MPH;Not at junction or within 20 metres;Data missing or out of range;-1;0;Data missing or out of range;No physical crossing facilities within 50 metres;Darkness - lights lit;Other;Wet or damp;Data missing or out of range;None;Urban;No - accident was reported using a self completion  form (self rep only);E01002444;1;1;Driver or rider;Male;61;9;Slight;Not a Pedestrian;Not a Pedestrian;Not car passenger;Not a bus or coach passenger;No / Not applicable;8;Cyclist;More deprived 20-30%;2;Taxi/Private hire car;No tow/articulation;Data missing or out of range;Data missing or out of range;Not at or within 20 metres of junction;Data missing or out of range;Data missing or out of range;Data missing or out of range;Data missing or out of range;Front;-1;Not known;Not known;-1;Data missing or out of range;-1;-1;-1;-1;Data missing or out of range;-1
2019010158388;529694;181898;-0.132037;51.521119;Metropolitan Police;Slight;2;1;19/01/2019;Saturday;16:37;Camden;Camden;A;400;One way street;20 MPH;Crossroads;Give way or uncontrolled;Unclassified;0;None within 50 metres ;No physical crossing facilities within 50 metres;Darkness - lights lit;Fine no high winds;Dry;None;None;Urban;Yes;E01000850;2;1;Driver or rider;Male;45;7;Slight;Not a Pedestrian;Not a Pedestrian;Not car passenger;Not a bus or coach passenger;No / Not applicable;3;-1;Data missing or out of range;1;Car;No tow/articulation;Turning right;On main c'way - not in restricted lane;Approaching junction or waiting/parked at junction approach;None;None;Did not leave carriageway;None;Front;1;Journey as part of work;Male;65;56 - 65;-1;-1;-1;4;Urban area;4
2019010158388;529694;181898;-0.132037;51.521119;Metropolitan Police;Slight;2;1;19/01/2019;Saturday;16:37;Camden;Camden;A;400;One way street;20 MPH;Crossroads;Give way or uncontrolled;Unclassified;0;None within 50 metres ;No physical crossing facilities within 50 metres;Darkness - lights lit;Fine no high winds;Dry;None;None;Urban;Yes;E01000850;2;1;Driver or rider;Male;45;7;Slight;Not a Pedestrian;Not a Pedestrian;Not car passenger;Not a bus or coach passenger;No / Not applicable;3;-1;Data missing or out of range;2;Motorcycle 125cc and under;No tow/articulation;Overtaking moving vehicle - offside;On main c'way - not in restricted lane;Approaching junction or waiting/parked at junction approach;None;None;Did not leave carriageway;None;Front;1;Journey as part of work;Male;45;36 - 45;-1;-1;-1;-1;Data missing or out of range;-1
2019010158389;553965;186289;0.219451;51.554483;Metropolitan Police;Slight;1;1;19/01/2019;Saturday;16:50;Havering;Havering;C;0;Single carriageway;30 MPH;Other junction;Give way or uncontrolled;A;124;None within 50 metres ;Zebra;Darkness - lights lit;Fine no high winds;Dry;None;None;Urban;Yes;E01002291;1;1;Pedestrian;Male;76;11;Slight;Crossing elsewhere within 50m. of pedestrian crossing;Crossing from driver's nearside;Not car passenger;Not a bus or coach passenger;No / Not applicable;0;Cyclist;More deprived 40-50%;1;Car;No tow/articulation;Overtaking static vehicle - offside;On main c'way - not in restricted lane;Approaching junction or waiting/parked at junction approach;None;None;Did not leave carriageway;None;Front;1;Not known;Female;17;16 - 20;-1;-1;-1;6;Urban area;6