Accident_Index;Location_Easting_OSGR;Location_Northing_OSGR;Longitude;Latitude;Police_Force;Accident_Severity;Number_of_Vehicles;Number_of_Casualties;Date;Day_of_Week;Time;Local_Authority_(District);Local_Authority_(Highway);1st_Road_Class;1st_Road_Number;Road_Type;Speed_limit;Junction_Detail;Junction_Control;2nd_Road_Class;2nd_Road_Number;Pedestrian_Crossing-Human_Control;Pedestrian_Crossing-Physical_Facilities;Light_Conditions;Weather_Conditions;Road_Surface_Conditions;Special_Conditions_at_Site;Carriageway_Hazards;Urban_or_Rural_Area;Did_Police_Officer_Attend_Scene_of_Accident;LSOA_of_Accident_Location;Vehicle_Reference_x;Casualty_Reference;Casualty_Class;Sex_of_Casualty;Age_of_Casualty;Age_Band_of_Casualty;Casualty_Severity;Pedestrian_Location;Pedestrian_Movement;Car_Passenger;Bus_or_Coach_Passenger;Pedestrian_Road_Maintenance_Worker;Casualty_Type;Casualty_Home_Area_Type;Casualty_IMD_Decile;Vehicle_Reference_y;Vehicle_Type;Towing_and_Articulation;Vehicle_Manoeuvre;Vehicle_Location-Restricted_Lane;Junction_Location;Skidding_and_Overturning;Hit_Object_in_Carriageway;Vehicle_Leaving_Carriageway;Hit_Object_off_Carriageway;1st_Point_of_Impact;Was_Vehicle_Left_Hand_Drive?;Journey_Purpose_of_Driver;Sex_of_Driver;Age_of_Driver;Age_Band_of_Driver;Engine_Capacity_(CC);Propulsion_Code;Age_of_Vehicle;Driver_IMD_Decile;Driver_Home_Area_Type;Vehicle_IMD_Decile
2019010158392;527647;181997;-0.161489;51.522475;Metropolitan Police;Slight;1;1;19/01/2019;Saturday;15:55;Westminster;Westminster;Unclassified;0;Single carriageway;30 MPH;T or staggered junction;Give way or uncontrolled;Unclassified;0;None within 50 metres ;No physical crossing facilities within 50 metres;Daylight;Fine no high winds;Dry;None;None;Urban;Yes;E01004662;1;1;Pedestrian;Male;31;6;Slight;In carriageway, crossing elsewhere;Crossing from driver's offside;Not car passenger;Not a bus or coach passenger;No / Not applicable;0;Cyclist;More deprived 10-20%;1;Car;No tow/articulation;Moving off;On main c'way - not in restricted lane;Approaching junction or waiting/parked at junction approach;None;None;Offside;None;Front;1;Not known;Not known;-1;Data missing or out of range;-1;-1;-1;-1;Data missing or out of range;-1
2019010158393;543256;174439;0.060285;51.45082;Metropolitan Police;Serious;2;1;19/01/2019;Saturday;17:39;Greenwich;Greenwich;A;211;Single carriageway;30 MPH;T or staggered junction;Auto traffic signal;A;210;Control by other authorised person;Pedestrian phase at traffic signal junction;Darkness - lights lit;Fine no high winds;Dry;None;None;Urban;Yes;E01001615;2;1;Driver or rider;Male;45;7;Serious;Not a Pedestrian;Not a Pedestrian;Not car passenger;Not a bus or coach passenger;No / Not applicable;3;Cyclist;Less deprived 40-50%;1;Car;No tow/articulation;Moving off;On main c'way - not in restricted lane;Mid Junction - on roundabout or on main road;None;None;Did not leave carriageway;None;Front;1;Not known;Female;54;46 - 55;-1;-1;-1;8;Urban area;8
2019010158393;543256;174439;0.060285;51.45082;Metropolitan Police;Serious;2;1;19/01/2019;Saturday;17:39;Greenwich;Greenwich;A;211;Single carriageway;30 MPH;T or staggered junction;Auto traffic signal;A;210;Control by other authorised person;Pedestrian phase at traffic signal junction;Darkness - lights lit;Fine no high winds;Dry;None;None;Urban;Yes;E01001615;2;1;Driver or rider;Male;45;7;Serious;Not a Pedestrian;Not a Pedestrian;Not car passenger;Not a bus or coach passenger;No / Not applicable;3;Cyclist;Less deprived 40-50%;2;Motorcycle 125cc and under;No tow/articulation;Going ahead other;On main c'way - not in restricted lane;Mid Junction - on roundabout or on main road;None;None;Did not leave carriageway;None;Front;1;Not known;Male;45;36 - 45;-1;-1;-1;6;Urban area;6
2019010158397;533812;178907;-0.073852;51.493281;Metropolitan Police;Slight;1;1;19/01/2019;Saturday;16:50;Southwark;Southwark;A;2206;Single carriageway;30 MPH;T or staggered junction;Auto traffic signal;B;203;None within 50 metres ;Pedestrian phase at traffic signal junction;Darkness - lights lit;Fine no high winds;Dry;None;None;Urban;Yes;E01003978;1;1;Driver or rider;Female;35;6;Slight;Not a Pedestrian;Not a Pedestrian;Not car passenger;Not a bus or coach passenger;No / Not applicable;9;Cyclist;More deprived 10-20%;1;Car;No tow/articulation;Turning left;On main c'way - not in restricted lane;Mid Junction - on roundabout or on main road;None;Kerb;Offside;Near/Offside crash barrier;Front;1;Not known;Female;35;26 - 35;-1;-1;-1;2;Urban area;2
2019010158398;531739;175906;-0.104813;51.466798;Metropolitan Police;Serious;2;1;19/01/2019;Saturday;11:20;Lambeth;Lambeth;C;0;Dual carriageway;20 MPH;T or staggered junction;Authorised person;Unclassified;0;None within 50 metres ;No physical crossing facilities within 50 metres;Darkness - lights lit;Fine no high winds;Dry;None;None;Urban;Yes;E01003048;2;1;Driver or rider;Male;20;4;Serious;Not a Pedestrian;Not a Pedestrian;Not car passenger;Not a bus or coach passenger;No / Not applicable;3;Cyclist;More deprived 10-20%;1;Car;No tow/articulation;Turning right;On main c'way - not in restricted lane;Leaving main road;None;None;Did not leave carriageway;None;Front;1;Journey as part of work;Male;37;36 - 45;1560;Heavy oil;5;1;Urban area;1
2019010158398;531739;175906;-0.104813;51.466798;Metropolitan Police;Serious;2;1;19/01/2019;Saturday;11:20;Lambeth;Lambeth;C;0;Dual carriageway;20 MPH;T or staggered junction;Authorised person;Unclassified;0;None within 50 metres ;No physical crossing facilities within 50 metres;Darkness - lights lit;Fine no high winds;Dry;None;None;Urban;Yes;E01003048;2;1;Driver or rider;Male;20;4;Serious;Not a Pedestrian;Not a Pedestrian;Not car passenger;Not a bus or coach passenger;No / Not applicable;3;Cyclist;More deprived 10-20%;2;Motorcycle 125cc and under;No tow/articulation;Going ahead other;On main c'way - not in restricted lane;Mid Junction - on roundabout or on main road;None;None;Did not leave carriageway;None;Front;1;Not known;Male;20;16 - 20;108;Petrol;4;2;Urban area;2
2019010158400;531530;189616;-0.102706;51.590054;Metropolitan Police;Slight;1;1;19/01/2019;Saturday;15:28;Haringey;Haringey;A;105;Single carriageway;30 MPH;Not at junction or within 20 metres;Data missing or out of range;-1;0;None within 50 metres ;Pedestrian phase at traffic signal junction;Daylight;Fine no high winds;Dry;None;None;Urban;Yes;E01002085;1;1;Pedestrian;Male;49;8;Slight;On footway or verge;Unknown or other;Not car passenger;Not a bus or coach passenger;No / Not applicable;0;Cyclist;More deprived 10-20%;1;Car;No tow/articulation;Going ahead other;Footway (pavement);Not at or within 20 metres of junction;None;None;Did not leave carriageway;None;Back;1;Not known;Male;21;21 - 25;-1;-1;-1;4;Urban area;4
2019010158402;532840;176700;-0.088674;51.473677;Metropolitan Police;Slight;3;3;19/01/2019;Saturday;18:08;Southwark;Southwark;A;202;Single carriageway;20 MPH;Other junction;Give way or uncontrolled;Unclassified;0;None within 50 metres ;Pedestrian phase at traffic signal junction;Darkness - lights lit;Fine no high winds;Dry;None;None;Urban;Yes;E01003913;1;1;Driver or rider;Female;38;7;Slight;Not a Pedestrian;Not a Pedestrian;Not car passenger;Not a bus or coach passenger;No / Not applicable;9;Cyclist;More deprived 40-50%;1;Car;No tow/articulation;Waiting to go - held up;On main c'way - not in restricted lane;Cleared junction or waiting/parked at junction exit;None;None;Did not leave carriageway;None;Back;1;Commuting to/from work;Female;38;36 - 45;-1;-1;-1;5;Urban area;5
2019010158402;532840;176700;-0.088674;51.473677;Metropolitan Police;Slight;3;3;19/01/2019;Saturday;18:08;Southwark;Southwark;A;202;Single carriageway;20 MPH;Other junction;Give way or uncontrolled;Unclassified;0;None within 50 metres ;Pedestrian phase at traffic signal junction;Darkness - lights lit;Fine no high winds;Dry;None;None;Urban;Yes;E01003913;1;1;Driver or rider;Female;38;7;Slight;Not a Pedestrian;Not a Pedestrian;Not car passenger;Not a bus or coach passenger;No / Not applicable;9;Cyclist;More deprived 40-50%;2;Car;No tow/articulation;Waiting to go - held up;On main c'way - not in restricted lane;Approaching junction or waiting/parked at junction approach;None;None;Did not leave carriageway;None;Back;1;Journey as part of work;Female;27;26 - 35;-1;-1;-1;2;Urban area;2
2019010158402;532840;176700;-0.088674;51.473677;Metropolitan Police;Slight;3;3;19/01/2019;Saturday;18:08;Southwark;Southwark;A;202;Single carriageway;20 MPH;Other junction;Give way or uncontrolled;Unclassified;0;None within 50 metres ;Pedestrian phase at traffic signal junction;Darkness - lights lit;Fine no high winds;Dry;None;None;Urban;Yes;E01003913;1;1;Driver or rider;Female;38;7;Slight;Not a Pedestrian;Not a Pedestrian;Not car passenger;Not a bus or coach passenger;No / Not applicable;9;Cyclist;More deprived 40-50%;3;Car;No tow/articulation;Going ahead other;On main c'way - not in restricted lane;Cleared junction or waiting/parked at junction exit;None;None;Did not leave carriageway;None;Front;1;Not known;Male;29;26 - 35;-1;-1;-1;-1;Data missing or out of range;-1
2019010158402;532840;176700;-0.088674;51.473677;Metropolitan Police;Slight;3;3;19/01/2019;Saturday;18:08;Southwark;Southwark;A;202;Single carriageway;20 MPH;Other junction;Give way or uncontrolled;Unclassified;0;None within 50 metres ;Pedestrian phase at traffic signal junction;Darkness - lights lit;Fine no high winds;Dry;None;None;Urban;Yes;E01003913;2;2;Driver or rider;Female;27;6;Slight;Not a Pedestrian;Not a Pedestrian;Not car passenger;Not a bus or coach passenger;No / Not applicable;9;Cyclist;More deprived 10-20%;1;Car;No tow/articulation;Waiting to go - held up;On main c'way - not in restricted lane;Cleared junction or waiting/parked at junction exit;None;None;Did not leave carriageway;None;Back;1;Commuting to/from work;Female;38;36 - 45;-1;-1;-1;5;Urban area;5
2019010158402;532840;176700;-0.088674;51.473677;Metropolitan Police;Slight;3;3;19/01/2019;Saturday;18:08;Southwark;Southwark;A;202;Single carriageway;20 MPH;Other junction;Give way or uncontrolled;Unclassified;0;None within 50 metres ;Pedestrian phase at traffic signal junction;Darkness - lights lit;Fine no high winds;Dry;None;None;Urban;Yes;E01003913;2;2;Driver or rider;Female;27;6;Slight;Not a Pedestrian;Not a Pedestrian;Not car passenger;Not a bus or coach passenger;No / Not applicable;9;Cyclist;More deprived 10-20%;2;Car;No tow/articulation;Waiting to go - held up;On main c'way - not in restricted lane;Approaching junction or waiting/parked at junction approach;None;None;Did not leave carriageway;None;Back;1;Journey as part of work;Female;27;26 - 35;-1;-1;-1;2;Urban area;2
2019010158402;532840;176700;-0.088674;51.473677;Metropolitan Police;Slight;3;3;19/01/2019;Saturday;18:08;Southwark;Southwark;A;202;Single carriageway;20 MPH;Other junction;Give way or uncontrolled;Unclassified;0;None within 50 metres ;Pedestrian phase at traffic signal junction;Darkness - lights lit;Fine no high winds;Dry;None;None;Urban;Yes;E01003913;2;2;Driver or rider;Female;27;6;Slight;Not a Pedestrian;Not a Pedestrian;Not car passenger;Not a bus or coach passenger;No / Not applicable;9;Cyclist;More deprived 10-20%;3;Car;No tow/articulation;Going ahead other;On main c'way - not in restricted lane;Cleared junction or waiting/parked at junction exit;None;None;Did not leave carriageway;None;Front;1;Not known;Male;29;26 - 35;-1;-1;-1;-1;Data missing or out of range;-1
2019010158402;532840;176700;-0.088674;51.473677;Metropolitan Police;Slight;3;3;19/01/2019;Saturday;18:08;Southwark;Southwark;A;202;Single carriageway;20 MPH;Other junction;Give way or uncontrolled;Unclassified;0;None within 50 metres ;Pedestrian phase at traffic signal junction;Darkness - lights lit;Fine no high winds;Dry;None;None;Urban;Yes;E01003913;2;3;Passenger;Male;20;4;Slight;Not a Pedestrian;Not a Pedestrian;Front seat passenger;Not a bus or coach passenger;No / Not applicable;9;Cyclist;More deprived 10-20%;1;Car;No tow/articulation;Waiting to go - held up;On main c'way - not in restricted lane;Cleared junction or waiting/parked at junction exit;None;None;Did not leave carriageway;None;Back;1;Commuting to/from work;Female;38;36 - 45;-1;-1;-1;5;Urban area;5
2019010158402;532840;176700;-0.088674;51.473677;Metropolitan Police;Slight;3;3;19/01/2019;Saturday;18:08;Southwark;Southwark;A;202;Single carriageway;20 MPH;Other junction;Give way or uncontrolled;Unclassified;0;None within 50 metres ;Pedestrian phase at traffic signal junction;Darkness - lights lit;Fine no high winds;Dry;None;None;Urban;Yes;E01003913;2;3;Passenger;Male;20;4;Slight;Not a Pedestrian;Not a Pedestrian;Front seat passenger;Not a bus or coach passenger;No / Not applicable;9;Cyclist;More deprived 10-20%;2;Car;No tow/articulation;Waiting to go - held up;On main c'way - not in restricted lane;Approaching junction or waiting/parked at junction approach;None;None;Did not leave carriageway;None;Back;1;Journey as part of work;Female;27;26 - 35;-1;-1;-1;2;Urban area;2
2019010158402;532840;176700;-0.088674;51.473677;Metropolitan Police;Slight;3;3;19/01/2019;Saturday;18:08;Southwark;Southwark;A;202;Single carriageway;20 MPH;Other junction;Give way or uncontrolled;Unclassified;0;None within 50 metres ;Pedestrian phase at traffic signal junction;Darkness - lights lit;Fine no high winds;Dry;None;None;Urban;Yes;E01003913;2;3;Passenger;Male;20;4;Slight;Not a Pedestrian;Not a Pedestrian;Front seat passenger;Not a bus or coach passenger;No / Not applicable;9;Cyclist;More deprived 10-20%;3;Car;No tow/articulation;Going ahead other;On main c'way - not in restricted lane;Cleared junction or waiting/parked at junction exit;None;None;Did not leave carriageway;None;Front;1;Not known;Male;29;26 - 35;-1;-1;-1;-1;Data missing or out of range;-1
2019010158408;523398;178623;-0.223883;51.493095;Metropolitan Police;Slight;1;1;19/01/2019;Saturday;18:36;Hammersmith and Fulham;Hammersmith and Fulham;A;315;Slip road;Data missing or out of range;Roundabout;Auto traffic signal;A;219;Control by other authorised person;Central refuge;Darkness - lights lit;Fine no high winds;Dry;None;None;Urban;Yes;E01001898;1;1;Pedestrian;Male;61;9;Slight;Crossing elsewhere within 50m. of pedestrian crossing;Crossing from driver's offside;Not car passenger;Not a bus or coach passenger;No / Not applicable;0;Cyclist;More deprived 30-40%;1;Bus or coach (17 or more pass seats);No tow/articulation;Turning right;Busway (including guided busway);Leaving roundabout;None;None;Did not leave carriageway;None;Front;1;Not known;Male;59;56 - 65;-1;-1;-1;2;Urban area;2
2019010158409;510194;180308;-0.413474;51.510965;Metropolitan Police;Serious;1;1;19/01/2019;Saturday;17:42;Hillingdon;Hillingdon;C;0;Single carriageway;30 MPH;Other junction;Authorised person;Unclassified;0;None within 50 metres ;No physical crossing facilities within 50 metres;Darkness - lights lit;Fine no high winds;Dry;None;None;Urban;Yes;E01002503;1;1;Pedestrian;Male;27;6;Serious;On footway or verge;Unknown or other;Not car passenger;Not a bus or coach passenger;No / Not applicable;0;Cyclist;More deprived 30-40%;1;Car;No tow/articulation;Going ahead other;On main c'way - not in restricted lane;Mid Junction - on roundabout or on main road;None;None;Did not leave carriageway;None;Front;1;Not known;Not known;-1;Data missing or out of range;-1;-1;-1;-1;Data missing or out of range;-1
2019010158415;534098;192275;-0.064643;51.613342;Metropolitan Police;Slight;1;1;19/01/2019;Saturday;20:45;Enfield;Enfield;A;1010;Dual carriageway;20 MPH;Other junction;Give way or uncontrolled;Unclassified;0;None within 50 metres ;No physical crossing facilities within 50 metres;Darkness - lights lit;Fine no high winds;Dry;None;Vehicle load on road;Urban;Yes;E01001558;1;1;Pedestrian;Male;36;7;Slight;In carriageway, crossing elsewhere;Crossing from driver's offside;Not car passenger;Not a bus or coach passenger;No / Not applicable;0;Cyclist;More deprived 20-30%;1;Car;No tow/articulation;Moving off;On main c'way - not in restricted lane;Entering main road;None;Other object;Did not leave carriageway;None;Front;2;Not known;Male;18;16 - 20;-1;-1;-1;4;Urban area;4
2019010158417;532090;184050;-0.096716;51.539904;Metropolitan Police;Slight;2;1;19/01/2019;Saturday;20:24;Islington;Islington;A;104;Single carriageway;20 MPH;T or staggered junction;Data missing or out of range;Unclassified;0;Data missing or out of range;Data missing or out of range;Darkness - lights lit;Fine no high winds;Dry;None;None;Urban;No - accident was reported using a self completion  form (self rep only);E01002797;1;1;Driver or rider;Male;39;7;Slight;Not a Pedestrian;Not a Pedestrian;Not car passenger;Not a bus or coach passenger;No / Not applicable;1;Cyclist;Less deprived 40-50%;1;Pedal cycle;Data missing or out of range;Data missing or out of range;Data missing or out of range;Data missing or out of range;Data missing or out of range;Data missing or out of range;Data missing or out of range;Data missing or out of range;Front;1;Not known;Male;39;36 - 45;-1;-1;-1;6;Urban area;6
2019010158417;532090;184050;-0.096716;51.539904;Metropolitan Police;Slight;2;1;19/01/2019;Saturday;20:24;Islington;Islington;A;104;Single carriageway;20 MPH;T or staggered junction;Data missing or out of range;Unclassified;0;Data missing or out of range;Data missing or out of range;Darkness - lights lit;Fine no high winds;Dry;None;None;Urban;No - accident was reported using a self completion  form (self rep only);E01002797;1;1;Driver or rider;Male;39;7;Slight;Not a Pedestrian;Not a Pedestrian;Not car passenger;Not a bus or coach passenger;No / Not applicable;1;Cyclist;Less deprived 40-50%;2;Car;No tow/articulation;Data missing or out of range;Data missing or out of range;Data missing or out of range;Data missing or out of range;Data missing or out of range;Data missing or out of range;Data missing or out of range;Data missing or out of range;-1;Not known;Not known;-1;Data missing or out of range;-1;-1;-1;10;Urban area;10
2019010158419;530631;172238;-0.122108;51.434091;Metropolitan Police;Serious;1;1;19/01/2019;Saturday;14:25;Lambeth;Lambeth;C;0;Single carriageway;20 MPH;T or staggered junction;Give way or uncontrolled;Unclassified;0;None within 50 metres ;Central refuge;Daylight;Fine no high winds;Dry;None;None;Urban;Yes;E01003152;1;1;Pedestrian;Male;12;3;Serious;Crossing elsewhere within 50m. of pedestrian crossing;Crossing from offside - masked by  parked or stationary vehicle;Not car passenger;Not a bus or coach passenger;No / Not applicable;0;Cyclist;More deprived 10-20%;1;Car;No tow/articulation;Going ahead other;On main c'way - not in restricted lane;Cleared junction or waiting/parked at junction exit;None;None;Did not leave carriageway;None;Front;1;Not known;Male;52;46 - 55;-1;-1;-1;3;Urban area;3
2019010158420;528561;170233;-0.152597;51.416545;Metropolitan Police;Slight;2;1;19/01/2019;Saturday;16:24;Merton;Merton;A;216;Single carriageway;30 MPH;Data missing or out of range;Data missing or out of range;Unclassified;0;None within 50 metres ;Zebra;Daylight;Fine no high winds;Dry;Data missing or out of range;Data missing or out of range;Urban;No - accident was reported using a self completion  form (self rep only);E01003398;1;1;Driver or rider;Female;49;8;Slight;Not a Pedestrian;Not a Pedestrian;Not car passenger;Not a bus or coach passenger;No / Not applicable;9;Cyclist;Less deprived 40-50%;1;Car;No tow/articulation;Data missing or out of range;Data missing or out of range;Data missing or out of range;Data missing or out of range;Data missing or out of range;Data missing or out of range;Data missing or out of range;Back;-1;Not known;Female;49;46 - 55;-1;-1;-1;6;Urban area;6
2019010158420;528561;170233;-0.152597;51.416545;Metropolitan Police;Slight;2;1;19/01/2019;Saturday;16:24;Merton;Merton;A;216;Single carriageway;30 MPH;Data missing or out of range;Data missing or out of range;Unclassified;0;None within 50 metres ;Zebra;Daylight;Fine no high winds;Dry;Data missing or out of range;Data missing or out of range;Urban;No - accident was reported using a self completion  form (self rep only);E01003398;1;1;Driver or rider;Female;49;8;Slight;Not a Pedestrian;Not a Pedestrian;Not car passenger;Not a bus or coach passenger;No / Not applicable;9;Cyclist;Less deprived 40-50%;2;Car;No tow/articulation;Data missing or out of range;Data missing or out of range;Data missing or out of range;Data missing or out of range;Data missing or out of range;Data missing or out of range;Data missing or out of range;Front;-1;Not known;Not known;-1;Data missing or out of range;-1;-1;-1;7;Urban area;7
2019010158421;525381;173179;-0.197262;51.443733;Metropolitan Police;Serious;1;1;19/01/2019;Saturday;19:12;Wandsworth;Wandsworth;A;218;Single carriageway;30 MPH;T or staggered junction;Give way or uncontrolled;Unclassified;0;None within 50 metres ;Pelican, puffin, toucan or similar non-junction pedestrian light crossing;Darkness - lights lit;Fine no high winds;Dry;None;None;Urban;Yes;E01004597;1;1;Pedestrian;Female;41;7;Serious;Crossing on pedestrian crossing facility;Crossing from driver's offside;Not car passenger;Not a bus or coach passenger;No / Not applicable;0;Cyclist;Less deprived 10-20%;1;Car;No tow/articulation;Going ahead other;On main c'way - not in restricted lane;Cleared junction or waiting/parked at junction exit;None;None;Did not leave carriageway;None;Front;1;Not known;Male;21;21 - 25;-1;-1;-1;4;Urban area;4
2019010158423;527768;175545;-0.16208;51.464464;Metropolitan Police;Slight;2;1;19/01/2019;Saturday;20:35;Wandsworth;Wandsworth;A;3036;Single carriageway;30 MPH;T or staggered junction;Give way or uncontrolled;A;3220;None within 50 metres ;Central refuge;Darkness - lights lit;Fine no high winds;Dry;None;None;Urban;Yes;E01004585;2;1;Driver or rider;Male;17;4;Slight;Not a Pedestrian;Not a Pedestrian;Not car passenger;Not a bus or coach passenger;No / Not applicable;3;Cyclist;More deprived 10-20%;1;Car;No tow/articulation;Turning right;On main c'way - not in restricted lane;Approaching junction or waiting/parked at junction approach;None;None;Did not leave carriageway;None;Front;1;Journey as part of work;Male;38;36 - 45;-1;-1;-1;7;Urban area;7
2019010158423;527768;175545;-0.16208;51.464464;Metropolitan Police;Slight;2;1;19/01/2019;Saturday;20:35;Wandsworth;Wandsworth;A;3036;Single carriageway;30 MPH;T or staggered junction;Give way or uncontrolled;A;3220;None within 50 metres ;Central refuge;Darkness - lights lit;Fine no high winds;Dry;None;None;Urban;Yes;E01004585;2;1;Driver or rider;Male;17;4;Slight;Not a Pedestrian;Not a Pedestrian;Not car passenger;Not a bus or coach passenger;No / Not applicable;3;Cyclist;More deprived 10-20%;2;Motorcycle 125cc and under;No tow/articulation;Turning right;On main c'way - not in restricted lane;Approaching junction or waiting/parked at junction approach;None;None;Did not leave carriageway;None;Front;1;Commuting to/from work;Male;17;16 - 20;-1;-1;-1;2;Urban area;2
2019010158426;531210;161529;-0.117737;51.337717;Metropolitan Police;Slight;1;1;19/01/2019;Saturday;22:32;Croydon;Croydon;A;23;Single carriageway;30 MPH;More than 4 arms (not roundabout);Give way or uncontrolled;A;23;None within 50 metres ;No physical crossing facilities within 50 metres;Darkness - lights lit;Fine no high winds;Dry;None;None;Urban;Yes;E01001029;1;1;Driver or rider;Female;23;5;Slight;Not a Pedestrian;Not a Pedestrian;Not car passenger;Not a bus or coach passenger;No / Not applicable;9;Cyclist;Most deprived 10%;1;Car;No tow/articulation;Changing lane to left;On main c'way - not in restricted lane;Cleared junction or waiting/parked at junction exit;None;None;Offside and rebounded;Other permanent object;Front;1;Not known;Female;23;21 - 25;-1;-1;-1;1;Urban area;1
2019010158429;539036;184299;0.003476;51.540474;Metropolitan Police;Slight;2;1;18/01/2019;Friday;23:50;Newham;Newham;Unclassified;0;Unknown;20 MPH;Not at junction or within 20 metres;Data missing or out of range;-1;0;None within 50 metres ;No physical crossing facilities within 50 metres;Darkness - lighting unknown;Fine + high winds;Dry;None;None;Urban;No - accident was reported using a self completion  form (self rep only);E01003619;1;1;Driver or rider;Female;29;6;Slight;Not a Pedestrian;Not a Pedestrian;Not car passenger;Not a bus or coach passenger;No / Not applicable;9;Cyclist;More deprived 30-40%;1;Car;No tow/articulation;Data missing or out of range;Data missing or out of range;Not at or within 20 metres of junction;Data missing or out of range;Data missing or out of range;Data missing or out of range;Data missing or out of range;Front;-1;Not known;Female;29;26 - 35;-1;-1;-1;4;Urban area;4
2019010158429;539036;184299;0.003476;51.540474;Metropolitan Police;Slight;2;1;18/01/2019;Friday;23:50;Newham;Newham;Unclassified;0;Unknown;20 MPH;Not at junction or within 20 metres;Data missing or out of range;-1;0;None within 50 metres ;No physical crossing facilities within 50 metres;Darkness - lighting unknown;Fine + high winds;Dry;None;None;Urban;No - accident was reported using a self completion  form (self rep only);E01003619;1;1;Driver or rider;Female;29;6;Slight;Not a Pedestrian;Not a Pedestrian;Not car passenger;Not a bus or coach passenger;No / Not applicable;9;Cyclist;More deprived 30-40%;2;Car;No tow/articulation;Data missing or out of range;Data missing or out of range;Data missing or out of range;Data missing or out of range;Data missing or out of range;Data missing or out of range;Data missing or out of range;Data missing or out of range;-1;Not known;Not known;26;26 - 35;-1;-1;-1;7;Urban area;7
2019010158430;551790;186658;0.188263;51.558387;Metropolitan Police;Slight;1;1;19/01/2019;Saturday;06:07;Havering;Havering;A;125;Single carriageway;30 MPH;T or staggered junction;Give way or uncontrolled;Unclassified;0;None within 50 metres ;No physical crossing facilities within 50 metres;Darkness - lights lit;Fine no high winds;Wet or damp;None;None;Urban;Yes;E01002322;1;1;Driver or rider;Male;60;9;Slight;Not a Pedestrian;Not a Pedestrian;Not car passenger;Not a bus or coach passenger;No / Not applicable;9;Cyclist;More deprived 20-30%;1;Car;No tow/articulation;Going ahead other;On main c'way - not in restricted lane;Approaching junction or waiting/parked at junction approach;None;None;Offside;Tree;Front;1;Not known;Male;60;56 - 65;-1;-1;-1;3;Urban area;3
2019010158431;533669;180256;-0.0754;51.505438;Metropolitan Police;Slight;2;1;19/01/2019;Saturday;15:28;Southwark;Southwark;Unclassified;0;Single carriageway;30 MPH;Data missing or out of range;Data missing or out of range;Unclassified;0;None within 50 metres ;No physical crossing facilities within 50 metres;Daylight;Fine no high winds;Dry;None;None;Rural;No - accident was reported using a self completion  form (self rep only);E01032640;1;1;Driver or rider;Male;24;5;Slight;Not a Pedestrian;Not a Pedestrian;Not car passenger;Not a bus or coach passenger;No / Not applicable;1;Motorcycle 125cc and under rider or passenger;Least deprived 10%;1;Pedal cycle;Data missing or out of range;Data missing or out of range;Data missing or out of range;Data missing or out of range;Data missing or out of range;Data missing or out of range;Data missing or out of range;Data missing or out of range;Back;1;Data missing or out of range;Male;24;21 - 25;-1;-1;-1;-1;Data missing or out of range;-1
2019010158431;533669;180256;-0.0754;51.505438;Metropolitan Police;Slight;2;1;19/01/2019;Saturday;15:28;Southwark;Southwark;Unclassified;0;Single carriageway;30 MPH;Data missing or out of range;Data missing or out of range;Unclassified;0;None within 50 metres ;No physical crossing facilities within 50 metres;Daylight;Fine no high winds;Dry;None;None;Rural;No - accident was reported using a self completion  form (self rep only);E01032640;1;1;Driver or rider;Male;24;5;Slight;Not a Pedestrian;Not a Pedestrian;Not car passenger;Not a bus or coach passenger;No / Not applicable;1;Motorcycle 125cc and under rider or passenger;Least deprived 10%;2;Car;No tow/articulation;Data missing or out of range;Data missing or out of range;Data missing or out of range;Data missing or out of range;Data missing or out of range;Data missing or out of range;Data missing or out of range;Front;-1;Not known;Not known;-1;Data missing or out of range;-1;-1;-1;2;Data missing or out of range;2
2019010158432;510045;187290;-0.413439;51.573749;Metropolitan Police;Slight;2;2;17/01/2019;Thursday;21:30;Hillingdon;Hillingdon;C;0;Single carriageway;30 MPH;Crossroads;Auto traffic signal;C;0;None within 50 metres ;Pedestrian phase at traffic signal junction;Darkness - lights lit;Fine no high winds;Dry;None;None;Urban;Yes;E01002470;2;1;Driver or rider;Male;50;8;Slight;Not a Pedestrian;Not a Pedestrian;Not car passenger;Not a bus or coach passenger;No / Not applicable;9;Cyclist;Less deprived 10-20%;1;Car;No tow/articulation;Going ahead other;On main c'way - not in restricted lane;Mid Junction - on roundabout or on main road;None;None;Did not leave carriageway;None;Nearside;1;Not known;Male;35;26 - 35;-1;-1;-1;-1;Data missing or out of range;-1
2019010158432;510045;187290;-0.413439;51.573749;Metropolitan Police;Slight;2;2;17/01/2019;Thursday;21:30;Hillingdon;Hillingdon;C;0;Single carriageway;30 MPH;Crossroads;Auto traffic signal;C;0;None within 50 metres ;Pedestrian phase at traffic signal junction;Darkness - lights lit;Fine no high winds;Dry;None;None;Urban;Yes;E01002470;2;1;Driver or rider;Male;50;8;Slight;Not a Pedestrian;Not a Pedestrian;Not car passenger;Not a bus or coach passenger;No / Not applicable;9;Cyclist;Less deprived 10-20%;2;Car;No tow/articulation;Moving off;On main c'way - not in restricted lane;Cleared junction or waiting/parked at junction exit;None;None;Did not leave carriageway;None;Front;1;Not known;Male;50;46 - 55;-1;-1;-1;9;Urban area;9