Accident_Index;Location_Easting_OSGR;Location_Northing_OSGR;Longitude;Latitude;Police_Force;Accident_Severity;Number_of_Vehicles;Number_of_Casualties;Date;Day_of_Week;Time;Local_Authority_(District);Local_Authority_(Highway);1st_Road_Class;1st_Road_Number;Road_Type;Speed_limit;Junction_Detail;Junction_Control;2nd_Road_Class;2nd_Road_Number;Pedestrian_Crossing-Human_Control;Pedestrian_Crossing-Physical_Facilities;Light_Conditions;Weather_Conditions;Road_Surface_Conditions;Special_Conditions_at_Site;Carriageway_Hazards;Urban_or_Rural_Area;Did_Police_Officer_Attend_Scene_of_Accident;LSOA_of_Accident_Location;Vehicle_Reference_x;Casualty_Reference;Casualty_Class;Sex_of_Casualty;Age_of_Casualty;Age_Band_of_Casualty;Casualty_Severity;Pedestrian_Location;Pedestrian_Movement;Car_Passenger;Bus_or_Coach_Passenger;Pedestrian_Road_Maintenance_Worker;Casualty_Type;Casualty_Home_Area_Type;Casualty_IMD_Decile;Vehicle_Reference_y;Vehicle_Type;Towing_and_Articulation;Vehicle_Manoeuvre;Vehicle_Location-Restricted_Lane;Junction_Location;Skidding_and_Overturning;Hit_Object_in_Carriageway;Vehicle_Leaving_Carriageway;Hit_Object_off_Carriageway;1st_Point_of_Impact;Was_Vehicle_Left_Hand_Drive?;Journey_Purpose_of_Driver;Sex_of_Driver;Age_of_Driver;Age_Band_of_Driver;Engine_Capacity_(CC);Propulsion_Code;Age_of_Vehicle;Driver_IMD_Decile;Driver_Home_Area_Type;Vehicle_IMD_Decile
2019010158523;537165;191223;-0.020786;51.60315;Metropolitan Police;Slight;5;4;20/01/2019;Sunday;16:27;Waltham Forest;Waltham Forest;A;406;Dual carriageway;50 MPH;Not at junction or within 20 metres;Data missing or out of range;-1;0;None within 50 metres ;No physical crossing facilities within 50 metres;Daylight;Fine no high winds;Dry;None;None;Urban;Yes;E01004403;5;4;Driver or rider;Female;38;7;Slight;Not a Pedestrian;Not a Pedestrian;Not car passenger;Not a bus or coach passenger;No / Not applicable;9;-1;Data missing or out of range;5;Car;No tow/articulation;Going ahead other;On main c'way - not in restricted lane;Not at or within 20 metres of junction;None;None;Did not leave carriageway;None;Front;1;Not known;Female;38;36 - 45;-1;-1;-1;-1;Data missing or out of range;-1
2019010158528;509528;172104;-0.425607;51.437355;Metropolitan Police;Slight;2;1;20/01/2019;Sunday;17:30;Hounslow;Hounslow;A;244;Single carriageway;30 MPH;Crossroads;Auto traffic signal;B;377;Control by other authorised person;Pedestrian phase at traffic signal junction;Darkness - lights lit;Fine no high winds;Dry;None;None;Urban;Yes;E01002601;2;1;Driver or rider;Male;15;3;Slight;Not a Pedestrian;Not a Pedestrian;Not car passenger;Not a bus or coach passenger;No / Not applicable;1;-1;More deprived 30-40%;1;Car;No tow/articulation;Going ahead other;On main c'way - not in restricted lane;Mid Junction - on roundabout or on main road;None;None;Did not leave carriageway;None;Offside;1;Not known;Female;64;56 - 65;-1;-1;-1;3;Urban area;3
2019010158528;509528;172104;-0.425607;51.437355;Metropolitan Police;Slight;2;1;20/01/2019;Sunday;17:30;Hounslow;Hounslow;A;244;Single carriageway;30 MPH;Crossroads;Auto traffic signal;B;377;Control by other authorised person;Pedestrian phase at traffic signal junction;Darkness - lights lit;Fine no high winds;Dry;None;None;Urban;Yes;E01002601;2;1;Driver or rider;Male;15;3;Slight;Not a Pedestrian;Not a Pedestrian;Not car passenger;Not a bus or coach passenger;No / Not applicable;1;-1;More deprived 30-40%;2;Pedal cycle;No tow/articulation;Going ahead other;On main c'way - not in restricted lane;Mid Junction - on roundabout or on main road;None;None;Did not leave carriageway;None;Front;1;Not known;Male;15;11 - 15;-1;-1;-1;4;Data missing or out of range;4
2019010158531;523181;181043;-0.226162;51.514892;Metropolitan Police;Slight;2;1;20/01/2019;Sunday;17:45;Hammersmith and Fulham;Hammersmith and Fulham;A;219;Dual carriageway;40 MPH;Roundabout;Auto traffic signal;A;40;None within 50 metres ;Zebra;Darkness - lights lit;Fine no high winds;Dry;None;None;Urban;Yes;E01001874;2;1;Driver or rider;Male;31;6;Slight;Not a Pedestrian;Not a Pedestrian;Not car passenger;Not a bus or coach passenger;No / Not applicable;9;Cyclist;More deprived 20-30%;1;Car;No tow/articulation;Waiting to turn right;On main c'way - not in restricted lane;Leaving main road;None;None;Did not leave carriageway;None;Back;1;Commuting to/from work;Male;20;16 - 20;-1;-1;-1;4;Urban area;4
2019010158531;523181;181043;-0.226162;51.514892;Metropolitan Police;Slight;2;1;20/01/2019;Sunday;17:45;Hammersmith and Fulham;Hammersmith and Fulham;A;219;Dual carriageway;40 MPH;Roundabout;Auto traffic signal;A;40;None within 50 metres ;Zebra;Darkness - lights lit;Fine no high winds;Dry;None;None;Urban;Yes;E01001874;2;1;Driver or rider;Male;31;6;Slight;Not a Pedestrian;Not a Pedestrian;Not car passenger;Not a bus or coach passenger;No / Not applicable;9;Cyclist;More deprived 20-30%;2;Car;No tow/articulation;Turning left;On main c'way - not in restricted lane;Leaving main road;None;None;Did not leave carriageway;None;Front;1;Commuting to/from work;Male;31;26 - 35;-1;-1;-1;3;Urban area;3
2019010158534;540199;178865;0.018074;51.491357;Metropolitan Police;Slight;2;1;20/01/2019;Sunday;16:13;Greenwich;Greenwich;Unclassified;0;Single carriageway;30 MPH;More than 4 arms (not roundabout);Auto traffic signal;Unclassified;0;None within 50 metres ;No physical crossing facilities within 50 metres;Darkness - lights lit;Fine no high winds;Dry;None;None;Urban;Yes;E01033733;2;1;Driver or rider;Male;22;5;Slight;Not a Pedestrian;Not a Pedestrian;Not car passenger;Not a bus or coach passenger;No / Not applicable;9;Cyclist;More deprived 10-20%;1;Car;No tow/articulation;Turning right;On main c'way - not in restricted lane;Mid Junction - on roundabout or on main road;None;None;Nearside;Other permanent object;Front;1;Not known;Female;25;21 - 25;-1;-1;-1;4;Urban area;4
2019010158534;540199;178865;0.018074;51.491357;Metropolitan Police;Slight;2;1;20/01/2019;Sunday;16:13;Greenwich;Greenwich;Unclassified;0;Single carriageway;30 MPH;More than 4 arms (not roundabout);Auto traffic signal;Unclassified;0;None within 50 metres ;No physical crossing facilities within 50 metres;Darkness - lights lit;Fine no high winds;Dry;None;None;Urban;Yes;E01033733;2;1;Driver or rider;Male;22;5;Slight;Not a Pedestrian;Not a Pedestrian;Not car passenger;Not a bus or coach passenger;No / Not applicable;9;Cyclist;More deprived 10-20%;2;Car;No tow/articulation;Turning right;On main c'way - not in restricted lane;Mid Junction - on roundabout or on main road;None;None;Did not leave carriageway;None;Offside;1;Not known;Male;22;21 - 25;-1;-1;-1;2;Urban area;2
2019010158536;509424;191979;-0.420935;51.616015;Metropolitan Police;Serious;1;1;20/01/2019;Sunday;14:21;Hillingdon;Hillingdon;Unclassified;0;Single carriageway;30 MPH;Other junction;Give way or uncontrolled;Unclassified;0;None within 50 metres ;No physical crossing facilities within 50 metres;Daylight;Fine no high winds;Dry;None;None;Urban;Yes;E01002477;1;1;Driver or rider;Male;29;6;Serious;Not a Pedestrian;Not a Pedestrian;Not car passenger;Not a bus or coach passenger;No / Not applicable;9;Cyclist;Less deprived 10-20%;1;Car;No tow/articulation;Going ahead other;On main c'way - not in restricted lane;Mid Junction - on roundabout or on main road;Skidded and overturned;Kerb;Nearside;Lamp post;Front;1;Not known;Male;29;26 - 35;-1;-1;-1;9;Urban area;9
2019010158539;542037;183401;0.046358;51.531658;Metropolitan Police;Slight;1;1;07/01/2019;Monday;18:00;Newham;Newham;A;124;Single carriageway;30 MPH;Not at junction or within 20 metres;Data missing or out of range;-1;0;None within 50 metres ;Pedestrian phase at traffic signal junction;Darkness - lights lit;Fine no high winds;Dry;None;None;Urban;No - accident was reported using a self completion  form (self rep only);E01003524;1;1;Pedestrian;Female;56;9;Slight;In carriageway, crossing elsewhere;Crossing from nearside - masked by parked or stationary vehicle;Not car passenger;Not a bus or coach passenger;No / Not applicable;0;Cyclist;More deprived 20-30%;1;Car;No tow/articulation;Data missing or out of range;Data missing or out of range;Data missing or out of range;Data missing or out of range;Data missing or out of range;Data missing or out of range;Data missing or out of range;Front;1;Not known;Not known;-1;Data missing or out of range;-1;-1;-1;-1;Data missing or out of range;-1
2019010158540;544373;161745;0.071192;51.336472;Metropolitan Police;Slight;2;4;20/01/2019;Sunday;18:15;Bromley;Bromley;Unclassified;0;Single carriageway;30 MPH;Mini-roundabout;Give way or uncontrolled;Unclassified;0;None within 50 metres ;No physical crossing facilities within 50 metres;Darkness - lights lit;Fine no high winds;Dry;None;None;Rural;No - accident was reported using a self completion  form (self rep only);E01000749;1;1;Driver or rider;Female;37;7;Slight;Not a Pedestrian;Not a Pedestrian;Not car passenger;Not a bus or coach passenger;No / Not applicable;9;Cyclist;More deprived 40-50%;1;Car;No tow/articulation;Data missing or out of range;Data missing or out of range;Data missing or out of range;Data missing or out of range;Data missing or out of range;Data missing or out of range;Data missing or out of range;Offside;-1;Not known;Female;37;36 - 45;-1;-1;-1;5;Urban area;5
2019010158540;544373;161745;0.071192;51.336472;Metropolitan Police;Slight;2;4;20/01/2019;Sunday;18:15;Bromley;Bromley;Unclassified;0;Single carriageway;30 MPH;Mini-roundabout;Give way or uncontrolled;Unclassified;0;None within 50 metres ;No physical crossing facilities within 50 metres;Darkness - lights lit;Fine no high winds;Dry;None;None;Rural;No - accident was reported using a self completion  form (self rep only);E01000749;1;1;Driver or rider;Female;37;7;Slight;Not a Pedestrian;Not a Pedestrian;Not car passenger;Not a bus or coach passenger;No / Not applicable;9;Cyclist;More deprived 40-50%;2;Car;Data missing or out of range;Data missing or out of range;Data missing or out of range;Data missing or out of range;Data missing or out of range;Data missing or out of range;Data missing or out of range;Data missing or out of range;Data missing or out of range;-1;Not known;Not known;-1;Data missing or out of range;-1;-1;-1;-1;Data missing or out of range;-1
2019010158540;544373;161745;0.071192;51.336472;Metropolitan Police;Slight;2;4;20/01/2019;Sunday;18:15;Bromley;Bromley;Unclassified;0;Single carriageway;30 MPH;Mini-roundabout;Give way or uncontrolled;Unclassified;0;None within 50 metres ;No physical crossing facilities within 50 metres;Darkness - lights lit;Fine no high winds;Dry;None;None;Rural;No - accident was reported using a self completion  form (self rep only);E01000749;1;2;Passenger;Female;Data missing or out of range;-1;Slight;Not a Pedestrian;Not a Pedestrian;Front seat passenger;Not a bus or coach passenger;No / Not applicable;9;Cyclist;More deprived 40-50%;1;Car;No tow/articulation;Data missing or out of range;Data missing or out of range;Data missing or out of range;Data missing or out of range;Data missing or out of range;Data missing or out of range;Data missing or out of range;Offside;-1;Not known;Female;37;36 - 45;-1;-1;-1;5;Urban area;5
2019010158540;544373;161745;0.071192;51.336472;Metropolitan Police;Slight;2;4;20/01/2019;Sunday;18:15;Bromley;Bromley;Unclassified;0;Single carriageway;30 MPH;Mini-roundabout;Give way or uncontrolled;Unclassified;0;None within 50 metres ;No physical crossing facilities within 50 metres;Darkness - lights lit;Fine no high winds;Dry;None;None;Rural;No - accident was reported using a self completion  form (self rep only);E01000749;1;2;Passenger;Female;Data missing or out of range;-1;Slight;Not a Pedestrian;Not a Pedestrian;Front seat passenger;Not a bus or coach passenger;No / Not applicable;9;Cyclist;More deprived 40-50%;2;Car;Data missing or out of range;Data missing or out of range;Data missing or out of range;Data missing or out of range;Data missing or out of range;Data missing or out of range;Data missing or out of range;Data missing or out of range;Data missing or out of range;-1;Not known;Not known;-1;Data missing or out of range;-1;-1;-1;-1;Data missing or out of range;-1
2019010158540;544373;161745;0.071192;51.336472;Metropolitan Police;Slight;2;4;20/01/2019;Sunday;18:15;Bromley;Bromley;Unclassified;0;Single carriageway;30 MPH;Mini-roundabout;Give way or uncontrolled;Unclassified;0;None within 50 metres ;No physical crossing facilities within 50 metres;Darkness - lights lit;Fine no high winds;Dry;None;None;Rural;No - accident was reported using a self completion  form (self rep only);E01000749;1;3;Passenger;Female;Data missing or out of range;-1;Slight;Not a Pedestrian;Not a Pedestrian;Rear seat passenger;Not a bus or coach passenger;No / Not applicable;9;Cyclist;More deprived 40-50%;1;Car;No tow/articulation;Data missing or out of range;Data missing or out of range;Data missing or out of range;Data missing or out of range;Data missing or out of range;Data missing or out of range;Data missing or out of range;Offside;-1;Not known;Female;37;36 - 45;-1;-1;-1;5;Urban area;5
2019010158540;544373;161745;0.071192;51.336472;Metropolitan Police;Slight;2;4;20/01/2019;Sunday;18:15;Bromley;Bromley;Unclassified;0;Single carriageway;30 MPH;Mini-roundabout;Give way or uncontrolled;Unclassified;0;None within 50 metres ;No physical crossing facilities within 50 metres;Darkness - lights lit;Fine no high winds;Dry;None;None;Rural;No - accident was reported using a self completion  form (self rep only);E01000749;1;3;Passenger;Female;Data missing or out of range;-1;Slight;Not a Pedestrian;Not a Pedestrian;Rear seat passenger;Not a bus or coach passenger;No / Not applicable;9;Cyclist;More deprived 40-50%;2;Car;Data missing or out of range;Data missing or out of range;Data missing or out of range;Data missing or out of range;Data missing or out of range;Data missing or out of range;Data missing or out of range;Data missing or out of range;Data missing or out of range;-1;Not known;Not known;-1;Data missing or out of range;-1;-1;-1;-1;Data missing or out of range;-1
2019010158540;544373;161745;0.071192;51.336472;Metropolitan Police;Slight;2;4;20/01/2019;Sunday;18:15;Bromley;Bromley;Unclassified;0;Single carriageway;30 MPH;Mini-roundabout;Give way or uncontrolled;Unclassified;0;None within 50 metres ;No physical crossing facilities within 50 metres;Darkness - lights lit;Fine no high winds;Dry;None;None;Rural;No - accident was reported using a self completion  form (self rep only);E01000749;1;4;Passenger;Female;Data missing or out of range;-1;Slight;Not a Pedestrian;Not a Pedestrian;Rear seat passenger;Not a bus or coach passenger;No / Not applicable;9;Cyclist;More deprived 40-50%;1;Car;No tow/articulation;Data missing or out of range;Data missing or out of range;Data missing or out of range;Data missing or out of range;Data missing or out of range;Data missing or out of range;Data missing or out of range;Offside;-1;Not known;Female;37;36 - 45;-1;-1;-1;5;Urban area;5
2019010158540;544373;161745;0.071192;51.336472;Metropolitan Police;Slight;2;4;20/01/2019;Sunday;18:15;Bromley;Bromley;Unclassified;0;Single carriageway;30 MPH;Mini-roundabout;Give way or uncontrolled;Unclassified;0;None within 50 metres ;No physical crossing facilities within 50 metres;Darkness - lights lit;Fine no high winds;Dry;None;None;Rural;No - accident was reported using a self completion  form (self rep only);E01000749;1;4;Passenger;Female;Data missing or out of range;-1;Slight;Not a Pedestrian;Not a Pedestrian;Rear seat passenger;Not a bus or coach passenger;No / Not applicable;9;Cyclist;More deprived 40-50%;2;Car;Data missing or out of range;Data missing or out of range;Data missing or out of range;Data missing or out of range;Data missing or out of range;Data missing or out of range;Data missing or out of range;Data missing or out of range;Data missing or out of range;-1;Not known;Not known;-1;Data missing or out of range;-1;-1;-1;-1;Data missing or out of range;-1
2019010158545;530492;191762;-0.116883;51.60958;Metropolitan Police;Slight;2;1;19/01/2019;Saturday;23:41;Enfield;Enfield;Unclassified;0;Slip road;30 MPH;Other junction;Give way or uncontrolled;Unclassified;0;None within 50 metres ;No physical crossing facilities within 50 metres;Darkness - lights lit;Fine no high winds;Dry;None;None;Urban;Yes;E01001393;1;1;Driver or rider;Male;54;8;Slight;Not a Pedestrian;Not a Pedestrian;Not car passenger;Not a bus or coach passenger;No / Not applicable;9;Cyclist;More deprived 40-50%;1;Car;No tow/articulation;Going ahead other;On main c'way - not in restricted lane;Approaching junction or waiting/parked at junction approach;None;Parked vehicle;Did not leave carriageway;None;Offside;1;Not known;Male;54;46 - 55;1590;Petrol;17;5;Urban area;5
2019010158545;530492;191762;-0.116883;51.60958;Metropolitan Police;Slight;2;1;19/01/2019;Saturday;23:41;Enfield;Enfield;Unclassified;0;Slip road;30 MPH;Other junction;Give way or uncontrolled;Unclassified;0;None within 50 metres ;No physical crossing facilities within 50 metres;Darkness - lights lit;Fine no high winds;Dry;None;None;Urban;Yes;E01001393;1;1;Driver or rider;Male;54;8;Slight;Not a Pedestrian;Not a Pedestrian;Not car passenger;Not a bus or coach passenger;No / Not applicable;9;Cyclist;More deprived 40-50%;2;Car;No tow/articulation;Parked;On main c'way - not in restricted lane;Cleared junction or waiting/parked at junction exit;None;None;Did not leave carriageway;None;Nearside;1;Not known;Not known;-1;Data missing or out of range;999;Petrol;6;-1;Data missing or out of range;-1
2019010158552;544959;178765;0.08655;51.489259;Metropolitan Police;Slight;2;1;20/01/2019;Sunday;18:56;Greenwich;Greenwich;A;206;Single carriageway;30 MPH;Other junction;Give way or uncontrolled;Unclassified;0;None within 50 metres ;No physical crossing facilities within 50 metres;Darkness - lights lit;Fine no high winds;Wet or damp;None;None;Urban;Yes;E01001673;1;1;Driver or rider;Male;28;6;Slight;Not a Pedestrian;Not a Pedestrian;Not car passenger;Not a bus or coach passenger;No / Not applicable;9;Cyclist;More deprived 20-30%;1;Car;No tow/articulation;Turning right;On main c'way - not in restricted lane;Approaching junction or waiting/parked at junction approach;None;None;Did not leave carriageway;None;Nearside;1;Not known;Male;28;26 - 35;-1;-1;-1;3;Urban area;3
2019010158552;544959;178765;0.08655;51.489259;Metropolitan Police;Slight;2;1;20/01/2019;Sunday;18:56;Greenwich;Greenwich;A;206;Single carriageway;30 MPH;Other junction;Give way or uncontrolled;Unclassified;0;None within 50 metres ;No physical crossing facilities within 50 metres;Darkness - lights lit;Fine no high winds;Wet or damp;None;None;Urban;Yes;E01001673;1;1;Driver or rider;Male;28;6;Slight;Not a Pedestrian;Not a Pedestrian;Not car passenger;Not a bus or coach passenger;No / Not applicable;9;Cyclist;More deprived 20-30%;2;Car;No tow/articulation;Going ahead other;On main c'way - not in restricted lane;Approaching junction or waiting/parked at junction approach;None;None;Did not leave carriageway;None;Front;1;Not known;Not known;-1;Data missing or out of range;-1;-1;-1;-1;Data missing or out of range;-1
2019010158555;545260;183338;0.092764;51.530273;Metropolitan Police;Serious;1;1;20/01/2019;Sunday;18:05;Barking and Dagenham;Barking and Dagenham;C;0;Dual carriageway;50 MPH;Crossroads;Auto traffic signal;A;13;Control by school crossing patrol;Pelican, puffin, toucan or similar non-junction pedestrian light crossing;Darkness - lights lit;Fine no high winds;Dry;None;None;Urban;Yes;E01000052;1;1;Driver or rider;Male;60;9;Serious;Not a Pedestrian;Not a Pedestrian;Not car passenger;Not a bus or coach passenger;No / Not applicable;9;Cyclist;More deprived 30-40%;1;Car;No tow/articulation;Turning right;On main c'way - not in restricted lane;Approaching junction or waiting/parked at junction approach;None;Bollard or refuge;Did not leave carriageway;None;Front;1;Not known;Male;60;56 - 65;-1;-1;-1;4;Urban area;4
2019010158558;530222;172506;-0.12789;51.436594;Metropolitan Police;Slight;2;1;20/01/2019;Sunday;14:50;Lambeth;Lambeth;A;23;Single carriageway;20 MPH;Not at junction or within 20 metres;Data missing or out of range;-1;0;None within 50 metres ;Data missing or out of range;Daylight;Fine no high winds;Dry;None;None;Urban;No - accident was reported using a self completion  form (self rep only);E01003117;1;1;Driver or rider;Male;39;7;Slight;Not a Pedestrian;Not a Pedestrian;Not car passenger;Not a bus or coach passenger;No / Not applicable;8;Cyclist;Less deprived 30-40%;1;Taxi/Private hire car;No tow/articulation;Data missing or out of range;Data missing or out of range;Not at or within 20 metres of junction;Data missing or out of range;Data missing or out of range;Data missing or out of range;Data missing or out of range;Back;-1;Not known;Male;39;36 - 45;-1;-1;-1;7;Urban area;7
2019010158558;530222;172506;-0.12789;51.436594;Metropolitan Police;Slight;2;1;20/01/2019;Sunday;14:50;Lambeth;Lambeth;A;23;Single carriageway;20 MPH;Not at junction or within 20 metres;Data missing or out of range;-1;0;None within 50 metres ;Data missing or out of range;Daylight;Fine no high winds;Dry;None;None;Urban;No - accident was reported using a self completion  form (self rep only);E01003117;1;1;Driver or rider;Male;39;7;Slight;Not a Pedestrian;Not a Pedestrian;Not car passenger;Not a bus or coach passenger;No / Not applicable;8;Cyclist;Less deprived 30-40%;2;Car;No tow/articulation;Data missing or out of range;Data missing or out of range;Not at or within 20 metres of junction;Data missing or out of range;Data missing or out of range;Data missing or out of range;Data missing or out of range;Front;-1;Not known;Not known;-1;Data missing or out of range;-1;-1;-1;-1;Data missing or out of range;-1
2019010158563;519570;191222;-0.274717;51.60715;Metropolitan Police;Slight;3;1;20/01/2019;Sunday;22:20;Barnet;Barnet;A;5109;Single carriageway;30 MPH;Crossroads;Auto traffic signal;A;5;None within 50 metres ;No physical crossing facilities within 50 metres;Darkness - lights lit;Fine no high winds;Frost or ice;None;None;Urban;Yes;E01000194;1;1;Driver or rider;Male;49;8;Slight;Not a Pedestrian;Not a Pedestrian;Not car passenger;Not a bus or coach passenger;No / Not applicable;9;Cyclist;Less deprived 20-30%;1;Car;No tow/articulation;Turning right;Footway (pavement);Entering main road;None;Parked vehicle;Nearside;Other permanent object;Front;1;Not known;Male;49;46 - 55;-1;-1;-1;8;Urban area;8
2019010158563;519570;191222;-0.274717;51.60715;Metropolitan Police;Slight;3;1;20/01/2019;Sunday;22:20;Barnet;Barnet;A;5109;Single carriageway;30 MPH;Crossroads;Auto traffic signal;A;5;None within 50 metres ;No physical crossing facilities within 50 metres;Darkness - lights lit;Fine no high winds;Frost or ice;None;None;Urban;Yes;E01000194;1;1;Driver or rider;Male;49;8;Slight;Not a Pedestrian;Not a Pedestrian;Not car passenger;Not a bus or coach passenger;No / Not applicable;9;Cyclist;Less deprived 20-30%;2;Car;No tow/articulation;Parked;On main c'way - not in restricted lane;Cleared junction or waiting/parked at junction exit;None;None;Did not leave carriageway;None;Did not impact;1;Not known;Not known;-1;Data missing or out of range;-1;-1;-1;-1;Data missing or out of range;-1
2019010158563;519570;191222;-0.274717;51.60715;Metropolitan Police;Slight;3;1;20/01/2019;Sunday;22:20;Barnet;Barnet;A;5109;Single carriageway;30 MPH;Crossroads;Auto traffic signal;A;5;None within 50 metres ;No physical crossing facilities within 50 metres;Darkness - lights lit;Fine no high winds;Frost or ice;None;None;Urban;Yes;E01000194;1;1;Driver or rider;Male;49;8;Slight;Not a Pedestrian;Not a Pedestrian;Not car passenger;Not a bus or coach passenger;No / Not applicable;9;Cyclist;Less deprived 20-30%;3;Car;No tow/articulation;Parked;On main c'way - not in restricted lane;Cleared junction or waiting/parked at junction exit;None;None;Did not leave carriageway;None;Did not impact;1;Not known;Not known;-1;Data missing or out of range;-1;-1;-1;-1;Data missing or out of range;-1
2019010158565;537883;188268;-0.011584;51.576423;Metropolitan Police;Slight;3;1;19/01/2019;Saturday;23:05;Waltham Forest;Waltham Forest;A;104;Single carriageway;30 MPH;Not at junction or within 20 metres;Data missing or out of range;-1;0;None within 50 metres ;Zebra;Darkness - lights lit;Fine no high winds;Dry;None;None;Urban;Yes;E01004365;2;1;Driver or rider;Male;50;8;Slight;Not a Pedestrian;Not a Pedestrian;Not car passenger;Not a bus or coach passenger;No / Not applicable;9;Cyclist;More deprived 10-20%;1;Car;No tow/articulation;Waiting to go - held up;On main c'way - not in restricted lane;Not at or within 20 metres of junction;None;None;Did not leave carriageway;None;Back;1;Not known;Male;55;46 - 55;-1;-1;-1;4;Urban area;4
2019010158565;537883;188268;-0.011584;51.576423;Metropolitan Police;Slight;3;1;19/01/2019;Saturday;23:05;Waltham Forest;Waltham Forest;A;104;Single carriageway;30 MPH;Not at junction or within 20 metres;Data missing or out of range;-1;0;None within 50 metres ;Zebra;Darkness - lights lit;Fine no high winds;Dry;None;None;Urban;Yes;E01004365;2;1;Driver or rider;Male;50;8;Slight;Not a Pedestrian;Not a Pedestrian;Not car passenger;Not a bus or coach passenger;No / Not applicable;9;Cyclist;More deprived 10-20%;2;Car;No tow/articulation;Waiting to go - held up;On main c'way - not in restricted lane;Not at or within 20 metres of junction;None;None;Did not leave carriageway;None;Back;1;Not known;Male;50;46 - 55;-1;-1;-1;2;Urban area;2
2019010158565;537883;188268;-0.011584;51.576423;Metropolitan Police;Slight;3;1;19/01/2019;Saturday;23:05;Waltham Forest;Waltham Forest;A;104;Single carriageway;30 MPH;Not at junction or within 20 metres;Data missing or out of range;-1;0;None within 50 metres ;Zebra;Darkness - lights lit;Fine no high winds;Dry;None;None;Urban;Yes;E01004365;2;1;Driver or rider;Male;50;8;Slight;Not a Pedestrian;Not a Pedestrian;Not car passenger;Not a bus or coach passenger;No / Not applicable;9;Cyclist;More deprived 10-20%;3;Car;No tow/articulation;Slowing or stopping;On main c'way - not in restricted lane;Not at or within 20 metres of junction;None;None;Did not leave carriageway;None;Front;1;Not known;Female;32;26 - 35;-1;-1;-1;4;Urban area;4
2019010158567;538866;181198;-0.000195;51.51265;Metropolitan Police;Slight;2;4;21/01/2019;Monday;00:37;Tower Hamlets;Tower Hamlets;A;13;Dual carriageway;30 MPH;Crossroads;Auto traffic signal;A;1268;None within 50 metres ;Pedestrian phase at traffic signal junction;Darkness - lights lit;Fine no high winds;Wet or damp;None;None;Urban;Yes;E01032778;1;1;Driver or rider;Male;28;6;Slight;Not a Pedestrian;Not a Pedestrian;Not car passenger;Not a bus or coach passenger;No / Not applicable;9;-1;Data missing or out of range;1;Car;No tow/articulation;Going ahead other;On main c'way - not in restricted lane;Mid Junction - on roundabout or on main road;None;None;Did not leave carriageway;None;Nearside;1;Not known;Male;28;26 - 35;-1;-1;-1;-1;Data missing or out of range;-1
2019010158567;538866;181198;-0.000195;51.51265;Metropolitan Police;Slight;2;4;21/01/2019;Monday;00:37;Tower Hamlets;Tower Hamlets;A;13;Dual carriageway;30 MPH;Crossroads;Auto traffic signal;A;1268;None within 50 metres ;Pedestrian phase at traffic signal junction;Darkness - lights lit;Fine no high winds;Wet or damp;None;None;Urban;Yes;E01032778;1;1;Driver or rider;Male;28;6;Slight;Not a Pedestrian;Not a Pedestrian;Not car passenger;Not a bus or coach passenger;No / Not applicable;9;-1;Data missing or out of range;2;Car;No tow/articulation;Going ahead other;On main c'way - not in restricted lane;Mid Junction - on roundabout or on main road;None;None;Did not leave carriageway;None;Front;1;Not known;Male;39;36 - 45;-1;-1;-1;1;Urban area;1
2019010158567;538866;181198;-0.000195;51.51265;Metropolitan Police;Slight;2;4;21/01/2019;Monday;00:37;Tower Hamlets;Tower Hamlets;A;13;Dual carriageway;30 MPH;Crossroads;Auto traffic signal;A;1268;None within 50 metres ;Pedestrian phase at traffic signal junction;Darkness - lights lit;Fine no high winds;Wet or damp;None;None;Urban;Yes;E01032778;1;2;Passenger;Female;30;6;Slight;Not a Pedestrian;Not a Pedestrian;Rear seat passenger;Not a bus or coach passenger;No / Not applicable;9;Cyclist;Less deprived 40-50%;1;Car;No tow/articulation;Going ahead other;On main c'way - not in restricted lane;Mid Junction - on roundabout or on main road;None;None;Did not leave carriageway;None;Nearside;1;Not known;Male;28;26 - 35;-1;-1;-1;-1;Data missing or out of range;-1
2019010158567;538866;181198;-0.000195;51.51265;Metropolitan Police;Slight;2;4;21/01/2019;Monday;00:37;Tower Hamlets;Tower Hamlets;A;13;Dual carriageway;30 MPH;Crossroads;Auto traffic signal;A;1268;None within 50 metres ;Pedestrian phase at traffic signal junction;Darkness - lights lit;Fine no high winds;Wet or damp;None;None;Urban;Yes;E01032778;1;2;Passenger;Female;30;6;Slight;Not a Pedestrian;Not a Pedestrian;Rear seat passenger;Not a bus or coach passenger;No / Not applicable;9;Cyclist;Less deprived 40-50%;2;Car;No tow/articulation;Going ahead other;On main c'way - not in restricted lane;Mid Junction - on roundabout or on main road;None;None;Did not leave carriageway;None;Front;1;Not known;Male;39;36 - 45;-1;-1;-1;1;Urban area;1