Accident_Index;Location_Easting_OSGR;Location_Northing_OSGR;Longitude;Latitude;Police_Force;Accident_Severity;Number_of_Vehicles;Number_of_Casualties;Date;Day_of_Week;Time;Local_Authority_(District);Local_Authority_(Highway);1st_Road_Class;1st_Road_Number;Road_Type;Speed_limit;Junction_Detail;Junction_Control;2nd_Road_Class;2nd_Road_Number;Pedestrian_Crossing-Human_Control;Pedestrian_Crossing-Physical_Facilities;Light_Conditions;Weather_Conditions;Road_Surface_Conditions;Special_Conditions_at_Site;Carriageway_Hazards;Urban_or_Rural_Area;Did_Police_Officer_Attend_Scene_of_Accident;LSOA_of_Accident_Location;Vehicle_Reference_x;Casualty_Reference;Casualty_Class;Sex_of_Casualty;Age_of_Casualty;Age_Band_of_Casualty;Casualty_Severity;Pedestrian_Location;Pedestrian_Movement;Car_Passenger;Bus_or_Coach_Passenger;Pedestrian_Road_Maintenance_Worker;Casualty_Type;Casualty_Home_Area_Type;Casualty_IMD_Decile;Vehicle_Reference_y;Vehicle_Type;Towing_and_Articulation;Vehicle_Manoeuvre;Vehicle_Location-Restricted_Lane;Junction_Location;Skidding_and_Overturning;Hit_Object_in_Carriageway;Vehicle_Leaving_Carriageway;Hit_Object_off_Carriageway;1st_Point_of_Impact;Was_Vehicle_Left_Hand_Drive?;Journey_Purpose_of_Driver;Sex_of_Driver;Age_of_Driver;Age_Band_of_Driver;Engine_Capacity_(CC);Propulsion_Code;Age_of_Vehicle;Driver_IMD_Decile;Driver_Home_Area_Type;Vehicle_IMD_Decile
2019010158567;538866;181198;-0.000195;51.51265;Metropolitan Police;Slight;2;4;21/01/2019;Monday;00:37;Tower Hamlets;Tower Hamlets;A;13;Dual carriageway;30 MPH;Crossroads;Auto traffic signal;A;1268;None within 50 metres ;Pedestrian phase at traffic signal junction;Darkness - lights lit;Fine no high winds;Wet or damp;None;None;Urban;Yes;E01032778;1;3;Passenger;Female;57;9;Slight;Not a Pedestrian;Not a Pedestrian;Front seat passenger;Not a bus or coach passenger;No / Not applicable;9;Cyclist;More deprived 10-20%;1;Car;No tow/articulation;Going ahead other;On main c'way - not in restricted lane;Mid Junction - on roundabout or on main road;None;None;Did not leave carriageway;None;Nearside;1;Not known;Male;28;26 - 35;-1;-1;-1;-1;Data missing or out of range;-1
2019010158567;538866;181198;-0.000195;51.51265;Metropolitan Police;Slight;2;4;21/01/2019;Monday;00:37;Tower Hamlets;Tower Hamlets;A;13;Dual carriageway;30 MPH;Crossroads;Auto traffic signal;A;1268;None within 50 metres ;Pedestrian phase at traffic signal junction;Darkness - lights lit;Fine no high winds;Wet or damp;None;None;Urban;Yes;E01032778;1;3;Passenger;Female;57;9;Slight;Not a Pedestrian;Not a Pedestrian;Front seat passenger;Not a bus or coach passenger;No / Not applicable;9;Cyclist;More deprived 10-20%;2;Car;No tow/articulation;Going ahead other;On main c'way - not in restricted lane;Mid Junction - on roundabout or on main road;None;None;Did not leave carriageway;None;Front;1;Not known;Male;39;36 - 45;-1;-1;-1;1;Urban area;1
2019010158567;538866;181198;-0.000195;51.51265;Metropolitan Police;Slight;2;4;21/01/2019;Monday;00:37;Tower Hamlets;Tower Hamlets;A;13;Dual carriageway;30 MPH;Crossroads;Auto traffic signal;A;1268;None within 50 metres ;Pedestrian phase at traffic signal junction;Darkness - lights lit;Fine no high winds;Wet or damp;None;None;Urban;Yes;E01032778;1;4;Passenger;Female;54;8;Slight;Not a Pedestrian;Not a Pedestrian;Rear seat passenger;Not a bus or coach passenger;No / Not applicable;9;Cyclist;More deprived 10-20%;1;Car;No tow/articulation;Going ahead other;On main c'way - not in restricted lane;Mid Junction - on roundabout or on main road;None;None;Did not leave carriageway;None;Nearside;1;Not known;Male;28;26 - 35;-1;-1;-1;-1;Data missing or out of range;-1
2019010158567;538866;181198;-0.000195;51.51265;Metropolitan Police;Slight;2;4;21/01/2019;Monday;00:37;Tower Hamlets;Tower Hamlets;A;13;Dual carriageway;30 MPH;Crossroads;Auto traffic signal;A;1268;None within 50 metres ;Pedestrian phase at traffic signal junction;Darkness - lights lit;Fine no high winds;Wet or damp;None;None;Urban;Yes;E01032778;1;4;Passenger;Female;54;8;Slight;Not a Pedestrian;Not a Pedestrian;Rear seat passenger;Not a bus or coach passenger;No / Not applicable;9;Cyclist;More deprived 10-20%;2;Car;No tow/articulation;Going ahead other;On main c'way - not in restricted lane;Mid Junction - on roundabout or on main road;None;None;Did not leave carriageway;None;Front;1;Not known;Male;39;36 - 45;-1;-1;-1;1;Urban area;1
2019010158569;531876;182984;-0.100199;51.530374;Metropolitan Police;Slight;2;1;19/01/2019;Saturday;23:20;Islington;Islington;A;501;Single carriageway;30 MPH;T or staggered junction;Data missing or out of range;Unclassified;0;Data missing or out of range;No physical crossing facilities within 50 metres;Darkness - lights lit;Fine no high winds;Dry;None;None;Urban;No - accident was reported using a self completion  form (self rep only);E01002707;1;1;Driver or rider;Male;40;7;Slight;Not a Pedestrian;Not a Pedestrian;Not car passenger;Not a bus or coach passenger;No / Not applicable;9;Cyclist;More deprived 10-20%;1;Car;No tow/articulation;Data missing or out of range;Data missing or out of range;Data missing or out of range;Data missing or out of range;Data missing or out of range;Data missing or out of range;Data missing or out of range;Back;-1;Not known;Male;40;36 - 45;-1;-1;-1;2;Urban area;2
2019010158569;531876;182984;-0.100199;51.530374;Metropolitan Police;Slight;2;1;19/01/2019;Saturday;23:20;Islington;Islington;A;501;Single carriageway;30 MPH;T or staggered junction;Data missing or out of range;Unclassified;0;Data missing or out of range;No physical crossing facilities within 50 metres;Darkness - lights lit;Fine no high winds;Dry;None;None;Urban;No - accident was reported using a self completion  form (self rep only);E01002707;1;1;Driver or rider;Male;40;7;Slight;Not a Pedestrian;Not a Pedestrian;Not car passenger;Not a bus or coach passenger;No / Not applicable;9;Cyclist;More deprived 10-20%;2;Car;No tow/articulation;Data missing or out of range;Data missing or out of range;Data missing or out of range;Data missing or out of range;Data missing or out of range;Data missing or out of range;Data missing or out of range;Front;-1;Not known;Not known;-1;Data missing or out of range;-1;-1;-1;-1;Data missing or out of range;-1
2019010158572;536766;182652;-0.029874;51.526228;Metropolitan Police;Serious;2;1;11/01/2019;Friday;17:40;Tower Hamlets;Tower Hamlets;A;11;Single carriageway;30 MPH;T or staggered junction;Data missing or out of range;A;11;None within 50 metres ;No physical crossing facilities within 50 metres;Darkness - lights lit;Unknown;Dry;None;None;Urban;No - accident was reported using a self completion  form (self rep only);E01004232;1;1;Driver or rider;Male;53;8;Serious;Not a Pedestrian;Not a Pedestrian;Not car passenger;Not a bus or coach passenger;No / Not applicable;1;Cyclist;More deprived 10-20%;1;Pedal cycle;No tow/articulation;Going ahead other;On main c'way - not in restricted lane;Cleared junction or waiting/parked at junction exit;None;None;Did not leave carriageway;None;Front;1;Not known;Male;53;46 - 55;-1;-1;-1;2;Urban area;2
2019010158572;536766;182652;-0.029874;51.526228;Metropolitan Police;Serious;2;1;11/01/2019;Friday;17:40;Tower Hamlets;Tower Hamlets;A;11;Single carriageway;30 MPH;T or staggered junction;Data missing or out of range;A;11;None within 50 metres ;No physical crossing facilities within 50 metres;Darkness - lights lit;Unknown;Dry;None;None;Urban;No - accident was reported using a self completion  form (self rep only);E01004232;1;1;Driver or rider;Male;53;8;Serious;Not a Pedestrian;Not a Pedestrian;Not car passenger;Not a bus or coach passenger;No / Not applicable;1;Cyclist;More deprived 10-20%;2;Car;No tow/articulation;Data missing or out of range;On main c'way - not in restricted lane;Cleared junction or waiting/parked at junction exit;None;None;Did not leave carriageway;None;Front;-1;Not known;Not known;-1;Data missing or out of range;-1;-1;-1;-1;Data missing or out of range;-1
2019010158576;542423;165943;0.044896;51.374687;Metropolitan Police;Slight;2;1;21/01/2019;Monday;08:00;Bromley;Bromley;A;21;Single carriageway;30 MPH;T or staggered junction;Give way or uncontrolled;Unclassified;0;None within 50 metres ;No physical crossing facilities within 50 metres;Daylight;Other;Frost or ice;None;None;Urban;Yes;E01000665;2;1;Driver or rider;Female;51;8;Slight;Not a Pedestrian;Not a Pedestrian;Not car passenger;Not a bus or coach passenger;No / Not applicable;1;Cyclist;Less deprived 30-40%;1;Van / Goods 3.5 tonnes mgw or under;No tow/articulation;Waiting to turn right;On main c'way - not in restricted lane;Approaching junction or waiting/parked at junction approach;None;None;Did not leave carriageway;None;Front;1;Commuting to/from work;Male;33;26 - 35;-1;-1;-1;10;Urban area;10
2019010158576;542423;165943;0.044896;51.374687;Metropolitan Police;Slight;2;1;21/01/2019;Monday;08:00;Bromley;Bromley;A;21;Single carriageway;30 MPH;T or staggered junction;Give way or uncontrolled;Unclassified;0;None within 50 metres ;No physical crossing facilities within 50 metres;Daylight;Other;Frost or ice;None;None;Urban;Yes;E01000665;2;1;Driver or rider;Female;51;8;Slight;Not a Pedestrian;Not a Pedestrian;Not car passenger;Not a bus or coach passenger;No / Not applicable;1;Cyclist;Less deprived 30-40%;2;Pedal cycle;No tow/articulation;Waiting to turn right;On main c'way - not in restricted lane;Approaching junction or waiting/parked at junction approach;None;None;Did not leave carriageway;None;Back;1;Commuting to/from work;Female;51;46 - 55;-1;-1;-1;7;Urban area;7
2019010158579;533501;184192;-0.076328;51.540848;Metropolitan Police;Slight;2;1;12/01/2019;Saturday;19:00;Hackney;Hackney;A;10;Unknown;30 MPH;Data missing or out of range;Data missing or out of range;C;0;Data missing or out of range;Data missing or out of range;Darkness - lighting unknown;Unknown;Data missing or out of range;Data missing or out of range;Data missing or out of range;Urban;No - accident was reported using a self completion  form (self rep only);E01033707;1;1;Driver or rider;Male;31;6;Slight;Not a Pedestrian;Not a Pedestrian;Not car passenger;Not a bus or coach passenger;No / Not applicable;9;Cyclist;More deprived 20-30%;1;Car;Data missing or out of range;Waiting to go - held up;Data missing or out of range;Data missing or out of range;Data missing or out of range;Data missing or out of range;Data missing or out of range;Data missing or out of range;Data missing or out of range;-1;Not known;Male;31;26 - 35;-1;-1;-1;3;Urban area;3
2019010158579;533501;184192;-0.076328;51.540848;Metropolitan Police;Slight;2;1;12/01/2019;Saturday;19:00;Hackney;Hackney;A;10;Unknown;30 MPH;Data missing or out of range;Data missing or out of range;C;0;Data missing or out of range;Data missing or out of range;Darkness - lighting unknown;Unknown;Data missing or out of range;Data missing or out of range;Data missing or out of range;Urban;No - accident was reported using a self completion  form (self rep only);E01033707;1;1;Driver or rider;Male;31;6;Slight;Not a Pedestrian;Not a Pedestrian;Not car passenger;Not a bus or coach passenger;No / Not applicable;9;Cyclist;More deprived 20-30%;2;Car;Data missing or out of range;Going ahead other;Data missing or out of range;Data missing or out of range;Data missing or out of range;Data missing or out of range;Data missing or out of range;Data missing or out of range;Data missing or out of range;-1;Not known;Male;-1;Data missing or out of range;-1;-1;-1;2;Urban area;2
2019010158580;539921;178264;0.013834;51.486025;Metropolitan Police;Slight;2;1;21/01/2019;Monday;07:25;Greenwich;Greenwich;A;206;Single carriageway;20 MPH;Data missing or out of range;Data missing or out of range;Unclassified;0;None within 50 metres ;Zebra;Darkness - lights lit;Fine no high winds;Dry;None;None;Urban;No - accident was reported using a self completion  form (self rep only);E01001665;1;1;Driver or rider;Male;40;7;Slight;Not a Pedestrian;Not a Pedestrian;Not car passenger;Not a bus or coach passenger;No / Not applicable;1;Cyclist;More deprived 20-30%;1;Pedal cycle;Data missing or out of range;Data missing or out of range;Data missing or out of range;Data missing or out of range;Data missing or out of range;Data missing or out of range;Data missing or out of range;Data missing or out of range;Data missing or out of range;1;Commuting to/from work;Male;40;36 - 45;-1;-1;-1;3;Urban area;3
2019010158580;539921;178264;0.013834;51.486025;Metropolitan Police;Slight;2;1;21/01/2019;Monday;07:25;Greenwich;Greenwich;A;206;Single carriageway;20 MPH;Data missing or out of range;Data missing or out of range;Unclassified;0;None within 50 metres ;Zebra;Darkness - lights lit;Fine no high winds;Dry;None;None;Urban;No - accident was reported using a self completion  form (self rep only);E01001665;1;1;Driver or rider;Male;40;7;Slight;Not a Pedestrian;Not a Pedestrian;Not car passenger;Not a bus or coach passenger;No / Not applicable;1;Cyclist;More deprived 20-30%;2;Bus or coach (17 or more pass seats);No tow/articulation;Data missing or out of range;Data missing or out of range;Data missing or out of range;Data missing or out of range;Data missing or out of range;Data missing or out of range;Data missing or out of range;Data missing or out of range;-1;Not known;Not known;-1;Data missing or out of range;-1;-1;-1;5;Urban area;5
2019010158588;516791;183723;-0.31732;51.540334;Metropolitan Police;Slight;2;1;21/01/2019;Monday;07:30;Ealing;Ealing;C;0;Single carriageway;30 MPH;T or staggered junction;Give way or uncontrolled;Unclassified;0;None within 50 metres ;No physical crossing facilities within 50 metres;Darkness - no lighting;Fine no high winds;Dry;None;None;Urban;Yes;E01001343;2;1;Driver or rider;Male;57;9;Slight;Not a Pedestrian;Not a Pedestrian;Not car passenger;Not a bus or coach passenger;No / Not applicable;1;Cyclist;Less deprived 30-40%;1;Van / Goods 3.5 tonnes mgw or under;No tow/articulation;Turning left;On main c'way - not in restricted lane;Entering main road;None;None;Did not leave carriageway;None;Nearside;1;Journey as part of work;Male;53;46 - 55;-1;-1;-1;-1;Data missing or out of range;-1
2019010158588;516791;183723;-0.31732;51.540334;Metropolitan Police;Slight;2;1;21/01/2019;Monday;07:30;Ealing;Ealing;C;0;Single carriageway;30 MPH;T or staggered junction;Give way or uncontrolled;Unclassified;0;None within 50 metres ;No physical crossing facilities within 50 metres;Darkness - no lighting;Fine no high winds;Dry;None;None;Urban;Yes;E01001343;2;1;Driver or rider;Male;57;9;Slight;Not a Pedestrian;Not a Pedestrian;Not car passenger;Not a bus or coach passenger;No / Not applicable;1;Cyclist;Less deprived 30-40%;2;Pedal cycle;No tow/articulation;Going ahead left-hand bend;On main c'way - not in restricted lane;Cleared junction or waiting/parked at junction exit;None;None;Did not leave carriageway;None;Front;1;Journey as part of work;Male;57;56 - 65;-1;-1;-1;7;Urban area;7
2019010158590;541671;169334;0.03545;51.405345;Metropolitan Police;Slight;2;1;19/01/2019;Saturday;13:35;Bromley;Bromley;A;222;Single carriageway;30 MPH;T or staggered junction;Data missing or out of range;Unclassified;0;Data missing or out of range;Data missing or out of range;Daylight;Fine no high winds;Dry;None;None;Urban;No - accident was reported using a self completion  form (self rep only);E01000646;1;1;Driver or rider;Female;26;6;Slight;Not a Pedestrian;Not a Pedestrian;Not car passenger;Not a bus or coach passenger;No / Not applicable;9;Cyclist;Less deprived 20-30%;1;Car;No tow/articulation;Going ahead other;Data missing or out of range;Data missing or out of range;Data missing or out of range;Data missing or out of range;Data missing or out of range;Data missing or out of range;Back;-1;Not known;Female;26;26 - 35;-1;-1;-1;8;Urban area;8
2019010158590;541671;169334;0.03545;51.405345;Metropolitan Police;Slight;2;1;19/01/2019;Saturday;13:35;Bromley;Bromley;A;222;Single carriageway;30 MPH;T or staggered junction;Data missing or out of range;Unclassified;0;Data missing or out of range;Data missing or out of range;Daylight;Fine no high winds;Dry;None;None;Urban;No - accident was reported using a self completion  form (self rep only);E01000646;1;1;Driver or rider;Female;26;6;Slight;Not a Pedestrian;Not a Pedestrian;Not car passenger;Not a bus or coach passenger;No / Not applicable;9;Cyclist;Less deprived 20-30%;2;Car;No tow/articulation;Data missing or out of range;Data missing or out of range;Data missing or out of range;Data missing or out of range;Data missing or out of range;Data missing or out of range;Data missing or out of range;Front;-1;Not known;Not known;-1;Data missing or out of range;-1;-1;-1;7;Urban area;7
2019010158592;537936;176764;-0.015321;51.473033;Metropolitan Police;Slight;2;1;21/01/2019;Monday;08:23;Greenwich;Greenwich;A;2;Single carriageway;30 MPH;More than 4 arms (not roundabout);Auto traffic signal;A;2211;None within 50 metres ;Pelican, puffin, toucan or similar non-junction pedestrian light crossing;Daylight;Fine no high winds;Dry;None;None;Urban;Yes;E01001644;2;1;Driver or rider;Female;37;7;Slight;Not a Pedestrian;Not a Pedestrian;Not car passenger;Not a bus or coach passenger;No / Not applicable;9;Cyclist;Most deprived 10%;1;Car;No tow/articulation;Turning right;On main c'way - not in restricted lane;Mid Junction - on roundabout or on main road;None;None;Offside;None;Front;1;Commuting to/from work;Female;26;26 - 35;-1;-1;-1;1;Urban area;1
2019010158592;537936;176764;-0.015321;51.473033;Metropolitan Police;Slight;2;1;21/01/2019;Monday;08:23;Greenwich;Greenwich;A;2;Single carriageway;30 MPH;More than 4 arms (not roundabout);Auto traffic signal;A;2211;None within 50 metres ;Pelican, puffin, toucan or similar non-junction pedestrian light crossing;Daylight;Fine no high winds;Dry;None;None;Urban;Yes;E01001644;2;1;Driver or rider;Female;37;7;Slight;Not a Pedestrian;Not a Pedestrian;Not car passenger;Not a bus or coach passenger;No / Not applicable;9;Cyclist;Most deprived 10%;2;Car;No tow/articulation;Going ahead other;On main c'way - not in restricted lane;Mid Junction - on roundabout or on main road;None;None;Did not leave carriageway;None;Front;1;Not known;Female;37;36 - 45;-1;-1;-1;1;Urban area;1
2019010158593;544747;184675;0.085923;51.542418;Metropolitan Police;Slight;2;1;21/01/2019;Monday;08:52;Barking and Dagenham;Barking and Dagenham;A;124;Single carriageway;30 MPH;T or staggered junction;Give way or uncontrolled;Unclassified;0;None within 50 metres ;No physical crossing facilities within 50 metres;Daylight;Other;Wet or damp;None;None;Urban;Yes;E01000068;1;1;Passenger;Female;63;9;Slight;Not a Pedestrian;Not a Pedestrian;Not car passenger;Standing passenger;No / Not applicable;11;Cyclist;More deprived 20-30%;1;Bus or coach (17 or more pass seats);No tow/articulation;Going ahead other;Bus lane;Approaching junction or waiting/parked at junction approach;None;None;Did not leave carriageway;None;Did not impact;1;Journey as part of work;Male;39;36 - 45;-1;-1;-1;5;Urban area;5
2019010158593;544747;184675;0.085923;51.542418;Metropolitan Police;Slight;2;1;21/01/2019;Monday;08:52;Barking and Dagenham;Barking and Dagenham;A;124;Single carriageway;30 MPH;T or staggered junction;Give way or uncontrolled;Unclassified;0;None within 50 metres ;No physical crossing facilities within 50 metres;Daylight;Other;Wet or damp;None;None;Urban;Yes;E01000068;1;1;Passenger;Female;63;9;Slight;Not a Pedestrian;Not a Pedestrian;Not car passenger;Standing passenger;No / Not applicable;11;Cyclist;More deprived 20-30%;2;Car;No tow/articulation;Going ahead other;On main c'way - not in restricted lane;Entering main road;None;None;Did not leave carriageway;None;Did not impact;1;Not known;Not known;-1;Data missing or out of range;-1;-1;-1;-1;Data missing or out of range;-1
2019010158595;525588;178985;-0.192224;51.495867;Metropolitan Police;Slight;2;1;06/01/2019;Sunday;04:47;Kensington and Chelsea;Kensington and Chelsea;C;0;Single carriageway;30 MPH;Crossroads;Give way or uncontrolled;Unclassified;0;None within 50 metres ;No physical crossing facilities within 50 metres;Darkness - lights lit;Fine no high winds;Dry;None;None;Urban;Yes;E01002812;2;1;Driver or rider;Male;35;6;Slight;Not a Pedestrian;Not a Pedestrian;Not car passenger;Not a bus or coach passenger;No / Not applicable;3;Cyclist;Most deprived 10%;1;Car;No tow/articulation;Moving off;On main c'way - not in restricted lane;Mid Junction - on roundabout or on main road;None;None;Did not leave carriageway;None;Front;1;Journey as part of work;Female;27;26 - 35;-1;-1;-1;7;Urban area;7
2019010158595;525588;178985;-0.192224;51.495867;Metropolitan Police;Slight;2;1;06/01/2019;Sunday;04:47;Kensington and Chelsea;Kensington and Chelsea;C;0;Single carriageway;30 MPH;Crossroads;Give way or uncontrolled;Unclassified;0;None within 50 metres ;No physical crossing facilities within 50 metres;Darkness - lights lit;Fine no high winds;Dry;None;None;Urban;Yes;E01002812;2;1;Driver or rider;Male;35;6;Slight;Not a Pedestrian;Not a Pedestrian;Not car passenger;Not a bus or coach passenger;No / Not applicable;3;Cyclist;Most deprived 10%;2;Motorcycle 125cc and under;No tow/articulation;Going ahead other;On main c'way - not in restricted lane;Approaching junction or waiting/parked at junction approach;Skidded;None;Nearside;Wall or fence;Offside;1;Journey as part of work;Male;35;26 - 35;-1;-1;-1;1;Urban area;1
2019010158597;533705;192405;-0.070266;51.614604;Metropolitan Police;Slight;1;1;03/01/2019;Thursday;14:30;Enfield;Enfield;A;406;Unknown;30 MPH;T or staggered junction;Data missing or out of range;C;0;Data missing or out of range;Data missing or out of range;Daylight;Unknown;Data missing or out of range;Data missing or out of range;Data missing or out of range;Urban;No - accident was reported using a self completion  form (self rep only);E01032574;1;1;Passenger;Female;Data missing or out of range;-1;Slight;Not a Pedestrian;Not a Pedestrian;Not car passenger;Data missing or out of range;No / Not applicable;11;Cyclist;Most deprived 10%;1;Bus or coach (17 or more pass seats);No tow/articulation;Data missing or out of range;On main c'way - not in restricted lane;Data missing or out of range;None;None;Did not leave carriageway;None;Did not impact;1;Journey as part of work;Male;51;46 - 55;-1;-1;-1;2;Urban area;2
2019010158605;543586;184047;0.068937;51.537071;Metropolitan Police;Slight;1;1;21/01/2019;Monday;09:30;Barking and Dagenham;Barking and Dagenham;A;406;Roundabout;30 MPH;Roundabout;Data missing or out of range;A;124;None within 50 metres ;No physical crossing facilities within 50 metres;Daylight;Fine no high winds;Dry;None;None;Urban;No - accident was reported using a self completion  form (self rep only);E01000008;1;1;Driver or rider;Female;26;6;Slight;Not a Pedestrian;Not a Pedestrian;Not car passenger;Not a bus or coach passenger;No / Not applicable;9;Cyclist;More deprived 20-30%;1;Car;No tow/articulation;Data missing or out of range;Data missing or out of range;Data missing or out of range;Data missing or out of range;Data missing or out of range;Data missing or out of range;Data missing or out of range;Front;-1;Not known;Female;26;26 - 35;-1;-1;-1;3;Urban area;3
2019010158608;553951;190676;0.221169;51.593902;Metropolitan Police;Slight;2;1;21/01/2019;Monday;08:00;Havering;Havering;Unclassified;0;Single carriageway;30 MPH;Not at junction or within 20 metres;Data missing or out of range;-1;0;None within 50 metres ;No physical crossing facilities within 50 metres;Daylight;Fine no high winds;Dry;None;None;Urban;Yes;E01002293;1;1;Pedestrian;Male;33;6;Slight;Unknown or other;Unknown or other;Not car passenger;Not a bus or coach passenger;No / Not applicable;0;-1;Data missing or out of range;1;Car;No tow/articulation;Reversing;Footway (pavement);Not at or within 20 metres of junction;None;Parked vehicle;Did not leave carriageway;None;Back;1;Not known;Male;40;36 - 45;-1;-1;-1;6;Urban area;6
2019010158608;553951;190676;0.221169;51.593902;Metropolitan Police;Slight;2;1;21/01/2019;Monday;08:00;Havering;Havering;Unclassified;0;Single carriageway;30 MPH;Not at junction or within 20 metres;Data missing or out of range;-1;0;None within 50 metres ;No physical crossing facilities within 50 metres;Daylight;Fine no high winds;Dry;None;None;Urban;Yes;E01002293;1;1;Pedestrian;Male;33;6;Slight;Unknown or other;Unknown or other;Not car passenger;Not a bus or coach passenger;No / Not applicable;0;-1;Data missing or out of range;2;Van / Goods 3.5 tonnes mgw or under;No tow/articulation;Parked;Footway (pavement);Not at or within 20 metres of junction;None;None;Did not leave carriageway;None;Back;1;Not known;Not known;-1;Data missing or out of range;-1;-1;-1;-1;Data missing or out of range;-1
2019010158609;528693;174485;-0.149157;51.454728;Metropolitan Police;Slight;2;1;21/01/2019;Monday;09:00;Wandsworth;Wandsworth;A;205;Single carriageway;30 MPH;T or staggered junction;Auto traffic signal;C;0;None within 50 metres ;Pelican, puffin, toucan or similar non-junction pedestrian light crossing;Daylight;Fine no high winds;Frost or ice;None;None;Urban;Yes;E01004476;1;1;Driver or rider;Male;31;6;Slight;Not a Pedestrian;Not a Pedestrian;Not car passenger;Not a bus or coach passenger;No / Not applicable;3;Cyclist;Less deprived 40-50%;1;Motorcycle 125cc and under;No tow/articulation;Going ahead other;On main c'way - not in restricted lane;Approaching junction or waiting/parked at junction approach;None;None;Did not leave carriageway;None;Did not impact;1;Commuting to/from work;Male;31;26 - 35;-1;-1;-1;6;Urban area;6
2019010158609;528693;174485;-0.149157;51.454728;Metropolitan Police;Slight;2;1;21/01/2019;Monday;09:00;Wandsworth;Wandsworth;A;205;Single carriageway;30 MPH;T or staggered junction;Auto traffic signal;C;0;None within 50 metres ;Pelican, puffin, toucan or similar non-junction pedestrian light crossing;Daylight;Fine no high winds;Frost or ice;None;None;Urban;Yes;E01004476;1;1;Driver or rider;Male;31;6;Slight;Not a Pedestrian;Not a Pedestrian;Not car passenger;Not a bus or coach passenger;No / Not applicable;3;Cyclist;Less deprived 40-50%;2;Pedal cycle;No tow/articulation;Going ahead other;On main c'way - not in restricted lane;Entering main road;None;None;Did not leave carriageway;None;Did not impact;1;Not known;Male;65;56 - 65;-1;-1;-1;2;Urban area;2
2019010158616;543728;170990;0.065673;51.419709;Metropolitan Police;Slight;1;1;12/01/2019;Saturday;13:15;Bromley;Bromley;A;208;Single carriageway;30 MPH;Data missing or out of range;Data missing or out of range;C;0;Data missing or out of range;Data missing or out of range;Daylight;Other;Dry;None;None;Urban;No - accident was reported using a self completion  form (self rep only);E01000692;1;1;Pedestrian;Female;64;9;Slight;In carriageway, not crossing;Unknown or other;Not car passenger;Not a bus or coach passenger;No / Not applicable;0;Cyclist;Less deprived 20-30%;1;Car;No tow/articulation;Data missing or out of range;Data missing or out of range;Data missing or out of range;Data missing or out of range;Data missing or out of range;Data missing or out of range;Data missing or out of range;Back;-1;Not known;Not known;-1;Data missing or out of range;-1;-1;-1;-1;Data missing or out of range;-1
2019010158618;551196;187892;0.180231;51.569634;Metropolitan Police;Slight;1;1;21/01/2019;Monday;09:20;Havering;Havering;Unclassified;0;Single carriageway;Data missing or out of range;T or staggered junction;Give way or uncontrolled;Unclassified;0;None within 50 metres ;Zebra;Daylight;Other;Wet or damp;None;None;Urban;Yes;E01002249;1;1;Passenger;Male;1;1;Slight;Not a Pedestrian;Not a Pedestrian;Not car passenger;Seated passenger;No / Not applicable;11;Cyclist;More deprived 30-40%;1;Bus or coach (17 or more pass seats);No tow/articulation;Slowing or stopping;Bus lane;Approaching junction or waiting/parked at junction approach;None;None;Did not leave carriageway;None;Did not impact;1;Journey as part of work;Female;53;46 - 55;-1;-1;-1;2;Urban area;2
2019010158622;543232;182335;0.063141;51.521778;Metropolitan Police;Slight;2;1;21/01/2019;Monday;10:15;Newham;Newham;A;13;Dual carriageway;50 MPH;Not at junction or within 20 metres;Data missing or out of range;-1;0;None within 50 metres ;No physical crossing facilities within 50 metres;Daylight;Fine no high winds;Dry;None;Other object on road;Urban;Yes;E01003482;1;1;Driver or rider;Male;49;8;Slight;Not a Pedestrian;Not a Pedestrian;Not car passenger;Not a bus or coach passenger;No / Not applicable;9;Cyclist;More deprived 10-20%;1;Car;No tow/articulation;Going ahead other;On main c'way - not in restricted lane;Not at or within 20 metres of junction;Skidded;None;Did not leave carriageway;None;Front;1;Not known;Male;49;46 - 55;-1;-1;-1;2;Urban area;2
2019010158622;543232;182335;0.063141;51.521778;Metropolitan Police;Slight;2;1;21/01/2019;Monday;10:15;Newham;Newham;A;13;Dual carriageway;50 MPH;Not at junction or within 20 metres;Data missing or out of range;-1;0;None within 50 metres ;No physical crossing facilities within 50 metres;Daylight;Fine no high winds;Dry;None;Other object on road;Urban;Yes;E01003482;1;1;Driver or rider;Male;49;8;Slight;Not a Pedestrian;Not a Pedestrian;Not car passenger;Not a bus or coach passenger;No / Not applicable;9;Cyclist;More deprived 10-20%;2;Taxi/Private hire car;No tow/articulation;Going ahead other;On main c'way - not in restricted lane;Not at or within 20 metres of junction;None;None;Did not leave carriageway;None;Front;1;Not known;Male;42;36 - 45;-1;-1;-1;3;Urban area;3
2019010158628;507517;178469;-0.452594;51.494951;Metropolitan Police;Slight;2;1;07/01/2019;Monday;08:07;Hillingdon;Hillingdon;Motorway;4;Roundabout;50 MPH;Roundabout;Auto traffic signal;Motorway;4;None within 50 metres ;Data missing or out of range;Daylight;Fine no high winds;Data missing or out of range;None;None;Urban;No - accident was reported using a self completion  form (self rep only);E01002447;1;1;Driver or rider;Male;47;8;Slight;Not a Pedestrian;Not a Pedestrian;Not car passenger;Not a bus or coach passenger;No / Not applicable;9;-1;Data missing or out of range;1;Car;Data missing or out of range;Going ahead other;On main c'way - not in restricted lane;Data missing or out of range;None;None;Did not leave carriageway;None;Back;-1;Not known;Male;47;46 - 55;-1;-1;-1;-1;Data missing or out of range;-1