Accident_Index;Location_Easting_OSGR;Location_Northing_OSGR;Longitude;Latitude;Police_Force;Accident_Severity;Number_of_Vehicles;Number_of_Casualties;Date;Day_of_Week;Time;Local_Authority_(District);Local_Authority_(Highway);1st_Road_Class;1st_Road_Number;Road_Type;Speed_limit;Junction_Detail;Junction_Control;2nd_Road_Class;2nd_Road_Number;Pedestrian_Crossing-Human_Control;Pedestrian_Crossing-Physical_Facilities;Light_Conditions;Weather_Conditions;Road_Surface_Conditions;Special_Conditions_at_Site;Carriageway_Hazards;Urban_or_Rural_Area;Did_Police_Officer_Attend_Scene_of_Accident;LSOA_of_Accident_Location;Vehicle_Reference_x;Casualty_Reference;Casualty_Class;Sex_of_Casualty;Age_of_Casualty;Age_Band_of_Casualty;Casualty_Severity;Pedestrian_Location;Pedestrian_Movement;Car_Passenger;Bus_or_Coach_Passenger;Pedestrian_Road_Maintenance_Worker;Casualty_Type;Casualty_Home_Area_Type;Casualty_IMD_Decile;Vehicle_Reference_y;Vehicle_Type;Towing_and_Articulation;Vehicle_Manoeuvre;Vehicle_Location-Restricted_Lane;Junction_Location;Skidding_and_Overturning;Hit_Object_in_Carriageway;Vehicle_Leaving_Carriageway;Hit_Object_off_Carriageway;1st_Point_of_Impact;Was_Vehicle_Left_Hand_Drive?;Journey_Purpose_of_Driver;Sex_of_Driver;Age_of_Driver;Age_Band_of_Driver;Engine_Capacity_(CC);Propulsion_Code;Age_of_Vehicle;Driver_IMD_Decile;Driver_Home_Area_Type;Vehicle_IMD_Decile
2019010158628;507517;178469;-0.452594;51.494951;Metropolitan Police;Slight;2;1;07/01/2019;Monday;08:07;Hillingdon;Hillingdon;Motorway;4;Roundabout;50 MPH;Roundabout;Auto traffic signal;Motorway;4;None within 50 metres ;Data missing or out of range;Daylight;Fine no high winds;Data missing or out of range;None;None;Urban;No - accident was reported using a self completion  form (self rep only);E01002447;1;1;Driver or rider;Male;47;8;Slight;Not a Pedestrian;Not a Pedestrian;Not car passenger;Not a bus or coach passenger;No / Not applicable;9;-1;Data missing or out of range;2;Car;Data missing or out of range;Going ahead other;On main c'way - not in restricted lane;Mid Junction - on roundabout or on main road;None;None;Did not leave carriageway;None;Front;-1;Not known;Male;-1;Data missing or out of range;-1;-1;-1;-1;Data missing or out of range;-1
2019010158632;540365;169589;0.016787;51.407961;Metropolitan Police;Slight;2;1;21/01/2019;Monday;11:07;Bromley;Bromley;A;21;Dual carriageway;30 MPH;Crossroads;Authorised person;A;2212;None within 50 metres ;Pelican, puffin, toucan or similar non-junction pedestrian light crossing;Daylight;Fine no high winds;Wet or damp;None;None;Urban;Yes;E01000675;2;1;Driver or rider;Male;46;8;Slight;Not a Pedestrian;Not a Pedestrian;Not car passenger;Not a bus or coach passenger;No / Not applicable;5;Cyclist;More deprived 20-30%;1;Car;No tow/articulation;Turning right;On main c'way - not in restricted lane;Leaving main road;None;None;Did not leave carriageway;None;Front;1;Not known;Female;74;66 - 75;-1;-1;-1;3;Urban area;3
2019010158632;540365;169589;0.016787;51.407961;Metropolitan Police;Slight;2;1;21/01/2019;Monday;11:07;Bromley;Bromley;A;21;Dual carriageway;30 MPH;Crossroads;Authorised person;A;2212;None within 50 metres ;Pelican, puffin, toucan or similar non-junction pedestrian light crossing;Daylight;Fine no high winds;Wet or damp;None;None;Urban;Yes;E01000675;2;1;Driver or rider;Male;46;8;Slight;Not a Pedestrian;Not a Pedestrian;Not car passenger;Not a bus or coach passenger;No / Not applicable;5;Cyclist;More deprived 20-30%;2;Motorcycle over 500cc;No tow/articulation;Going ahead other;On main c'way - not in restricted lane;Cleared junction or waiting/parked at junction exit;None;None;Did not leave carriageway;None;Front;1;Journey as part of work;Male;46;46 - 55;-1;-1;-1;3;Urban area;3
2019010158638;503851;175788;-0.506172;51.471537;Metropolitan Police;Slight;2;3;21/01/2019;Monday;07:30;Hillingdon;Hillingdon;Motorway;25;Dual carriageway;70 MPH;Not at junction or within 20 metres;Data missing or out of range;-1;0;None within 50 metres ;No physical crossing facilities within 50 metres;Daylight;Fine no high winds;Dry;None;None;Rural;Yes;E01002444;1;1;Driver or rider;Male;41;7;Slight;Not a Pedestrian;Not a Pedestrian;Not car passenger;Not a bus or coach passenger;No / Not applicable;9;Cyclist;More deprived 40-50%;1;Car;No tow/articulation;Going ahead other;On main c'way - not in restricted lane;Not at or within 20 metres of junction;None;None;Did not leave carriageway;None;Back;1;Commuting to/from work;Male;41;36 - 45;-1;-1;-1;5;Urban area;5
2019010158638;503851;175788;-0.506172;51.471537;Metropolitan Police;Slight;2;3;21/01/2019;Monday;07:30;Hillingdon;Hillingdon;Motorway;25;Dual carriageway;70 MPH;Not at junction or within 20 metres;Data missing or out of range;-1;0;None within 50 metres ;No physical crossing facilities within 50 metres;Daylight;Fine no high winds;Dry;None;None;Rural;Yes;E01002444;1;1;Driver or rider;Male;41;7;Slight;Not a Pedestrian;Not a Pedestrian;Not car passenger;Not a bus or coach passenger;No / Not applicable;9;Cyclist;More deprived 40-50%;2;Car;No tow/articulation;Going ahead other;On main c'way - not in restricted lane;Not at or within 20 metres of junction;None;None;Did not leave carriageway;None;Front;1;Journey as part of work;Male;35;26 - 35;-1;-1;-1;-1;Data missing or out of range;-1
2019010158638;503851;175788;-0.506172;51.471537;Metropolitan Police;Slight;2;3;21/01/2019;Monday;07:30;Hillingdon;Hillingdon;Motorway;25;Dual carriageway;70 MPH;Not at junction or within 20 metres;Data missing or out of range;-1;0;None within 50 metres ;No physical crossing facilities within 50 metres;Daylight;Fine no high winds;Dry;None;None;Rural;Yes;E01002444;1;2;Passenger;Female;59;9;Slight;Not a Pedestrian;Not a Pedestrian;Rear seat passenger;Not a bus or coach passenger;No / Not applicable;9;Cyclist;More deprived 30-40%;1;Car;No tow/articulation;Going ahead other;On main c'way - not in restricted lane;Not at or within 20 metres of junction;None;None;Did not leave carriageway;None;Back;1;Commuting to/from work;Male;41;36 - 45;-1;-1;-1;5;Urban area;5
2019010158638;503851;175788;-0.506172;51.471537;Metropolitan Police;Slight;2;3;21/01/2019;Monday;07:30;Hillingdon;Hillingdon;Motorway;25;Dual carriageway;70 MPH;Not at junction or within 20 metres;Data missing or out of range;-1;0;None within 50 metres ;No physical crossing facilities within 50 metres;Daylight;Fine no high winds;Dry;None;None;Rural;Yes;E01002444;1;2;Passenger;Female;59;9;Slight;Not a Pedestrian;Not a Pedestrian;Rear seat passenger;Not a bus or coach passenger;No / Not applicable;9;Cyclist;More deprived 30-40%;2;Car;No tow/articulation;Going ahead other;On main c'way - not in restricted lane;Not at or within 20 metres of junction;None;None;Did not leave carriageway;None;Front;1;Journey as part of work;Male;35;26 - 35;-1;-1;-1;-1;Data missing or out of range;-1
2019010158638;503851;175788;-0.506172;51.471537;Metropolitan Police;Slight;2;3;21/01/2019;Monday;07:30;Hillingdon;Hillingdon;Motorway;25;Dual carriageway;70 MPH;Not at junction or within 20 metres;Data missing or out of range;-1;0;None within 50 metres ;No physical crossing facilities within 50 metres;Daylight;Fine no high winds;Dry;None;None;Rural;Yes;E01002444;1;3;Passenger;Male;25;5;Slight;Not a Pedestrian;Not a Pedestrian;Front seat passenger;Not a bus or coach passenger;No / Not applicable;9;Cyclist;More deprived 30-40%;1;Car;No tow/articulation;Going ahead other;On main c'way - not in restricted lane;Not at or within 20 metres of junction;None;None;Did not leave carriageway;None;Back;1;Commuting to/from work;Male;41;36 - 45;-1;-1;-1;5;Urban area;5
2019010158638;503851;175788;-0.506172;51.471537;Metropolitan Police;Slight;2;3;21/01/2019;Monday;07:30;Hillingdon;Hillingdon;Motorway;25;Dual carriageway;70 MPH;Not at junction or within 20 metres;Data missing or out of range;-1;0;None within 50 metres ;No physical crossing facilities within 50 metres;Daylight;Fine no high winds;Dry;None;None;Rural;Yes;E01002444;1;3;Passenger;Male;25;5;Slight;Not a Pedestrian;Not a Pedestrian;Front seat passenger;Not a bus or coach passenger;No / Not applicable;9;Cyclist;More deprived 30-40%;2;Car;No tow/articulation;Going ahead other;On main c'way - not in restricted lane;Not at or within 20 metres of junction;None;None;Did not leave carriageway;None;Front;1;Journey as part of work;Male;35;26 - 35;-1;-1;-1;-1;Data missing or out of range;-1
2019010158639;510945;176600;-0.40382;51.47749;Metropolitan Police;Slight;2;1;18/01/2019;Friday;08:55;Hounslow;Hounslow;A;4;Roundabout;40 MPH;Roundabout;Give way or uncontrolled;A;312;None within 50 metres ;Data missing or out of range;Daylight;Fine no high winds;Dry;None;None;Urban;No - accident was reported using a self completion  form (self rep only);E01002585;1;1;Driver or rider;Male;43;7;Slight;Not a Pedestrian;Not a Pedestrian;Not car passenger;Not a bus or coach passenger;No / Not applicable;3;Cyclist;More deprived 30-40%;1;Motorcycle 125cc and under;No tow/articulation;Data missing or out of range;Data missing or out of range;Data missing or out of range;Data missing or out of range;Data missing or out of range;Data missing or out of range;Data missing or out of range;Data missing or out of range;1;Commuting to/from work;Male;43;36 - 45;-1;-1;-1;4;Urban area;4
2019010158639;510945;176600;-0.40382;51.47749;Metropolitan Police;Slight;2;1;18/01/2019;Friday;08:55;Hounslow;Hounslow;A;4;Roundabout;40 MPH;Roundabout;Give way or uncontrolled;A;312;None within 50 metres ;Data missing or out of range;Daylight;Fine no high winds;Dry;None;None;Urban;No - accident was reported using a self completion  form (self rep only);E01002585;1;1;Driver or rider;Male;43;7;Slight;Not a Pedestrian;Not a Pedestrian;Not car passenger;Not a bus or coach passenger;No / Not applicable;3;Cyclist;More deprived 30-40%;2;Car;No tow/articulation;Data missing or out of range;Data missing or out of range;Data missing or out of range;Data missing or out of range;Data missing or out of range;Data missing or out of range;Data missing or out of range;Front;-1;Not known;Not known;-1;Data missing or out of range;-1;-1;-1;-1;Data missing or out of range;-1
2019010158643;532817;183154;-0.086577;51.531681;Metropolitan Police;Slight;2;1;21/01/2019;Monday;11:57;Hackney;Hackney;A;1200;Dual carriageway;20 MPH;More than 4 arms (not roundabout);Give way or uncontrolled;Unclassified;0;None within 50 metres ;No physical crossing facilities within 50 metres;Daylight;Fine no high winds;Dry;None;None;Urban;Yes;E01033709;2;1;Driver or rider;Male;44;7;Slight;Not a Pedestrian;Not a Pedestrian;Not car passenger;Not a bus or coach passenger;No / Not applicable;4;Cyclist;Less deprived 30-40%;1;Car;No tow/articulation;Waiting to go - held up;On main c'way - not in restricted lane;Approaching junction or waiting/parked at junction approach;None;None;Did not leave carriageway;None;Front;2;Not known;Male;54;46 - 55;-1;-1;-1;5;Small town;5
2019010158643;532817;183154;-0.086577;51.531681;Metropolitan Police;Slight;2;1;21/01/2019;Monday;11:57;Hackney;Hackney;A;1200;Dual carriageway;20 MPH;More than 4 arms (not roundabout);Give way or uncontrolled;Unclassified;0;None within 50 metres ;No physical crossing facilities within 50 metres;Daylight;Fine no high winds;Dry;None;None;Urban;Yes;E01033709;2;1;Driver or rider;Male;44;7;Slight;Not a Pedestrian;Not a Pedestrian;Not car passenger;Not a bus or coach passenger;No / Not applicable;4;Cyclist;Less deprived 30-40%;2;Motorcycle over 125cc and up to 500cc;No tow/articulation;Going ahead other;On main c'way - not in restricted lane;Approaching junction or waiting/parked at junction approach;Overturned;None;Did not leave carriageway;None;Front;1;Commuting to/from work;Male;44;36 - 45;-1;-1;-1;7;Urban area;7
2019010158652;533465;179679;-0.078555;51.500301;Metropolitan Police;Serious;2;1;21/01/2019;Monday;08:57;Southwark;Southwark;A;100;Dual carriageway;20 MPH;T or staggered junction;Auto traffic signal;Unclassified;0;None within 50 metres ;Pedestrian phase at traffic signal junction;Daylight;Fine no high winds;Dry;None;None;Urban;Yes;E01032646;2;1;Driver or rider;Male;43;7;Serious;Not a Pedestrian;Not a Pedestrian;Not car passenger;Not a bus or coach passenger;No / Not applicable;4;Cyclist;More deprived 40-50%;1;Car;No tow/articulation;Changing lane to right;On main c'way - not in restricted lane;Entering main road;None;None;Did not leave carriageway;None;Nearside;1;Commuting to/from work;Male;29;26 - 35;-1;-1;-1;5;Urban area;5
2019010158652;533465;179679;-0.078555;51.500301;Metropolitan Police;Serious;2;1;21/01/2019;Monday;08:57;Southwark;Southwark;A;100;Dual carriageway;20 MPH;T or staggered junction;Auto traffic signal;Unclassified;0;None within 50 metres ;Pedestrian phase at traffic signal junction;Daylight;Fine no high winds;Dry;None;None;Urban;Yes;E01032646;2;1;Driver or rider;Male;43;7;Serious;Not a Pedestrian;Not a Pedestrian;Not car passenger;Not a bus or coach passenger;No / Not applicable;4;Cyclist;More deprived 40-50%;2;Motorcycle over 125cc and up to 500cc;No tow/articulation;Going ahead other;On main c'way - not in restricted lane;Cleared junction or waiting/parked at junction exit;None;None;Did not leave carriageway;None;Front;1;Commuting to/from work;Male;43;36 - 45;-1;-1;-1;5;Urban area;5
2019010158653;526783;169628;-0.178369;51.411507;Metropolitan Police;Slight;2;1;21/01/2019;Monday;13:03;Merton;Merton;C;0;Single carriageway;30 MPH;More than 4 arms (not roundabout);Auto traffic signal;Unclassified;0;None within 50 metres ;No physical crossing facilities within 50 metres;Daylight;Fine no high winds;Dry;None;None;Urban;Yes;E01003407;1;1;Driver or rider;Male;24;5;Slight;Not a Pedestrian;Not a Pedestrian;Not car passenger;Not a bus or coach passenger;No / Not applicable;3;Cyclist;Less deprived 40-50%;1;Motorcycle 125cc and under;No tow/articulation;Going ahead other;On main c'way - not in restricted lane;Entering main road;None;None;Did not leave carriageway;None;Offside;1;Not known;Male;24;21 - 25;-1;-1;-1;6;Urban area;6
2019010158653;526783;169628;-0.178369;51.411507;Metropolitan Police;Slight;2;1;21/01/2019;Monday;13:03;Merton;Merton;C;0;Single carriageway;30 MPH;More than 4 arms (not roundabout);Auto traffic signal;Unclassified;0;None within 50 metres ;No physical crossing facilities within 50 metres;Daylight;Fine no high winds;Dry;None;None;Urban;Yes;E01003407;1;1;Driver or rider;Male;24;5;Slight;Not a Pedestrian;Not a Pedestrian;Not car passenger;Not a bus or coach passenger;No / Not applicable;3;Cyclist;Less deprived 40-50%;2;Van / Goods 3.5 tonnes mgw or under;No tow/articulation;U-turn;On main c'way - not in restricted lane;Approaching junction or waiting/parked at junction approach;None;None;Offside;None;Nearside;1;Not known;Not known;-1;Data missing or out of range;-1;-1;-1;-1;Data missing or out of range;-1
2019010158657;536556;181174;-0.033472;51.512997;Metropolitan Police;Slight;1;1;21/01/2019;Monday;12:45;Tower Hamlets;Tower Hamlets;Unclassified;0;Slip road;20 MPH;Private drive or entrance;Give way or uncontrolled;Unclassified;0;None within 50 metres ;No physical crossing facilities within 50 metres;Daylight;Fine no high winds;Dry;None;None;Urban;Yes;E01004254;1;1;Pedestrian;Male;45;7;Slight;In carriageway, not crossing;Unknown or other;Not car passenger;Not a bus or coach passenger;No / Not applicable;0;Cyclist;More deprived 30-40%;1;Car;No tow/articulation;Moving off;On main c'way - not in restricted lane;Not at or within 20 metres of junction;None;Other object;Did not leave carriageway;None;Front;1;Not known;Not known;-1;Data missing or out of range;1598;Petrol;15;-1;Data missing or out of range;-1
2019010158659;531448;179302;-0.107738;51.497385;Metropolitan Police;Slight;2;3;21/01/2019;Monday;13:07;Southwark;Southwark;A;302;Dual carriageway;30 MPH;Crossroads;Auto traffic signal;A;3203;None within 50 metres ;No physical crossing facilities within 50 metres;Daylight;Fine no high winds;Dry;None;None;Urban;Yes;E01003933;1;1;Passenger;Female;46;8;Slight;Not a Pedestrian;Not a Pedestrian;Not car passenger;Seated passenger;No / Not applicable;11;Cyclist;More deprived 10-20%;1;Bus or coach (17 or more pass seats);No tow/articulation;Moving off;On main c'way - not in restricted lane;Approaching junction or waiting/parked at junction approach;None;None;Did not leave carriageway;None;Front;1;Journey as part of work;Male;60;56 - 65;-1;-1;-1;2;Urban area;2
2019010158659;531448;179302;-0.107738;51.497385;Metropolitan Police;Slight;2;3;21/01/2019;Monday;13:07;Southwark;Southwark;A;302;Dual carriageway;30 MPH;Crossroads;Auto traffic signal;A;3203;None within 50 metres ;No physical crossing facilities within 50 metres;Daylight;Fine no high winds;Dry;None;None;Urban;Yes;E01003933;1;1;Passenger;Female;46;8;Slight;Not a Pedestrian;Not a Pedestrian;Not car passenger;Seated passenger;No / Not applicable;11;Cyclist;More deprived 10-20%;2;Car;No tow/articulation;Moving off;On main c'way - not in restricted lane;Approaching junction or waiting/parked at junction approach;None;None;Did not leave carriageway;None;Back;1;Not known;Male;-1;Data missing or out of range;-1;-1;-1;1;Urban area;1
2019010158659;531448;179302;-0.107738;51.497385;Metropolitan Police;Slight;2;3;21/01/2019;Monday;13:07;Southwark;Southwark;A;302;Dual carriageway;30 MPH;Crossroads;Auto traffic signal;A;3203;None within 50 metres ;No physical crossing facilities within 50 metres;Daylight;Fine no high winds;Dry;None;None;Urban;Yes;E01003933;1;2;Passenger;Female;27;6;Slight;Not a Pedestrian;Not a Pedestrian;Not car passenger;Seated passenger;No / Not applicable;11;Cyclist;More deprived 10-20%;1;Bus or coach (17 or more pass seats);No tow/articulation;Moving off;On main c'way - not in restricted lane;Approaching junction or waiting/parked at junction approach;None;None;Did not leave carriageway;None;Front;1;Journey as part of work;Male;60;56 - 65;-1;-1;-1;2;Urban area;2
2019010158659;531448;179302;-0.107738;51.497385;Metropolitan Police;Slight;2;3;21/01/2019;Monday;13:07;Southwark;Southwark;A;302;Dual carriageway;30 MPH;Crossroads;Auto traffic signal;A;3203;None within 50 metres ;No physical crossing facilities within 50 metres;Daylight;Fine no high winds;Dry;None;None;Urban;Yes;E01003933;1;2;Passenger;Female;27;6;Slight;Not a Pedestrian;Not a Pedestrian;Not car passenger;Seated passenger;No / Not applicable;11;Cyclist;More deprived 10-20%;2;Car;No tow/articulation;Moving off;On main c'way - not in restricted lane;Approaching junction or waiting/parked at junction approach;None;None;Did not leave carriageway;None;Back;1;Not known;Male;-1;Data missing or out of range;-1;-1;-1;1;Urban area;1
2019010158659;531448;179302;-0.107738;51.497385;Metropolitan Police;Slight;2;3;21/01/2019;Monday;13:07;Southwark;Southwark;A;302;Dual carriageway;30 MPH;Crossroads;Auto traffic signal;A;3203;None within 50 metres ;No physical crossing facilities within 50 metres;Daylight;Fine no high winds;Dry;None;None;Urban;Yes;E01003933;1;3;Passenger;Female;31;6;Slight;Not a Pedestrian;Not a Pedestrian;Not car passenger;Seated passenger;No / Not applicable;11;Cyclist;More deprived 20-30%;1;Bus or coach (17 or more pass seats);No tow/articulation;Moving off;On main c'way - not in restricted lane;Approaching junction or waiting/parked at junction approach;None;None;Did not leave carriageway;None;Front;1;Journey as part of work;Male;60;56 - 65;-1;-1;-1;2;Urban area;2
2019010158659;531448;179302;-0.107738;51.497385;Metropolitan Police;Slight;2;3;21/01/2019;Monday;13:07;Southwark;Southwark;A;302;Dual carriageway;30 MPH;Crossroads;Auto traffic signal;A;3203;None within 50 metres ;No physical crossing facilities within 50 metres;Daylight;Fine no high winds;Dry;None;None;Urban;Yes;E01003933;1;3;Passenger;Female;31;6;Slight;Not a Pedestrian;Not a Pedestrian;Not car passenger;Seated passenger;No / Not applicable;11;Cyclist;More deprived 20-30%;2;Car;No tow/articulation;Moving off;On main c'way - not in restricted lane;Approaching junction or waiting/parked at junction approach;None;None;Did not leave carriageway;None;Back;1;Not known;Male;-1;Data missing or out of range;-1;-1;-1;1;Urban area;1
2019010158660;537505;190995;-0.015969;51.601019;Metropolitan Police;Slight;1;2;13/01/2019;Sunday;19:10;Waltham Forest;Waltham Forest;C;0;Roundabout;40 MPH;Roundabout;Auto traffic signal;B;179;None within 50 metres ;No physical crossing facilities within 50 metres;Darkness - lights lit;Other;Dry;None;None;Urban;No - accident was reported using a self completion  form (self rep only);E01004344;1;1;Driver or rider;Male;22;5;Slight;Not a Pedestrian;Not a Pedestrian;Not car passenger;Not a bus or coach passenger;No / Not applicable;9;Cyclist;Most deprived 10%;1;Car;No tow/articulation;Data missing or out of range;Data missing or out of range;Mid Junction - on roundabout or on main road;Data missing or out of range;Data missing or out of range;Data missing or out of range;Data missing or out of range;Data missing or out of range;1;Not known;Male;22;21 - 25;-1;-1;-1;1;Urban area;1
2019010158660;537505;190995;-0.015969;51.601019;Metropolitan Police;Slight;1;2;13/01/2019;Sunday;19:10;Waltham Forest;Waltham Forest;C;0;Roundabout;40 MPH;Roundabout;Auto traffic signal;B;179;None within 50 metres ;No physical crossing facilities within 50 metres;Darkness - lights lit;Other;Dry;None;None;Urban;No - accident was reported using a self completion  form (self rep only);E01004344;1;2;Passenger;Male;Data missing or out of range;-1;Slight;Not a Pedestrian;Not a Pedestrian;Front seat passenger;Not a bus or coach passenger;No / Not applicable;9;-1;Data missing or out of range;1;Car;No tow/articulation;Data missing or out of range;Data missing or out of range;Mid Junction - on roundabout or on main road;Data missing or out of range;Data missing or out of range;Data missing or out of range;Data missing or out of range;Data missing or out of range;1;Not known;Male;22;21 - 25;-1;-1;-1;1;Urban area;1
2019010158665;532381;166945;-0.098922;51.386119;Metropolitan Police;Slight;1;1;21/01/2019;Monday;08:22;Croydon;Croydon;A;213;Single carriageway;30 MPH;T or staggered junction;Give way or uncontrolled;Unclassified;0;None within 50 metres ;Zebra;Daylight;Fine no high winds;Frost or ice;None;None;Urban;Yes;E01001118;1;1;Pedestrian;Female;10;2;Slight;Crossing on pedestrian crossing facility;Crossing from driver's nearside;Not car passenger;Not a bus or coach passenger;No / Not applicable;0;Cyclist;More deprived 10-20%;1;Car;No tow/articulation;Waiting to go - held up;On main c'way - not in restricted lane;Approaching junction or waiting/parked at junction approach;None;None;Did not leave carriageway;None;Front;1;Journey as part of work;Male;54;46 - 55;-1;-1;-1;3;Urban area;3
2019010158667;553204;186595;0.208616;51.557439;Metropolitan Police;Slight;1;1;12/01/2019;Saturday;15:28;Havering;Havering;C;0;Single carriageway;30 MPH;T or staggered junction;Give way or uncontrolled;Unclassified;0;Control by other authorised person;No physical crossing facilities within 50 metres;Daylight;Fine no high winds;Dry;None;None;Urban;No - accident was reported using a self completion  form (self rep only);E01002363;1;1;Passenger;Female;59;9;Slight;Not a Pedestrian;Not a Pedestrian;Not car passenger;Standing passenger;No / Not applicable;11;-1;Data missing or out of range;1;Bus or coach (17 or more pass seats);No tow/articulation;Slowing or stopping;On main c'way - not in restricted lane;Approaching junction or waiting/parked at junction approach;None;None;Did not leave carriageway;None;Did not impact;1;Not known;Male;58;56 - 65;-1;-1;-1;6;Urban area;6
2019010158669;523412;178615;-0.223684;51.49302;Metropolitan Police;Slight;1;2;21/01/2019;Monday;10:10;Hammersmith and Fulham;Hammersmith and Fulham;A;315;One way street;Data missing or out of range;T or staggered junction;Give way or uncontrolled;A;219;None within 50 metres ;No physical crossing facilities within 50 metres;Daylight;Fine no high winds;Dry;None;None;Urban;Yes;E01001898;1;1;Driver or rider;Male;34;6;Slight;Not a Pedestrian;Not a Pedestrian;Not car passenger;Not a bus or coach passenger;No / Not applicable;11;Cyclist;More deprived 30-40%;1;Bus or coach (17 or more pass seats);No tow/articulation;Slowing or stopping;Busway (including guided busway);Cleared junction or waiting/parked at junction exit;None;None;Did not leave carriageway;None;Did not impact;1;Journey as part of work;Male;34;26 - 35;-1;-1;-1;4;Urban area;4
2019010158669;523412;178615;-0.223684;51.49302;Metropolitan Police;Slight;1;2;21/01/2019;Monday;10:10;Hammersmith and Fulham;Hammersmith and Fulham;A;315;One way street;Data missing or out of range;T or staggered junction;Give way or uncontrolled;A;219;None within 50 metres ;No physical crossing facilities within 50 metres;Daylight;Fine no high winds;Dry;None;None;Urban;Yes;E01001898;1;2;Passenger;Female;39;7;Slight;Not a Pedestrian;Not a Pedestrian;Not car passenger;Seated passenger;No / Not applicable;11;Cyclist;Less deprived 10-20%;1;Bus or coach (17 or more pass seats);No tow/articulation;Slowing or stopping;Busway (including guided busway);Cleared junction or waiting/parked at junction exit;None;None;Did not leave carriageway;None;Did not impact;1;Journey as part of work;Male;34;26 - 35;-1;-1;-1;4;Urban area;4
2019010158671;523629;179661;-0.220193;51.502374;Metropolitan Police;Slight;3;1;21/01/2019;Monday;14:00;Hammersmith and Fulham;Hammersmith and Fulham;Unclassified;0;Single carriageway;30 MPH;Crossroads;Give way or uncontrolled;Unclassified;0;None within 50 metres ;No physical crossing facilities within 50 metres;Daylight;Fine no high winds;Dry;None;None;Urban;Yes;E01001854;1;1;Driver or rider;Male;59;9;Slight;Not a Pedestrian;Not a Pedestrian;Not car passenger;Not a bus or coach passenger;No / Not applicable;19;Cyclist;More deprived 10-20%;1;Van / Goods 3.5 tonnes mgw or under;No tow/articulation;Going ahead other;On main c'way - not in restricted lane;Mid Junction - on roundabout or on main road;None;Kerb;Offside;Wall or fence;Front;1;Commuting to/from work;Male;59;56 - 65;-1;-1;-1;2;Urban area;2
2019010158671;523629;179661;-0.220193;51.502374;Metropolitan Police;Slight;3;1;21/01/2019;Monday;14:00;Hammersmith and Fulham;Hammersmith and Fulham;Unclassified;0;Single carriageway;30 MPH;Crossroads;Give way or uncontrolled;Unclassified;0;None within 50 metres ;No physical crossing facilities within 50 metres;Daylight;Fine no high winds;Dry;None;None;Urban;Yes;E01001854;1;1;Driver or rider;Male;59;9;Slight;Not a Pedestrian;Not a Pedestrian;Not car passenger;Not a bus or coach passenger;No / Not applicable;19;Cyclist;More deprived 10-20%;2;Car;No tow/articulation;Going ahead other;On main c'way - not in restricted lane;Mid Junction - on roundabout or on main road;None;None;Did not leave carriageway;None;Front;1;Not known;Female;24;21 - 25;-1;-1;-1;6;Urban area;6
2019010158671;523629;179661;-0.220193;51.502374;Metropolitan Police;Slight;3;1;21/01/2019;Monday;14:00;Hammersmith and Fulham;Hammersmith and Fulham;Unclassified;0;Single carriageway;30 MPH;Crossroads;Give way or uncontrolled;Unclassified;0;None within 50 metres ;No physical crossing facilities within 50 metres;Daylight;Fine no high winds;Dry;None;None;Urban;Yes;E01001854;1;1;Driver or rider;Male;59;9;Slight;Not a Pedestrian;Not a Pedestrian;Not car passenger;Not a bus or coach passenger;No / Not applicable;19;Cyclist;More deprived 10-20%;3;Car;No tow/articulation;Parked;On main c'way - not in restricted lane;Cleared junction or waiting/parked at junction exit;None;None;Did not leave carriageway;None;Back;1;Not known;Not known;-1;Data missing or out of range;-1;-1;-1;-1;Data missing or out of range;-1
2019010158673;529140;181092;-0.140313;51.514003;Metropolitan Police;Slight;1;1;21/01/2019;Monday;13:20;Westminster;Westminster;C;0;Single carriageway;30 MPH;T or staggered junction;Give way or uncontrolled;Unclassified;0;None within 50 metres ;Zebra;Daylight;Fine no high winds;Dry;None;None;Urban;Yes;E01033595;1;1;Pedestrian;Female;57;9;Slight;Crossing elsewhere within 50m. of pedestrian crossing;Crossing from nearside - masked by parked or stationary vehicle;Not car passenger;Not a bus or coach passenger;No / Not applicable;0;Cyclist;Less deprived 10-20%;1;Motorcycle over 125cc and up to 500cc;No tow/articulation;Overtaking static vehicle - offside;On main c'way - not in restricted lane;Cleared junction or waiting/parked at junction exit;None;None;Did not leave carriageway;None;Front;1;Not known;Male;19;16 - 20;-1;-1;-1;2;Urban area;2
2019010158681;528500;179788;-0.150006;51.50243;Metropolitan Police;Slight;2;1;21/01/2019;Monday;14:10;Westminster;Westminster;A;4;Roundabout;30 MPH;Roundabout;Auto traffic signal;C;0;None within 50 metres ;No physical crossing facilities within 50 metres;Daylight;Fine no high winds;Dry;None;Any animal in carriageway (except ridden horse);Urban;Yes;E01004731;2;1;Driver or rider;Female;35;6;Slight;Not a Pedestrian;Not a Pedestrian;Not car passenger;Not a bus or coach passenger;No / Not applicable;16;-1;Data missing or out of range;1;Bus or coach (17 or more pass seats);No tow/articulation;Going ahead other;On main c'way - not in restricted lane;Leaving roundabout;None;Any animal (except ridden horse);Did not leave carriageway;None;Nearside;1;Journey as part of work;Male;28;26 - 35;-1;-1;-1;3;Urban area;3