Accident_Index;Location_Easting_OSGR;Location_Northing_OSGR;Longitude;Latitude;Police_Force;Accident_Severity;Number_of_Vehicles;Number_of_Casualties;Date;Day_of_Week;Time;Local_Authority_(District);Local_Authority_(Highway);1st_Road_Class;1st_Road_Number;Road_Type;Speed_limit;Junction_Detail;Junction_Control;2nd_Road_Class;2nd_Road_Number;Pedestrian_Crossing-Human_Control;Pedestrian_Crossing-Physical_Facilities;Light_Conditions;Weather_Conditions;Road_Surface_Conditions;Special_Conditions_at_Site;Carriageway_Hazards;Urban_or_Rural_Area;Did_Police_Officer_Attend_Scene_of_Accident;LSOA_of_Accident_Location;Vehicle_Reference_x;Casualty_Reference;Casualty_Class;Sex_of_Casualty;Age_of_Casualty;Age_Band_of_Casualty;Casualty_Severity;Pedestrian_Location;Pedestrian_Movement;Car_Passenger;Bus_or_Coach_Passenger;Pedestrian_Road_Maintenance_Worker;Casualty_Type;Casualty_Home_Area_Type;Casualty_IMD_Decile;Vehicle_Reference_y;Vehicle_Type;Towing_and_Articulation;Vehicle_Manoeuvre;Vehicle_Location-Restricted_Lane;Junction_Location;Skidding_and_Overturning;Hit_Object_in_Carriageway;Vehicle_Leaving_Carriageway;Hit_Object_off_Carriageway;1st_Point_of_Impact;Was_Vehicle_Left_Hand_Drive?;Journey_Purpose_of_Driver;Sex_of_Driver;Age_of_Driver;Age_Band_of_Driver;Engine_Capacity_(CC);Propulsion_Code;Age_of_Vehicle;Driver_IMD_Decile;Driver_Home_Area_Type;Vehicle_IMD_Decile
2019010158725;526804;178840;-0.174769;51.494293;Metropolitan Police;Slight;1;1;19/01/2019;Saturday;17:15;Kensington and Chelsea;Kensington and Chelsea;A;3218;Unknown;20 MPH;More than 4 arms (not roundabout);Data missing or out of range;C;0;Data missing or out of range;Pedestrian phase at traffic signal junction;Darkness - lights lit;Other;Dry;None;None;Urban;No - accident was reported using a self completion  form (self rep only);E01002821;1;1;Pedestrian;Male;27;6;Slight;Unknown or other;Unknown or other;Not car passenger;Not a bus or coach passenger;No / Not applicable;0;Cyclist;More deprived 30-40%;1;Bus or coach (17 or more pass seats);No tow/articulation;Moving off;Data missing or out of range;Data missing or out of range;Data missing or out of range;Data missing or out of range;Data missing or out of range;None;Data missing or out of range;1;Not known;Not known;-1;Data missing or out of range;-1;-1;-1;-1;Data missing or out of range;-1
2019010158726;530989;177274;-0.115098;51.479266;Metropolitan Police;Slight;2;1;21/01/2019;Monday;14:47;Lambeth;Lambeth;A;3;Single carriageway;30 MPH;T or staggered junction;Give way or uncontrolled;Unclassified;0;None within 50 metres ;No physical crossing facilities within 50 metres;Daylight;Fine no high winds;Dry;None;None;Urban;Yes;E01003100;2;1;Driver or rider;Male;44;7;Slight;Not a Pedestrian;Not a Pedestrian;Not car passenger;Not a bus or coach passenger;No / Not applicable;4;Cyclist;More deprived 10-20%;1;Car;No tow/articulation;Turning left;On main c'way - not in restricted lane;Leaving main road;None;None;Did not leave carriageway;None;Offside;1;Not known;Female;52;46 - 55;-1;-1;-1;5;Urban area;5
2019010158726;530989;177274;-0.115098;51.479266;Metropolitan Police;Slight;2;1;21/01/2019;Monday;14:47;Lambeth;Lambeth;A;3;Single carriageway;30 MPH;T or staggered junction;Give way or uncontrolled;Unclassified;0;None within 50 metres ;No physical crossing facilities within 50 metres;Daylight;Fine no high winds;Dry;None;None;Urban;Yes;E01003100;2;1;Driver or rider;Male;44;7;Slight;Not a Pedestrian;Not a Pedestrian;Not car passenger;Not a bus or coach passenger;No / Not applicable;4;Cyclist;More deprived 10-20%;2;Motorcycle over 125cc and up to 500cc;No tow/articulation;Going ahead other;On main c'way - not in restricted lane;Cleared junction or waiting/parked at junction exit;None;None;Did not leave carriageway;None;Front;1;Not known;Male;44;36 - 45;-1;-1;-1;2;Urban area;2
2019010158727;538412;175618;-0.008921;51.462618;Metropolitan Police;Slight;2;1;21/01/2019;Monday;20:30;Lewisham;Lewisham;B;220;Single carriageway;20 MPH;T or staggered junction;Give way or uncontrolled;Unclassified;0;None within 50 metres ;No physical crossing facilities within 50 metres;Darkness - lights lit;Fine no high winds;Dry;None;None;Urban;Yes;E01003199;1;1;Driver or rider;Male;19;4;Slight;Not a Pedestrian;Not a Pedestrian;Not car passenger;Not a bus or coach passenger;No / Not applicable;3;-1;Data missing or out of range;1;Motorcycle 125cc and under;No tow/articulation;Overtaking - nearside;On main c'way - not in restricted lane;Approaching junction or waiting/parked at junction approach;None;None;Did not leave carriageway;None;Nearside;1;Journey as part of work;Male;19;16 - 20;-1;-1;-1;-1;Data missing or out of range;-1
2019010158727;538412;175618;-0.008921;51.462618;Metropolitan Police;Slight;2;1;21/01/2019;Monday;20:30;Lewisham;Lewisham;B;220;Single carriageway;20 MPH;T or staggered junction;Give way or uncontrolled;Unclassified;0;None within 50 metres ;No physical crossing facilities within 50 metres;Darkness - lights lit;Fine no high winds;Dry;None;None;Urban;Yes;E01003199;1;1;Driver or rider;Male;19;4;Slight;Not a Pedestrian;Not a Pedestrian;Not car passenger;Not a bus or coach passenger;No / Not applicable;3;-1;Data missing or out of range;2;Car;No tow/articulation;Turning right;On main c'way - not in restricted lane;Approaching junction or waiting/parked at junction approach;None;None;Did not leave carriageway;None;Offside;1;Journey as part of work;Male;51;46 - 55;-1;-1;-1;4;Urban area;4
2019010158730;525157;185916;-0.195968;51.558252;Metropolitan Police;Slight;2;1;09/01/2019;Wednesday;10:42;Camden;Camden;A;41;Single carriageway;40 MPH;Not at junction or within 20 metres;Data missing or out of range;-1;0;Data missing or out of range;Data missing or out of range;Daylight;Fine no high winds;Dry;None;None;Urban;No - accident was reported using a self completion  form (self rep only);E01000884;1;1;Driver or rider;Male;38;7;Slight;Not a Pedestrian;Not a Pedestrian;Not car passenger;Not a bus or coach passenger;No / Not applicable;9;Motorcycle 50cc and under rider or passenger;More deprived 30-40%;1;Car;No tow/articulation;Data missing or out of range;Data missing or out of range;Not at or within 20 metres of junction;Data missing or out of range;Data missing or out of range;Data missing or out of range;Data missing or out of range;Back;-1;Not known;Male;38;36 - 45;-1;-1;-1;4;Small town;4
2019010158730;525157;185916;-0.195968;51.558252;Metropolitan Police;Slight;2;1;09/01/2019;Wednesday;10:42;Camden;Camden;A;41;Single carriageway;40 MPH;Not at junction or within 20 metres;Data missing or out of range;-1;0;Data missing or out of range;Data missing or out of range;Daylight;Fine no high winds;Dry;None;None;Urban;No - accident was reported using a self completion  form (self rep only);E01000884;1;1;Driver or rider;Male;38;7;Slight;Not a Pedestrian;Not a Pedestrian;Not car passenger;Not a bus or coach passenger;No / Not applicable;9;Motorcycle 50cc and under rider or passenger;More deprived 30-40%;2;Car;No tow/articulation;Data missing or out of range;Data missing or out of range;Not at or within 20 metres of junction;Data missing or out of range;Data missing or out of range;Data missing or out of range;Data missing or out of range;Front;-1;Not known;Not known;-1;Data missing or out of range;-1;-1;-1;1;Urban area;1
2019010158731;530513;172373;-0.123755;51.435331;Metropolitan Police;Slight;1;1;21/01/2019;Monday;17:50;Lambeth;Lambeth;C;0;Single carriageway;30 MPH;T or staggered junction;Give way or uncontrolled;Unclassified;0;None within 50 metres ;No physical crossing facilities within 50 metres;Darkness - lights lit;Fine no high winds;Dry;None;None;Urban;Yes;E01003151;1;1;Pedestrian;Female;43;7;Slight;On footway or verge;Unknown or other;Not car passenger;Not a bus or coach passenger;No / Not applicable;0;Cyclist;Less deprived 40-50%;1;Van / Goods 3.5 tonnes mgw or under;No tow/articulation;Turning left;On main c'way - not in restricted lane;Mid Junction - on roundabout or on main road;None;None;Did not leave carriageway;None;Front;1;Not known;Not known;-1;Data missing or out of range;-1;-1;-1;-1;Data missing or out of range;-1
2019010158734;532196;190532;-0.092753;51.598129;Metropolitan Police;Slight;2;1;21/01/2019;Monday;17:40;Haringey;Haringey;A;109;Dual carriageway;30 MPH;T or staggered junction;Give way or uncontrolled;A;1080;None within 50 metres ;No physical crossing facilities within 50 metres;Darkness - lights lit;Fine no high winds;Dry;Roadworks;None;Urban;Yes;E01002100;1;1;Driver or rider;Female;34;6;Slight;Not a Pedestrian;Not a Pedestrian;Not car passenger;Not a bus or coach passenger;No / Not applicable;3;Cyclist;More deprived 10-20%;1;Motorcycle 125cc and under;No tow/articulation;Waiting to go - held up;On main c'way - not in restricted lane;Cleared junction or waiting/parked at junction exit;None;None;Did not leave carriageway;None;Front;1;Not known;Female;34;26 - 35;-1;-1;-1;2;Urban area;2
2019010158734;532196;190532;-0.092753;51.598129;Metropolitan Police;Slight;2;1;21/01/2019;Monday;17:40;Haringey;Haringey;A;109;Dual carriageway;30 MPH;T or staggered junction;Give way or uncontrolled;A;1080;None within 50 metres ;No physical crossing facilities within 50 metres;Darkness - lights lit;Fine no high winds;Dry;Roadworks;None;Urban;Yes;E01002100;1;1;Driver or rider;Female;34;6;Slight;Not a Pedestrian;Not a Pedestrian;Not car passenger;Not a bus or coach passenger;No / Not applicable;3;Cyclist;More deprived 10-20%;2;Car;No tow/articulation;U-turn;On main c'way - not in restricted lane;Cleared junction or waiting/parked at junction exit;None;None;Did not leave carriageway;None;Back;1;Not known;Male;23;21 - 25;-1;-1;-1;1;Urban area;1
2019010158735;527777;177743;-0.161157;51.484215;Metropolitan Police;Slight;2;1;21/01/2019;Monday;13:00;Kensington and Chelsea;Kensington and Chelsea;A;3212;Single carriageway;30 MPH;T or staggered junction;Data missing or out of range;Unclassified;0;None within 50 metres ;Zebra;Daylight;Fine no high winds;Dry;None;None;Rural;No - accident was reported using a self completion  form (self rep only);E01002900;1;1;Driver or rider;Male;38;7;Slight;Not a Pedestrian;Not a Pedestrian;Not car passenger;Not a bus or coach passenger;No / Not applicable;1;-1;More deprived 40-50%;1;Pedal cycle;Data missing or out of range;Data missing or out of range;Data missing or out of range;Data missing or out of range;Data missing or out of range;Data missing or out of range;Data missing or out of range;Data missing or out of range;Data missing or out of range;1;Commuting to/from work;Male;38;36 - 45;-1;-1;-1;5;Data missing or out of range;5
2019010158735;527777;177743;-0.161157;51.484215;Metropolitan Police;Slight;2;1;21/01/2019;Monday;13:00;Kensington and Chelsea;Kensington and Chelsea;A;3212;Single carriageway;30 MPH;T or staggered junction;Data missing or out of range;Unclassified;0;None within 50 metres ;Zebra;Daylight;Fine no high winds;Dry;None;None;Rural;No - accident was reported using a self completion  form (self rep only);E01002900;1;1;Driver or rider;Male;38;7;Slight;Not a Pedestrian;Not a Pedestrian;Not car passenger;Not a bus or coach passenger;No / Not applicable;1;-1;More deprived 40-50%;2;Van / Goods 3.5 tonnes mgw or under;No tow/articulation;Data missing or out of range;Data missing or out of range;Data missing or out of range;Data missing or out of range;Data missing or out of range;Data missing or out of range;Data missing or out of range;Data missing or out of range;-1;Not known;Not known;-1;Data missing or out of range;-1;-1;-1;-1;Data missing or out of range;-1
2019010158738;538346;185133;-0.006139;51.548138;Metropolitan Police;Slight;2;1;21/01/2019;Monday;20:30;Newham;Newham;Unclassified;0;Single carriageway;30 MPH;Crossroads;Data missing or out of range;Unclassified;0;None within 50 metres ;Zebra;Darkness - lighting unknown;Other;Dry;None;None;Rural;No - accident was reported using a self completion  form (self rep only);E01033583;1;1;Driver or rider;Female;30;6;Slight;Not a Pedestrian;Not a Pedestrian;Not car passenger;Not a bus or coach passenger;No / Not applicable;1;Cyclist;More deprived 10-20%;1;Pedal cycle;Data missing or out of range;Data missing or out of range;Data missing or out of range;Data missing or out of range;Data missing or out of range;Data missing or out of range;Data missing or out of range;Data missing or out of range;Data missing or out of range;1;Not known;Female;30;26 - 35;-1;-1;-1;2;Urban area;2
2019010158738;538346;185133;-0.006139;51.548138;Metropolitan Police;Slight;2;1;21/01/2019;Monday;20:30;Newham;Newham;Unclassified;0;Single carriageway;30 MPH;Crossroads;Data missing or out of range;Unclassified;0;None within 50 metres ;Zebra;Darkness - lighting unknown;Other;Dry;None;None;Rural;No - accident was reported using a self completion  form (self rep only);E01033583;1;1;Driver or rider;Female;30;6;Slight;Not a Pedestrian;Not a Pedestrian;Not car passenger;Not a bus or coach passenger;No / Not applicable;1;Cyclist;More deprived 10-20%;2;Car;No tow/articulation;Data missing or out of range;Data missing or out of range;Data missing or out of range;Data missing or out of range;Data missing or out of range;Data missing or out of range;Data missing or out of range;Front;-1;Not known;Not known;-1;Data missing or out of range;-1;-1;-1;-1;Data missing or out of range;-1
2019010158739;544482;187953;0.08345;51.57194;Metropolitan Police;Serious;2;1;20/01/2019;Sunday;22:00;Redbridge;Redbridge;C;0;Single carriageway;30 MPH;Data missing or out of range;Data missing or out of range;Unclassified;0;Data missing or out of range;Data missing or out of range;Darkness - lights lit;Fine no high winds;Dry;Data missing or out of range;None;Urban;No - accident was reported using a self completion  form (self rep only);E01003755;1;1;Driver or rider;Male;26;6;Serious;Not a Pedestrian;Not a Pedestrian;Not car passenger;Not a bus or coach passenger;No / Not applicable;3;Cyclist;More deprived 10-20%;1;Motorcycle 125cc and under;No tow/articulation;Data missing or out of range;Data missing or out of range;Data missing or out of range;Data missing or out of range;Data missing or out of range;Data missing or out of range;Data missing or out of range;Data missing or out of range;1;Not known;Male;26;26 - 35;-1;-1;-1;2;Urban area;2
2019010158739;544482;187953;0.08345;51.57194;Metropolitan Police;Serious;2;1;20/01/2019;Sunday;22:00;Redbridge;Redbridge;C;0;Single carriageway;30 MPH;Data missing or out of range;Data missing or out of range;Unclassified;0;Data missing or out of range;Data missing or out of range;Darkness - lights lit;Fine no high winds;Dry;Data missing or out of range;None;Urban;No - accident was reported using a self completion  form (self rep only);E01003755;1;1;Driver or rider;Male;26;6;Serious;Not a Pedestrian;Not a Pedestrian;Not car passenger;Not a bus or coach passenger;No / Not applicable;3;Cyclist;More deprived 10-20%;2;Car;No tow/articulation;Data missing or out of range;Data missing or out of range;Data missing or out of range;Data missing or out of range;Data missing or out of range;Data missing or out of range;Data missing or out of range;Did not impact;-1;Not known;Female;20;16 - 20;-1;-1;-1;6;Urban area;6
2019010158748;525473;177106;-0.194547;51.479005;Metropolitan Police;Slight;1;1;22/01/2019;Tuesday;22:50;Hammersmith and Fulham;Hammersmith and Fulham;B;318;Dual carriageway;30 MPH;Crossroads;Give way or uncontrolled;Unclassified;0;None within 50 metres ;No physical crossing facilities within 50 metres;Darkness - lights lit;Fine no high winds;Dry;None;None;Urban;Yes;E01001920;1;1;Passenger;Male;42;7;Slight;Not a Pedestrian;Not a Pedestrian;Not car passenger;Standing passenger;No / Not applicable;11;Cyclist;Less deprived 40-50%;1;Bus or coach (17 or more pass seats);No tow/articulation;Moving off;On main c'way - not in restricted lane;Cleared junction or waiting/parked at junction exit;None;None;Did not leave carriageway;None;Did not impact;1;Journey as part of work;Male;42;36 - 45;-1;-1;-1;2;Urban area;2
2019010158749;515465;180092;-0.337621;51.507972;Metropolitan Police;Slight;2;1;21/01/2019;Monday;22:00;Ealing;Ealing;A;3002;One way street;30 MPH;T or staggered junction;Give way or uncontrolled;Unclassified;0;None within 50 metres ;No physical crossing facilities within 50 metres;Darkness - lights lit;Fine no high winds;Dry;None;None;Urban;Yes;E01001252;1;1;Driver or rider;Female;41;7;Slight;Not a Pedestrian;Not a Pedestrian;Not car passenger;Not a bus or coach passenger;No / Not applicable;3;Cyclist;Less deprived 40-50%;1;Motorcycle 125cc and under;No tow/articulation;Going ahead other;On main c'way - not in restricted lane;Approaching junction or waiting/parked at junction approach;None;None;Did not leave carriageway;None;Did not impact;1;Not known;Female;41;36 - 45;-1;-1;-1;6;Urban area;6
2019010158749;515465;180092;-0.337621;51.507972;Metropolitan Police;Slight;2;1;21/01/2019;Monday;22:00;Ealing;Ealing;A;3002;One way street;30 MPH;T or staggered junction;Give way or uncontrolled;Unclassified;0;None within 50 metres ;No physical crossing facilities within 50 metres;Darkness - lights lit;Fine no high winds;Dry;None;None;Urban;Yes;E01001252;1;1;Driver or rider;Female;41;7;Slight;Not a Pedestrian;Not a Pedestrian;Not car passenger;Not a bus or coach passenger;No / Not applicable;3;Cyclist;Less deprived 40-50%;2;Taxi/Private hire car;No tow/articulation;Moving off;Leaving lay-by or hard shoulder;Entering main road;None;None;Did not leave carriageway;None;Did not impact;1;Journey as part of work;Male;43;36 - 45;-1;-1;-1;3;Urban area;3
2019010158750;528991;184250;-0.141303;51.542418;Metropolitan Police;Serious;2;1;21/01/2019;Monday;23:30;Camden;Camden;A;400;Dual carriageway;20 MPH;Crossroads;Auto traffic signal;A;400;None within 50 metres ;Pedestrian phase at traffic signal junction;Darkness - lights lit;Fine no high winds;Dry;None;None;Urban;Yes;E01000856;2;1;Driver or rider;Male;28;6;Serious;Not a Pedestrian;Not a Pedestrian;Not car passenger;Not a bus or coach passenger;No / Not applicable;1;-1;Data missing or out of range;1;Car;No tow/articulation;Going ahead other;On main c'way - not in restricted lane;Cleared junction or waiting/parked at junction exit;None;None;Did not leave carriageway;None;Front;1;Not known;Female;21;21 - 25;-1;-1;-1;2;Urban area;2
2019010158750;528991;184250;-0.141303;51.542418;Metropolitan Police;Serious;2;1;21/01/2019;Monday;23:30;Camden;Camden;A;400;Dual carriageway;20 MPH;Crossroads;Auto traffic signal;A;400;None within 50 metres ;Pedestrian phase at traffic signal junction;Darkness - lights lit;Fine no high winds;Dry;None;None;Urban;Yes;E01000856;2;1;Driver or rider;Male;28;6;Serious;Not a Pedestrian;Not a Pedestrian;Not car passenger;Not a bus or coach passenger;No / Not applicable;1;-1;Data missing or out of range;2;Pedal cycle;No tow/articulation;Going ahead other;On main c'way - not in restricted lane;Approaching junction or waiting/parked at junction approach;Skidded;None;Did not leave carriageway;None;Front;1;Not known;Male;28;26 - 35;-1;-1;-1;-1;Data missing or out of range;-1
2019010158751;547700;187954;0.12985;51.571116;Metropolitan Police;Serious;3;1;22/01/2019;Tuesday;00:14;Redbridge;Redbridge;A;118;Single carriageway;20 MPH;T or staggered junction;Auto traffic signal;C;0;None within 50 metres ;Pedestrian phase at traffic signal junction;Darkness - lights lit;Fine no high winds;Wet or damp;None;None;Urban;Yes;E01003662;2;1;Driver or rider;Male;55;8;Serious;Not a Pedestrian;Not a Pedestrian;Not car passenger;Not a bus or coach passenger;No / Not applicable;1;Cyclist;More deprived 20-30%;1;Car;No tow/articulation;Going ahead other;On main c'way - not in restricted lane;Cleared junction or waiting/parked at junction exit;None;None;Did not leave carriageway;None;Front;1;Journey as part of work;Male;27;26 - 35;-1;-1;-1;-1;Data missing or out of range;-1
2019010158751;547700;187954;0.12985;51.571116;Metropolitan Police;Serious;3;1;22/01/2019;Tuesday;00:14;Redbridge;Redbridge;A;118;Single carriageway;20 MPH;T or staggered junction;Auto traffic signal;C;0;None within 50 metres ;Pedestrian phase at traffic signal junction;Darkness - lights lit;Fine no high winds;Wet or damp;None;None;Urban;Yes;E01003662;2;1;Driver or rider;Male;55;8;Serious;Not a Pedestrian;Not a Pedestrian;Not car passenger;Not a bus or coach passenger;No / Not applicable;1;Cyclist;More deprived 20-30%;2;Pedal cycle;No tow/articulation;Overtaking - nearside;On main c'way - not in restricted lane;Cleared junction or waiting/parked at junction exit;None;None;Did not leave carriageway;None;Nearside;1;Not known;Male;55;46 - 55;-1;-1;-1;3;Urban area;3
2019010158751;547700;187954;0.12985;51.571116;Metropolitan Police;Serious;3;1;22/01/2019;Tuesday;00:14;Redbridge;Redbridge;A;118;Single carriageway;20 MPH;T or staggered junction;Auto traffic signal;C;0;None within 50 metres ;Pedestrian phase at traffic signal junction;Darkness - lights lit;Fine no high winds;Wet or damp;None;None;Urban;Yes;E01003662;2;1;Driver or rider;Male;55;8;Serious;Not a Pedestrian;Not a Pedestrian;Not car passenger;Not a bus or coach passenger;No / Not applicable;1;Cyclist;More deprived 20-30%;3;Car;No tow/articulation;Parked;On main c'way - not in restricted lane;Cleared junction or waiting/parked at junction exit;None;None;Did not leave carriageway;None;Did not impact;1;Not known;Not known;-1;Data missing or out of range;-1;-1;-1;-1;Data missing or out of range;-1
2019010158752;516067;173694;-0.331051;51.450344;Metropolitan Police;Serious;1;1;20/01/2019;Sunday;22:20;Richmond upon Thames;Richmond upon Thames;A;310;Single carriageway;30 MPH;Not at junction or within 20 metres;Data missing or out of range;-1;0;None within 50 metres ;Pedestrian phase at traffic signal junction;Darkness - lights lit;Fine no high winds;Dry;None;Other object on road;Urban;Yes;E01003869;1;1;Driver or rider;Male;75;10;Serious;Not a Pedestrian;Not a Pedestrian;Not car passenger;Not a bus or coach passenger;No / Not applicable;8;Cyclist;Less deprived 30-40%;1;Taxi/Private hire car;No tow/articulation;Going ahead other;On main c'way - not in restricted lane;Not at or within 20 metres of junction;None;Other object;Offside;Other permanent object;Front;1;Journey as part of work;Male;75;66 - 75;-1;-1;-1;7;Urban area;7
2019010158753;529264;181280;-0.138458;51.515664;Metropolitan Police;Serious;1;1;22/01/2019;Tuesday;00:50;Westminster;Westminster;A;40;Single carriageway;30 MPH;T or staggered junction;Give way or uncontrolled;Unclassified;0;None within 50 metres ;No physical crossing facilities within 50 metres;Darkness - lights lit;Raining no high winds;Wet or damp;None;None;Urban;Yes;E01033595;1;1;Pedestrian;Male;38;7;Serious;In carriageway, crossing elsewhere;Crossing from driver's nearside;Not car passenger;Not a bus or coach passenger;No / Not applicable;0;Cyclist;More deprived 20-30%;1;Taxi/Private hire car;No tow/articulation;Going ahead other;On main c'way - not in restricted lane;Mid Junction - on roundabout or on main road;None;None;Did not leave carriageway;None;Front;1;Not known;Male;51;46 - 55;-1;-1;-1;1;Urban area;1
2019010158754;536554;171838;-0.037106;51.429101;Metropolitan Police;Slight;2;1;22/01/2019;Tuesday;00:15;Lewisham;Lewisham;A;212;Single carriageway;20 MPH;T or staggered junction;Auto traffic signal;A;2218;None within 50 metres ;Pelican, puffin, toucan or similar non-junction pedestrian light crossing;Darkness - lights lit;Fine no high winds;Dry;None;None;Urban;Yes;E01003190;1;1;Driver or rider;Male;52;8;Slight;Not a Pedestrian;Not a Pedestrian;Not car passenger;Not a bus or coach passenger;No / Not applicable;9;Cyclist;More deprived 20-30%;1;Car;No tow/articulation;Going ahead other;On main c'way - not in restricted lane;Mid Junction - on roundabout or on main road;Skidded;None;Did not leave carriageway;None;Offside;1;Journey as part of work;Male;52;46 - 55;-1;-1;-1;3;Urban area;3
2019010158754;536554;171838;-0.037106;51.429101;Metropolitan Police;Slight;2;1;22/01/2019;Tuesday;00:15;Lewisham;Lewisham;A;212;Single carriageway;20 MPH;T or staggered junction;Auto traffic signal;A;2218;None within 50 metres ;Pelican, puffin, toucan or similar non-junction pedestrian light crossing;Darkness - lights lit;Fine no high winds;Dry;None;None;Urban;Yes;E01003190;1;1;Driver or rider;Male;52;8;Slight;Not a Pedestrian;Not a Pedestrian;Not car passenger;Not a bus or coach passenger;No / Not applicable;9;Cyclist;More deprived 20-30%;2;Car;No tow/articulation;Going ahead other;On main c'way - not in restricted lane;Mid Junction - on roundabout or on main road;None;None;Did not leave carriageway;None;Front;1;Not known;Not known;-1;Data missing or out of range;-1;-1;-1;-1;Data missing or out of range;-1
2019010158756;527598;163223;-0.168955;51.353762;Metropolitan Police;Slight;2;2;22/01/2019;Tuesday;06:10;Sutton;Sutton;C;0;Single carriageway;30 MPH;T or staggered junction;Give way or uncontrolled;Unclassified;0;None within 50 metres ;No physical crossing facilities within 50 metres;Darkness - lighting unknown;Raining no high winds;Wet or damp;None;None;Urban;Yes;E01004105;1;1;Driver or rider;Male;27;6;Slight;Not a Pedestrian;Not a Pedestrian;Not car passenger;Not a bus or coach passenger;No / Not applicable;3;Cyclist;More deprived 40-50%;1;Motorcycle 125cc and under;No tow/articulation;Going ahead other;On main c'way - not in restricted lane;Cleared junction or waiting/parked at junction exit;Skidded;None;Did not leave carriageway;None;Front;1;Commuting to/from work;Male;27;26 - 35;-1;-1;-1;5;Urban area;5
2019010158756;527598;163223;-0.168955;51.353762;Metropolitan Police;Slight;2;2;22/01/2019;Tuesday;06:10;Sutton;Sutton;C;0;Single carriageway;30 MPH;T or staggered junction;Give way or uncontrolled;Unclassified;0;None within 50 metres ;No physical crossing facilities within 50 metres;Darkness - lighting unknown;Raining no high winds;Wet or damp;None;None;Urban;Yes;E01004105;1;1;Driver or rider;Male;27;6;Slight;Not a Pedestrian;Not a Pedestrian;Not car passenger;Not a bus or coach passenger;No / Not applicable;3;Cyclist;More deprived 40-50%;2;Car;No tow/articulation;Waiting to go - held up;On main c'way - not in restricted lane;Cleared junction or waiting/parked at junction exit;None;None;Did not leave carriageway;None;Back;1;Commuting to/from work;Female;37;36 - 45;-1;-1;-1;5;Urban area;5
2019010158756;527598;163223;-0.168955;51.353762;Metropolitan Police;Slight;2;2;22/01/2019;Tuesday;06:10;Sutton;Sutton;C;0;Single carriageway;30 MPH;T or staggered junction;Give way or uncontrolled;Unclassified;0;None within 50 metres ;No physical crossing facilities within 50 metres;Darkness - lighting unknown;Raining no high winds;Wet or damp;None;None;Urban;Yes;E01004105;2;2;Driver or rider;Female;37;7;Slight;Not a Pedestrian;Not a Pedestrian;Not car passenger;Not a bus or coach passenger;No / Not applicable;9;Cyclist;More deprived 40-50%;1;Motorcycle 125cc and under;No tow/articulation;Going ahead other;On main c'way - not in restricted lane;Cleared junction or waiting/parked at junction exit;Skidded;None;Did not leave carriageway;None;Front;1;Commuting to/from work;Male;27;26 - 35;-1;-1;-1;5;Urban area;5
2019010158756;527598;163223;-0.168955;51.353762;Metropolitan Police;Slight;2;2;22/01/2019;Tuesday;06:10;Sutton;Sutton;C;0;Single carriageway;30 MPH;T or staggered junction;Give way or uncontrolled;Unclassified;0;None within 50 metres ;No physical crossing facilities within 50 metres;Darkness - lighting unknown;Raining no high winds;Wet or damp;None;None;Urban;Yes;E01004105;2;2;Driver or rider;Female;37;7;Slight;Not a Pedestrian;Not a Pedestrian;Not car passenger;Not a bus or coach passenger;No / Not applicable;9;Cyclist;More deprived 40-50%;2;Car;No tow/articulation;Waiting to go - held up;On main c'way - not in restricted lane;Cleared junction or waiting/parked at junction exit;None;None;Did not leave carriageway;None;Back;1;Commuting to/from work;Female;37;36 - 45;-1;-1;-1;5;Urban area;5
2019010158759;523762;196415;-0.212379;51.652914;Metropolitan Police;Slight;1;1;22/01/2019;Tuesday;06:39;Barnet;Barnet;A;411;Roundabout;30 MPH;Mini-roundabout;Give way or uncontrolled;Unclassified;0;None within 50 metres ;Zebra;Darkness - lights lit;Fine no high winds;Wet or damp;None;None;Urban;Yes;E01000248;1;1;Pedestrian;Female;33;6;Slight;Crossing on pedestrian crossing facility;Crossing from driver's nearside;Not car passenger;Not a bus or coach passenger;No / Not applicable;0;Cyclist;Less deprived 10-20%;1;Car;No tow/articulation;Moving off;On main c'way - not in restricted lane;Entering roundabout;None;None;Did not leave carriageway;None;Front;1;Commuting to/from work;Male;47;46 - 55;-1;-1;-1;9;Urban area;9
2019010158780;516481;180389;-0.32289;51.510433;Metropolitan Police;Slight;1;1;22/01/2019;Tuesday;08:40;Ealing;Ealing;A;4020;Single carriageway;30 MPH;T or staggered junction;Auto traffic signal;Unclassified;0;None within 50 metres ;Pedestrian phase at traffic signal junction;Daylight;Fine no high winds;Dry;None;None;Urban;No - accident was reported using a self completion  form (self rep only);E01001249;1;1;Pedestrian;Female;43;7;Slight;Unknown or other;Unknown or other;Not car passenger;Not a bus or coach passenger;No / Not applicable;0;Cyclist;More deprived 10-20%;1;Car;No tow/articulation;Data missing or out of range;Data missing or out of range;Data missing or out of range;Data missing or out of range;Data missing or out of range;Data missing or out of range;Data missing or out of range;Back;-1;Not known;Not known;-1;Data missing or out of range;-1;-1;-1;-1;Data missing or out of range;-1
2019010158789;519772;175765;-0.277056;51.468187;Metropolitan Police;Slight;2;1;21/01/2019;Monday;16:53;Richmond upon Thames;Richmond upon Thames;A;205;Single carriageway;30 MPH;Not at junction or within 20 metres;Data missing or out of range;-1;0;None within 50 metres ;No physical crossing facilities within 50 metres;Darkness - lights lit;Fine no high winds;Dry;None;None;Urban;No - accident was reported using a self completion  form (self rep only);E01003865;1;1;Driver or rider;Male;31;6;Slight;Not a Pedestrian;Not a Pedestrian;Not car passenger;Not a bus or coach passenger;No / Not applicable;3;Cyclist;More deprived 40-50%;1;Motorcycle 125cc and under;No tow/articulation;Data missing or out of range;Data missing or out of range;Not at or within 20 metres of junction;Data missing or out of range;Data missing or out of range;Data missing or out of range;Data missing or out of range;Data missing or out of range;1;Not known;Male;31;26 - 35;-1;-1;-1;5;Urban area;5