Accident_Index;Location_Easting_OSGR;Location_Northing_OSGR;Longitude;Latitude;Police_Force;Accident_Severity;Number_of_Vehicles;Number_of_Casualties;Date;Day_of_Week;Time;Local_Authority_(District);Local_Authority_(Highway);1st_Road_Class;1st_Road_Number;Road_Type;Speed_limit;Junction_Detail;Junction_Control;2nd_Road_Class;2nd_Road_Number;Pedestrian_Crossing-Human_Control;Pedestrian_Crossing-Physical_Facilities;Light_Conditions;Weather_Conditions;Road_Surface_Conditions;Special_Conditions_at_Site;Carriageway_Hazards;Urban_or_Rural_Area;Did_Police_Officer_Attend_Scene_of_Accident;LSOA_of_Accident_Location;Vehicle_Reference_x;Casualty_Reference;Casualty_Class;Sex_of_Casualty;Age_of_Casualty;Age_Band_of_Casualty;Casualty_Severity;Pedestrian_Location;Pedestrian_Movement;Car_Passenger;Bus_or_Coach_Passenger;Pedestrian_Road_Maintenance_Worker;Casualty_Type;Casualty_Home_Area_Type;Casualty_IMD_Decile;Vehicle_Reference_y;Vehicle_Type;Towing_and_Articulation;Vehicle_Manoeuvre;Vehicle_Location-Restricted_Lane;Junction_Location;Skidding_and_Overturning;Hit_Object_in_Carriageway;Vehicle_Leaving_Carriageway;Hit_Object_off_Carriageway;1st_Point_of_Impact;Was_Vehicle_Left_Hand_Drive?;Journey_Purpose_of_Driver;Sex_of_Driver;Age_of_Driver;Age_Band_of_Driver;Engine_Capacity_(CC);Propulsion_Code;Age_of_Vehicle;Driver_IMD_Decile;Driver_Home_Area_Type;Vehicle_IMD_Decile
2019010158789;519772;175765;-0.277056;51.468187;Metropolitan Police;Slight;2;1;21/01/2019;Monday;16:53;Richmond upon Thames;Richmond upon Thames;A;205;Single carriageway;30 MPH;Not at junction or within 20 metres;Data missing or out of range;-1;0;None within 50 metres ;No physical crossing facilities within 50 metres;Darkness - lights lit;Fine no high winds;Dry;None;None;Urban;No - accident was reported using a self completion  form (self rep only);E01003865;1;1;Driver or rider;Male;31;6;Slight;Not a Pedestrian;Not a Pedestrian;Not car passenger;Not a bus or coach passenger;No / Not applicable;3;Cyclist;More deprived 40-50%;2;Car;No tow/articulation;Data missing or out of range;Data missing or out of range;Not at or within 20 metres of junction;Data missing or out of range;Data missing or out of range;Data missing or out of range;Data missing or out of range;Data missing or out of range;-1;Not known;Not known;54;46 - 55;-1;-1;-1;5;Urban area;5
2019010158794;517289;169628;-0.314819;51.413549;Metropolitan Police;Slight;1;1;22/01/2019;Tuesday;09:30;Richmond upon Thames;Richmond upon Thames;B;359;One way street;30 MPH;T or staggered junction;Give way or uncontrolled;B;358;None within 50 metres ;No physical crossing facilities within 50 metres;Daylight;Fine no high winds;Dry;None;None;Urban;Yes;E01003839;1;1;Pedestrian;Male;45;7;Slight;In carriageway, not crossing;In carriageway, stationary - not crossing  (standing or playing);Not car passenger;Not a bus or coach passenger;No / Not applicable;0;Cyclist;Less deprived 20-30%;1;Car;No tow/articulation;Turning right;On main c'way - not in restricted lane;Entering main road;None;None;Did not leave carriageway;None;Front;1;Not known;Female;67;66 - 75;-1;-1;-1;3;Urban area;3
2019010158799;537542;173879;-0.022112;51.447203;Metropolitan Police;Slight;1;1;11/01/2019;Friday;14:10;Lewisham;Lewisham;Unclassified;0;Single carriageway;30 MPH;T or staggered junction;Give way or uncontrolled;Unclassified;0;Data missing or out of range;Data missing or out of range;Daylight;Fine no high winds;Dry;None;None;Urban;No - accident was reported using a self completion  form (self rep only);E01003324;1;1;Driver or rider;Male;Data missing or out of range;-1;Slight;Not a Pedestrian;Not a Pedestrian;Not car passenger;Not a bus or coach passenger;No / Not applicable;19;-1;Data missing or out of range;1;Van / Goods 3.5 tonnes mgw or under;Data missing or out of range;Going ahead other;Data missing or out of range;Data missing or out of range;Data missing or out of range;Data missing or out of range;Data missing or out of range;Data missing or out of range;Data missing or out of range;-1;Not known;Male;-1;Data missing or out of range;-1;-1;-1;-1;Data missing or out of range;-1
2019010158807;518135;178316;-0.299761;51.491459;Metropolitan Police;Slight;2;1;22/01/2019;Tuesday;10:20;Hounslow;Hounslow;Motorway;4;Dual carriageway;40 MPH;Slip road;Give way or uncontrolled;Unclassified;0;None within 50 metres ;Pedestrian phase at traffic signal junction;Daylight;Fine no high winds;Dry;None;None;Urban;Yes;E01002568;1;1;Driver or rider;Male;35;6;Slight;Not a Pedestrian;Not a Pedestrian;Not car passenger;Not a bus or coach passenger;No / Not applicable;8;Cyclist;More deprived 10-20%;1;Taxi/Private hire car;No tow/articulation;Going ahead other;On main c'way - not in restricted lane;Approaching junction or waiting/parked at junction approach;None;None;Did not leave carriageway;None;Nearside;1;Journey as part of work;Male;35;26 - 35;-1;-1;-1;2;Urban area;2
2019010158807;518135;178316;-0.299761;51.491459;Metropolitan Police;Slight;2;1;22/01/2019;Tuesday;10:20;Hounslow;Hounslow;Motorway;4;Dual carriageway;40 MPH;Slip road;Give way or uncontrolled;Unclassified;0;None within 50 metres ;Pedestrian phase at traffic signal junction;Daylight;Fine no high winds;Dry;None;None;Urban;Yes;E01002568;1;1;Driver or rider;Male;35;6;Slight;Not a Pedestrian;Not a Pedestrian;Not car passenger;Not a bus or coach passenger;No / Not applicable;8;Cyclist;More deprived 10-20%;2;Goods 7.5 tonnes mgw and over;No tow/articulation;Changing lane to right;On main c'way - not in restricted lane;Approaching junction or waiting/parked at junction approach;None;None;Did not leave carriageway;None;Offside;1;Not known;Male;52;46 - 55;-1;-1;-1;3;Urban area;3
2019010158816;531753;166637;-0.108056;51.383497;Metropolitan Police;Slight;1;1;20/01/2019;Sunday;12:15;Croydon;Croydon;A;235;Unknown;30 MPH;Not at junction or within 20 metres;Data missing or out of range;-1;0;None within 50 metres ;No physical crossing facilities within 50 metres;Daylight;Fine no high winds;Dry;None;None;Urban;No - accident was reported using a self completion  form (self rep only);E01001117;1;1;Passenger;Female;51;8;Slight;Not a Pedestrian;Not a Pedestrian;Not car passenger;Standing passenger;No / Not applicable;11;Cyclist;Less deprived 40-50%;1;Bus or coach (17 or more pass seats);No tow/articulation;Data missing or out of range;Data missing or out of range;Not at or within 20 metres of junction;Data missing or out of range;Data missing or out of range;Data missing or out of range;Data missing or out of range;Data missing or out of range;-1;Not known;Not known;-1;Data missing or out of range;-1;-1;-1;-1;Data missing or out of range;-1
2019010158825;549616;183398;0.155542;51.529675;Metropolitan Police;Slight;3;1;22/01/2019;Tuesday;09:00;Barking and Dagenham;Barking and Dagenham;B;178;One way street;30 MPH;More than 4 arms (not roundabout);Give way or uncontrolled;Unclassified;0;None within 50 metres ;No physical crossing facilities within 50 metres;Daylight;Fine no high winds;Wet or damp;None;None;Urban;Yes;E01000090;2;1;Driver or rider;Female;24;5;Slight;Not a Pedestrian;Not a Pedestrian;Not car passenger;Not a bus or coach passenger;No / Not applicable;9;Cyclist;More deprived 10-20%;1;Car;No tow/articulation;Going ahead other;On main c'way - not in restricted lane;Mid Junction - on roundabout or on main road;None;None;Did not leave carriageway;None;Front;1;Not known;Female;51;46 - 55;-1;-1;-1;3;Urban area;3
2019010158825;549616;183398;0.155542;51.529675;Metropolitan Police;Slight;3;1;22/01/2019;Tuesday;09:00;Barking and Dagenham;Barking and Dagenham;B;178;One way street;30 MPH;More than 4 arms (not roundabout);Give way or uncontrolled;Unclassified;0;None within 50 metres ;No physical crossing facilities within 50 metres;Daylight;Fine no high winds;Wet or damp;None;None;Urban;Yes;E01000090;2;1;Driver or rider;Female;24;5;Slight;Not a Pedestrian;Not a Pedestrian;Not car passenger;Not a bus or coach passenger;No / Not applicable;9;Cyclist;More deprived 10-20%;2;Car;No tow/articulation;Waiting to go - held up;On main c'way - not in restricted lane;Mid Junction - on roundabout or on main road;None;None;Did not leave carriageway;None;Back;1;Not known;Female;24;21 - 25;-1;-1;-1;2;Urban area;2
2019010158825;549616;183398;0.155542;51.529675;Metropolitan Police;Slight;3;1;22/01/2019;Tuesday;09:00;Barking and Dagenham;Barking and Dagenham;B;178;One way street;30 MPH;More than 4 arms (not roundabout);Give way or uncontrolled;Unclassified;0;None within 50 metres ;No physical crossing facilities within 50 metres;Daylight;Fine no high winds;Wet or damp;None;None;Urban;Yes;E01000090;2;1;Driver or rider;Female;24;5;Slight;Not a Pedestrian;Not a Pedestrian;Not car passenger;Not a bus or coach passenger;No / Not applicable;9;Cyclist;More deprived 10-20%;3;Taxi/Private hire car;No tow/articulation;Slowing or stopping;On main c'way - not in restricted lane;Cleared junction or waiting/parked at junction exit;None;None;Did not leave carriageway;None;Back;1;Journey as part of work;Male;59;56 - 65;-1;-1;-1;3;Urban area;3
2019010158831;530054;184882;-0.12575;51.547853;Metropolitan Police;Slight;2;1;22/01/2019;Tuesday;11:50;Islington;Islington;Unclassified;0;Single carriageway;20 MPH;Not at junction or within 20 metres;Data missing or out of range;-1;0;None within 50 metres ;No physical crossing facilities within 50 metres;Daylight;Fine no high winds;Dry;None;None;Urban;Yes;E01002766;2;1;Driver or rider;Male;28;6;Slight;Not a Pedestrian;Not a Pedestrian;Not car passenger;Not a bus or coach passenger;No / Not applicable;3;Cyclist;More deprived 10-20%;1;Van / Goods 3.5 tonnes mgw or under;No tow/articulation;Waiting to go - held up;On main c'way - not in restricted lane;Not at or within 20 metres of junction;None;None;Did not leave carriageway;None;Back;1;Journey as part of work;Male;32;26 - 35;-1;-1;-1;8;Rural;8
2019010158831;530054;184882;-0.12575;51.547853;Metropolitan Police;Slight;2;1;22/01/2019;Tuesday;11:50;Islington;Islington;Unclassified;0;Single carriageway;20 MPH;Not at junction or within 20 metres;Data missing or out of range;-1;0;None within 50 metres ;No physical crossing facilities within 50 metres;Daylight;Fine no high winds;Dry;None;None;Urban;Yes;E01002766;2;1;Driver or rider;Male;28;6;Slight;Not a Pedestrian;Not a Pedestrian;Not car passenger;Not a bus or coach passenger;No / Not applicable;3;Cyclist;More deprived 10-20%;2;Motorcycle 125cc and under;No tow/articulation;Going ahead other;On main c'way - not in restricted lane;Not at or within 20 metres of junction;None;None;Did not leave carriageway;None;Front;1;Not known;Male;28;26 - 35;-1;-1;-1;2;Urban area;2
2019010158836;534812;174444;-0.061157;51.452937;Metropolitan Police;Slight;2;1;22/01/2019;Tuesday;08:15;Southwark;Southwark;B;238;Single carriageway;30 MPH;T or staggered junction;Give way or uncontrolled;Unclassified;0;None within 50 metres ;No physical crossing facilities within 50 metres;Daylight;Fine no high winds;Dry;None;None;Urban;Yes;E01004018;2;1;Driver or rider;Female;32;6;Slight;Not a Pedestrian;Not a Pedestrian;Not car passenger;Not a bus or coach passenger;No / Not applicable;1;Cyclist;More deprived 10-20%;1;Car;No tow/articulation;Turning left;On main c'way - not in restricted lane;Approaching junction or waiting/parked at junction approach;None;None;Did not leave carriageway;None;Nearside;1;Commuting to/from work;Male;30;26 - 35;-1;-1;-1;1;Urban area;1
2019010158836;534812;174444;-0.061157;51.452937;Metropolitan Police;Slight;2;1;22/01/2019;Tuesday;08:15;Southwark;Southwark;B;238;Single carriageway;30 MPH;T or staggered junction;Give way or uncontrolled;Unclassified;0;None within 50 metres ;No physical crossing facilities within 50 metres;Daylight;Fine no high winds;Dry;None;None;Urban;Yes;E01004018;2;1;Driver or rider;Female;32;6;Slight;Not a Pedestrian;Not a Pedestrian;Not car passenger;Not a bus or coach passenger;No / Not applicable;1;Cyclist;More deprived 10-20%;2;Pedal cycle;No tow/articulation;Overtaking - nearside;On main c'way - not in restricted lane;Cleared junction or waiting/parked at junction exit;None;None;Did not leave carriageway;None;Front;1;Commuting to/from work;Female;32;26 - 35;-1;-1;-1;2;Urban area;2
2019010158837;527219;171068;-0.171586;51.424351;Metropolitan Police;Serious;2;1;21/01/2019;Monday;20:15;Wandsworth;Wandsworth;A;24;Single carriageway;30 MPH;T or staggered junction;Auto traffic signal;C;0;None within 50 metres ;Zebra;Darkness - lights lit;Fine no high winds;Dry;None;None;Urban;Yes;E01004617;2;1;Driver or rider;Male;28;6;Serious;Not a Pedestrian;Not a Pedestrian;Not car passenger;Not a bus or coach passenger;No / Not applicable;4;Cyclist;More deprived 40-50%;1;Car;No tow/articulation;Turning right;On main c'way - not in restricted lane;Approaching junction or waiting/parked at junction approach;None;None;Did not leave carriageway;None;Front;1;Not known;Male;40;36 - 45;-1;-1;-1;6;Urban area;6
2019010158837;527219;171068;-0.171586;51.424351;Metropolitan Police;Serious;2;1;21/01/2019;Monday;20:15;Wandsworth;Wandsworth;A;24;Single carriageway;30 MPH;T or staggered junction;Auto traffic signal;C;0;None within 50 metres ;Zebra;Darkness - lights lit;Fine no high winds;Dry;None;None;Urban;Yes;E01004617;2;1;Driver or rider;Male;28;6;Serious;Not a Pedestrian;Not a Pedestrian;Not car passenger;Not a bus or coach passenger;No / Not applicable;4;Cyclist;More deprived 40-50%;2;Motorcycle over 125cc and up to 500cc;No tow/articulation;Going ahead other;On main c'way - not in restricted lane;Approaching junction or waiting/parked at junction approach;None;None;Did not leave carriageway;None;Nearside;1;Commuting to/from work;Male;28;26 - 35;-1;-1;-1;5;Urban area;5
2019010158839;543899;167251;0.066616;51.386068;Metropolitan Police;Slight;2;3;22/01/2019;Tuesday;08:05;Bromley;Bromley;Unclassified;0;Single carriageway;30 MPH;Crossroads;Give way or uncontrolled;Unclassified;0;None within 50 metres ;No physical crossing facilities within 50 metres;Daylight;Fine no high winds;Wet or damp;None;None;Urban;Yes;E01000809;1;1;Driver or rider;Female;41;7;Slight;Not a Pedestrian;Not a Pedestrian;Not car passenger;Not a bus or coach passenger;No / Not applicable;9;Cyclist;Least deprived 10%;1;Car;No tow/articulation;Going ahead left-hand bend;On main c'way - not in restricted lane;Mid Junction - on roundabout or on main road;None;None;Did not leave carriageway;None;Front;1;Taking pupil to/from school;Female;41;36 - 45;-1;-1;-1;10;Urban area;10
2019010158839;543899;167251;0.066616;51.386068;Metropolitan Police;Slight;2;3;22/01/2019;Tuesday;08:05;Bromley;Bromley;Unclassified;0;Single carriageway;30 MPH;Crossroads;Give way or uncontrolled;Unclassified;0;None within 50 metres ;No physical crossing facilities within 50 metres;Daylight;Fine no high winds;Wet or damp;None;None;Urban;Yes;E01000809;1;1;Driver or rider;Female;41;7;Slight;Not a Pedestrian;Not a Pedestrian;Not car passenger;Not a bus or coach passenger;No / Not applicable;9;Cyclist;Least deprived 10%;2;Car;No tow/articulation;Going ahead other;On main c'way - not in restricted lane;Mid Junction - on roundabout or on main road;None;Kerb;Nearside;Wall or fence;Front;1;Taking pupil to/from school;Female;38;36 - 45;-1;-1;-1;7;Rural;7
2019010158839;543899;167251;0.066616;51.386068;Metropolitan Police;Slight;2;3;22/01/2019;Tuesday;08:05;Bromley;Bromley;Unclassified;0;Single carriageway;30 MPH;Crossroads;Give way or uncontrolled;Unclassified;0;None within 50 metres ;No physical crossing facilities within 50 metres;Daylight;Fine no high winds;Wet or damp;None;None;Urban;Yes;E01000809;1;2;Passenger;Female;12;3;Slight;Not a Pedestrian;Not a Pedestrian;Front seat passenger;Not a bus or coach passenger;No / Not applicable;9;Motorcycle 125cc and under rider or passenger;Less deprived 30-40%;1;Car;No tow/articulation;Going ahead left-hand bend;On main c'way - not in restricted lane;Mid Junction - on roundabout or on main road;None;None;Did not leave carriageway;None;Front;1;Taking pupil to/from school;Female;41;36 - 45;-1;-1;-1;10;Urban area;10
2019010158839;543899;167251;0.066616;51.386068;Metropolitan Police;Slight;2;3;22/01/2019;Tuesday;08:05;Bromley;Bromley;Unclassified;0;Single carriageway;30 MPH;Crossroads;Give way or uncontrolled;Unclassified;0;None within 50 metres ;No physical crossing facilities within 50 metres;Daylight;Fine no high winds;Wet or damp;None;None;Urban;Yes;E01000809;1;2;Passenger;Female;12;3;Slight;Not a Pedestrian;Not a Pedestrian;Front seat passenger;Not a bus or coach passenger;No / Not applicable;9;Motorcycle 125cc and under rider or passenger;Less deprived 30-40%;2;Car;No tow/articulation;Going ahead other;On main c'way - not in restricted lane;Mid Junction - on roundabout or on main road;None;Kerb;Nearside;Wall or fence;Front;1;Taking pupil to/from school;Female;38;36 - 45;-1;-1;-1;7;Rural;7
2019010158839;543899;167251;0.066616;51.386068;Metropolitan Police;Slight;2;3;22/01/2019;Tuesday;08:05;Bromley;Bromley;Unclassified;0;Single carriageway;30 MPH;Crossroads;Give way or uncontrolled;Unclassified;0;None within 50 metres ;No physical crossing facilities within 50 metres;Daylight;Fine no high winds;Wet or damp;None;None;Urban;Yes;E01000809;2;3;Driver or rider;Female;38;7;Slight;Not a Pedestrian;Not a Pedestrian;Not car passenger;Not a bus or coach passenger;No / Not applicable;9;Motorcycle 125cc and under rider or passenger;Less deprived 30-40%;1;Car;No tow/articulation;Going ahead left-hand bend;On main c'way - not in restricted lane;Mid Junction - on roundabout or on main road;None;None;Did not leave carriageway;None;Front;1;Taking pupil to/from school;Female;41;36 - 45;-1;-1;-1;10;Urban area;10
2019010158839;543899;167251;0.066616;51.386068;Metropolitan Police;Slight;2;3;22/01/2019;Tuesday;08:05;Bromley;Bromley;Unclassified;0;Single carriageway;30 MPH;Crossroads;Give way or uncontrolled;Unclassified;0;None within 50 metres ;No physical crossing facilities within 50 metres;Daylight;Fine no high winds;Wet or damp;None;None;Urban;Yes;E01000809;2;3;Driver or rider;Female;38;7;Slight;Not a Pedestrian;Not a Pedestrian;Not car passenger;Not a bus or coach passenger;No / Not applicable;9;Motorcycle 125cc and under rider or passenger;Less deprived 30-40%;2;Car;No tow/articulation;Going ahead other;On main c'way - not in restricted lane;Mid Junction - on roundabout or on main road;None;Kerb;Nearside;Wall or fence;Front;1;Taking pupil to/from school;Female;38;36 - 45;-1;-1;-1;7;Rural;7
2019010158842;505828;184115;-0.47522;51.546018;Metropolitan Police;Slight;2;1;08/01/2019;Tuesday;20:15;Hillingdon;Hillingdon;Unclassified;0;Single carriageway;30 MPH;More than 4 arms (not roundabout);Auto traffic signal;Unclassified;0;Data missing or out of range;Data missing or out of range;Darkness - lights lit;Fine no high winds;Dry;None;None;Urban;No - accident was reported using a self completion  form (self rep only);E01002515;1;1;Driver or rider;Male;29;6;Slight;Not a Pedestrian;Not a Pedestrian;Not car passenger;Not a bus or coach passenger;No / Not applicable;9;Cyclist;Less deprived 30-40%;1;Car;No tow/articulation;Turning left;On main c'way - not in restricted lane;Cleared junction or waiting/parked at junction exit;None;None;Did not leave carriageway;None;Offside;-1;Not known;Male;29;26 - 35;-1;-1;-1;7;Urban area;7
2019010158842;505828;184115;-0.47522;51.546018;Metropolitan Police;Slight;2;1;08/01/2019;Tuesday;20:15;Hillingdon;Hillingdon;Unclassified;0;Single carriageway;30 MPH;More than 4 arms (not roundabout);Auto traffic signal;Unclassified;0;Data missing or out of range;Data missing or out of range;Darkness - lights lit;Fine no high winds;Dry;None;None;Urban;No - accident was reported using a self completion  form (self rep only);E01002515;1;1;Driver or rider;Male;29;6;Slight;Not a Pedestrian;Not a Pedestrian;Not car passenger;Not a bus or coach passenger;No / Not applicable;9;Cyclist;Less deprived 30-40%;2;Car;No tow/articulation;Going ahead other;On main c'way - not in restricted lane;Mid Junction - on roundabout or on main road;None;None;Did not leave carriageway;None;Front;-1;Not known;Female;-1;Data missing or out of range;-1;-1;-1;5;Urban area;5
2019010158843;505034;178358;-0.488382;51.49442;Metropolitan Police;Slight;4;1;21/01/2019;Monday;18:23;Hillingdon;Hillingdon;Motorway;4;Dual carriageway;70 MPH;Slip road;Give way or uncontrolled;Unclassified;0;None within 50 metres ;No physical crossing facilities within 50 metres;Darkness - lights lit;Fine no high winds;Dry;Auto traffic signal - out;Other object on road;Rural;Yes;E01002444;3;1;Driver or rider;Male;27;6;Slight;Not a Pedestrian;Not a Pedestrian;Not car passenger;Not a bus or coach passenger;No / Not applicable;9;Cyclist;More deprived 20-30%;1;Goods over 3.5t. and under 7.5t;No tow/articulation;Moving off;On main c'way - not in restricted lane;Approaching junction or waiting/parked at junction approach;None;None;Did not leave carriageway;None;Back;1;Journey as part of work;Male;30;26 - 35;-1;-1;-1;-1;Data missing or out of range;-1
2019010158843;505034;178358;-0.488382;51.49442;Metropolitan Police;Slight;4;1;21/01/2019;Monday;18:23;Hillingdon;Hillingdon;Motorway;4;Dual carriageway;70 MPH;Slip road;Give way or uncontrolled;Unclassified;0;None within 50 metres ;No physical crossing facilities within 50 metres;Darkness - lights lit;Fine no high winds;Dry;Auto traffic signal - out;Other object on road;Rural;Yes;E01002444;3;1;Driver or rider;Male;27;6;Slight;Not a Pedestrian;Not a Pedestrian;Not car passenger;Not a bus or coach passenger;No / Not applicable;9;Cyclist;More deprived 20-30%;2;Van / Goods 3.5 tonnes mgw or under;No tow/articulation;Waiting to go - held up;On main c'way - not in restricted lane;Approaching junction or waiting/parked at junction approach;None;None;Did not leave carriageway;None;Back;1;Journey as part of work;Male;39;36 - 45;-1;-1;-1;9;Urban area;9
2019010158843;505034;178358;-0.488382;51.49442;Metropolitan Police;Slight;4;1;21/01/2019;Monday;18:23;Hillingdon;Hillingdon;Motorway;4;Dual carriageway;70 MPH;Slip road;Give way or uncontrolled;Unclassified;0;None within 50 metres ;No physical crossing facilities within 50 metres;Darkness - lights lit;Fine no high winds;Dry;Auto traffic signal - out;Other object on road;Rural;Yes;E01002444;3;1;Driver or rider;Male;27;6;Slight;Not a Pedestrian;Not a Pedestrian;Not car passenger;Not a bus or coach passenger;No / Not applicable;9;Cyclist;More deprived 20-30%;3;Car;No tow/articulation;Waiting to go - held up;On main c'way - not in restricted lane;Approaching junction or waiting/parked at junction approach;None;None;Did not leave carriageway;None;Back;1;Not known;Male;27;26 - 35;-1;-1;-1;3;Urban area;3
2019010158843;505034;178358;-0.488382;51.49442;Metropolitan Police;Slight;4;1;21/01/2019;Monday;18:23;Hillingdon;Hillingdon;Motorway;4;Dual carriageway;70 MPH;Slip road;Give way or uncontrolled;Unclassified;0;None within 50 metres ;No physical crossing facilities within 50 metres;Darkness - lights lit;Fine no high winds;Dry;Auto traffic signal - out;Other object on road;Rural;Yes;E01002444;3;1;Driver or rider;Male;27;6;Slight;Not a Pedestrian;Not a Pedestrian;Not car passenger;Not a bus or coach passenger;No / Not applicable;9;Cyclist;More deprived 20-30%;4;Goods 7.5 tonnes mgw and over;Articulated vehicle;Going ahead other;On main c'way - not in restricted lane;Cleared junction or waiting/parked at junction exit;None;None;Did not leave carriageway;None;Front;1;Journey as part of work;Male;51;46 - 55;-1;-1;-1;-1;Data missing or out of range;-1
2019010158844;549261;178373;0.148302;51.484618;Metropolitan Police;Serious;1;1;21/01/2019;Monday;17:50;Bexley;Bexley;B;250;Single carriageway;30 MPH;T or staggered junction;Give way or uncontrolled;Unclassified;0;None within 50 metres ;No physical crossing facilities within 50 metres;Darkness - lights lit;Other;Dry;None;None;Urban;Yes;E01000332;1;1;Pedestrian;Female;80;11;Serious;In carriageway, crossing elsewhere;Crossing from driver's offside;Not car passenger;Not a bus or coach passenger;No / Not applicable;0;Cyclist;Less deprived 40-50%;1;Car;No tow/articulation;Turning right;On main c'way - not in restricted lane;Cleared junction or waiting/parked at junction exit;None;None;Did not leave carriageway;None;Front;1;Commuting to/from work;Male;60;56 - 65;-1;-1;-1;6;Urban area;6
2019010158845;540445;190252;0.026156;51.593618;Metropolitan Police;Slight;1;1;22/01/2019;Tuesday;13:17;Redbridge;Redbridge;B;168;One way street;30 MPH;Roundabout;Give way or uncontrolled;B;168;Control by other authorised person;Pelican, puffin, toucan or similar non-junction pedestrian light crossing;Daylight;Fine no high winds;Dry;None;None;Urban;Yes;E01003674;1;1;Pedestrian;Female;58;9;Slight;Crossing on pedestrian crossing facility;Crossing from driver's nearside;Not car passenger;Not a bus or coach passenger;No / Not applicable;0;Motorcycle 125cc and under rider or passenger;More deprived 40-50%;1;Car;No tow/articulation;Turning left;On main c'way - not in restricted lane;Leaving roundabout;None;None;Offside;None;Offside;1;Commuting to/from work;Male;63;56 - 65;-1;-1;-1;-1;Data missing or out of range;-1
2019010158846;547238;167999;0.114877;51.391933;Metropolitan Police;Slight;2;1;22/01/2019;Tuesday;11:07;Bromley;Bromley;C;0;Roundabout;30 MPH;Roundabout;Give way or uncontrolled;B;258;None within 50 metres ;No physical crossing facilities within 50 metres;Daylight;Fine no high winds;Wet or damp;None;None;Urban;Yes;E01000724;1;1;Pedestrian;Female;33;6;Slight;In carriageway, crossing elsewhere;Crossing from driver's offside;Not car passenger;Not a bus or coach passenger;No / Not applicable;0;Cyclist;More deprived 20-30%;1;Car;No tow/articulation;Turning left;On main c'way - not in restricted lane;Entering roundabout;Skidded;None;Did not leave carriageway;None;Front;1;Not known;Not known;-1;Data missing or out of range;-1;-1;-1;-1;Data missing or out of range;-1
2019010158846;547238;167999;0.114877;51.391933;Metropolitan Police;Slight;2;1;22/01/2019;Tuesday;11:07;Bromley;Bromley;C;0;Roundabout;30 MPH;Roundabout;Give way or uncontrolled;B;258;None within 50 metres ;No physical crossing facilities within 50 metres;Daylight;Fine no high winds;Wet or damp;None;None;Urban;Yes;E01000724;1;1;Pedestrian;Female;33;6;Slight;In carriageway, crossing elsewhere;Crossing from driver's offside;Not car passenger;Not a bus or coach passenger;No / Not applicable;0;Cyclist;More deprived 20-30%;2;Car;No tow/articulation;Going ahead other;On main c'way - not in restricted lane;Approaching junction or waiting/parked at junction approach;None;None;Did not leave carriageway;None;Did not impact;1;Not known;Male;31;26 - 35;-1;-1;-1;7;Urban area;7
2019010158847;531592;186901;-0.102827;51.565641;Metropolitan Police;Slight;2;1;22/01/2019;Tuesday;13:30;Hackney;Hackney;A;503;Single carriageway;20 MPH;Private drive or entrance;Give way or uncontrolled;Unclassified;0;None within 50 metres ;No physical crossing facilities within 50 metres;Daylight;Fine no high winds;Dry;None;None;Urban;Yes;E01001716;2;1;Driver or rider;Male;29;6;Slight;Not a Pedestrian;Not a Pedestrian;Not car passenger;Not a bus or coach passenger;No / Not applicable;3;Cyclist;More deprived 20-30%;1;Car;No tow/articulation;Going ahead other;Footway (pavement);Entering main road;None;None;Did not leave carriageway;None;Offside;1;Not known;Female;24;21 - 25;-1;-1;-1;1;Urban area;1
2019010158847;531592;186901;-0.102827;51.565641;Metropolitan Police;Slight;2;1;22/01/2019;Tuesday;13:30;Hackney;Hackney;A;503;Single carriageway;20 MPH;Private drive or entrance;Give way or uncontrolled;Unclassified;0;None within 50 metres ;No physical crossing facilities within 50 metres;Daylight;Fine no high winds;Dry;None;None;Urban;Yes;E01001716;2;1;Driver or rider;Male;29;6;Slight;Not a Pedestrian;Not a Pedestrian;Not car passenger;Not a bus or coach passenger;No / Not applicable;3;Cyclist;More deprived 20-30%;2;Motorcycle 125cc and under;No tow/articulation;Going ahead other;On main c'way - not in restricted lane;Approaching junction or waiting/parked at junction approach;None;None;Did not leave carriageway;None;Front;1;Journey as part of work;Male;29;26 - 35;-1;-1;-1;3;Urban area;3
2019010158848;507627;179220;-0.450781;51.50168;Metropolitan Police;Slight;1;1;22/01/2019;Tuesday;11:08;Hillingdon;Hillingdon;A;408;Dual carriageway;50 MPH;More than 4 arms (not roundabout);Auto traffic signal;Unclassified;0;None within 50 metres ;Pedestrian phase at traffic signal junction;Daylight;Fine no high winds;Dry;None;None;Urban;Yes;E01002486;1;1;Driver or rider;Male;25;5;Slight;Not a Pedestrian;Not a Pedestrian;Not car passenger;Not a bus or coach passenger;No / Not applicable;4;Cyclist;More deprived 20-30%;1;Motorcycle over 125cc and up to 500cc;No tow/articulation;Going ahead other;On main c'way - not in restricted lane;Mid Junction - on roundabout or on main road;None;Kerb;Nearside;Wall or fence;Front;1;Commuting to/from work;Male;25;21 - 25;-1;-1;-1;3;Urban area;3