Accident_Index;Location_Easting_OSGR;Location_Northing_OSGR;Longitude;Latitude;Police_Force;Accident_Severity;Number_of_Vehicles;Number_of_Casualties;Date;Day_of_Week;Time;Local_Authority_(District);Local_Authority_(Highway);1st_Road_Class;1st_Road_Number;Road_Type;Speed_limit;Junction_Detail;Junction_Control;2nd_Road_Class;2nd_Road_Number;Pedestrian_Crossing-Human_Control;Pedestrian_Crossing-Physical_Facilities;Light_Conditions;Weather_Conditions;Road_Surface_Conditions;Special_Conditions_at_Site;Carriageway_Hazards;Urban_or_Rural_Area;Did_Police_Officer_Attend_Scene_of_Accident;LSOA_of_Accident_Location;Vehicle_Reference_x;Casualty_Reference;Casualty_Class;Sex_of_Casualty;Age_of_Casualty;Age_Band_of_Casualty;Casualty_Severity;Pedestrian_Location;Pedestrian_Movement;Car_Passenger;Bus_or_Coach_Passenger;Pedestrian_Road_Maintenance_Worker;Casualty_Type;Casualty_Home_Area_Type;Casualty_IMD_Decile;Vehicle_Reference_y;Vehicle_Type;Towing_and_Articulation;Vehicle_Manoeuvre;Vehicle_Location-Restricted_Lane;Junction_Location;Skidding_and_Overturning;Hit_Object_in_Carriageway;Vehicle_Leaving_Carriageway;Hit_Object_off_Carriageway;1st_Point_of_Impact;Was_Vehicle_Left_Hand_Drive?;Journey_Purpose_of_Driver;Sex_of_Driver;Age_of_Driver;Age_Band_of_Driver;Engine_Capacity_(CC);Propulsion_Code;Age_of_Vehicle;Driver_IMD_Decile;Driver_Home_Area_Type;Vehicle_IMD_Decile
2019010158851;537331;192207;-0.018005;51.611952;Metropolitan Police;Slight;2;1;22/01/2019;Tuesday;12:30;Waltham Forest;Waltham Forest;A;112;Single carriageway;30 MPH;Crossroads;Auto traffic signal;C;0;None within 50 metres ;Pedestrian phase at traffic signal junction;Daylight;Fine no high winds;Dry;None;None;Urban;No - accident was reported using a self completion  form (self rep only);E01004454;1;1;Driver or rider;Female;83;11;Slight;Not a Pedestrian;Not a Pedestrian;Not car passenger;Not a bus or coach passenger;No / Not applicable;9;Cyclist;More deprived 40-50%;1;Car;No tow/articulation;Data missing or out of range;Data missing or out of range;Data missing or out of range;Data missing or out of range;Data missing or out of range;Data missing or out of range;Data missing or out of range;Back;-1;Not known;Female;83;Over 75;-1;-1;-1;5;Urban area;5
2019010158851;537331;192207;-0.018005;51.611952;Metropolitan Police;Slight;2;1;22/01/2019;Tuesday;12:30;Waltham Forest;Waltham Forest;A;112;Single carriageway;30 MPH;Crossroads;Auto traffic signal;C;0;None within 50 metres ;Pedestrian phase at traffic signal junction;Daylight;Fine no high winds;Dry;None;None;Urban;No - accident was reported using a self completion  form (self rep only);E01004454;1;1;Driver or rider;Female;83;11;Slight;Not a Pedestrian;Not a Pedestrian;Not car passenger;Not a bus or coach passenger;No / Not applicable;9;Cyclist;More deprived 40-50%;2;Car;No tow/articulation;Data missing or out of range;Data missing or out of range;Data missing or out of range;Data missing or out of range;Data missing or out of range;Data missing or out of range;Data missing or out of range;Front;-1;Not known;Not known;45;36 - 45;-1;-1;-1;5;Urban area;5
2019010158852;527722;175814;-0.162645;51.466891;Metropolitan Police;Slight;2;1;22/01/2019;Tuesday;10:00;Wandsworth;Wandsworth;A;3220;Single carriageway;30 MPH;Other junction;Give way or uncontrolled;Unclassified;0;None within 50 metres ;Pedestrian phase at traffic signal junction;Daylight;Fine no high winds;Wet or damp;None;None;Urban;Yes;E01004585;1;1;Driver or rider;Male;34;6;Slight;Not a Pedestrian;Not a Pedestrian;Not car passenger;Not a bus or coach passenger;No / Not applicable;3;Cyclist;More deprived 30-40%;1;Motorcycle 125cc and under;No tow/articulation;Going ahead other;On main c'way - not in restricted lane;Cleared junction or waiting/parked at junction exit;Skidded;None;Did not leave carriageway;None;Offside;1;Commuting to/from work;Male;34;26 - 35;-1;-1;-1;4;Urban area;4
2019010158852;527722;175814;-0.162645;51.466891;Metropolitan Police;Slight;2;1;22/01/2019;Tuesday;10:00;Wandsworth;Wandsworth;A;3220;Single carriageway;30 MPH;Other junction;Give way or uncontrolled;Unclassified;0;None within 50 metres ;Pedestrian phase at traffic signal junction;Daylight;Fine no high winds;Wet or damp;None;None;Urban;Yes;E01004585;1;1;Driver or rider;Male;34;6;Slight;Not a Pedestrian;Not a Pedestrian;Not car passenger;Not a bus or coach passenger;No / Not applicable;3;Cyclist;More deprived 30-40%;2;Car;No tow/articulation;Going ahead other;On main c'way - not in restricted lane;Cleared junction or waiting/parked at junction exit;None;None;Did not leave carriageway;None;Nearside;1;Not known;Female;56;56 - 65;-1;-1;-1;3;Urban area;3
2019010158855;523600;179809;-0.220559;51.50371;Metropolitan Police;Slight;2;1;22/01/2019;Tuesday;13:25;Hammersmith and Fulham;Hammersmith and Fulham;A;402;Single carriageway;30 MPH;T or staggered junction;Auto traffic signal;Unclassified;0;None within 50 metres ;Pedestrian phase at traffic signal junction;Daylight;Fine no high winds;Dry;None;None;Urban;Yes;E01001857;1;1;Pedestrian;Male;25;5;Slight;In carriageway, crossing elsewhere;Crossing from driver's nearside;Not car passenger;Not a bus or coach passenger;No / Not applicable;0;Cyclist;More deprived 20-30%;1;Car;No tow/articulation;Parked;On main c'way - not in restricted lane;Cleared junction or waiting/parked at junction exit;None;None;Did not leave carriageway;None;Offside;1;Not known;Not known;-1;Data missing or out of range;1248;Petrol;3;-1;Data missing or out of range;-1
2019010158855;523600;179809;-0.220559;51.50371;Metropolitan Police;Slight;2;1;22/01/2019;Tuesday;13:25;Hammersmith and Fulham;Hammersmith and Fulham;A;402;Single carriageway;30 MPH;T or staggered junction;Auto traffic signal;Unclassified;0;None within 50 metres ;Pedestrian phase at traffic signal junction;Daylight;Fine no high winds;Dry;None;None;Urban;Yes;E01001857;1;1;Pedestrian;Male;25;5;Slight;In carriageway, crossing elsewhere;Crossing from driver's nearside;Not car passenger;Not a bus or coach passenger;No / Not applicable;0;Cyclist;More deprived 20-30%;2;Car;No tow/articulation;Turning left;On main c'way - not in restricted lane;Cleared junction or waiting/parked at junction exit;None;Parked vehicle;Did not leave carriageway;None;Front;1;Not known;Not known;-1;Data missing or out of range;-1;-1;-1;-1;Data missing or out of range;-1
2019010158856;530036;181481;-0.127264;51.517293;Metropolitan Police;Slight;2;2;22/01/2019;Tuesday;10:05;Camden;Camden;A;400;One way street;20 MPH;Crossroads;Give way or uncontrolled;Unclassified;0;None within 50 metres ;Pedestrian phase at traffic signal junction;Daylight;Fine no high winds;Dry;None;None;Urban;Yes;E01000855;1;1;Driver or rider;Male;39;7;Slight;Not a Pedestrian;Not a Pedestrian;Not car passenger;Not a bus or coach passenger;No / Not applicable;11;Cyclist;More deprived 10-20%;1;Bus or coach (17 or more pass seats);No tow/articulation;Going ahead other;Bus lane;Approaching junction or waiting/parked at junction approach;None;None;Did not leave carriageway;None;Front;1;Journey as part of work;Male;39;36 - 45;-1;-1;-1;2;Urban area;2
2019010158856;530036;181481;-0.127264;51.517293;Metropolitan Police;Slight;2;2;22/01/2019;Tuesday;10:05;Camden;Camden;A;400;One way street;20 MPH;Crossroads;Give way or uncontrolled;Unclassified;0;None within 50 metres ;Pedestrian phase at traffic signal junction;Daylight;Fine no high winds;Dry;None;None;Urban;Yes;E01000855;1;1;Driver or rider;Male;39;7;Slight;Not a Pedestrian;Not a Pedestrian;Not car passenger;Not a bus or coach passenger;No / Not applicable;11;Cyclist;More deprived 10-20%;2;Van / Goods 3.5 tonnes mgw or under;No tow/articulation;Waiting to turn right;On main c'way - not in restricted lane;Approaching junction or waiting/parked at junction approach;None;None;Did not leave carriageway;None;Back;1;Journey as part of work;Male;66;66 - 75;-1;-1;-1;3;Urban area;3
2019010158856;530036;181481;-0.127264;51.517293;Metropolitan Police;Slight;2;2;22/01/2019;Tuesday;10:05;Camden;Camden;A;400;One way street;20 MPH;Crossroads;Give way or uncontrolled;Unclassified;0;None within 50 metres ;Pedestrian phase at traffic signal junction;Daylight;Fine no high winds;Dry;None;None;Urban;Yes;E01000855;2;2;Driver or rider;Male;66;10;Slight;Not a Pedestrian;Not a Pedestrian;Not car passenger;Not a bus or coach passenger;No / Not applicable;19;Cyclist;More deprived 20-30%;1;Bus or coach (17 or more pass seats);No tow/articulation;Going ahead other;Bus lane;Approaching junction or waiting/parked at junction approach;None;None;Did not leave carriageway;None;Front;1;Journey as part of work;Male;39;36 - 45;-1;-1;-1;2;Urban area;2
2019010158856;530036;181481;-0.127264;51.517293;Metropolitan Police;Slight;2;2;22/01/2019;Tuesday;10:05;Camden;Camden;A;400;One way street;20 MPH;Crossroads;Give way or uncontrolled;Unclassified;0;None within 50 metres ;Pedestrian phase at traffic signal junction;Daylight;Fine no high winds;Dry;None;None;Urban;Yes;E01000855;2;2;Driver or rider;Male;66;10;Slight;Not a Pedestrian;Not a Pedestrian;Not car passenger;Not a bus or coach passenger;No / Not applicable;19;Cyclist;More deprived 20-30%;2;Van / Goods 3.5 tonnes mgw or under;No tow/articulation;Waiting to turn right;On main c'way - not in restricted lane;Approaching junction or waiting/parked at junction approach;None;None;Did not leave carriageway;None;Back;1;Journey as part of work;Male;66;66 - 75;-1;-1;-1;3;Urban area;3
2019010158857;526146;175215;-0.185535;51.461861;Metropolitan Police;Slight;2;1;22/01/2019;Tuesday;07:56;Wandsworth;Wandsworth;A;217;Roundabout;20 MPH;Roundabout;Give way or uncontrolled;A;214;None within 50 metres ;Data missing or out of range;Daylight;Fine no high winds;Dry;None;None;Urban;No - accident was reported using a self completion  form (self rep only);E01004514;1;1;Driver or rider;Male;25;5;Slight;Not a Pedestrian;Not a Pedestrian;Not car passenger;Not a bus or coach passenger;No / Not applicable;9;Cyclist;More deprived 20-30%;1;Car;No tow/articulation;Data missing or out of range;Data missing or out of range;Data missing or out of range;Data missing or out of range;Data missing or out of range;Data missing or out of range;Data missing or out of range;Front;-1;Not known;Male;25;21 - 25;-1;-1;-1;3;Urban area;3
2019010158857;526146;175215;-0.185535;51.461861;Metropolitan Police;Slight;2;1;22/01/2019;Tuesday;07:56;Wandsworth;Wandsworth;A;217;Roundabout;20 MPH;Roundabout;Give way or uncontrolled;A;214;None within 50 metres ;Data missing or out of range;Daylight;Fine no high winds;Dry;None;None;Urban;No - accident was reported using a self completion  form (self rep only);E01004514;1;1;Driver or rider;Male;25;5;Slight;Not a Pedestrian;Not a Pedestrian;Not car passenger;Not a bus or coach passenger;No / Not applicable;9;Cyclist;More deprived 20-30%;2;Car;No tow/articulation;Data missing or out of range;Data missing or out of range;Data missing or out of range;Data missing or out of range;Data missing or out of range;Data missing or out of range;Data missing or out of range;Data missing or out of range;-1;Not known;Not known;-1;Data missing or out of range;-1;-1;-1;-1;Data missing or out of range;-1
2019010158860;531152;158005;-0.119863;51.30606;Metropolitan Police;Slight;2;1;22/01/2019;Tuesday;13:26;Croydon;Croydon;B;2030;One way street;30 MPH;Not at junction or within 20 metres;Data missing or out of range;-1;0;None within 50 metres ;Zebra;Daylight;Fine no high winds;Dry;None;None;Urban;Yes;E01001018;1;1;Driver or rider;Female;32;6;Slight;Not a Pedestrian;Not a Pedestrian;Not car passenger;Not a bus or coach passenger;No / Not applicable;9;Cyclist;More deprived 30-40%;1;Car;No tow/articulation;Going ahead right-hand bend;On main c'way - not in restricted lane;Not at or within 20 metres of junction;None;Parked vehicle;Did not leave carriageway;None;Front;1;Commuting to/from work;Female;32;26 - 35;-1;-1;-1;4;Urban area;4
2019010158860;531152;158005;-0.119863;51.30606;Metropolitan Police;Slight;2;1;22/01/2019;Tuesday;13:26;Croydon;Croydon;B;2030;One way street;30 MPH;Not at junction or within 20 metres;Data missing or out of range;-1;0;None within 50 metres ;Zebra;Daylight;Fine no high winds;Dry;None;None;Urban;Yes;E01001018;1;1;Driver or rider;Female;32;6;Slight;Not a Pedestrian;Not a Pedestrian;Not car passenger;Not a bus or coach passenger;No / Not applicable;9;Cyclist;More deprived 30-40%;2;Car;No tow/articulation;Parked;On main c'way - not in restricted lane;Not at or within 20 metres of junction;None;None;Did not leave carriageway;None;Back;1;Not known;Not known;-1;Data missing or out of range;-1;-1;-1;-1;Data missing or out of range;-1
2019010158865;531650;177969;-0.105326;51.485359;Metropolitan Police;Slight;2;1;22/01/2019;Tuesday;07:55;Southwark;Southwark;Unclassified;0;Single carriageway;20 MPH;T or staggered junction;Data missing or out of range;Unclassified;0;None within 50 metres ;No physical crossing facilities within 50 metres;Daylight;Fog or mist;Wet or damp;None;None;Urban;No - accident was reported using a self completion  form (self rep only);E01003999;2;1;Driver or rider;Female;Data missing or out of range;-1;Slight;Not a Pedestrian;Not a Pedestrian;Not car passenger;Not a bus or coach passenger;No / Not applicable;1;Cyclist;More deprived 10-20%;1;Car;No tow/articulation;Data missing or out of range;Data missing or out of range;Data missing or out of range;Data missing or out of range;Data missing or out of range;Data missing or out of range;Data missing or out of range;Front;-1;Not known;Female;42;36 - 45;-1;-1;-1;3;Urban area;3
2019010158865;531650;177969;-0.105326;51.485359;Metropolitan Police;Slight;2;1;22/01/2019;Tuesday;07:55;Southwark;Southwark;Unclassified;0;Single carriageway;20 MPH;T or staggered junction;Data missing or out of range;Unclassified;0;None within 50 metres ;No physical crossing facilities within 50 metres;Daylight;Fog or mist;Wet or damp;None;None;Urban;No - accident was reported using a self completion  form (self rep only);E01003999;2;1;Driver or rider;Female;Data missing or out of range;-1;Slight;Not a Pedestrian;Not a Pedestrian;Not car passenger;Not a bus or coach passenger;No / Not applicable;1;Cyclist;More deprived 10-20%;2;Pedal cycle;Data missing or out of range;Data missing or out of range;Data missing or out of range;Data missing or out of range;Data missing or out of range;Data missing or out of range;Data missing or out of range;Data missing or out of range;Front;1;Not known;Female;-1;Data missing or out of range;-1;-1;-1;2;Urban area;2
2019010158867;535526;179052;-0.049122;51.494176;Metropolitan Police;Slight;2;1;22/01/2019;Tuesday;07:55;Southwark;Southwark;A;200;Single carriageway;30 MPH;Not at junction or within 20 metres;Data missing or out of range;-1;0;None within 50 metres ;No physical crossing facilities within 50 metres;Daylight;Fine no high winds;Wet or damp;None;None;Urban;Yes;E01004031;1;1;Driver or rider;Male;36;7;Slight;Not a Pedestrian;Not a Pedestrian;Not car passenger;Not a bus or coach passenger;No / Not applicable;5;Cyclist;More deprived 20-30%;1;Motorcycle over 500cc;No tow/articulation;Going ahead other;On lay-by or hard shoulder;Not at or within 20 metres of junction;Overturned;None;Did not leave carriageway;None;Front;1;Commuting to/from work;Male;36;36 - 45;-1;-1;-1;3;Urban area;3
2019010158867;535526;179052;-0.049122;51.494176;Metropolitan Police;Slight;2;1;22/01/2019;Tuesday;07:55;Southwark;Southwark;A;200;Single carriageway;30 MPH;Not at junction or within 20 metres;Data missing or out of range;-1;0;None within 50 metres ;No physical crossing facilities within 50 metres;Daylight;Fine no high winds;Wet or damp;None;None;Urban;Yes;E01004031;1;1;Driver or rider;Male;36;7;Slight;Not a Pedestrian;Not a Pedestrian;Not car passenger;Not a bus or coach passenger;No / Not applicable;5;Cyclist;More deprived 20-30%;2;Car;No tow/articulation;Waiting to turn right;On main c'way - not in restricted lane;Not at or within 20 metres of junction;None;None;Did not leave carriageway;None;Back;1;Journey as part of work;Male;50;46 - 55;-1;-1;-1;2;Urban area;2
2019010158868;525357;174418;-0.197169;51.454873;Metropolitan Police;Slight;2;1;20/01/2019;Sunday;18:30;Wandsworth;Wandsworth;A;218;Single carriageway;20 MPH;Not at junction or within 20 metres;Data missing or out of range;-1;0;None within 50 metres ;Data missing or out of range;Darkness - lights lit;Fine no high winds;Dry;None;None;Urban;No - accident was reported using a self completion  form (self rep only);E01004601;1;1;Driver or rider;Male;34;6;Slight;Not a Pedestrian;Not a Pedestrian;Not car passenger;Not a bus or coach passenger;No / Not applicable;9;Cyclist;More deprived 20-30%;1;Car;No tow/articulation;Waiting to go - held up;Data missing or out of range;Not at or within 20 metres of junction;Data missing or out of range;Data missing or out of range;Data missing or out of range;Data missing or out of range;Back;1;Not known;Male;34;26 - 35;-1;-1;-1;3;Urban area;3
2019010158868;525357;174418;-0.197169;51.454873;Metropolitan Police;Slight;2;1;20/01/2019;Sunday;18:30;Wandsworth;Wandsworth;A;218;Single carriageway;20 MPH;Not at junction or within 20 metres;Data missing or out of range;-1;0;None within 50 metres ;Data missing or out of range;Darkness - lights lit;Fine no high winds;Dry;None;None;Urban;No - accident was reported using a self completion  form (self rep only);E01004601;1;1;Driver or rider;Male;34;6;Slight;Not a Pedestrian;Not a Pedestrian;Not car passenger;Not a bus or coach passenger;No / Not applicable;9;Cyclist;More deprived 20-30%;2;Bus or coach (17 or more pass seats);No tow/articulation;Data missing or out of range;Data missing or out of range;Not at or within 20 metres of junction;Data missing or out of range;Data missing or out of range;Data missing or out of range;Data missing or out of range;Front;1;Not known;Not known;-1;Data missing or out of range;-1;-1;-1;-1;Data missing or out of range;-1
2019010158874;541791;188369;0.044814;51.576361;Metropolitan Police;Slight;2;1;22/01/2019;Tuesday;08:59;Redbridge;Redbridge;A;12;Roundabout;40 MPH;Roundabout;Auto traffic signal;A;12;None within 50 metres ;No physical crossing facilities within 50 metres;Daylight;Fine no high winds;Wet or damp;Oil or diesel;None;Rural;No - accident was reported using a self completion  form (self rep only);E01003675;1;1;Driver or rider;Male;27;6;Slight;Not a Pedestrian;Not a Pedestrian;Not car passenger;Not a bus or coach passenger;No / Not applicable;5;Cyclist;More deprived 30-40%;1;Motorcycle over 500cc;No tow/articulation;Data missing or out of range;Data missing or out of range;Data missing or out of range;Data missing or out of range;Data missing or out of range;Data missing or out of range;Data missing or out of range;Data missing or out of range;1;Not known;Male;27;26 - 35;-1;-1;-1;4;Urban area;4
2019010158874;541791;188369;0.044814;51.576361;Metropolitan Police;Slight;2;1;22/01/2019;Tuesday;08:59;Redbridge;Redbridge;A;12;Roundabout;40 MPH;Roundabout;Auto traffic signal;A;12;None within 50 metres ;No physical crossing facilities within 50 metres;Daylight;Fine no high winds;Wet or damp;Oil or diesel;None;Rural;No - accident was reported using a self completion  form (self rep only);E01003675;1;1;Driver or rider;Male;27;6;Slight;Not a Pedestrian;Not a Pedestrian;Not car passenger;Not a bus or coach passenger;No / Not applicable;5;Cyclist;More deprived 30-40%;2;Van / Goods 3.5 tonnes mgw or under;No tow/articulation;Data missing or out of range;Data missing or out of range;Data missing or out of range;Data missing or out of range;Data missing or out of range;Data missing or out of range;Data missing or out of range;Did not impact;-1;Not known;Not known;-1;Data missing or out of range;-1;-1;-1;-1;Data missing or out of range;-1
2019010158876;525408;181800;-0.193815;51.521206;Metropolitan Police;Slight;1;1;22/01/2019;Tuesday;14:54;Westminster;Westminster;Unclassified;0;Single carriageway;20 MPH;T or staggered junction;Give way or uncontrolled;Unclassified;0;None within 50 metres ;No physical crossing facilities within 50 metres;Daylight;Fine no high winds;Wet or damp;None;None;Urban;Yes;E01032512;1;1;Pedestrian;Male;29;6;Slight;In carriageway, crossing elsewhere;Crossing from driver's nearside;Not car passenger;Not a bus or coach passenger;No / Not applicable;0;Cyclist;More deprived 10-20%;1;Taxi/Private hire car;No tow/articulation;Going ahead other;On main c'way - not in restricted lane;Cleared junction or waiting/parked at junction exit;None;None;Did not leave carriageway;None;Nearside;1;Journey as part of work;Male;74;66 - 75;-1;-1;-1;8;Urban area;8
2019010158881;526186;169837;-0.186874;51.413519;Metropolitan Police;Slight;2;1;22/01/2019;Tuesday;15:46;Merton;Merton;A;24;Single carriageway;30 MPH;Other junction;Give way or uncontrolled;Unclassified;0;None within 50 metres ;No physical crossing facilities within 50 metres;Darkness - no lighting;Fine + high winds;Dry;None;None;Urban;Yes;E01003357;1;1;Passenger;Female;36;7;Slight;Not a Pedestrian;Not a Pedestrian;Rear seat passenger;Not a bus or coach passenger;No / Not applicable;9;Cyclist;More deprived 30-40%;1;Car;No tow/articulation;Turning right;On main c'way - not in restricted lane;Approaching junction or waiting/parked at junction approach;None;None;Did not leave carriageway;None;Did not impact;1;Not known;Male;46;46 - 55;-1;-1;-1;4;Urban area;4
2019010158881;526186;169837;-0.186874;51.413519;Metropolitan Police;Slight;2;1;22/01/2019;Tuesday;15:46;Merton;Merton;A;24;Single carriageway;30 MPH;Other junction;Give way or uncontrolled;Unclassified;0;None within 50 metres ;No physical crossing facilities within 50 metres;Darkness - no lighting;Fine + high winds;Dry;None;None;Urban;Yes;E01003357;1;1;Passenger;Female;36;7;Slight;Not a Pedestrian;Not a Pedestrian;Rear seat passenger;Not a bus or coach passenger;No / Not applicable;9;Cyclist;More deprived 30-40%;2;Car;No tow/articulation;Turning right;On main c'way - not in restricted lane;Mid Junction - on roundabout or on main road;None;None;Did not leave carriageway;None;Front;1;Commuting to/from work;Male;36;36 - 45;-1;-1;-1;2;Urban area;2
2019010158891;533179;191341;-0.078262;51.605167;Metropolitan Police;Slight;2;1;22/01/2019;Tuesday;16:38;Haringey;Haringey;Unclassified;0;Roundabout;20 MPH;Roundabout;Give way or uncontrolled;C;0;None within 50 metres ;No physical crossing facilities within 50 metres;Darkness - lights lit;Fine no high winds;Wet or damp;None;None;Urban;Yes;E01002092;2;1;Driver or rider;Male;22;5;Slight;Not a Pedestrian;Not a Pedestrian;Not car passenger;Not a bus or coach passenger;No / Not applicable;1;Cyclist;Most deprived 10%;1;Car;No tow/articulation;Moving off;On main c'way - not in restricted lane;Leaving roundabout;None;None;Did not leave carriageway;None;Offside;1;Not known;Female;32;26 - 35;-1;-1;-1;2;Urban area;2
2019010158891;533179;191341;-0.078262;51.605167;Metropolitan Police;Slight;2;1;22/01/2019;Tuesday;16:38;Haringey;Haringey;Unclassified;0;Roundabout;20 MPH;Roundabout;Give way or uncontrolled;C;0;None within 50 metres ;No physical crossing facilities within 50 metres;Darkness - lights lit;Fine no high winds;Wet or damp;None;None;Urban;Yes;E01002092;2;1;Driver or rider;Male;22;5;Slight;Not a Pedestrian;Not a Pedestrian;Not car passenger;Not a bus or coach passenger;No / Not applicable;1;Cyclist;Most deprived 10%;2;Pedal cycle;No tow/articulation;Overtaking moving vehicle - offside;On main c'way - not in restricted lane;Approaching junction or waiting/parked at junction approach;Skidded;None;Did not leave carriageway;None;Nearside;1;Commuting to/from work;Male;22;21 - 25;-1;-1;-1;1;Urban area;1
2019010158892;534645;177293;-0.062475;51.478579;Metropolitan Police;Slight;2;1;22/01/2019;Tuesday;17:15;Southwark;Southwark;Unclassified;0;Single carriageway;20 MPH;T or staggered junction;Give way or uncontrolled;Unclassified;0;None within 50 metres ;No physical crossing facilities within 50 metres;Darkness - lights lit;Fine no high winds;Wet or damp;None;None;Urban;No - accident was reported using a self completion  form (self rep only);E01032805;1;1;Driver or rider;Male;34;6;Slight;Not a Pedestrian;Not a Pedestrian;Not car passenger;Not a bus or coach passenger;No / Not applicable;1;Cyclist;More deprived 10-20%;1;Pedal cycle;Data missing or out of range;Data missing or out of range;Data missing or out of range;Data missing or out of range;Data missing or out of range;Data missing or out of range;Data missing or out of range;Data missing or out of range;Data missing or out of range;1;Commuting to/from work;Male;34;26 - 35;-1;-1;-1;2;Urban area;2
2019010158892;534645;177293;-0.062475;51.478579;Metropolitan Police;Slight;2;1;22/01/2019;Tuesday;17:15;Southwark;Southwark;Unclassified;0;Single carriageway;20 MPH;T or staggered junction;Give way or uncontrolled;Unclassified;0;None within 50 metres ;No physical crossing facilities within 50 metres;Darkness - lights lit;Fine no high winds;Wet or damp;None;None;Urban;No - accident was reported using a self completion  form (self rep only);E01032805;1;1;Driver or rider;Male;34;6;Slight;Not a Pedestrian;Not a Pedestrian;Not car passenger;Not a bus or coach passenger;No / Not applicable;1;Cyclist;More deprived 10-20%;2;Car;No tow/articulation;Data missing or out of range;Data missing or out of range;Data missing or out of range;Data missing or out of range;Data missing or out of range;Data missing or out of range;Data missing or out of range;Front;-1;Not known;Male;56;56 - 65;-1;-1;-1;1;Urban area;1
2019010158894;535879;176850;-0.044887;51.474303;Metropolitan Police;Slight;1;1;22/01/2019;Tuesday;07:15;Lewisham;Lewisham;A;2;Single carriageway;20 MPH;Data missing or out of range;Data missing or out of range;Unclassified;0;None within 50 metres ;Pedestrian phase at traffic signal junction;Darkness - lighting unknown;Other;Wet or damp;Road surface defective;None;Urban;No - accident was reported using a self completion  form (self rep only);E01003299;1;1;Driver or rider;Male;31;6;Slight;Not a Pedestrian;Not a Pedestrian;Not car passenger;Not a bus or coach passenger;No / Not applicable;5;Cyclist;More deprived 30-40%;1;Motorcycle over 500cc;No tow/articulation;Data missing or out of range;Data missing or out of range;Data missing or out of range;Data missing or out of range;Data missing or out of range;Data missing or out of range;Data missing or out of range;Front;1;Commuting to/from work;Male;31;26 - 35;-1;-1;-1;4;Urban area;4
2019010158897;529271;174034;-0.141007;51.450543;Metropolitan Police;Slight;1;1;22/01/2019;Tuesday;15:45;Lambeth;Lambeth;A;205;Single carriageway;30 MPH;T or staggered junction;Give way or uncontrolled;Unclassified;0;None within 50 metres ;No physical crossing facilities within 50 metres;Daylight;Raining no high winds;Wet or damp;None;None;Urban;Yes;E01003161;1;1;Pedestrian;Female;12;3;Slight;In carriageway, crossing elsewhere;Crossing from driver's offside;Not car passenger;Not a bus or coach passenger;No / Not applicable;0;Cyclist;More deprived 40-50%;1;Van / Goods 3.5 tonnes mgw or under;No tow/articulation;Moving off;On main c'way - not in restricted lane;Approaching junction or waiting/parked at junction approach;None;None;Did not leave carriageway;None;Offside;1;Not known;Male;48;46 - 55;-1;-1;-1;-1;Data missing or out of range;-1
2019010158898;532334;196645;-0.088453;51.65303;Metropolitan Police;Slight;1;1;22/01/2019;Tuesday;16:45;Enfield;Enfield;C;0;Single carriageway;30 MPH;Not at junction or within 20 metres;Data missing or out of range;-1;0;None within 50 metres ;Pedestrian phase at traffic signal junction;Darkness - lights lit;Snowing no high winds;Snow;None;None;Urban;Yes;E01001457;1;1;Pedestrian;Male;79;11;Slight;Crossing elsewhere within 50m. of pedestrian crossing;Crossing from driver's nearside;Not car passenger;Not a bus or coach passenger;No / Not applicable;0;Cyclist;Less deprived 30-40%;1;Car;No tow/articulation;U-turn;On main c'way - not in restricted lane;Not at or within 20 metres of junction;None;None;Did not leave carriageway;None;Offside;1;Not known;Male;51;46 - 55;-1;-1;-1;6;Urban area;6
2019010158899;521840;179147;-0.246133;51.498142;Metropolitan Police;Serious;1;1;22/01/2019;Tuesday;18:13;Hammersmith and Fulham;Hammersmith and Fulham;B;409;Single carriageway;20 MPH;Crossroads;Give way or uncontrolled;Unclassified;0;None within 50 metres ;Zebra;Darkness - lights lit;Snowing no high winds;Wet or damp;None;None;Urban;Yes;E01001927;1;1;Pedestrian;Male;25;5;Serious;Crossing on pedestrian crossing facility;Crossing from driver's nearside;Not car passenger;Not a bus or coach passenger;No / Not applicable;0;Cyclist;More deprived 40-50%;1;Car;No tow/articulation;Going ahead other;On main c'way - not in restricted lane;Approaching junction or waiting/parked at junction approach;None;None;Did not leave carriageway;None;Front;1;Not known;Female;49;46 - 55;-1;-1;-1;-1;Data missing or out of range;-1
2019010158905;533664;187202;-0.072837;51.567858;Metropolitan Police;Slight;2;1;22/01/2019;Tuesday;15:19;Hackney;Hackney;A;10;Single carriageway;30 MPH;Other junction;Give way or uncontrolled;Unclassified;0;None within 50 metres ;No physical crossing facilities within 50 metres;Daylight;Raining no high winds;Wet or damp;None;None;Urban;Yes;E01001724;2;1;Driver or rider;Male;25;5;Slight;Not a Pedestrian;Not a Pedestrian;Not car passenger;Not a bus or coach passenger;No / Not applicable;3;Cyclist;More deprived 20-30%;1;Car;No tow/articulation;Turning right;On main c'way - not in restricted lane;Leaving main road;None;None;Did not leave carriageway;None;Front;1;Not known;Female;35;26 - 35;-1;-1;-1;-1;Data missing or out of range;-1