Accident_Index;Location_Easting_OSGR;Location_Northing_OSGR;Longitude;Latitude;Police_Force;Accident_Severity;Number_of_Vehicles;Number_of_Casualties;Date;Day_of_Week;Time;Local_Authority_(District);Local_Authority_(Highway);1st_Road_Class;1st_Road_Number;Road_Type;Speed_limit;Junction_Detail;Junction_Control;2nd_Road_Class;2nd_Road_Number;Pedestrian_Crossing-Human_Control;Pedestrian_Crossing-Physical_Facilities;Light_Conditions;Weather_Conditions;Road_Surface_Conditions;Special_Conditions_at_Site;Carriageway_Hazards;Urban_or_Rural_Area;Did_Police_Officer_Attend_Scene_of_Accident;LSOA_of_Accident_Location;Vehicle_Reference_x;Casualty_Reference;Casualty_Class;Sex_of_Casualty;Age_of_Casualty;Age_Band_of_Casualty;Casualty_Severity;Pedestrian_Location;Pedestrian_Movement;Car_Passenger;Bus_or_Coach_Passenger;Pedestrian_Road_Maintenance_Worker;Casualty_Type;Casualty_Home_Area_Type;Casualty_IMD_Decile;Vehicle_Reference_y;Vehicle_Type;Towing_and_Articulation;Vehicle_Manoeuvre;Vehicle_Location-Restricted_Lane;Junction_Location;Skidding_and_Overturning;Hit_Object_in_Carriageway;Vehicle_Leaving_Carriageway;Hit_Object_off_Carriageway;1st_Point_of_Impact;Was_Vehicle_Left_Hand_Drive?;Journey_Purpose_of_Driver;Sex_of_Driver;Age_of_Driver;Age_Band_of_Driver;Engine_Capacity_(CC);Propulsion_Code;Age_of_Vehicle;Driver_IMD_Decile;Driver_Home_Area_Type;Vehicle_IMD_Decile
2019010158905;533664;187202;-0.072837;51.567858;Metropolitan Police;Slight;2;1;22/01/2019;Tuesday;15:19;Hackney;Hackney;A;10;Single carriageway;30 MPH;Other junction;Give way or uncontrolled;Unclassified;0;None within 50 metres ;No physical crossing facilities within 50 metres;Daylight;Raining no high winds;Wet or damp;None;None;Urban;Yes;E01001724;2;1;Driver or rider;Male;25;5;Slight;Not a Pedestrian;Not a Pedestrian;Not car passenger;Not a bus or coach passenger;No / Not applicable;3;Cyclist;More deprived 20-30%;2;Motorcycle 125cc and under;No tow/articulation;Going ahead other;Busway (including guided busway);Approaching junction or waiting/parked at junction approach;None;None;Did not leave carriageway;None;Front;1;Not known;Male;25;21 - 25;-1;-1;-1;3;Urban area;3
2019010158914;536934;189761;-0.024689;51.590069;Metropolitan Police;Slight;1;1;22/01/2019;Tuesday;18:35;Waltham Forest;Waltham Forest;A;503;Single carriageway;20 MPH;Crossroads;Give way or uncontrolled;Unclassified;0;None within 50 metres ;Zebra;Darkness - lights lit;Snowing no high winds;Snow;None;None;Urban;Yes;E01004457;1;1;Pedestrian;Male;28;6;Slight;Crossing on pedestrian crossing facility;Crossing from driver's nearside;Not car passenger;Not a bus or coach passenger;No / Not applicable;0;Cyclist;More deprived 30-40%;1;Car;No tow/articulation;Going ahead other;On main c'way - not in restricted lane;Cleared junction or waiting/parked at junction exit;None;None;Did not leave carriageway;None;Front;1;Not known;Male;47;46 - 55;-1;-1;-1;3;Urban area;3
2019010158916;530000;182261;-0.127495;51.524311;Metropolitan Police;Serious;1;1;22/01/2019;Tuesday;20:00;Camden;Camden;A;4200;Single carriageway;30 MPH;Crossroads;Auto traffic signal;Unclassified;0;None within 50 metres ;Pedestrian phase at traffic signal junction;Darkness - lights lit;Raining no high winds;Wet or damp;None;None;Urban;Yes;E01000852;1;1;Pedestrian;Male;31;6;Serious;In carriageway, crossing elsewhere;Crossing from driver's offside;Not car passenger;Not a bus or coach passenger;No / Not applicable;0;Cyclist;Most deprived 10%;1;Motorcycle over 125cc and up to 500cc;No tow/articulation;Going ahead other;On main c'way - not in restricted lane;Approaching junction or waiting/parked at junction approach;None;None;Did not leave carriageway;None;Front;1;Commuting to/from work;Male;46;46 - 55;-1;-1;-1;3;Urban area;3
2019010158919;524059;182425;-0.213029;51.52712;Metropolitan Police;Slight;1;1;22/01/2019;Tuesday;18:20;Westminster;Westminster;A;404;Single carriageway;30 MPH;Other junction;Give way or uncontrolled;Unclassified;0;None within 50 metres ;No physical crossing facilities within 50 metres;Darkness - lights lit;Snowing no high winds;Snow;None;None;Urban;Yes;E01004720;1;1;Pedestrian;Male;83;11;Slight;In carriageway, crossing elsewhere;Unknown or other;Not car passenger;Not a bus or coach passenger;No / Not applicable;0;Cyclist;Most deprived 10%;1;Car;No tow/articulation;Slowing or stopping;On main c'way - not in restricted lane;Approaching junction or waiting/parked at junction approach;None;None;Nearside;None;Front;1;Not known;Female;61;56 - 65;-1;-1;-1;2;Urban area;2
2019010158920;530064;171230;-0.13063;51.425163;Metropolitan Police;Slight;2;1;21/01/2019;Monday;16:55;Lambeth;Lambeth;A;23;Dual carriageway;30 MPH;T or staggered junction;Auto traffic signal;Unclassified;0;None within 50 metres ;Pelican, puffin, toucan or similar non-junction pedestrian light crossing;Darkness - lights lit;Snowing no high winds;Wet or damp;None;None;Urban;Yes;E01003150;1;1;Driver or rider;Male;36;7;Slight;Not a Pedestrian;Not a Pedestrian;Not car passenger;Not a bus or coach passenger;No / Not applicable;9;Cyclist;Less deprived 20-30%;1;Car;No tow/articulation;Slowing or stopping;On main c'way - not in restricted lane;Cleared junction or waiting/parked at junction exit;None;None;Did not leave carriageway;None;Back;1;Journey as part of work;Male;36;36 - 45;-1;-1;-1;8;Urban area;8
2019010158920;530064;171230;-0.13063;51.425163;Metropolitan Police;Slight;2;1;21/01/2019;Monday;16:55;Lambeth;Lambeth;A;23;Dual carriageway;30 MPH;T or staggered junction;Auto traffic signal;Unclassified;0;None within 50 metres ;Pelican, puffin, toucan or similar non-junction pedestrian light crossing;Darkness - lights lit;Snowing no high winds;Wet or damp;None;None;Urban;Yes;E01003150;1;1;Driver or rider;Male;36;7;Slight;Not a Pedestrian;Not a Pedestrian;Not car passenger;Not a bus or coach passenger;No / Not applicable;9;Cyclist;Less deprived 20-30%;2;Car;No tow/articulation;Slowing or stopping;On main c'way - not in restricted lane;Approaching junction or waiting/parked at junction approach;None;None;Did not leave carriageway;None;Front;1;Commuting to/from work;Male;38;36 - 45;-1;-1;-1;4;Urban area;4
2019010158922;534287;171464;-0.069838;51.426281;Metropolitan Police;Slight;2;1;22/01/2019;Tuesday;19:10;Lewisham;Lewisham;A;212;Single carriageway;30 MPH;Other junction;Auto traffic signal;A;234;None within 50 metres ;Pelican, puffin, toucan or similar non-junction pedestrian light crossing;Darkness - lights lit;Snowing no high winds;Snow;None;None;Urban;Yes;E01003332;1;1;Driver or rider;Female;60;9;Slight;Not a Pedestrian;Not a Pedestrian;Not car passenger;Not a bus or coach passenger;No / Not applicable;9;Cyclist;More deprived 30-40%;1;Car;No tow/articulation;Slowing or stopping;On main c'way - not in restricted lane;Approaching junction or waiting/parked at junction approach;None;None;Did not leave carriageway;None;Back;1;Commuting to/from work;Female;60;56 - 65;-1;-1;-1;4;Urban area;4
2019010158922;534287;171464;-0.069838;51.426281;Metropolitan Police;Slight;2;1;22/01/2019;Tuesday;19:10;Lewisham;Lewisham;A;212;Single carriageway;30 MPH;Other junction;Auto traffic signal;A;234;None within 50 metres ;Pelican, puffin, toucan or similar non-junction pedestrian light crossing;Darkness - lights lit;Snowing no high winds;Snow;None;None;Urban;Yes;E01003332;1;1;Driver or rider;Female;60;9;Slight;Not a Pedestrian;Not a Pedestrian;Not car passenger;Not a bus or coach passenger;No / Not applicable;9;Cyclist;More deprived 30-40%;2;Van / Goods 3.5 tonnes mgw or under;No tow/articulation;Moving off;On main c'way - not in restricted lane;Approaching junction or waiting/parked at junction approach;None;None;Did not leave carriageway;None;Front;1;Journey as part of work;Male;34;26 - 35;-1;-1;-1;5;Urban area;5
2019010158923;508431;188908;-0.43622;51.588604;Metropolitan Police;Slight;2;1;22/01/2019;Tuesday;19:30;Hillingdon;Hillingdon;A;4180;Single carriageway;30 MPH;Not at junction or within 20 metres;Data missing or out of range;-1;0;None within 50 metres ;No physical crossing facilities within 50 metres;Darkness - lights lit;Fine no high winds;Frost or ice;None;None;Urban;Yes;E01002538;2;1;Passenger;Female;19;4;Slight;Not a Pedestrian;Not a Pedestrian;Rear seat passenger;Not a bus or coach passenger;No / Not applicable;9;Cyclist;Most deprived 10%;1;Car;No tow/articulation;Going ahead left-hand bend;On main c'way - not in restricted lane;Not at or within 20 metres of junction;None;None;Did not leave carriageway;None;Front;1;Not known;Female;56;56 - 65;-1;-1;-1;8;Urban area;8
2019010158923;508431;188908;-0.43622;51.588604;Metropolitan Police;Slight;2;1;22/01/2019;Tuesday;19:30;Hillingdon;Hillingdon;A;4180;Single carriageway;30 MPH;Not at junction or within 20 metres;Data missing or out of range;-1;0;None within 50 metres ;No physical crossing facilities within 50 metres;Darkness - lights lit;Fine no high winds;Frost or ice;None;None;Urban;Yes;E01002538;2;1;Passenger;Female;19;4;Slight;Not a Pedestrian;Not a Pedestrian;Rear seat passenger;Not a bus or coach passenger;No / Not applicable;9;Cyclist;Most deprived 10%;2;Car;No tow/articulation;Going ahead right-hand bend;On main c'way - not in restricted lane;Not at or within 20 metres of junction;None;None;Did not leave carriageway;None;Offside;1;Not known;Male;23;21 - 25;-1;-1;-1;7;Urban area;7
2019010158925;523783;181254;-0.217417;51.516657;Metropolitan Police;Slight;1;1;22/01/2019;Tuesday;16:45;Kensington and Chelsea;Kensington and Chelsea;Unclassified;0;Single carriageway;30 MPH;Other junction;Give way or uncontrolled;Unclassified;0;None within 50 metres ;Zebra;Darkness - lights lit;Snowing no high winds;Wet or damp;None;None;Urban;Yes;E01002877;1;1;Pedestrian;Male;60;9;Slight;Crossing on pedestrian crossing facility;Crossing from driver's offside;Not car passenger;Not a bus or coach passenger;No / Not applicable;0;Cyclist;More deprived 20-30%;1;Car;No tow/articulation;Going ahead right-hand bend;On main c'way - not in restricted lane;Cleared junction or waiting/parked at junction exit;None;None;Did not leave carriageway;None;Front;1;Not known;Female;53;46 - 55;-1;-1;-1;1;Urban area;1
2019010158929;534909;187048;-0.054944;51.566178;Metropolitan Police;Slight;1;1;22/01/2019;Tuesday;19:19;Hackney;Hackney;Unclassified;0;Single carriageway;20 MPH;T or staggered junction;Give way or uncontrolled;Unclassified;0;None within 50 metres ;No physical crossing facilities within 50 metres;Darkness - lights lit;Snowing no high winds;Snow;None;None;Urban;Yes;E01001828;1;1;Pedestrian;Female;50;8;Slight;On footway or verge;Unknown or other;Not car passenger;Not a bus or coach passenger;No / Not applicable;0;Cyclist;More deprived 10-20%;1;Van / Goods 3.5 tonnes mgw or under;No tow/articulation;Waiting to turn right;On main c'way - not in restricted lane;Leaving main road;None;None;Did not leave carriageway;None;Did not impact;1;Commuting to/from work;Male;26;26 - 35;-1;-1;-1;3;Urban area;3
2019010158930;535283;173658;-0.054683;51.445761;Metropolitan Police;Serious;1;2;22/01/2019;Tuesday;18:15;Lewisham;Lewisham;C;0;Single carriageway;20 MPH;T or staggered junction;Give way or uncontrolled;Unclassified;0;None within 50 metres ;No physical crossing facilities within 50 metres;Darkness - no lighting;Snowing + high winds;Snow;None;None;Urban;Yes;E01003262;1;1;Pedestrian;Male;38;7;Serious;In carriageway, crossing elsewhere;Crossing from driver's nearside;Not car passenger;Not a bus or coach passenger;No / Not applicable;0;-1;Data missing or out of range;1;Car;No tow/articulation;Going ahead other;On main c'way - not in restricted lane;Cleared junction or waiting/parked at junction exit;None;None;Did not leave carriageway;None;Front;1;Not known;Female;71;66 - 75;-1;-1;-1;10;Urban area;10
2019010158930;535283;173658;-0.054683;51.445761;Metropolitan Police;Serious;1;2;22/01/2019;Tuesday;18:15;Lewisham;Lewisham;C;0;Single carriageway;20 MPH;T or staggered junction;Give way or uncontrolled;Unclassified;0;None within 50 metres ;No physical crossing facilities within 50 metres;Darkness - no lighting;Snowing + high winds;Snow;None;None;Urban;Yes;E01003262;1;2;Pedestrian;Male;47;8;Slight;Unknown or other;Unknown or other;Not car passenger;Not a bus or coach passenger;No / Not applicable;0;-1;Data missing or out of range;1;Car;No tow/articulation;Going ahead other;On main c'way - not in restricted lane;Cleared junction or waiting/parked at junction exit;None;None;Did not leave carriageway;None;Front;1;Not known;Female;71;66 - 75;-1;-1;-1;10;Urban area;10
2019010158931;533249;184804;-0.079728;51.546407;Metropolitan Police;Slight;2;1;22/01/2019;Tuesday;20:35;Hackney;Hackney;A;104;Single carriageway;20 MPH;T or staggered junction;Data missing or out of range;Unclassified;0;None within 50 metres ;No physical crossing facilities within 50 metres;Darkness - lights lit;Raining no high winds;Wet or damp;None;None;Urban;No - accident was reported using a self completion  form (self rep only);E01002778;1;1;Driver or rider;Female;27;6;Slight;Not a Pedestrian;Not a Pedestrian;Not car passenger;Not a bus or coach passenger;No / Not applicable;9;Cyclist;Less deprived 40-50%;1;Car;No tow/articulation;Data missing or out of range;Data missing or out of range;Data missing or out of range;Data missing or out of range;Data missing or out of range;Data missing or out of range;Data missing or out of range;Back;-1;Not known;Female;27;26 - 35;-1;-1;-1;6;Urban area;6
2019010158931;533249;184804;-0.079728;51.546407;Metropolitan Police;Slight;2;1;22/01/2019;Tuesday;20:35;Hackney;Hackney;A;104;Single carriageway;20 MPH;T or staggered junction;Data missing or out of range;Unclassified;0;None within 50 metres ;No physical crossing facilities within 50 metres;Darkness - lights lit;Raining no high winds;Wet or damp;None;None;Urban;No - accident was reported using a self completion  form (self rep only);E01002778;1;1;Driver or rider;Female;27;6;Slight;Not a Pedestrian;Not a Pedestrian;Not car passenger;Not a bus or coach passenger;No / Not applicable;9;Cyclist;Less deprived 40-50%;2;Car;No tow/articulation;Data missing or out of range;Data missing or out of range;Data missing or out of range;Data missing or out of range;Data missing or out of range;Data missing or out of range;Data missing or out of range;Front;-1;Not known;Not known;33;26 - 35;-1;-1;-1;1;Urban area;1
2019010158932;528842;182382;-0.144134;51.525664;Metropolitan Police;Slight;2;1;22/01/2019;Tuesday;18:20;Camden;Camden;Unclassified;0;Single carriageway;30 MPH;T or staggered junction;Data missing or out of range;A;4201;Data missing or out of range;Data missing or out of range;Darkness - lights lit;Snowing no high winds;Wet or damp;None;None;Urban;No - accident was reported using a self completion  form (self rep only);E01000946;1;1;Driver or rider;Female;32;6;Slight;Not a Pedestrian;Not a Pedestrian;Not car passenger;Not a bus or coach passenger;No / Not applicable;1;Cyclist;More deprived 40-50%;1;Pedal cycle;Data missing or out of range;Data missing or out of range;Data missing or out of range;Data missing or out of range;Data missing or out of range;Data missing or out of range;Data missing or out of range;Data missing or out of range;Data missing or out of range;1;Commuting to/from work;Female;32;26 - 35;-1;-1;-1;5;Urban area;5
2019010158932;528842;182382;-0.144134;51.525664;Metropolitan Police;Slight;2;1;22/01/2019;Tuesday;18:20;Camden;Camden;Unclassified;0;Single carriageway;30 MPH;T or staggered junction;Data missing or out of range;A;4201;Data missing or out of range;Data missing or out of range;Darkness - lights lit;Snowing no high winds;Wet or damp;None;None;Urban;No - accident was reported using a self completion  form (self rep only);E01000946;1;1;Driver or rider;Female;32;6;Slight;Not a Pedestrian;Not a Pedestrian;Not car passenger;Not a bus or coach passenger;No / Not applicable;1;Cyclist;More deprived 40-50%;2;Car;No tow/articulation;Data missing or out of range;Data missing or out of range;Data missing or out of range;Data missing or out of range;Data missing or out of range;Data missing or out of range;Data missing or out of range;Data missing or out of range;-1;Not known;Not known;-1;Data missing or out of range;-1;-1;-1;4;Urban area;4
2019010158934;524324;171451;-0.213069;51.428435;Metropolitan Police;Slight;2;1;22/01/2019;Tuesday;17:10;Merton;Merton;Unclassified;0;Roundabout;30 MPH;Mini-roundabout;Data missing or out of range;Unclassified;0;None within 50 metres ;Data missing or out of range;Darkness - lighting unknown;Snowing no high winds;Wet or damp;None;None;Urban;No - accident was reported using a self completion  form (self rep only);E01003465;1;1;Driver or rider;Male;38;7;Slight;Not a Pedestrian;Not a Pedestrian;Not car passenger;Not a bus or coach passenger;No / Not applicable;1;Cyclist;Less deprived 30-40%;1;Pedal cycle;Data missing or out of range;Data missing or out of range;Data missing or out of range;Data missing or out of range;Data missing or out of range;Data missing or out of range;Data missing or out of range;Data missing or out of range;Data missing or out of range;1;Commuting to/from work;Male;38;36 - 45;-1;-1;-1;7;Urban area;7
2019010158934;524324;171451;-0.213069;51.428435;Metropolitan Police;Slight;2;1;22/01/2019;Tuesday;17:10;Merton;Merton;Unclassified;0;Roundabout;30 MPH;Mini-roundabout;Data missing or out of range;Unclassified;0;None within 50 metres ;Data missing or out of range;Darkness - lighting unknown;Snowing no high winds;Wet or damp;None;None;Urban;No - accident was reported using a self completion  form (self rep only);E01003465;1;1;Driver or rider;Male;38;7;Slight;Not a Pedestrian;Not a Pedestrian;Not car passenger;Not a bus or coach passenger;No / Not applicable;1;Cyclist;Less deprived 30-40%;2;Car;No tow/articulation;Data missing or out of range;Data missing or out of range;Data missing or out of range;Data missing or out of range;Data missing or out of range;Data missing or out of range;Data missing or out of range;Front;-1;Not known;Male;63;56 - 65;-1;-1;-1;9;Urban area;9
2019010158936;526366;163114;-0.186677;51.353058;Metropolitan Police;Slight;2;1;22/01/2019;Tuesday;17:55;Sutton;Sutton;Unclassified;0;Single carriageway;30 MPH;T or staggered junction;Give way or uncontrolled;Unclassified;0;None within 50 metres ;No physical crossing facilities within 50 metres;Darkness - lights lit;Raining no high winds;Wet or damp;None;None;Urban;Yes;E01004092;1;1;Driver or rider;Male;44;7;Slight;Not a Pedestrian;Not a Pedestrian;Not car passenger;Not a bus or coach passenger;No / Not applicable;9;-1;Data missing or out of range;1;Car;No tow/articulation;Going ahead other;On main c'way - not in restricted lane;Mid Junction - on roundabout or on main road;None;None;Offside;Tree;Offside;1;Commuting to/from work;Male;44;36 - 45;-1;-1;-1;-1;Data missing or out of range;-1
2019010158936;526366;163114;-0.186677;51.353058;Metropolitan Police;Slight;2;1;22/01/2019;Tuesday;17:55;Sutton;Sutton;Unclassified;0;Single carriageway;30 MPH;T or staggered junction;Give way or uncontrolled;Unclassified;0;None within 50 metres ;No physical crossing facilities within 50 metres;Darkness - lights lit;Raining no high winds;Wet or damp;None;None;Urban;Yes;E01004092;1;1;Driver or rider;Male;44;7;Slight;Not a Pedestrian;Not a Pedestrian;Not car passenger;Not a bus or coach passenger;No / Not applicable;9;-1;Data missing or out of range;2;Car;No tow/articulation;Going ahead other;On main c'way - not in restricted lane;Approaching junction or waiting/parked at junction approach;None;Kerb;Did not leave carriageway;None;Front;1;Not known;Not known;28;26 - 35;-1;-1;-1;-1;Data missing or out of range;-1
2019010158939;518469;186449;-0.292219;51.564485;Metropolitan Police;Slight;2;1;18/01/2019;Friday;14:40;Brent;Brent;C;0;Single carriageway;30 MPH;Data missing or out of range;Data missing or out of range;C;0;None within 50 metres ;Zebra;Daylight;Fine no high winds;Dry;None;None;Urban;No - accident was reported using a self completion  form (self rep only);E01000576;1;1;Driver or rider;Female;59;9;Slight;Not a Pedestrian;Not a Pedestrian;Not car passenger;Not a bus or coach passenger;No / Not applicable;9;Cyclist;More deprived 40-50%;1;Car;No tow/articulation;Data missing or out of range;Data missing or out of range;Data missing or out of range;Data missing or out of range;Data missing or out of range;Data missing or out of range;Data missing or out of range;Data missing or out of range;-1;Commuting to/from work;Female;59;56 - 65;-1;-1;-1;5;Urban area;5
2019010158939;518469;186449;-0.292219;51.564485;Metropolitan Police;Slight;2;1;18/01/2019;Friday;14:40;Brent;Brent;C;0;Single carriageway;30 MPH;Data missing or out of range;Data missing or out of range;C;0;None within 50 metres ;Zebra;Daylight;Fine no high winds;Dry;None;None;Urban;No - accident was reported using a self completion  form (self rep only);E01000576;1;1;Driver or rider;Female;59;9;Slight;Not a Pedestrian;Not a Pedestrian;Not car passenger;Not a bus or coach passenger;No / Not applicable;9;Cyclist;More deprived 40-50%;2;Car;No tow/articulation;Data missing or out of range;Data missing or out of range;Data missing or out of range;Data missing or out of range;Data missing or out of range;Data missing or out of range;Data missing or out of range;Data missing or out of range;-1;Not known;Not known;-1;Data missing or out of range;-1;-1;-1;-1;Data missing or out of range;-1
2019010158940;524200;191187;-0.207903;51.605835;Metropolitan Police;Slight;1;1;22/01/2019;Tuesday;16:58;Barnet;Barnet;C;0;Single carriageway;30 MPH;Other junction;Give way or uncontrolled;B;552;None within 50 metres ;Zebra;Darkness - lights lit;Snowing no high winds;Snow;None;None;Urban;Yes;E01000257;1;1;Pedestrian;Male;43;7;Slight;In carriageway, crossing elsewhere;Crossing from driver's nearside;Not car passenger;Not a bus or coach passenger;No / Not applicable;0;-1;Data missing or out of range;1;Car;No tow/articulation;Moving off;On main c'way - not in restricted lane;Approaching junction or waiting/parked at junction approach;None;None;Did not leave carriageway;None;Front;1;Not known;Male;50;46 - 55;-1;-1;-1;6;Urban area;6
2019010158942;534677;172832;-0.063712;51.438482;Metropolitan Police;Serious;2;2;22/01/2019;Tuesday;16:05;Lewisham;Lewisham;C;0;Single carriageway;20 MPH;T or staggered junction;Give way or uncontrolled;C;0;None within 50 metres ;Central refuge;Darkness - lights lit;Snowing no high winds;Wet or damp;None;None;Urban;Yes;E01003257;1;1;Driver or rider;Male;16;4;Serious;Not a Pedestrian;Not a Pedestrian;Not car passenger;Not a bus or coach passenger;No / Not applicable;2;Cyclist;More deprived 20-30%;1;Motorcycle 50cc and under;No tow/articulation;Going ahead other;On main c'way - not in restricted lane;Approaching junction or waiting/parked at junction approach;None;None;Did not leave carriageway;None;Front;1;Not known;Male;16;16 - 20;-1;-1;-1;3;Urban area;3
2019010158942;534677;172832;-0.063712;51.438482;Metropolitan Police;Serious;2;2;22/01/2019;Tuesday;16:05;Lewisham;Lewisham;C;0;Single carriageway;20 MPH;T or staggered junction;Give way or uncontrolled;C;0;None within 50 metres ;Central refuge;Darkness - lights lit;Snowing no high winds;Wet or damp;None;None;Urban;Yes;E01003257;1;1;Driver or rider;Male;16;4;Serious;Not a Pedestrian;Not a Pedestrian;Not car passenger;Not a bus or coach passenger;No / Not applicable;2;Cyclist;More deprived 20-30%;2;Car;No tow/articulation;Turning right;On main c'way - not in restricted lane;Leaving main road;None;None;Did not leave carriageway;None;Front;1;Not known;Male;63;56 - 65;-1;-1;-1;2;Urban area;2
2019010158942;534677;172832;-0.063712;51.438482;Metropolitan Police;Serious;2;2;22/01/2019;Tuesday;16:05;Lewisham;Lewisham;C;0;Single carriageway;20 MPH;T or staggered junction;Give way or uncontrolled;C;0;None within 50 metres ;Central refuge;Darkness - lights lit;Snowing no high winds;Wet or damp;None;None;Urban;Yes;E01003257;2;2;Driver or rider;Male;63;9;Slight;Not a Pedestrian;Not a Pedestrian;Not car passenger;Not a bus or coach passenger;No / Not applicable;9;Cyclist;More deprived 10-20%;1;Motorcycle 50cc and under;No tow/articulation;Going ahead other;On main c'way - not in restricted lane;Approaching junction or waiting/parked at junction approach;None;None;Did not leave carriageway;None;Front;1;Not known;Male;16;16 - 20;-1;-1;-1;3;Urban area;3
2019010158942;534677;172832;-0.063712;51.438482;Metropolitan Police;Serious;2;2;22/01/2019;Tuesday;16:05;Lewisham;Lewisham;C;0;Single carriageway;20 MPH;T or staggered junction;Give way or uncontrolled;C;0;None within 50 metres ;Central refuge;Darkness - lights lit;Snowing no high winds;Wet or damp;None;None;Urban;Yes;E01003257;2;2;Driver or rider;Male;63;9;Slight;Not a Pedestrian;Not a Pedestrian;Not car passenger;Not a bus or coach passenger;No / Not applicable;9;Cyclist;More deprived 10-20%;2;Car;No tow/articulation;Turning right;On main c'way - not in restricted lane;Leaving main road;None;None;Did not leave carriageway;None;Front;1;Not known;Male;63;56 - 65;-1;-1;-1;2;Urban area;2
2019010158943;547766;186221;0.130075;51.555527;Metropolitan Police;Slight;2;1;22/01/2019;Tuesday;17:39;Barking and Dagenham;Barking and Dagenham;Unclassified;0;Dual carriageway;30 MPH;T or staggered junction;Give way or uncontrolled;C;0;None within 50 metres ;No physical crossing facilities within 50 metres;Darkness - lights lit;Raining no high winds;Wet or damp;None;None;Urban;Yes;E01000083;2;1;Driver or rider;Female;40;7;Slight;Not a Pedestrian;Not a Pedestrian;Not car passenger;Not a bus or coach passenger;No / Not applicable;9;-1;Data missing or out of range;1;Car;No tow/articulation;Going ahead other;On main c'way - not in restricted lane;Approaching junction or waiting/parked at junction approach;None;None;Did not leave carriageway;None;Offside;1;Commuting to/from work;Male;42;36 - 45;-1;-1;-1;3;Urban area;3
2019010158943;547766;186221;0.130075;51.555527;Metropolitan Police;Slight;2;1;22/01/2019;Tuesday;17:39;Barking and Dagenham;Barking and Dagenham;Unclassified;0;Dual carriageway;30 MPH;T or staggered junction;Give way or uncontrolled;C;0;None within 50 metres ;No physical crossing facilities within 50 metres;Darkness - lights lit;Raining no high winds;Wet or damp;None;None;Urban;Yes;E01000083;2;1;Driver or rider;Female;40;7;Slight;Not a Pedestrian;Not a Pedestrian;Not car passenger;Not a bus or coach passenger;No / Not applicable;9;-1;Data missing or out of range;2;Car;No tow/articulation;Moving off;On main c'way - not in restricted lane;Entering main road;None;None;Did not leave carriageway;None;Front;1;Commuting to/from work;Female;40;36 - 45;-1;-1;-1;-1;Data missing or out of range;-1
2019010158945;526708;181227;-0.175294;51.515766;Metropolitan Police;Slight;1;1;22/01/2019;Tuesday;06:25;Westminster;Westminster;A;4205;Single carriageway;30 MPH;Not at junction or within 20 metres;Data missing or out of range;-1;0;Data missing or out of range;Pedestrian phase at traffic signal junction;Darkness - lights lit;Fine no high winds;Wet or damp;Data missing or out of range;Data missing or out of range;Urban;No - accident was reported using a self completion  form (self rep only);E01004682;1;1;Pedestrian;Female;32;6;Slight;Crossing elsewhere within 50m. of pedestrian crossing;Unknown or other;Not car passenger;Not a bus or coach passenger;No / Not applicable;0;Cyclist;More deprived 30-40%;1;Taxi/Private hire car;No tow/articulation;Data missing or out of range;Data missing or out of range;Not at or within 20 metres of junction;Data missing or out of range;Data missing or out of range;Data missing or out of range;Data missing or out of range;Front;1;Not known;Not known;50;46 - 55;-1;-1;-1;6;Urban area;6
2019010158946;532424;185104;-0.091506;51.549297;Metropolitan Police;Slight;2;1;22/01/2019;Tuesday;18:35;Islington;Islington;C;0;Roundabout;20 MPH;Roundabout;Give way or uncontrolled;C;0;Data missing or out of range;Data missing or out of range;Darkness - lights lit;Snowing no high winds;Snow;None;None;Urban;No - accident was reported using a self completion  form (self rep only);E01002781;1;1;Driver or rider;Female;28;6;Slight;Not a Pedestrian;Not a Pedestrian;Not car passenger;Not a bus or coach passenger;No / Not applicable;1;Cyclist;More deprived 20-30%;1;Pedal cycle;Data missing or out of range;Data missing or out of range;Data missing or out of range;Data missing or out of range;Data missing or out of range;Data missing or out of range;Data missing or out of range;Data missing or out of range;Data missing or out of range;1;Commuting to/from work;Female;28;26 - 35;-1;-1;-1;3;Urban area;3
2019010158946;532424;185104;-0.091506;51.549297;Metropolitan Police;Slight;2;1;22/01/2019;Tuesday;18:35;Islington;Islington;C;0;Roundabout;20 MPH;Roundabout;Give way or uncontrolled;C;0;Data missing or out of range;Data missing or out of range;Darkness - lights lit;Snowing no high winds;Snow;None;None;Urban;No - accident was reported using a self completion  form (self rep only);E01002781;1;1;Driver or rider;Female;28;6;Slight;Not a Pedestrian;Not a Pedestrian;Not car passenger;Not a bus or coach passenger;No / Not applicable;1;Cyclist;More deprived 20-30%;2;Car;No tow/articulation;Data missing or out of range;Data missing or out of range;Data missing or out of range;Data missing or out of range;Data missing or out of range;Data missing or out of range;Data missing or out of range;Front;-1;Not known;Not known;-1;Data missing or out of range;-1;-1;-1;-1;Data missing or out of range;-1
2019010158948;554935;185647;0.233149;51.548449;Metropolitan Police;Slight;2;2;22/01/2019;Tuesday;16:52;Havering;Havering;C;0;Single carriageway;30 MPH;T or staggered junction;Give way or uncontrolled;Unclassified;0;None within 50 metres ;No physical crossing facilities within 50 metres;Darkness - lights lit;Snowing no high winds;Wet or damp;None;None;Rural;Yes;E01002389;1;1;Driver or rider;Female;34;6;Slight;Not a Pedestrian;Not a Pedestrian;Not car passenger;Not a bus or coach passenger;No / Not applicable;9;Motorcycle 50cc and under rider or passenger;More deprived 30-40%;1;Car;No tow/articulation;Waiting to go - held up;On main c'way - not in restricted lane;Approaching junction or waiting/parked at junction approach;None;None;Did not leave carriageway;None;Front;1;Not known;Female;34;26 - 35;-1;-1;-1;4;Small town;4