Accident_Index;Location_Easting_OSGR;Location_Northing_OSGR;Longitude;Latitude;Police_Force;Accident_Severity;Number_of_Vehicles;Number_of_Casualties;Date;Day_of_Week;Time;Local_Authority_(District);Local_Authority_(Highway);1st_Road_Class;1st_Road_Number;Road_Type;Speed_limit;Junction_Detail;Junction_Control;2nd_Road_Class;2nd_Road_Number;Pedestrian_Crossing-Human_Control;Pedestrian_Crossing-Physical_Facilities;Light_Conditions;Weather_Conditions;Road_Surface_Conditions;Special_Conditions_at_Site;Carriageway_Hazards;Urban_or_Rural_Area;Did_Police_Officer_Attend_Scene_of_Accident;LSOA_of_Accident_Location;Vehicle_Reference_x;Casualty_Reference;Casualty_Class;Sex_of_Casualty;Age_of_Casualty;Age_Band_of_Casualty;Casualty_Severity;Pedestrian_Location;Pedestrian_Movement;Car_Passenger;Bus_or_Coach_Passenger;Pedestrian_Road_Maintenance_Worker;Casualty_Type;Casualty_Home_Area_Type;Casualty_IMD_Decile;Vehicle_Reference_y;Vehicle_Type;Towing_and_Articulation;Vehicle_Manoeuvre;Vehicle_Location-Restricted_Lane;Junction_Location;Skidding_and_Overturning;Hit_Object_in_Carriageway;Vehicle_Leaving_Carriageway;Hit_Object_off_Carriageway;1st_Point_of_Impact;Was_Vehicle_Left_Hand_Drive?;Journey_Purpose_of_Driver;Sex_of_Driver;Age_of_Driver;Age_Band_of_Driver;Engine_Capacity_(CC);Propulsion_Code;Age_of_Vehicle;Driver_IMD_Decile;Driver_Home_Area_Type;Vehicle_IMD_Decile
2019010158948;554935;185647;0.233149;51.548449;Metropolitan Police;Slight;2;2;22/01/2019;Tuesday;16:52;Havering;Havering;C;0;Single carriageway;30 MPH;T or staggered junction;Give way or uncontrolled;Unclassified;0;None within 50 metres ;No physical crossing facilities within 50 metres;Darkness - lights lit;Snowing no high winds;Wet or damp;None;None;Rural;Yes;E01002389;1;1;Driver or rider;Female;34;6;Slight;Not a Pedestrian;Not a Pedestrian;Not car passenger;Not a bus or coach passenger;No / Not applicable;9;Motorcycle 50cc and under rider or passenger;More deprived 30-40%;2;Car;No tow/articulation;Turning right;On main c'way - not in restricted lane;Approaching junction or waiting/parked at junction approach;None;None;Did not leave carriageway;None;Front;1;Commuting to/from work;Female;33;26 - 35;-1;-1;-1;9;Urban area;9
2019010158948;554935;185647;0.233149;51.548449;Metropolitan Police;Slight;2;2;22/01/2019;Tuesday;16:52;Havering;Havering;C;0;Single carriageway;30 MPH;T or staggered junction;Give way or uncontrolled;Unclassified;0;None within 50 metres ;No physical crossing facilities within 50 metres;Darkness - lights lit;Snowing no high winds;Wet or damp;None;None;Rural;Yes;E01002389;2;2;Driver or rider;Female;33;6;Slight;Not a Pedestrian;Not a Pedestrian;Not car passenger;Not a bus or coach passenger;No / Not applicable;9;Cyclist;Less deprived 10-20%;1;Car;No tow/articulation;Waiting to go - held up;On main c'way - not in restricted lane;Approaching junction or waiting/parked at junction approach;None;None;Did not leave carriageway;None;Front;1;Not known;Female;34;26 - 35;-1;-1;-1;4;Small town;4
2019010158948;554935;185647;0.233149;51.548449;Metropolitan Police;Slight;2;2;22/01/2019;Tuesday;16:52;Havering;Havering;C;0;Single carriageway;30 MPH;T or staggered junction;Give way or uncontrolled;Unclassified;0;None within 50 metres ;No physical crossing facilities within 50 metres;Darkness - lights lit;Snowing no high winds;Wet or damp;None;None;Rural;Yes;E01002389;2;2;Driver or rider;Female;33;6;Slight;Not a Pedestrian;Not a Pedestrian;Not car passenger;Not a bus or coach passenger;No / Not applicable;9;Cyclist;Less deprived 10-20%;2;Car;No tow/articulation;Turning right;On main c'way - not in restricted lane;Approaching junction or waiting/parked at junction approach;None;None;Did not leave carriageway;None;Front;1;Commuting to/from work;Female;33;26 - 35;-1;-1;-1;9;Urban area;9
2019010158949;518857;178418;-0.289332;51.492224;Metropolitan Police;Slight;2;1;22/01/2019;Tuesday;19:34;Hounslow;Hounslow;A;4;Unknown;40 MPH;Not at junction or within 20 metres;Data missing or out of range;-1;0;Data missing or out of range;Data missing or out of range;Darkness - lighting unknown;Snowing no high winds;Snow;None;None;Urban;No - accident was reported using a self completion  form (self rep only);E01002566;1;1;Driver or rider;Male;27;6;Slight;Not a Pedestrian;Not a Pedestrian;Not car passenger;Not a bus or coach passenger;No / Not applicable;9;Cyclist;More deprived 30-40%;1;Car;No tow/articulation;Data missing or out of range;Data missing or out of range;Not at or within 20 metres of junction;Data missing or out of range;Data missing or out of range;Data missing or out of range;Data missing or out of range;Front;-1;Not known;Male;27;26 - 35;-1;-1;-1;4;Urban area;4
2019010158949;518857;178418;-0.289332;51.492224;Metropolitan Police;Slight;2;1;22/01/2019;Tuesday;19:34;Hounslow;Hounslow;A;4;Unknown;40 MPH;Not at junction or within 20 metres;Data missing or out of range;-1;0;Data missing or out of range;Data missing or out of range;Darkness - lighting unknown;Snowing no high winds;Snow;None;None;Urban;No - accident was reported using a self completion  form (self rep only);E01002566;1;1;Driver or rider;Male;27;6;Slight;Not a Pedestrian;Not a Pedestrian;Not car passenger;Not a bus or coach passenger;No / Not applicable;9;Cyclist;More deprived 30-40%;2;Car;No tow/articulation;Data missing or out of range;Data missing or out of range;Not at or within 20 metres of junction;Data missing or out of range;Data missing or out of range;Data missing or out of range;Data missing or out of range;Front;-1;Not known;Not known;-1;Data missing or out of range;-1;-1;-1;-1;Data missing or out of range;-1
2019010158955;532881;184225;-0.085251;51.541291;Metropolitan Police;Slight;2;1;12/01/2019;Saturday;18:30;Hackney;Hackney;B;102;Single carriageway;20 MPH;Mini-roundabout;Data missing or out of range;Unclassified;0;Data missing or out of range;Data missing or out of range;Darkness - lights lit;Other;Dry;None;None;Urban;No - accident was reported using a self completion  form (self rep only);E01002718;1;1;Driver or rider;Male;30;6;Slight;Not a Pedestrian;Not a Pedestrian;Not car passenger;Not a bus or coach passenger;No / Not applicable;3;Cyclist;More deprived 10-20%;1;Motorcycle 125cc and under;No tow/articulation;Data missing or out of range;Data missing or out of range;Data missing or out of range;Data missing or out of range;Data missing or out of range;Data missing or out of range;Data missing or out of range;Data missing or out of range;1;Not known;Male;30;26 - 35;-1;-1;-1;2;Urban area;2
2019010158955;532881;184225;-0.085251;51.541291;Metropolitan Police;Slight;2;1;12/01/2019;Saturday;18:30;Hackney;Hackney;B;102;Single carriageway;20 MPH;Mini-roundabout;Data missing or out of range;Unclassified;0;Data missing or out of range;Data missing or out of range;Darkness - lights lit;Other;Dry;None;None;Urban;No - accident was reported using a self completion  form (self rep only);E01002718;1;1;Driver or rider;Male;30;6;Slight;Not a Pedestrian;Not a Pedestrian;Not car passenger;Not a bus or coach passenger;No / Not applicable;3;Cyclist;More deprived 10-20%;2;Car;No tow/articulation;Data missing or out of range;Data missing or out of range;Data missing or out of range;Data missing or out of range;Data missing or out of range;Data missing or out of range;Data missing or out of range;Data missing or out of range;-1;Not known;Not known;64;56 - 65;-1;-1;-1;3;Urban area;3
2019010158958;535874;181691;-0.043095;51.517807;Metropolitan Police;Slight;2;1;22/01/2019;Tuesday;22:49;Tower Hamlets;Tower Hamlets;B;121;Roundabout;20 MPH;Roundabout;Give way or uncontrolled;C;0;None within 50 metres ;No physical crossing facilities within 50 metres;Darkness - lights lit;Fine no high winds;Wet or damp;None;None;Urban;Yes;E01004284;2;1;Driver or rider;Male;33;6;Slight;Not a Pedestrian;Not a Pedestrian;Not car passenger;Not a bus or coach passenger;No / Not applicable;1;Cyclist;More deprived 10-20%;1;Car;No tow/articulation;Turning right;On main c'way - not in restricted lane;Entering roundabout;None;None;Did not leave carriageway;None;Front;1;Journey as part of work;Male;48;46 - 55;-1;-1;-1;2;Urban area;2
2019010158958;535874;181691;-0.043095;51.517807;Metropolitan Police;Slight;2;1;22/01/2019;Tuesday;22:49;Tower Hamlets;Tower Hamlets;B;121;Roundabout;20 MPH;Roundabout;Give way or uncontrolled;C;0;None within 50 metres ;No physical crossing facilities within 50 metres;Darkness - lights lit;Fine no high winds;Wet or damp;None;None;Urban;Yes;E01004284;2;1;Driver or rider;Male;33;6;Slight;Not a Pedestrian;Not a Pedestrian;Not car passenger;Not a bus or coach passenger;No / Not applicable;1;Cyclist;More deprived 10-20%;2;Pedal cycle;No tow/articulation;Going ahead other;On main c'way - not in restricted lane;Entering roundabout;None;None;Did not leave carriageway;None;Front;1;Journey as part of work;Male;33;26 - 35;-1;-1;-1;2;Urban area;2
2019010158961;533476;184037;-0.076747;51.539461;Metropolitan Police;Slight;2;1;22/01/2019;Tuesday;18:25;Hackney;Hackney;Unclassified;0;Single carriageway;20 MPH;T or staggered junction;Data missing or out of range;A;10;Data missing or out of range;Data missing or out of range;Darkness - lights lit;Raining no high winds;Wet or damp;None;None;Urban;No - accident was reported using a self completion  form (self rep only);E01001750;1;1;Driver or rider;Male;32;6;Slight;Not a Pedestrian;Not a Pedestrian;Not car passenger;Not a bus or coach passenger;No / Not applicable;1;Cyclist;More deprived 10-20%;1;Pedal cycle;Data missing or out of range;Data missing or out of range;Data missing or out of range;Data missing or out of range;Data missing or out of range;Data missing or out of range;Data missing or out of range;Data missing or out of range;Data missing or out of range;1;Not known;Male;32;26 - 35;-1;-1;-1;2;Urban area;2
2019010158961;533476;184037;-0.076747;51.539461;Metropolitan Police;Slight;2;1;22/01/2019;Tuesday;18:25;Hackney;Hackney;Unclassified;0;Single carriageway;20 MPH;T or staggered junction;Data missing or out of range;A;10;Data missing or out of range;Data missing or out of range;Darkness - lights lit;Raining no high winds;Wet or damp;None;None;Urban;No - accident was reported using a self completion  form (self rep only);E01001750;1;1;Driver or rider;Male;32;6;Slight;Not a Pedestrian;Not a Pedestrian;Not car passenger;Not a bus or coach passenger;No / Not applicable;1;Cyclist;More deprived 10-20%;2;Van / Goods 3.5 tonnes mgw or under;No tow/articulation;Data missing or out of range;Data missing or out of range;Data missing or out of range;Data missing or out of range;Data missing or out of range;Data missing or out of range;Data missing or out of range;Data missing or out of range;-1;Not known;Not known;-1;Data missing or out of range;-1;-1;-1;-1;Data missing or out of range;-1
2019010158962;525684;185315;-0.188585;51.552734;Metropolitan Police;Slight;2;2;03/01/2019;Thursday;08:45;Camden;Camden;A;41;Dual carriageway;40 MPH;Other junction;Auto traffic signal;C;0;None within 50 metres ;Pedestrian phase at traffic signal junction;Daylight;Fine no high winds;Dry;None;None;Urban;No - accident was reported using a self completion  form (self rep only);E01000969;1;1;Driver or rider;Male;44;7;Slight;Not a Pedestrian;Not a Pedestrian;Not car passenger;Not a bus or coach passenger;No / Not applicable;9;Cyclist;Less deprived 30-40%;1;Car;No tow/articulation;Data missing or out of range;Data missing or out of range;Data missing or out of range;Data missing or out of range;Data missing or out of range;Data missing or out of range;Data missing or out of range;Back;-1;Not known;Male;44;36 - 45;-1;-1;-1;7;Urban area;7
2019010158962;525684;185315;-0.188585;51.552734;Metropolitan Police;Slight;2;2;03/01/2019;Thursday;08:45;Camden;Camden;A;41;Dual carriageway;40 MPH;Other junction;Auto traffic signal;C;0;None within 50 metres ;Pedestrian phase at traffic signal junction;Daylight;Fine no high winds;Dry;None;None;Urban;No - accident was reported using a self completion  form (self rep only);E01000969;1;1;Driver or rider;Male;44;7;Slight;Not a Pedestrian;Not a Pedestrian;Not car passenger;Not a bus or coach passenger;No / Not applicable;9;Cyclist;Less deprived 30-40%;2;Goods over 3.5t. and under 7.5t;No tow/articulation;Data missing or out of range;Data missing or out of range;Data missing or out of range;Data missing or out of range;Data missing or out of range;Data missing or out of range;Data missing or out of range;Front;-1;Not known;Not known;-1;Data missing or out of range;-1;-1;-1;7;Urban area;7
2019010158962;525684;185315;-0.188585;51.552734;Metropolitan Police;Slight;2;2;03/01/2019;Thursday;08:45;Camden;Camden;A;41;Dual carriageway;40 MPH;Other junction;Auto traffic signal;C;0;None within 50 metres ;Pedestrian phase at traffic signal junction;Daylight;Fine no high winds;Dry;None;None;Urban;No - accident was reported using a self completion  form (self rep only);E01000969;1;2;Passenger;Female;Data missing or out of range;-1;Slight;Not a Pedestrian;Not a Pedestrian;Front seat passenger;Not a bus or coach passenger;No / Not applicable;9;Cyclist;Less deprived 30-40%;1;Car;No tow/articulation;Data missing or out of range;Data missing or out of range;Data missing or out of range;Data missing or out of range;Data missing or out of range;Data missing or out of range;Data missing or out of range;Back;-1;Not known;Male;44;36 - 45;-1;-1;-1;7;Urban area;7
2019010158962;525684;185315;-0.188585;51.552734;Metropolitan Police;Slight;2;2;03/01/2019;Thursday;08:45;Camden;Camden;A;41;Dual carriageway;40 MPH;Other junction;Auto traffic signal;C;0;None within 50 metres ;Pedestrian phase at traffic signal junction;Daylight;Fine no high winds;Dry;None;None;Urban;No - accident was reported using a self completion  form (self rep only);E01000969;1;2;Passenger;Female;Data missing or out of range;-1;Slight;Not a Pedestrian;Not a Pedestrian;Front seat passenger;Not a bus or coach passenger;No / Not applicable;9;Cyclist;Less deprived 30-40%;2;Goods over 3.5t. and under 7.5t;No tow/articulation;Data missing or out of range;Data missing or out of range;Data missing or out of range;Data missing or out of range;Data missing or out of range;Data missing or out of range;Data missing or out of range;Front;-1;Not known;Not known;-1;Data missing or out of range;-1;-1;-1;7;Urban area;7
2019010158963;519994;165461;-0.277347;51.375532;Metropolitan Police;Slight;1;1;21/01/2019;Monday;14:25;Kingston upon Thames;Kingston upon Thames;A;240;Slip road;30 MPH;Not at junction or within 20 metres;Data missing or out of range;-1;0;None within 50 metres ;Data missing or out of range;Daylight;Fine no high winds;Dry;Road sign or marking defective or obscured;None;Urban;No - accident was reported using a self completion  form (self rep only);E01003000;1;1;Driver or rider;Female;63;9;Slight;Not a Pedestrian;Not a Pedestrian;Not car passenger;Not a bus or coach passenger;No / Not applicable;9;Cyclist;Less deprived 20-30%;1;Car;No tow/articulation;Data missing or out of range;Data missing or out of range;Not at or within 20 metres of junction;Data missing or out of range;Data missing or out of range;Data missing or out of range;Data missing or out of range;Back;-1;Not known;Female;63;56 - 65;-1;-1;-1;8;Urban area;8
2019010158965;545410;183935;0.095171;51.535599;Metropolitan Police;Slight;2;1;22/01/2019;Tuesday;21:08;Barking and Dagenham;Barking and Dagenham;A;123;Single carriageway;30 MPH;T or staggered junction;Give way or uncontrolled;Unclassified;0;None within 50 metres ;No physical crossing facilities within 50 metres;Darkness - lights lit;Raining no high winds;Wet or damp;None;None;Urban;Yes;E01000040;1;1;Driver or rider;Female;27;6;Slight;Not a Pedestrian;Not a Pedestrian;Not car passenger;Not a bus or coach passenger;No / Not applicable;9;Cyclist;More deprived 20-30%;1;Car;No tow/articulation;Going ahead other;On main c'way - not in restricted lane;Approaching junction or waiting/parked at junction approach;None;None;Did not leave carriageway;None;Front;1;Not known;Female;27;26 - 35;-1;-1;-1;3;Urban area;3
2019010158965;545410;183935;0.095171;51.535599;Metropolitan Police;Slight;2;1;22/01/2019;Tuesday;21:08;Barking and Dagenham;Barking and Dagenham;A;123;Single carriageway;30 MPH;T or staggered junction;Give way or uncontrolled;Unclassified;0;None within 50 metres ;No physical crossing facilities within 50 metres;Darkness - lights lit;Raining no high winds;Wet or damp;None;None;Urban;Yes;E01000040;1;1;Driver or rider;Female;27;6;Slight;Not a Pedestrian;Not a Pedestrian;Not car passenger;Not a bus or coach passenger;No / Not applicable;9;Cyclist;More deprived 20-30%;2;Car;No tow/articulation;Moving off;On main c'way - not in restricted lane;Cleared junction or waiting/parked at junction exit;None;None;Did not leave carriageway;None;Front;1;Not known;Female;56;56 - 65;-1;-1;-1;4;Urban area;4
2019010158967;532636;184837;-0.088551;51.546848;Metropolitan Police;Slight;2;1;22/01/2019;Tuesday;23:00;Islington;Islington;A;1199;Single carriageway;20 MPH;T or staggered junction;Auto traffic signal;Unclassified;0;None within 50 metres ;No physical crossing facilities within 50 metres;Darkness - lights lit;Raining no high winds;Wet or damp;None;None;Urban;No - accident was reported using a self completion  form (self rep only);E01002716;1;1;Driver or rider;Male;32;6;Slight;Not a Pedestrian;Not a Pedestrian;Not car passenger;Not a bus or coach passenger;No / Not applicable;9;Cyclist;More deprived 10-20%;1;Car;No tow/articulation;Data missing or out of range;Data missing or out of range;Data missing or out of range;Data missing or out of range;Data missing or out of range;Data missing or out of range;Data missing or out of range;Back;-1;Not known;Male;32;26 - 35;-1;-1;-1;2;Urban area;2
2019010158967;532636;184837;-0.088551;51.546848;Metropolitan Police;Slight;2;1;22/01/2019;Tuesday;23:00;Islington;Islington;A;1199;Single carriageway;20 MPH;T or staggered junction;Auto traffic signal;Unclassified;0;None within 50 metres ;No physical crossing facilities within 50 metres;Darkness - lights lit;Raining no high winds;Wet or damp;None;None;Urban;No - accident was reported using a self completion  form (self rep only);E01002716;1;1;Driver or rider;Male;32;6;Slight;Not a Pedestrian;Not a Pedestrian;Not car passenger;Not a bus or coach passenger;No / Not applicable;9;Cyclist;More deprived 10-20%;2;Car;No tow/articulation;Data missing or out of range;Data missing or out of range;Data missing or out of range;Data missing or out of range;Data missing or out of range;Data missing or out of range;Data missing or out of range;Front;-1;Not known;Not known;-1;Data missing or out of range;-1;-1;-1;1;Urban area;1
2019010158971;537776;189785;-0.012533;51.59008;Metropolitan Police;Fatal;1;1;22/01/2019;Tuesday;23:42;Waltham Forest;Waltham Forest;A;503;Single carriageway;20 MPH;Not at junction or within 20 metres;Data missing or out of range;-1;0;None within 50 metres ;Zebra;Darkness - lights lit;Fine no high winds;Wet or damp;None;None;Urban;Yes;E01004342;1;1;Pedestrian;Female;26;6;Fatal;Crossing elsewhere within 50m. of pedestrian crossing;Crossing from driver's nearside;Not car passenger;Not a bus or coach passenger;No / Not applicable;0;Cyclist;Most deprived 10%;1;Car;No tow/articulation;Going ahead other;On main c'way - not in restricted lane;Not at or within 20 metres of junction;None;None;Did not leave carriageway;None;Front;1;Journey as part of work;Male;46;46 - 55;-1;-1;-1;4;Urban area;4
2019010158973;522063;179915;-0.242656;51.504996;Metropolitan Police;Slight;1;1;23/01/2019;Wednesday;04:00;Hammersmith and Fulham;Hammersmith and Fulham;Unclassified;0;Single carriageway;20 MPH;T or staggered junction;Give way or uncontrolled;Unclassified;0;None within 50 metres ;No physical crossing facilities within 50 metres;Darkness - lights lit;Fine no high winds;Frost or ice;None;None;Urban;Yes;E01001860;1;1;Pedestrian;Male;18;4;Slight;In carriageway, not crossing;Unknown or other;Not car passenger;Not a bus or coach passenger;No / Not applicable;0;Cyclist;More deprived 10-20%;1;Taxi/Private hire car;No tow/articulation;Moving off;On main c'way - not in restricted lane;Not at or within 20 metres of junction;None;None;Did not leave carriageway;None;Nearside;1;Not known;Not known;-1;Data missing or out of range;1798;Hybrid electric;1;-1;Data missing or out of range;-1
2019010158976;528434;190565;-0.147025;51.599296;Metropolitan Police;Slight;2;1;23/01/2019;Wednesday;03:00;Barnet;Barnet;B;550;Single carriageway;30 MPH;T or staggered junction;Give way or uncontrolled;B;550;None within 50 metres ;No physical crossing facilities within 50 metres;Darkness - lights lit;Other;Wet or damp;None;None;Urban;Yes;E01000156;2;1;Driver or rider;Male;50;8;Slight;Not a Pedestrian;Not a Pedestrian;Not car passenger;Not a bus or coach passenger;No / Not applicable;9;Cyclist;More deprived 40-50%;1;Car;No tow/articulation;Going ahead other;On main c'way - not in restricted lane;Approaching junction or waiting/parked at junction approach;None;None;Did not leave carriageway;None;Front;1;Not known;Male;24;21 - 25;-1;-1;-1;-1;Data missing or out of range;-1
2019010158976;528434;190565;-0.147025;51.599296;Metropolitan Police;Slight;2;1;23/01/2019;Wednesday;03:00;Barnet;Barnet;B;550;Single carriageway;30 MPH;T or staggered junction;Give way or uncontrolled;B;550;None within 50 metres ;No physical crossing facilities within 50 metres;Darkness - lights lit;Other;Wet or damp;None;None;Urban;Yes;E01000156;2;1;Driver or rider;Male;50;8;Slight;Not a Pedestrian;Not a Pedestrian;Not car passenger;Not a bus or coach passenger;No / Not applicable;9;Cyclist;More deprived 40-50%;2;Car;No tow/articulation;Going ahead other;On main c'way - not in restricted lane;Approaching junction or waiting/parked at junction approach;None;None;Did not leave carriageway;None;Nearside;2;Journey as part of work;Male;50;46 - 55;-1;-1;-1;5;Urban area;5
2019010158987;525487;177226;-0.194303;51.480081;Metropolitan Police;Serious;1;1;10/01/2019;Thursday;06:30;Hammersmith and Fulham;Hammersmith and Fulham;A;304;Unknown;30 MPH;Not at junction or within 20 metres;Data missing or out of range;-1;0;Data missing or out of range;Data missing or out of range;Darkness - lights lit;Fine no high winds;Dry;Data missing or out of range;Data missing or out of range;Urban;No - accident was reported using a self completion  form (self rep only);E01001920;1;1;Pedestrian;Female;57;9;Serious;Unknown or other;Unknown or other;Not car passenger;Not a bus or coach passenger;No / Not applicable;0;Cyclist;Less deprived 40-50%;1;Car;No tow/articulation;Going ahead other;On main c'way - not in restricted lane;Not at or within 20 metres of junction;None;Bollard or refuge;Did not leave carriageway;None;Did not impact;-1;Not known;Not known;-1;Data missing or out of range;-1;-1;-1;-1;Data missing or out of range;-1
2019010158988;541100;174293;0.02922;51.450049;Metropolitan Police;Slight;2;1;23/01/2019;Wednesday;07:00;Greenwich;Greenwich;A;205;Roundabout;30 MPH;Roundabout;Give way or uncontrolled;A;205;None within 50 metres ;No physical crossing facilities within 50 metres;Daylight;Fine no high winds;Wet or damp;None;None;Urban;No - accident was reported using a self completion  form (self rep only);E01001660;1;1;Driver or rider;Male;32;6;Slight;Not a Pedestrian;Not a Pedestrian;Not car passenger;Not a bus or coach passenger;No / Not applicable;5;Cyclist;Less deprived 20-30%;1;Motorcycle over 500cc;No tow/articulation;Data missing or out of range;Data missing or out of range;Data missing or out of range;Data missing or out of range;Data missing or out of range;Data missing or out of range;Data missing or out of range;Front;1;Commuting to/from work;Male;32;26 - 35;-1;-1;-1;8;Urban area;8
2019010158988;541100;174293;0.02922;51.450049;Metropolitan Police;Slight;2;1;23/01/2019;Wednesday;07:00;Greenwich;Greenwich;A;205;Roundabout;30 MPH;Roundabout;Give way or uncontrolled;A;205;None within 50 metres ;No physical crossing facilities within 50 metres;Daylight;Fine no high winds;Wet or damp;None;None;Urban;No - accident was reported using a self completion  form (self rep only);E01001660;1;1;Driver or rider;Male;32;6;Slight;Not a Pedestrian;Not a Pedestrian;Not car passenger;Not a bus or coach passenger;No / Not applicable;5;Cyclist;Less deprived 20-30%;2;Car;No tow/articulation;Data missing or out of range;Data missing or out of range;Data missing or out of range;Data missing or out of range;Data missing or out of range;Data missing or out of range;Data missing or out of range;Data missing or out of range;-1;Not known;Not known;-1;Data missing or out of range;-1;-1;-1;9;Small town;9
2019010158994;527220;189609;-0.164889;51.59098;Metropolitan Police;Slight;2;1;22/01/2019;Tuesday;15:55;Barnet;Barnet;A;1000;Single carriageway;30 MPH;Data missing or out of range;Data missing or out of range;Unclassified;0;None within 50 metres ;Zebra;Daylight;Snowing no high winds;Wet or damp;Data missing or out of range;None;Urban;No - accident was reported using a self completion  form (self rep only);E01000181;1;1;Driver or rider;Male;23;5;Slight;Not a Pedestrian;Not a Pedestrian;Not car passenger;Not a bus or coach passenger;No / Not applicable;1;Cyclist;More deprived 30-40%;1;Pedal cycle;Data missing or out of range;Data missing or out of range;Data missing or out of range;Data missing or out of range;Data missing or out of range;Data missing or out of range;Data missing or out of range;Data missing or out of range;Front;1;Commuting to/from work;Male;23;21 - 25;-1;-1;-1;4;Urban area;4
2019010158994;527220;189609;-0.164889;51.59098;Metropolitan Police;Slight;2;1;22/01/2019;Tuesday;15:55;Barnet;Barnet;A;1000;Single carriageway;30 MPH;Data missing or out of range;Data missing or out of range;Unclassified;0;None within 50 metres ;Zebra;Daylight;Snowing no high winds;Wet or damp;Data missing or out of range;None;Urban;No - accident was reported using a self completion  form (self rep only);E01000181;1;1;Driver or rider;Male;23;5;Slight;Not a Pedestrian;Not a Pedestrian;Not car passenger;Not a bus or coach passenger;No / Not applicable;1;Cyclist;More deprived 30-40%;2;Car;No tow/articulation;Data missing or out of range;Data missing or out of range;Data missing or out of range;Data missing or out of range;Data missing or out of range;Data missing or out of range;Data missing or out of range;Data missing or out of range;-1;Not known;Not known;-1;Data missing or out of range;-1;-1;-1;-1;Data missing or out of range;-1
2019010158997;520345;190179;-0.263888;51.597611;Metropolitan Police;Slight;2;1;22/01/2019;Tuesday;17:35;Barnet;Barnet;A;5;Single carriageway;30 MPH;T or staggered junction;Data missing or out of range;Unclassified;0;None within 50 metres ;Central refuge;Darkness - lighting unknown;Snowing no high winds;Wet or damp;Data missing or out of range;Data missing or out of range;Urban;No - accident was reported using a self completion  form (self rep only);E01000129;1;1;Driver or rider;Male;25;5;Slight;Not a Pedestrian;Not a Pedestrian;Not car passenger;Not a bus or coach passenger;No / Not applicable;1;Cyclist;More deprived 10-20%;1;Pedal cycle;Data missing or out of range;Data missing or out of range;Data missing or out of range;Data missing or out of range;Data missing or out of range;Data missing or out of range;Data missing or out of range;Data missing or out of range;Data missing or out of range;1;Not known;Male;25;21 - 25;-1;-1;-1;2;Urban area;2
2019010158997;520345;190179;-0.263888;51.597611;Metropolitan Police;Slight;2;1;22/01/2019;Tuesday;17:35;Barnet;Barnet;A;5;Single carriageway;30 MPH;T or staggered junction;Data missing or out of range;Unclassified;0;None within 50 metres ;Central refuge;Darkness - lighting unknown;Snowing no high winds;Wet or damp;Data missing or out of range;Data missing or out of range;Urban;No - accident was reported using a self completion  form (self rep only);E01000129;1;1;Driver or rider;Male;25;5;Slight;Not a Pedestrian;Not a Pedestrian;Not car passenger;Not a bus or coach passenger;No / Not applicable;1;Cyclist;More deprived 10-20%;2;Car;No tow/articulation;Data missing or out of range;Data missing or out of range;Data missing or out of range;Data missing or out of range;Data missing or out of range;Data missing or out of range;Data missing or out of range;Front;-1;Not known;Male;35;26 - 35;-1;-1;-1;3;Urban area;3
2019010158998;512757;175252;-0.378169;51.465016;Metropolitan Police;Slight;2;1;21/01/2019;Monday;16:30;Hounslow;Hounslow;A;3063;Unknown;30 MPH;Crossroads;Auto traffic signal;A;315;Data missing or out of range;Data missing or out of range;Daylight;Fine no high winds;Dry;Data missing or out of range;None;Urban;No - accident was reported using a self completion  form (self rep only);E01002646;1;1;Driver or rider;Male;35;6;Slight;Not a Pedestrian;Not a Pedestrian;Not car passenger;Not a bus or coach passenger;No / Not applicable;19;Cyclist;More deprived 20-30%;1;Van / Goods 3.5 tonnes mgw or under;No tow/articulation;Data missing or out of range;Data missing or out of range;Data missing or out of range;Data missing or out of range;Data missing or out of range;Data missing or out of range;Data missing or out of range;Back;-1;Not known;Male;35;26 - 35;-1;-1;-1;3;Urban area;3