Accident_Index;Location_Easting_OSGR;Location_Northing_OSGR;Longitude;Latitude;Police_Force;Accident_Severity;Number_of_Vehicles;Number_of_Casualties;Date;Day_of_Week;Time;Local_Authority_(District);Local_Authority_(Highway);1st_Road_Class;1st_Road_Number;Road_Type;Speed_limit;Junction_Detail;Junction_Control;2nd_Road_Class;2nd_Road_Number;Pedestrian_Crossing-Human_Control;Pedestrian_Crossing-Physical_Facilities;Light_Conditions;Weather_Conditions;Road_Surface_Conditions;Special_Conditions_at_Site;Carriageway_Hazards;Urban_or_Rural_Area;Did_Police_Officer_Attend_Scene_of_Accident;LSOA_of_Accident_Location;Vehicle_Reference_x;Casualty_Reference;Casualty_Class;Sex_of_Casualty;Age_of_Casualty;Age_Band_of_Casualty;Casualty_Severity;Pedestrian_Location;Pedestrian_Movement;Car_Passenger;Bus_or_Coach_Passenger;Pedestrian_Road_Maintenance_Worker;Casualty_Type;Casualty_Home_Area_Type;Casualty_IMD_Decile;Vehicle_Reference_y;Vehicle_Type;Towing_and_Articulation;Vehicle_Manoeuvre;Vehicle_Location-Restricted_Lane;Junction_Location;Skidding_and_Overturning;Hit_Object_in_Carriageway;Vehicle_Leaving_Carriageway;Hit_Object_off_Carriageway;1st_Point_of_Impact;Was_Vehicle_Left_Hand_Drive?;Journey_Purpose_of_Driver;Sex_of_Driver;Age_of_Driver;Age_Band_of_Driver;Engine_Capacity_(CC);Propulsion_Code;Age_of_Vehicle;Driver_IMD_Decile;Driver_Home_Area_Type;Vehicle_IMD_Decile
2019010158998;512757;175252;-0.378169;51.465016;Metropolitan Police;Slight;2;1;21/01/2019;Monday;16:30;Hounslow;Hounslow;A;3063;Unknown;30 MPH;Crossroads;Auto traffic signal;A;315;Data missing or out of range;Data missing or out of range;Daylight;Fine no high winds;Dry;Data missing or out of range;None;Urban;No - accident was reported using a self completion  form (self rep only);E01002646;1;1;Driver or rider;Male;35;6;Slight;Not a Pedestrian;Not a Pedestrian;Not car passenger;Not a bus or coach passenger;No / Not applicable;19;Cyclist;More deprived 20-30%;2;Van / Goods 3.5 tonnes mgw or under;No tow/articulation;Data missing or out of range;Data missing or out of range;Data missing or out of range;Data missing or out of range;Data missing or out of range;Data missing or out of range;Data missing or out of range;Front;-1;Not known;Not known;-1;Data missing or out of range;-1;-1;-1;3;Urban area;3
2019010159004;524705;182240;-0.203787;51.525316;Metropolitan Police;Slight;2;1;23/01/2019;Wednesday;08:55;Westminster;Westminster;A;404;Single carriageway;30 MPH;T or staggered junction;Data missing or out of range;Unclassified;0;None within 50 metres ;No physical crossing facilities within 50 metres;Daylight;Fine no high winds;Wet or damp;None;None;Urban;No - accident was reported using a self completion  form (self rep only);E01004679;1;1;Driver or rider;Male;33;6;Slight;Not a Pedestrian;Not a Pedestrian;Not car passenger;Not a bus or coach passenger;No / Not applicable;3;Cyclist;More deprived 20-30%;1;Motorcycle 125cc and under;No tow/articulation;Data missing or out of range;Data missing or out of range;Data missing or out of range;Data missing or out of range;Data missing or out of range;Data missing or out of range;Data missing or out of range;Data missing or out of range;1;Not known;Male;33;26 - 35;-1;-1;-1;3;Urban area;3
2019010159004;524705;182240;-0.203787;51.525316;Metropolitan Police;Slight;2;1;23/01/2019;Wednesday;08:55;Westminster;Westminster;A;404;Single carriageway;30 MPH;T or staggered junction;Data missing or out of range;Unclassified;0;None within 50 metres ;No physical crossing facilities within 50 metres;Daylight;Fine no high winds;Wet or damp;None;None;Urban;No - accident was reported using a self completion  form (self rep only);E01004679;1;1;Driver or rider;Male;33;6;Slight;Not a Pedestrian;Not a Pedestrian;Not car passenger;Not a bus or coach passenger;No / Not applicable;3;Cyclist;More deprived 20-30%;2;Car;No tow/articulation;Data missing or out of range;Data missing or out of range;Data missing or out of range;Data missing or out of range;Data missing or out of range;Data missing or out of range;Data missing or out of range;Front;-1;Not known;Female;46;46 - 55;-1;-1;-1;-1;Data missing or out of range;-1
2019010159010;537889;174175;-0.017006;51.449779;Metropolitan Police;Slight;2;1;06/01/2019;Sunday;18:36;Lewisham;Lewisham;A;21;Single carriageway;30 MPH;T or staggered junction;Data missing or out of range;Unclassified;0;Data missing or out of range;Data missing or out of range;Daylight;Fine no high winds;Dry;None;Data missing or out of range;Urban;No - accident was reported using a self completion  form (self rep only);E01003325;1;1;Driver or rider;Female;30;6;Slight;Not a Pedestrian;Not a Pedestrian;Not car passenger;Not a bus or coach passenger;No / Not applicable;1;Cyclist;More deprived 30-40%;1;Pedal cycle;Data missing or out of range;Going ahead other;On main c'way - not in restricted lane;Cleared junction or waiting/parked at junction exit;Skidded;None;Did not leave carriageway;None;Did not impact;1;Not known;Female;30;26 - 35;-1;-1;-1;4;Urban area;4
2019010159010;537889;174175;-0.017006;51.449779;Metropolitan Police;Slight;2;1;06/01/2019;Sunday;18:36;Lewisham;Lewisham;A;21;Single carriageway;30 MPH;T or staggered junction;Data missing or out of range;Unclassified;0;Data missing or out of range;Data missing or out of range;Daylight;Fine no high winds;Dry;None;Data missing or out of range;Urban;No - accident was reported using a self completion  form (self rep only);E01003325;1;1;Driver or rider;Female;30;6;Slight;Not a Pedestrian;Not a Pedestrian;Not car passenger;Not a bus or coach passenger;No / Not applicable;1;Cyclist;More deprived 30-40%;2;Car;Data missing or out of range;Going ahead other;Data missing or out of range;Cleared junction or waiting/parked at junction exit;Data missing or out of range;None;Did not leave carriageway;None;Data missing or out of range;-1;Not known;Not known;-1;Data missing or out of range;-1;-1;-1;-1;Data missing or out of range;-1
2019010159013;518643;181309;-0.291441;51.518252;Metropolitan Police;Serious;2;1;23/01/2019;Wednesday;07:34;Ealing;Ealing;A;406;Slip road;30 MPH;Slip road;Give way or uncontrolled;Unclassified;0;None within 50 metres ;No physical crossing facilities within 50 metres;Daylight;Fine no high winds;Dry;None;Other object on road;Urban;Yes;E01001275;2;1;Driver or rider;Male;55;8;Serious;Not a Pedestrian;Not a Pedestrian;Not car passenger;Not a bus or coach passenger;No / Not applicable;1;Cyclist;More deprived 10-20%;1;Van / Goods 3.5 tonnes mgw or under;No tow/articulation;Turning left;Cycle lane (on main carriageway);Mid Junction - on roundabout or on main road;None;Other object;Did not leave carriageway;None;Nearside;1;Journey as part of work;Female;35;26 - 35;-1;-1;-1;4;Urban area;4
2019010159013;518643;181309;-0.291441;51.518252;Metropolitan Police;Serious;2;1;23/01/2019;Wednesday;07:34;Ealing;Ealing;A;406;Slip road;30 MPH;Slip road;Give way or uncontrolled;Unclassified;0;None within 50 metres ;No physical crossing facilities within 50 metres;Daylight;Fine no high winds;Dry;None;Other object on road;Urban;Yes;E01001275;2;1;Driver or rider;Male;55;8;Serious;Not a Pedestrian;Not a Pedestrian;Not car passenger;Not a bus or coach passenger;No / Not applicable;1;Cyclist;More deprived 10-20%;2;Pedal cycle;No tow/articulation;Going ahead left-hand bend;Cycleway or shared use footway (not part of  main carriageway);Approaching junction or waiting/parked at junction approach;Overturned;None;Did not leave carriageway;None;Offside;1;Not known;Male;55;46 - 55;-1;-1;-1;2;Urban area;2
2019010159015;510469;180229;-0.409537;51.510201;Metropolitan Police;Slight;1;2;23/01/2019;Wednesday;08:52;Hillingdon;Hillingdon;Unclassified;0;One way street;30 MPH;T or staggered junction;Give way or uncontrolled;Unclassified;0;None within 50 metres ;No physical crossing facilities within 50 metres;Daylight;Other;Frost or ice;None;None;Urban;Yes;E01002503;1;1;Pedestrian;Female;8;2;Slight;In carriageway, crossing elsewhere;Crossing from driver's offside;Not car passenger;Not a bus or coach passenger;No / Not applicable;0;Cyclist;More deprived 10-20%;1;Car;No tow/articulation;Going ahead other;On main c'way - not in restricted lane;Approaching junction or waiting/parked at junction approach;Skidded;Kerb;Did not leave carriageway;None;Front;1;Taking pupil to/from school;Male;32;26 - 35;-1;-1;-1;4;Urban area;4
2019010159015;510469;180229;-0.409537;51.510201;Metropolitan Police;Slight;1;2;23/01/2019;Wednesday;08:52;Hillingdon;Hillingdon;Unclassified;0;One way street;30 MPH;T or staggered junction;Give way or uncontrolled;Unclassified;0;None within 50 metres ;No physical crossing facilities within 50 metres;Daylight;Other;Frost or ice;None;None;Urban;Yes;E01002503;1;2;Pedestrian;Female;38;7;Slight;In carriageway, crossing elsewhere;Crossing from driver's offside;Not car passenger;Not a bus or coach passenger;No / Not applicable;0;Cyclist;More deprived 10-20%;1;Car;No tow/articulation;Going ahead other;On main c'way - not in restricted lane;Approaching junction or waiting/parked at junction approach;Skidded;Kerb;Did not leave carriageway;None;Front;1;Taking pupil to/from school;Male;32;26 - 35;-1;-1;-1;4;Urban area;4
2019010159024;538403;188651;-0.003934;51.579737;Metropolitan Police;Slight;1;1;23/01/2019;Wednesday;10:13;Waltham Forest;Waltham Forest;A;104;Dual carriageway;30 MPH;T or staggered junction;Give way or uncontrolled;Unclassified;0;Control by other authorised person;Zebra;Daylight;Fine no high winds;Wet or damp;Roadworks;None;Urban;Yes;E01004364;1;1;Pedestrian;Female;15;3;Slight;Crossing on pedestrian crossing facility;Crossing from driver's offside;Not car passenger;Not a bus or coach passenger;No / Not applicable;0;Cyclist;More deprived 10-20%;1;Car;No tow/articulation;Going ahead other;On main c'way - not in restricted lane;Cleared junction or waiting/parked at junction exit;None;None;Did not leave carriageway;None;Front;1;Not known;Female;42;36 - 45;-1;-1;-1;7;Small town;7
2019010159026;546442;169386;0.104016;51.404602;Metropolitan Police;Slight;1;1;23/01/2019;Wednesday;08:30;Bromley;Bromley;Unclassified;0;Single carriageway;30 MPH;T or staggered junction;Give way or uncontrolled;Unclassified;0;None within 50 metres ;Central refuge;Daylight;Other;Frost or ice;None;None;Urban;No - accident was reported using a self completion  form (self rep only);E01000737;1;1;Pedestrian;Female;45;7;Slight;On footway or verge;Unknown or other;Not car passenger;Not a bus or coach passenger;No / Not applicable;0;-1;Data missing or out of range;1;Car;No tow/articulation;Data missing or out of range;Data missing or out of range;Data missing or out of range;Data missing or out of range;Data missing or out of range;Data missing or out of range;Data missing or out of range;Front;-1;Not known;Female;33;26 - 35;-1;-1;-1;3;Urban area;3
2019010159046;534771;166757;-0.064667;51.383867;Metropolitan Police;Slight;2;1;23/01/2019;Wednesday;08:55;Croydon;Croydon;A;222;Single carriageway;30 MPH;T or staggered junction;Auto traffic signal;A;222;None within 50 metres ;No physical crossing facilities within 50 metres;Daylight;Other;Wet or damp;None;None;Urban;Yes;E01000992;2;1;Driver or rider;Male;56;9;Slight;Not a Pedestrian;Not a Pedestrian;Not car passenger;Not a bus or coach passenger;No / Not applicable;9;Cyclist;More deprived 10-20%;1;Car;No tow/articulation;Going ahead other;On main c'way - not in restricted lane;Cleared junction or waiting/parked at junction exit;None;None;Did not leave carriageway;None;Front;1;Commuting to/from work;Male;45;36 - 45;-1;-1;-1;4;Urban area;4
2019010159046;534771;166757;-0.064667;51.383867;Metropolitan Police;Slight;2;1;23/01/2019;Wednesday;08:55;Croydon;Croydon;A;222;Single carriageway;30 MPH;T or staggered junction;Auto traffic signal;A;222;None within 50 metres ;No physical crossing facilities within 50 metres;Daylight;Other;Wet or damp;None;None;Urban;Yes;E01000992;2;1;Driver or rider;Male;56;9;Slight;Not a Pedestrian;Not a Pedestrian;Not car passenger;Not a bus or coach passenger;No / Not applicable;9;Cyclist;More deprived 10-20%;2;Car;No tow/articulation;Going ahead other;On main c'way - not in restricted lane;Cleared junction or waiting/parked at junction exit;None;None;Did not leave carriageway;None;Back;1;Not known;Male;56;56 - 65;-1;-1;-1;2;Urban area;2
2019010159048;537418;177103;-0.022643;51.476205;Metropolitan Police;Serious;2;1;22/01/2019;Tuesday;19:30;Lewisham;Lewisham;A;2209;Roundabout;30 MPH;Roundabout;Data missing or out of range;Unclassified;0;None within 50 metres ;Central refuge;Darkness - lights lit;Raining no high winds;Wet or damp;Road surface defective;None;Urban;No - accident was reported using a self completion  form (self rep only);E01032579;1;1;Driver or rider;Female;34;6;Serious;Not a Pedestrian;Not a Pedestrian;Not car passenger;Not a bus or coach passenger;No / Not applicable;1;Cyclist;More deprived 20-30%;1;Pedal cycle;Data missing or out of range;Data missing or out of range;Data missing or out of range;Data missing or out of range;Data missing or out of range;Data missing or out of range;Data missing or out of range;Data missing or out of range;Data missing or out of range;1;Commuting to/from work;Female;34;26 - 35;-1;-1;-1;3;Urban area;3
2019010159048;537418;177103;-0.022643;51.476205;Metropolitan Police;Serious;2;1;22/01/2019;Tuesday;19:30;Lewisham;Lewisham;A;2209;Roundabout;30 MPH;Roundabout;Data missing or out of range;Unclassified;0;None within 50 metres ;Central refuge;Darkness - lights lit;Raining no high winds;Wet or damp;Road surface defective;None;Urban;No - accident was reported using a self completion  form (self rep only);E01032579;1;1;Driver or rider;Female;34;6;Serious;Not a Pedestrian;Not a Pedestrian;Not car passenger;Not a bus or coach passenger;No / Not applicable;1;Cyclist;More deprived 20-30%;2;Car;No tow/articulation;Data missing or out of range;Data missing or out of range;Data missing or out of range;Data missing or out of range;Data missing or out of range;Data missing or out of range;Data missing or out of range;Front;-1;Not known;Not known;43;36 - 45;-1;-1;-1;4;Urban area;4
2019010159049;538991;187512;0.004096;51.569357;Metropolitan Police;Slight;1;1;23/01/2019;Wednesday;09:38;Waltham Forest;Waltham Forest;C;0;Roundabout;20 MPH;Mini-roundabout;Give way or uncontrolled;Unclassified;0;None within 50 metres ;No physical crossing facilities within 50 metres;Daylight;Fine no high winds;Wet or damp;None;None;Urban;Yes;E01004439;1;1;Pedestrian;Female;38;7;Slight;In carriageway, crossing elsewhere;Crossing from driver's offside;Not car passenger;Not a bus or coach passenger;No / Not applicable;0;Cyclist;More deprived 30-40%;1;Car;No tow/articulation;Turning right;On main c'way - not in restricted lane;Leaving roundabout;None;None;Did not leave carriageway;None;Front;1;Journey as part of work;Male;46;46 - 55;-1;-1;-1;4;Urban area;4
2019010159063;534634;175765;-0.063215;51.46485;Metropolitan Police;Slight;2;2;23/01/2019;Wednesday;10:40;Southwark;Southwark;Unclassified;0;Single carriageway;20 MPH;Crossroads;Give way or uncontrolled;Unclassified;0;None within 50 metres ;No physical crossing facilities within 50 metres;Daylight;Fine no high winds;Dry;None;None;Urban;Yes;E01004064;1;1;Driver or rider;Male;16;4;Slight;Not a Pedestrian;Not a Pedestrian;Not car passenger;Not a bus or coach passenger;No / Not applicable;3;Cyclist;Most deprived 10%;1;Motorcycle 125cc and under;No tow/articulation;Going ahead other;On main c'way - not in restricted lane;Approaching junction or waiting/parked at junction approach;Skidded;None;Did not leave carriageway;None;Nearside;1;Not known;Male;16;16 - 20;-1;-1;-1;1;Urban area;1
2019010159063;534634;175765;-0.063215;51.46485;Metropolitan Police;Slight;2;2;23/01/2019;Wednesday;10:40;Southwark;Southwark;Unclassified;0;Single carriageway;20 MPH;Crossroads;Give way or uncontrolled;Unclassified;0;None within 50 metres ;No physical crossing facilities within 50 metres;Daylight;Fine no high winds;Dry;None;None;Urban;Yes;E01004064;1;1;Driver or rider;Male;16;4;Slight;Not a Pedestrian;Not a Pedestrian;Not car passenger;Not a bus or coach passenger;No / Not applicable;3;Cyclist;Most deprived 10%;2;Car;No tow/articulation;Going ahead other;On main c'way - not in restricted lane;Approaching junction or waiting/parked at junction approach;None;None;Did not leave carriageway;None;Offside;1;Commuting to/from work;Male;64;56 - 65;-1;-1;-1;3;Urban area;3
2019010159063;534634;175765;-0.063215;51.46485;Metropolitan Police;Slight;2;2;23/01/2019;Wednesday;10:40;Southwark;Southwark;Unclassified;0;Single carriageway;20 MPH;Crossroads;Give way or uncontrolled;Unclassified;0;None within 50 metres ;No physical crossing facilities within 50 metres;Daylight;Fine no high winds;Dry;None;None;Urban;Yes;E01004064;2;2;Driver or rider;Male;64;9;Slight;Not a Pedestrian;Not a Pedestrian;Not car passenger;Not a bus or coach passenger;No / Not applicable;9;Cyclist;More deprived 20-30%;1;Motorcycle 125cc and under;No tow/articulation;Going ahead other;On main c'way - not in restricted lane;Approaching junction or waiting/parked at junction approach;Skidded;None;Did not leave carriageway;None;Nearside;1;Not known;Male;16;16 - 20;-1;-1;-1;1;Urban area;1
2019010159063;534634;175765;-0.063215;51.46485;Metropolitan Police;Slight;2;2;23/01/2019;Wednesday;10:40;Southwark;Southwark;Unclassified;0;Single carriageway;20 MPH;Crossroads;Give way or uncontrolled;Unclassified;0;None within 50 metres ;No physical crossing facilities within 50 metres;Daylight;Fine no high winds;Dry;None;None;Urban;Yes;E01004064;2;2;Driver or rider;Male;64;9;Slight;Not a Pedestrian;Not a Pedestrian;Not car passenger;Not a bus or coach passenger;No / Not applicable;9;Cyclist;More deprived 20-30%;2;Car;No tow/articulation;Going ahead other;On main c'way - not in restricted lane;Approaching junction or waiting/parked at junction approach;None;None;Did not leave carriageway;None;Offside;1;Commuting to/from work;Male;64;56 - 65;-1;-1;-1;3;Urban area;3
2019010159064;525583;195614;-0.186357;51.645312;Metropolitan Police;Slight;1;1;17/01/2019;Thursday;14:10;Barnet;Barnet;Unclassified;0;Single carriageway;30 MPH;Data missing or out of range;Data missing or out of range;Unclassified;0;None within 50 metres ;No physical crossing facilities within 50 metres;Daylight;Fine no high winds;Dry;None;None;Urban;No - accident was reported using a self completion  form (self rep only);E01000269;1;1;Pedestrian;Female;59;9;Slight;Unknown or other;Unknown or other;Not car passenger;Not a bus or coach passenger;No / Not applicable;0;Cyclist;More deprived 20-30%;1;Car;No tow/articulation;Going ahead other;Data missing or out of range;Data missing or out of range;Data missing or out of range;Data missing or out of range;Data missing or out of range;Data missing or out of range;Front;1;Not known;Not known;-1;Data missing or out of range;-1;-1;-1;-1;Data missing or out of range;-1
2019010159066;522391;178415;-0.238453;51.491444;Metropolitan Police;Serious;3;1;23/01/2019;Wednesday;12:21;Hammersmith and Fulham;Hammersmith and Fulham;A;4;Single carriageway;20 MPH;Private drive or entrance;Give way or uncontrolled;Unclassified;0;None within 50 metres ;No physical crossing facilities within 50 metres;Daylight;Fine no high winds;Dry;None;None;Urban;Yes;E01001932;1;1;Driver or rider;Female;64;9;Serious;Not a Pedestrian;Not a Pedestrian;Not car passenger;Not a bus or coach passenger;No / Not applicable;9;Cyclist;Less deprived 30-40%;1;Car;No tow/articulation;Moving off;On main c'way - not in restricted lane;Cleared junction or waiting/parked at junction exit;None;Bollard or refuge;Did not leave carriageway;None;Front;1;Not known;Female;64;56 - 65;-1;-1;-1;7;Urban area;7
2019010159066;522391;178415;-0.238453;51.491444;Metropolitan Police;Serious;3;1;23/01/2019;Wednesday;12:21;Hammersmith and Fulham;Hammersmith and Fulham;A;4;Single carriageway;20 MPH;Private drive or entrance;Give way or uncontrolled;Unclassified;0;None within 50 metres ;No physical crossing facilities within 50 metres;Daylight;Fine no high winds;Dry;None;None;Urban;Yes;E01001932;1;1;Driver or rider;Female;64;9;Serious;Not a Pedestrian;Not a Pedestrian;Not car passenger;Not a bus or coach passenger;No / Not applicable;9;Cyclist;Less deprived 30-40%;2;Car;No tow/articulation;Parked;On main c'way - not in restricted lane;Cleared junction or waiting/parked at junction exit;None;None;Did not leave carriageway;None;Nearside;1;Not known;Not known;-1;Data missing or out of range;-1;-1;-1;-1;Data missing or out of range;-1
2019010159066;522391;178415;-0.238453;51.491444;Metropolitan Police;Serious;3;1;23/01/2019;Wednesday;12:21;Hammersmith and Fulham;Hammersmith and Fulham;A;4;Single carriageway;20 MPH;Private drive or entrance;Give way or uncontrolled;Unclassified;0;None within 50 metres ;No physical crossing facilities within 50 metres;Daylight;Fine no high winds;Dry;None;None;Urban;Yes;E01001932;1;1;Driver or rider;Female;64;9;Serious;Not a Pedestrian;Not a Pedestrian;Not car passenger;Not a bus or coach passenger;No / Not applicable;9;Cyclist;Less deprived 30-40%;3;Van / Goods 3.5 tonnes mgw or under;No tow/articulation;Parked;On main c'way - not in restricted lane;Cleared junction or waiting/parked at junction exit;None;None;Did not leave carriageway;None;Offside;1;Not known;Not known;-1;Data missing or out of range;-1;-1;-1;-1;Data missing or out of range;-1
2019010159068;541680;175272;0.037953;51.458702;Metropolitan Police;Slight;5;5;23/01/2019;Wednesday;11:26;Greenwich;Greenwich;A;2;Dual carriageway;50 MPH;Not at junction or within 20 metres;Data missing or out of range;-1;0;None within 50 metres ;No physical crossing facilities within 50 metres;Daylight;Fine no high winds;Dry;None;Previous accident;Urban;Yes;E01001625;1;1;Driver or rider;Female;31;6;Slight;Not a Pedestrian;Not a Pedestrian;Not car passenger;Not a bus or coach passenger;No / Not applicable;9;Cyclist;More deprived 20-30%;1;Car;No tow/articulation;Slowing or stopping;On main c'way - not in restricted lane;Not at or within 20 metres of junction;None;None;Did not leave carriageway;None;Back;1;Not known;Female;31;26 - 35;-1;-1;-1;3;Urban area;3
2019010159068;541680;175272;0.037953;51.458702;Metropolitan Police;Slight;5;5;23/01/2019;Wednesday;11:26;Greenwich;Greenwich;A;2;Dual carriageway;50 MPH;Not at junction or within 20 metres;Data missing or out of range;-1;0;None within 50 metres ;No physical crossing facilities within 50 metres;Daylight;Fine no high winds;Dry;None;Previous accident;Urban;Yes;E01001625;1;1;Driver or rider;Female;31;6;Slight;Not a Pedestrian;Not a Pedestrian;Not car passenger;Not a bus or coach passenger;No / Not applicable;9;Cyclist;More deprived 20-30%;2;Goods 7.5 tonnes mgw and over;Articulated vehicle;Going ahead other;On main c'way - not in restricted lane;Not at or within 20 metres of junction;None;None;Did not leave carriageway;None;Front;1;Journey as part of work;Male;52;46 - 55;-1;-1;-1;10;Urban area;10
2019010159068;541680;175272;0.037953;51.458702;Metropolitan Police;Slight;5;5;23/01/2019;Wednesday;11:26;Greenwich;Greenwich;A;2;Dual carriageway;50 MPH;Not at junction or within 20 metres;Data missing or out of range;-1;0;None within 50 metres ;No physical crossing facilities within 50 metres;Daylight;Fine no high winds;Dry;None;Previous accident;Urban;Yes;E01001625;1;1;Driver or rider;Female;31;6;Slight;Not a Pedestrian;Not a Pedestrian;Not car passenger;Not a bus or coach passenger;No / Not applicable;9;Cyclist;More deprived 20-30%;3;Car;No tow/articulation;Going ahead other;On main c'way - not in restricted lane;Not at or within 20 metres of junction;None;None;Did not leave carriageway;None;Back;1;Not known;Female;19;16 - 20;-1;-1;-1;-1;Data missing or out of range;-1
2019010159068;541680;175272;0.037953;51.458702;Metropolitan Police;Slight;5;5;23/01/2019;Wednesday;11:26;Greenwich;Greenwich;A;2;Dual carriageway;50 MPH;Not at junction or within 20 metres;Data missing or out of range;-1;0;None within 50 metres ;No physical crossing facilities within 50 metres;Daylight;Fine no high winds;Dry;None;Previous accident;Urban;Yes;E01001625;1;1;Driver or rider;Female;31;6;Slight;Not a Pedestrian;Not a Pedestrian;Not car passenger;Not a bus or coach passenger;No / Not applicable;9;Cyclist;More deprived 20-30%;4;Car;No tow/articulation;Going ahead other;On main c'way - not in restricted lane;Not at or within 20 metres of junction;None;None;Did not leave carriageway;None;Back;1;Not known;Male;26;26 - 35;-1;-1;-1;-1;Data missing or out of range;-1
2019010159068;541680;175272;0.037953;51.458702;Metropolitan Police;Slight;5;5;23/01/2019;Wednesday;11:26;Greenwich;Greenwich;A;2;Dual carriageway;50 MPH;Not at junction or within 20 metres;Data missing or out of range;-1;0;None within 50 metres ;No physical crossing facilities within 50 metres;Daylight;Fine no high winds;Dry;None;Previous accident;Urban;Yes;E01001625;1;1;Driver or rider;Female;31;6;Slight;Not a Pedestrian;Not a Pedestrian;Not car passenger;Not a bus or coach passenger;No / Not applicable;9;Cyclist;More deprived 20-30%;5;Car;No tow/articulation;Going ahead other;On main c'way - not in restricted lane;Not at or within 20 metres of junction;None;None;Did not leave carriageway;None;Front;1;Not known;Male;36;36 - 45;-1;-1;-1;-1;Data missing or out of range;-1
2019010159068;541680;175272;0.037953;51.458702;Metropolitan Police;Slight;5;5;23/01/2019;Wednesday;11:26;Greenwich;Greenwich;A;2;Dual carriageway;50 MPH;Not at junction or within 20 metres;Data missing or out of range;-1;0;None within 50 metres ;No physical crossing facilities within 50 metres;Daylight;Fine no high winds;Dry;None;Previous accident;Urban;Yes;E01001625;1;2;Passenger;Male;3;1;Slight;Not a Pedestrian;Not a Pedestrian;Rear seat passenger;Not a bus or coach passenger;No / Not applicable;9;Cyclist;More deprived 20-30%;1;Car;No tow/articulation;Slowing or stopping;On main c'way - not in restricted lane;Not at or within 20 metres of junction;None;None;Did not leave carriageway;None;Back;1;Not known;Female;31;26 - 35;-1;-1;-1;3;Urban area;3
2019010159068;541680;175272;0.037953;51.458702;Metropolitan Police;Slight;5;5;23/01/2019;Wednesday;11:26;Greenwich;Greenwich;A;2;Dual carriageway;50 MPH;Not at junction or within 20 metres;Data missing or out of range;-1;0;None within 50 metres ;No physical crossing facilities within 50 metres;Daylight;Fine no high winds;Dry;None;Previous accident;Urban;Yes;E01001625;1;2;Passenger;Male;3;1;Slight;Not a Pedestrian;Not a Pedestrian;Rear seat passenger;Not a bus or coach passenger;No / Not applicable;9;Cyclist;More deprived 20-30%;2;Goods 7.5 tonnes mgw and over;Articulated vehicle;Going ahead other;On main c'way - not in restricted lane;Not at or within 20 metres of junction;None;None;Did not leave carriageway;None;Front;1;Journey as part of work;Male;52;46 - 55;-1;-1;-1;10;Urban area;10
2019010159068;541680;175272;0.037953;51.458702;Metropolitan Police;Slight;5;5;23/01/2019;Wednesday;11:26;Greenwich;Greenwich;A;2;Dual carriageway;50 MPH;Not at junction or within 20 metres;Data missing or out of range;-1;0;None within 50 metres ;No physical crossing facilities within 50 metres;Daylight;Fine no high winds;Dry;None;Previous accident;Urban;Yes;E01001625;1;2;Passenger;Male;3;1;Slight;Not a Pedestrian;Not a Pedestrian;Rear seat passenger;Not a bus or coach passenger;No / Not applicable;9;Cyclist;More deprived 20-30%;3;Car;No tow/articulation;Going ahead other;On main c'way - not in restricted lane;Not at or within 20 metres of junction;None;None;Did not leave carriageway;None;Back;1;Not known;Female;19;16 - 20;-1;-1;-1;-1;Data missing or out of range;-1
2019010159068;541680;175272;0.037953;51.458702;Metropolitan Police;Slight;5;5;23/01/2019;Wednesday;11:26;Greenwich;Greenwich;A;2;Dual carriageway;50 MPH;Not at junction or within 20 metres;Data missing or out of range;-1;0;None within 50 metres ;No physical crossing facilities within 50 metres;Daylight;Fine no high winds;Dry;None;Previous accident;Urban;Yes;E01001625;1;2;Passenger;Male;3;1;Slight;Not a Pedestrian;Not a Pedestrian;Rear seat passenger;Not a bus or coach passenger;No / Not applicable;9;Cyclist;More deprived 20-30%;4;Car;No tow/articulation;Going ahead other;On main c'way - not in restricted lane;Not at or within 20 metres of junction;None;None;Did not leave carriageway;None;Back;1;Not known;Male;26;26 - 35;-1;-1;-1;-1;Data missing or out of range;-1
2019010159068;541680;175272;0.037953;51.458702;Metropolitan Police;Slight;5;5;23/01/2019;Wednesday;11:26;Greenwich;Greenwich;A;2;Dual carriageway;50 MPH;Not at junction or within 20 metres;Data missing or out of range;-1;0;None within 50 metres ;No physical crossing facilities within 50 metres;Daylight;Fine no high winds;Dry;None;Previous accident;Urban;Yes;E01001625;1;2;Passenger;Male;3;1;Slight;Not a Pedestrian;Not a Pedestrian;Rear seat passenger;Not a bus or coach passenger;No / Not applicable;9;Cyclist;More deprived 20-30%;5;Car;No tow/articulation;Going ahead other;On main c'way - not in restricted lane;Not at or within 20 metres of junction;None;None;Did not leave carriageway;None;Front;1;Not known;Male;36;36 - 45;-1;-1;-1;-1;Data missing or out of range;-1
2019010159068;541680;175272;0.037953;51.458702;Metropolitan Police;Slight;5;5;23/01/2019;Wednesday;11:26;Greenwich;Greenwich;A;2;Dual carriageway;50 MPH;Not at junction or within 20 metres;Data missing or out of range;-1;0;None within 50 metres ;No physical crossing facilities within 50 metres;Daylight;Fine no high winds;Dry;None;Previous accident;Urban;Yes;E01001625;3;3;Driver or rider;Female;19;4;Slight;Not a Pedestrian;Not a Pedestrian;Not car passenger;Not a bus or coach passenger;No / Not applicable;9;-1;Data missing or out of range;1;Car;No tow/articulation;Slowing or stopping;On main c'way - not in restricted lane;Not at or within 20 metres of junction;None;None;Did not leave carriageway;None;Back;1;Not known;Female;31;26 - 35;-1;-1;-1;3;Urban area;3