Accident_Index;Location_Easting_OSGR;Location_Northing_OSGR;Longitude;Latitude;Police_Force;Accident_Severity;Number_of_Vehicles;Number_of_Casualties;Date;Day_of_Week;Time;Local_Authority_(District);Local_Authority_(Highway);1st_Road_Class;1st_Road_Number;Road_Type;Speed_limit;Junction_Detail;Junction_Control;2nd_Road_Class;2nd_Road_Number;Pedestrian_Crossing-Human_Control;Pedestrian_Crossing-Physical_Facilities;Light_Conditions;Weather_Conditions;Road_Surface_Conditions;Special_Conditions_at_Site;Carriageway_Hazards;Urban_or_Rural_Area;Did_Police_Officer_Attend_Scene_of_Accident;LSOA_of_Accident_Location;Vehicle_Reference_x;Casualty_Reference;Casualty_Class;Sex_of_Casualty;Age_of_Casualty;Age_Band_of_Casualty;Casualty_Severity;Pedestrian_Location;Pedestrian_Movement;Car_Passenger;Bus_or_Coach_Passenger;Pedestrian_Road_Maintenance_Worker;Casualty_Type;Casualty_Home_Area_Type;Casualty_IMD_Decile;Vehicle_Reference_y;Vehicle_Type;Towing_and_Articulation;Vehicle_Manoeuvre;Vehicle_Location-Restricted_Lane;Junction_Location;Skidding_and_Overturning;Hit_Object_in_Carriageway;Vehicle_Leaving_Carriageway;Hit_Object_off_Carriageway;1st_Point_of_Impact;Was_Vehicle_Left_Hand_Drive?;Journey_Purpose_of_Driver;Sex_of_Driver;Age_of_Driver;Age_Band_of_Driver;Engine_Capacity_(CC);Propulsion_Code;Age_of_Vehicle;Driver_IMD_Decile;Driver_Home_Area_Type;Vehicle_IMD_Decile
2019010159068;541680;175272;0.037953;51.458702;Metropolitan Police;Slight;5;5;23/01/2019;Wednesday;11:26;Greenwich;Greenwich;A;2;Dual carriageway;50 MPH;Not at junction or within 20 metres;Data missing or out of range;-1;0;None within 50 metres ;No physical crossing facilities within 50 metres;Daylight;Fine no high winds;Dry;None;Previous accident;Urban;Yes;E01001625;3;3;Driver or rider;Female;19;4;Slight;Not a Pedestrian;Not a Pedestrian;Not car passenger;Not a bus or coach passenger;No / Not applicable;9;-1;Data missing or out of range;2;Goods 7.5 tonnes mgw and over;Articulated vehicle;Going ahead other;On main c'way - not in restricted lane;Not at or within 20 metres of junction;None;None;Did not leave carriageway;None;Front;1;Journey as part of work;Male;52;46 - 55;-1;-1;-1;10;Urban area;10
2019010159068;541680;175272;0.037953;51.458702;Metropolitan Police;Slight;5;5;23/01/2019;Wednesday;11:26;Greenwich;Greenwich;A;2;Dual carriageway;50 MPH;Not at junction or within 20 metres;Data missing or out of range;-1;0;None within 50 metres ;No physical crossing facilities within 50 metres;Daylight;Fine no high winds;Dry;None;Previous accident;Urban;Yes;E01001625;3;3;Driver or rider;Female;19;4;Slight;Not a Pedestrian;Not a Pedestrian;Not car passenger;Not a bus or coach passenger;No / Not applicable;9;-1;Data missing or out of range;3;Car;No tow/articulation;Going ahead other;On main c'way - not in restricted lane;Not at or within 20 metres of junction;None;None;Did not leave carriageway;None;Back;1;Not known;Female;19;16 - 20;-1;-1;-1;-1;Data missing or out of range;-1
2019010159068;541680;175272;0.037953;51.458702;Metropolitan Police;Slight;5;5;23/01/2019;Wednesday;11:26;Greenwich;Greenwich;A;2;Dual carriageway;50 MPH;Not at junction or within 20 metres;Data missing or out of range;-1;0;None within 50 metres ;No physical crossing facilities within 50 metres;Daylight;Fine no high winds;Dry;None;Previous accident;Urban;Yes;E01001625;3;3;Driver or rider;Female;19;4;Slight;Not a Pedestrian;Not a Pedestrian;Not car passenger;Not a bus or coach passenger;No / Not applicable;9;-1;Data missing or out of range;4;Car;No tow/articulation;Going ahead other;On main c'way - not in restricted lane;Not at or within 20 metres of junction;None;None;Did not leave carriageway;None;Back;1;Not known;Male;26;26 - 35;-1;-1;-1;-1;Data missing or out of range;-1
2019010159068;541680;175272;0.037953;51.458702;Metropolitan Police;Slight;5;5;23/01/2019;Wednesday;11:26;Greenwich;Greenwich;A;2;Dual carriageway;50 MPH;Not at junction or within 20 metres;Data missing or out of range;-1;0;None within 50 metres ;No physical crossing facilities within 50 metres;Daylight;Fine no high winds;Dry;None;Previous accident;Urban;Yes;E01001625;3;3;Driver or rider;Female;19;4;Slight;Not a Pedestrian;Not a Pedestrian;Not car passenger;Not a bus or coach passenger;No / Not applicable;9;-1;Data missing or out of range;5;Car;No tow/articulation;Going ahead other;On main c'way - not in restricted lane;Not at or within 20 metres of junction;None;None;Did not leave carriageway;None;Front;1;Not known;Male;36;36 - 45;-1;-1;-1;-1;Data missing or out of range;-1
2019010159068;541680;175272;0.037953;51.458702;Metropolitan Police;Slight;5;5;23/01/2019;Wednesday;11:26;Greenwich;Greenwich;A;2;Dual carriageway;50 MPH;Not at junction or within 20 metres;Data missing or out of range;-1;0;None within 50 metres ;No physical crossing facilities within 50 metres;Daylight;Fine no high winds;Dry;None;Previous accident;Urban;Yes;E01001625;4;4;Driver or rider;Male;26;6;Slight;Not a Pedestrian;Not a Pedestrian;Not car passenger;Not a bus or coach passenger;No / Not applicable;9;-1;Data missing or out of range;1;Car;No tow/articulation;Slowing or stopping;On main c'way - not in restricted lane;Not at or within 20 metres of junction;None;None;Did not leave carriageway;None;Back;1;Not known;Female;31;26 - 35;-1;-1;-1;3;Urban area;3
2019010159068;541680;175272;0.037953;51.458702;Metropolitan Police;Slight;5;5;23/01/2019;Wednesday;11:26;Greenwich;Greenwich;A;2;Dual carriageway;50 MPH;Not at junction or within 20 metres;Data missing or out of range;-1;0;None within 50 metres ;No physical crossing facilities within 50 metres;Daylight;Fine no high winds;Dry;None;Previous accident;Urban;Yes;E01001625;4;4;Driver or rider;Male;26;6;Slight;Not a Pedestrian;Not a Pedestrian;Not car passenger;Not a bus or coach passenger;No / Not applicable;9;-1;Data missing or out of range;2;Goods 7.5 tonnes mgw and over;Articulated vehicle;Going ahead other;On main c'way - not in restricted lane;Not at or within 20 metres of junction;None;None;Did not leave carriageway;None;Front;1;Journey as part of work;Male;52;46 - 55;-1;-1;-1;10;Urban area;10
2019010159068;541680;175272;0.037953;51.458702;Metropolitan Police;Slight;5;5;23/01/2019;Wednesday;11:26;Greenwich;Greenwich;A;2;Dual carriageway;50 MPH;Not at junction or within 20 metres;Data missing or out of range;-1;0;None within 50 metres ;No physical crossing facilities within 50 metres;Daylight;Fine no high winds;Dry;None;Previous accident;Urban;Yes;E01001625;4;4;Driver or rider;Male;26;6;Slight;Not a Pedestrian;Not a Pedestrian;Not car passenger;Not a bus or coach passenger;No / Not applicable;9;-1;Data missing or out of range;3;Car;No tow/articulation;Going ahead other;On main c'way - not in restricted lane;Not at or within 20 metres of junction;None;None;Did not leave carriageway;None;Back;1;Not known;Female;19;16 - 20;-1;-1;-1;-1;Data missing or out of range;-1
2019010159068;541680;175272;0.037953;51.458702;Metropolitan Police;Slight;5;5;23/01/2019;Wednesday;11:26;Greenwich;Greenwich;A;2;Dual carriageway;50 MPH;Not at junction or within 20 metres;Data missing or out of range;-1;0;None within 50 metres ;No physical crossing facilities within 50 metres;Daylight;Fine no high winds;Dry;None;Previous accident;Urban;Yes;E01001625;4;4;Driver or rider;Male;26;6;Slight;Not a Pedestrian;Not a Pedestrian;Not car passenger;Not a bus or coach passenger;No / Not applicable;9;-1;Data missing or out of range;4;Car;No tow/articulation;Going ahead other;On main c'way - not in restricted lane;Not at or within 20 metres of junction;None;None;Did not leave carriageway;None;Back;1;Not known;Male;26;26 - 35;-1;-1;-1;-1;Data missing or out of range;-1
2019010159068;541680;175272;0.037953;51.458702;Metropolitan Police;Slight;5;5;23/01/2019;Wednesday;11:26;Greenwich;Greenwich;A;2;Dual carriageway;50 MPH;Not at junction or within 20 metres;Data missing or out of range;-1;0;None within 50 metres ;No physical crossing facilities within 50 metres;Daylight;Fine no high winds;Dry;None;Previous accident;Urban;Yes;E01001625;4;4;Driver or rider;Male;26;6;Slight;Not a Pedestrian;Not a Pedestrian;Not car passenger;Not a bus or coach passenger;No / Not applicable;9;-1;Data missing or out of range;5;Car;No tow/articulation;Going ahead other;On main c'way - not in restricted lane;Not at or within 20 metres of junction;None;None;Did not leave carriageway;None;Front;1;Not known;Male;36;36 - 45;-1;-1;-1;-1;Data missing or out of range;-1
2019010159068;541680;175272;0.037953;51.458702;Metropolitan Police;Slight;5;5;23/01/2019;Wednesday;11:26;Greenwich;Greenwich;A;2;Dual carriageway;50 MPH;Not at junction or within 20 metres;Data missing or out of range;-1;0;None within 50 metres ;No physical crossing facilities within 50 metres;Daylight;Fine no high winds;Dry;None;Previous accident;Urban;Yes;E01001625;5;5;Driver or rider;Male;36;7;Slight;Not a Pedestrian;Not a Pedestrian;Not car passenger;Not a bus or coach passenger;No / Not applicable;9;-1;Data missing or out of range;1;Car;No tow/articulation;Slowing or stopping;On main c'way - not in restricted lane;Not at or within 20 metres of junction;None;None;Did not leave carriageway;None;Back;1;Not known;Female;31;26 - 35;-1;-1;-1;3;Urban area;3
2019010159068;541680;175272;0.037953;51.458702;Metropolitan Police;Slight;5;5;23/01/2019;Wednesday;11:26;Greenwich;Greenwich;A;2;Dual carriageway;50 MPH;Not at junction or within 20 metres;Data missing or out of range;-1;0;None within 50 metres ;No physical crossing facilities within 50 metres;Daylight;Fine no high winds;Dry;None;Previous accident;Urban;Yes;E01001625;5;5;Driver or rider;Male;36;7;Slight;Not a Pedestrian;Not a Pedestrian;Not car passenger;Not a bus or coach passenger;No / Not applicable;9;-1;Data missing or out of range;2;Goods 7.5 tonnes mgw and over;Articulated vehicle;Going ahead other;On main c'way - not in restricted lane;Not at or within 20 metres of junction;None;None;Did not leave carriageway;None;Front;1;Journey as part of work;Male;52;46 - 55;-1;-1;-1;10;Urban area;10
2019010159068;541680;175272;0.037953;51.458702;Metropolitan Police;Slight;5;5;23/01/2019;Wednesday;11:26;Greenwich;Greenwich;A;2;Dual carriageway;50 MPH;Not at junction or within 20 metres;Data missing or out of range;-1;0;None within 50 metres ;No physical crossing facilities within 50 metres;Daylight;Fine no high winds;Dry;None;Previous accident;Urban;Yes;E01001625;5;5;Driver or rider;Male;36;7;Slight;Not a Pedestrian;Not a Pedestrian;Not car passenger;Not a bus or coach passenger;No / Not applicable;9;-1;Data missing or out of range;3;Car;No tow/articulation;Going ahead other;On main c'way - not in restricted lane;Not at or within 20 metres of junction;None;None;Did not leave carriageway;None;Back;1;Not known;Female;19;16 - 20;-1;-1;-1;-1;Data missing or out of range;-1
2019010159068;541680;175272;0.037953;51.458702;Metropolitan Police;Slight;5;5;23/01/2019;Wednesday;11:26;Greenwich;Greenwich;A;2;Dual carriageway;50 MPH;Not at junction or within 20 metres;Data missing or out of range;-1;0;None within 50 metres ;No physical crossing facilities within 50 metres;Daylight;Fine no high winds;Dry;None;Previous accident;Urban;Yes;E01001625;5;5;Driver or rider;Male;36;7;Slight;Not a Pedestrian;Not a Pedestrian;Not car passenger;Not a bus or coach passenger;No / Not applicable;9;-1;Data missing or out of range;4;Car;No tow/articulation;Going ahead other;On main c'way - not in restricted lane;Not at or within 20 metres of junction;None;None;Did not leave carriageway;None;Back;1;Not known;Male;26;26 - 35;-1;-1;-1;-1;Data missing or out of range;-1
2019010159068;541680;175272;0.037953;51.458702;Metropolitan Police;Slight;5;5;23/01/2019;Wednesday;11:26;Greenwich;Greenwich;A;2;Dual carriageway;50 MPH;Not at junction or within 20 metres;Data missing or out of range;-1;0;None within 50 metres ;No physical crossing facilities within 50 metres;Daylight;Fine no high winds;Dry;None;Previous accident;Urban;Yes;E01001625;5;5;Driver or rider;Male;36;7;Slight;Not a Pedestrian;Not a Pedestrian;Not car passenger;Not a bus or coach passenger;No / Not applicable;9;-1;Data missing or out of range;5;Car;No tow/articulation;Going ahead other;On main c'way - not in restricted lane;Not at or within 20 metres of junction;None;None;Did not leave carriageway;None;Front;1;Not known;Male;36;36 - 45;-1;-1;-1;-1;Data missing or out of range;-1
2019010159072;506102;178797;-0.472871;51.498166;Metropolitan Police;Slight;2;1;23/01/2019;Wednesday;09:20;Hillingdon;Hillingdon;Unclassified;0;Single carriageway;20 MPH;Not at junction or within 20 metres;Data missing or out of range;-1;0;None within 50 metres ;No physical crossing facilities within 50 metres;Daylight;Fine no high winds;Wet or damp;None;None;Urban;Yes;E01002525;1;1;Driver or rider;Female;34;6;Slight;Not a Pedestrian;Not a Pedestrian;Not car passenger;Not a bus or coach passenger;No / Not applicable;9;Cyclist;More deprived 10-20%;1;Car;No tow/articulation;Going ahead other;Footway (pavement);Not at or within 20 metres of junction;None;None;Did not leave carriageway;None;Front;1;Taking pupil to/from school;Female;34;26 - 35;-1;-1;-1;2;Urban area;2
2019010159072;506102;178797;-0.472871;51.498166;Metropolitan Police;Slight;2;1;23/01/2019;Wednesday;09:20;Hillingdon;Hillingdon;Unclassified;0;Single carriageway;20 MPH;Not at junction or within 20 metres;Data missing or out of range;-1;0;None within 50 metres ;No physical crossing facilities within 50 metres;Daylight;Fine no high winds;Wet or damp;None;None;Urban;Yes;E01002525;1;1;Driver or rider;Female;34;6;Slight;Not a Pedestrian;Not a Pedestrian;Not car passenger;Not a bus or coach passenger;No / Not applicable;9;Cyclist;More deprived 10-20%;2;Van / Goods 3.5 tonnes mgw or under;No tow/articulation;Parked;On main c'way - not in restricted lane;Not at or within 20 metres of junction;None;None;Did not leave carriageway;None;Front;1;Not known;Not known;-1;Data missing or out of range;-1;-1;-1;-1;Data missing or out of range;-1
2019010159073;530790;182304;-0.116098;51.524516;Metropolitan Police;Slight;1;1;23/01/2019;Wednesday;09:21;Camden;Camden;A;5200;Single carriageway;20 MPH;More than 4 arms (not roundabout);Auto traffic signal;B;502;None within 50 metres ;Pelican, puffin, toucan or similar non-junction pedestrian light crossing;Daylight;Fine no high winds;Dry;None;None;Urban;Yes;E01000936;1;1;Pedestrian;Female;26;6;Slight;Crossing on pedestrian crossing facility;Crossing from driver's nearside;Not car passenger;Not a bus or coach passenger;No / Not applicable;0;Cyclist;More deprived 20-30%;1;Car;No tow/articulation;Moving off;On main c'way - not in restricted lane;Cleared junction or waiting/parked at junction exit;None;None;Did not leave carriageway;None;Front;1;Journey as part of work;Female;31;26 - 35;-1;-1;-1;3;Urban area;3
2019010159075;533582;186016;-0.074469;51.55722;Metropolitan Police;Slight;1;1;23/01/2019;Wednesday;12:20;Hackney;Hackney;A;10;One way street;20 MPH;More than 4 arms (not roundabout);Stop sign;A;10;None within 50 metres ;Pelican, puffin, toucan or similar non-junction pedestrian light crossing;Daylight;Fine no high winds;Wet or damp;None;None;Urban;Yes;E01001832;1;1;Driver or rider;Male;46;8;Slight;Not a Pedestrian;Not a Pedestrian;Not car passenger;Not a bus or coach passenger;No / Not applicable;9;Cyclist;Most deprived 10%;1;Car;No tow/articulation;Going ahead left-hand bend;Footway (pavement);Entering main road;None;Kerb;Straight ahead at junction;Road sign or traffic signal;Front;1;Not known;Male;46;46 - 55;-1;-1;-1;1;Urban area;1
2019010159077;521195;190572;-0.251486;51.600961;Metropolitan Police;Serious;1;1;23/01/2019;Wednesday;07:50;Barnet;Barnet;Unclassified;0;Single carriageway;30 MPH;Other junction;Authorised person;Unclassified;0;None within 50 metres ;No physical crossing facilities within 50 metres;Daylight;Fine no high winds;Wet or damp;None;None;Urban;Yes;E01000126;1;1;Pedestrian;Male;30;6;Serious;In carriageway, crossing elsewhere;Crossing from offside - masked by  parked or stationary vehicle;Not car passenger;Not a bus or coach passenger;No / Not applicable;0;Cyclist;More deprived 40-50%;1;Car;No tow/articulation;Going ahead other;On main c'way - not in restricted lane;Approaching junction or waiting/parked at junction approach;None;None;Did not leave carriageway;None;Nearside;1;Commuting to/from work;Female;49;46 - 55;-1;-1;-1;2;Urban area;2
2019010159086;548743;187591;0.144736;51.567581;Metropolitan Police;Slight;5;1;23/01/2019;Wednesday;09:11;Barking and Dagenham;Barking and Dagenham;A;1112;Dual carriageway;30 MPH;T or staggered junction;Auto traffic signal;C;0;None within 50 metres ;Central refuge;Daylight;Fine + high winds;Frost or ice;None;None;Urban;Yes;E01000111;1;1;Driver or rider;Female;35;6;Slight;Not a Pedestrian;Not a Pedestrian;Not car passenger;Not a bus or coach passenger;No / Not applicable;9;-1;Data missing or out of range;1;Car;No tow/articulation;Changing lane to right;On main c'way - not in restricted lane;Approaching junction or waiting/parked at junction approach;None;None;Did not leave carriageway;None;Offside;1;Not known;Female;35;26 - 35;-1;-1;-1;-1;Data missing or out of range;-1
2019010159086;548743;187591;0.144736;51.567581;Metropolitan Police;Slight;5;1;23/01/2019;Wednesday;09:11;Barking and Dagenham;Barking and Dagenham;A;1112;Dual carriageway;30 MPH;T or staggered junction;Auto traffic signal;C;0;None within 50 metres ;Central refuge;Daylight;Fine + high winds;Frost or ice;None;None;Urban;Yes;E01000111;1;1;Driver or rider;Female;35;6;Slight;Not a Pedestrian;Not a Pedestrian;Not car passenger;Not a bus or coach passenger;No / Not applicable;9;-1;Data missing or out of range;2;Car;No tow/articulation;Overtaking - nearside;On main c'way - not in restricted lane;Approaching junction or waiting/parked at junction approach;Skidded;Bollard or refuge;Offside - crossed central reservation;Road sign or traffic signal;Nearside;1;Not known;Male;33;26 - 35;-1;-1;-1;-1;Data missing or out of range;-1
2019010159086;548743;187591;0.144736;51.567581;Metropolitan Police;Slight;5;1;23/01/2019;Wednesday;09:11;Barking and Dagenham;Barking and Dagenham;A;1112;Dual carriageway;30 MPH;T or staggered junction;Auto traffic signal;C;0;None within 50 metres ;Central refuge;Daylight;Fine + high winds;Frost or ice;None;None;Urban;Yes;E01000111;1;1;Driver or rider;Female;35;6;Slight;Not a Pedestrian;Not a Pedestrian;Not car passenger;Not a bus or coach passenger;No / Not applicable;9;-1;Data missing or out of range;3;Car;No tow/articulation;Waiting to go - held up;On main c'way - not in restricted lane;Approaching junction or waiting/parked at junction approach;None;None;Did not leave carriageway;None;Back;1;Not known;Female;43;36 - 45;-1;-1;-1;-1;Data missing or out of range;-1
2019010159086;548743;187591;0.144736;51.567581;Metropolitan Police;Slight;5;1;23/01/2019;Wednesday;09:11;Barking and Dagenham;Barking and Dagenham;A;1112;Dual carriageway;30 MPH;T or staggered junction;Auto traffic signal;C;0;None within 50 metres ;Central refuge;Daylight;Fine + high winds;Frost or ice;None;None;Urban;Yes;E01000111;1;1;Driver or rider;Female;35;6;Slight;Not a Pedestrian;Not a Pedestrian;Not car passenger;Not a bus or coach passenger;No / Not applicable;9;-1;Data missing or out of range;4;Car;No tow/articulation;Waiting to turn right;On main c'way - not in restricted lane;Mid Junction - on roundabout or on main road;None;None;Did not leave carriageway;None;Front;1;Not known;Male;60;56 - 65;-1;-1;-1;-1;Data missing or out of range;-1
2019010159086;548743;187591;0.144736;51.567581;Metropolitan Police;Slight;5;1;23/01/2019;Wednesday;09:11;Barking and Dagenham;Barking and Dagenham;A;1112;Dual carriageway;30 MPH;T or staggered junction;Auto traffic signal;C;0;None within 50 metres ;Central refuge;Daylight;Fine + high winds;Frost or ice;None;None;Urban;Yes;E01000111;1;1;Driver or rider;Female;35;6;Slight;Not a Pedestrian;Not a Pedestrian;Not car passenger;Not a bus or coach passenger;No / Not applicable;9;-1;Data missing or out of range;5;Car;No tow/articulation;Going ahead other;On main c'way - not in restricted lane;Approaching junction or waiting/parked at junction approach;None;None;Did not leave carriageway;None;Front;1;Not known;Male;40;36 - 45;-1;-1;-1;5;Urban area;5
2019010159087;551854;188814;0.190115;51.577741;Metropolitan Police;Slight;2;1;23/01/2019;Wednesday;12:57;Havering;Havering;Unclassified;0;Single carriageway;30 MPH;Crossroads;Give way or uncontrolled;Unclassified;0;None within 50 metres ;No physical crossing facilities within 50 metres;Daylight;Fine no high winds;Dry;None;None;Urban;Yes;E01032741;2;1;Driver or rider;Male;84;11;Slight;Not a Pedestrian;Not a Pedestrian;Not car passenger;Not a bus or coach passenger;No / Not applicable;1;Cyclist;Less deprived 40-50%;1;Car;No tow/articulation;Turning right;On main c'way - not in restricted lane;Mid Junction - on roundabout or on main road;None;None;Did not leave carriageway;None;Front;1;Not known;Female;68;66 - 75;-1;-1;-1;9;Urban area;9
2019010159087;551854;188814;0.190115;51.577741;Metropolitan Police;Slight;2;1;23/01/2019;Wednesday;12:57;Havering;Havering;Unclassified;0;Single carriageway;30 MPH;Crossroads;Give way or uncontrolled;Unclassified;0;None within 50 metres ;No physical crossing facilities within 50 metres;Daylight;Fine no high winds;Dry;None;None;Urban;Yes;E01032741;2;1;Driver or rider;Male;84;11;Slight;Not a Pedestrian;Not a Pedestrian;Not car passenger;Not a bus or coach passenger;No / Not applicable;1;Cyclist;Less deprived 40-50%;2;Pedal cycle;No tow/articulation;Going ahead other;On main c'way - not in restricted lane;Mid Junction - on roundabout or on main road;None;None;Did not leave carriageway;None;Offside;1;Not known;Male;84;Over 75;-1;-1;-1;6;Urban area;6
2019010159092;538521;183816;-0.004135;51.536261;Metropolitan Police;Serious;2;1;23/01/2019;Wednesday;09:25;Newham;Newham;A;11;One way street;30 MPH;More than 4 arms (not roundabout);Stop sign;A;115;None within 50 metres ;Pedestrian phase at traffic signal junction;Daylight;Fine no high winds;Dry;Road sign or marking defective or obscured;Vehicle load on road;Urban;Yes;E01033583;2;1;Driver or rider;Male;39;7;Serious;Not a Pedestrian;Not a Pedestrian;Not car passenger;Not a bus or coach passenger;No / Not applicable;4;Cyclist;More deprived 20-30%;1;Car;No tow/articulation;Turning right;On main c'way - not in restricted lane;Entering main road;None;Other object;Did not leave carriageway;None;Front;1;Not known;Male;26;26 - 35;-1;-1;-1;3;Urban area;3
2019010159092;538521;183816;-0.004135;51.536261;Metropolitan Police;Serious;2;1;23/01/2019;Wednesday;09:25;Newham;Newham;A;11;One way street;30 MPH;More than 4 arms (not roundabout);Stop sign;A;115;None within 50 metres ;Pedestrian phase at traffic signal junction;Daylight;Fine no high winds;Dry;Road sign or marking defective or obscured;Vehicle load on road;Urban;Yes;E01033583;2;1;Driver or rider;Male;39;7;Serious;Not a Pedestrian;Not a Pedestrian;Not car passenger;Not a bus or coach passenger;No / Not applicable;4;Cyclist;More deprived 20-30%;2;Motorcycle over 125cc and up to 500cc;No tow/articulation;Going ahead other;On main c'way - not in restricted lane;Approaching junction or waiting/parked at junction approach;Overturned;Other object;Did not leave carriageway;None;Offside;1;Not known;Male;39;36 - 45;-1;-1;-1;3;Urban area;3
2019010159100;547409;174507;0.120037;51.450366;Metropolitan Police;Slight;2;1;23/01/2019;Wednesday;15:30;Bexley;Bexley;A;221;Dual carriageway;30 MPH;Not at junction or within 20 metres;Data missing or out of range;-1;0;None within 50 metres ;No physical crossing facilities within 50 metres;Daylight;Fine no high winds;Wet or damp;None;Other object on road;Urban;Yes;E01000390;2;1;Driver or rider;Male;48;8;Slight;Not a Pedestrian;Not a Pedestrian;Not car passenger;Not a bus or coach passenger;No / Not applicable;9;Motorcycle 50cc and under rider or passenger;Less deprived 40-50%;1;Car;No tow/articulation;Going ahead right-hand bend;On main c'way - not in restricted lane;Not at or within 20 metres of junction;Skidded;None;Did not leave carriageway;None;Front;1;Not known;Male;31;26 - 35;-1;-1;-1;7;Urban area;7
2019010159100;547409;174507;0.120037;51.450366;Metropolitan Police;Slight;2;1;23/01/2019;Wednesday;15:30;Bexley;Bexley;A;221;Dual carriageway;30 MPH;Not at junction or within 20 metres;Data missing or out of range;-1;0;None within 50 metres ;No physical crossing facilities within 50 metres;Daylight;Fine no high winds;Wet or damp;None;Other object on road;Urban;Yes;E01000390;2;1;Driver or rider;Male;48;8;Slight;Not a Pedestrian;Not a Pedestrian;Not car passenger;Not a bus or coach passenger;No / Not applicable;9;Motorcycle 50cc and under rider or passenger;Less deprived 40-50%;2;Car;No tow/articulation;Going ahead right-hand bend;On main c'way - not in restricted lane;Not at or within 20 metres of junction;None;Other object;Did not leave carriageway;None;Front;1;Not known;Male;48;46 - 55;-1;-1;-1;6;Small town;6
2019010159103;517375;174223;-0.312061;51.45483;Metropolitan Police;Serious;1;1;23/01/2019;Wednesday;13:30;Richmond upon Thames;Richmond upon Thames;A;3004;Single carriageway;30 MPH;More than 4 arms (not roundabout);Auto traffic signal;A;305;None within 50 metres ;Pedestrian phase at traffic signal junction;Daylight;Fine no high winds;Dry;None;None;Urban;Yes;E01003894;1;1;Pedestrian;Male;19;4;Serious;Unknown or other;Unknown or other;Not car passenger;Not a bus or coach passenger;No / Not applicable;0;Cyclist;More deprived 30-40%;1;Car;No tow/articulation;Going ahead other;On main c'way - not in restricted lane;Mid Junction - on roundabout or on main road;None;None;Did not leave carriageway;None;Front;1;Not known;Not known;-1;Data missing or out of range;-1;-1;-1;-1;Data missing or out of range;-1
2019010159113;546518;185784;0.111904;51.551926;Metropolitan Police;Slight;1;1;23/01/2019;Wednesday;15:28;Barking and Dagenham;Barking and Dagenham;A;124;Single carriageway;30 MPH;Not at junction or within 20 metres;Data missing or out of range;-1;0;None within 50 metres ;Pelican, puffin, toucan or similar non-junction pedestrian light crossing;Daylight;Fine no high winds;Dry;None;None;Urban;Yes;E01000023;1;1;Pedestrian;Male;6;2;Slight;Crossing on pedestrian crossing facility;Crossing from driver's offside;Not car passenger;Not a bus or coach passenger;No / Not applicable;0;Cyclist;More deprived 10-20%;1;Van / Goods 3.5 tonnes mgw or under;No tow/articulation;Going ahead other;On main c'way - not in restricted lane;Not at or within 20 metres of junction;None;None;Did not leave carriageway;None;Front;1;Not known;Male;44;36 - 45;-1;-1;-1;6;Urban area;6
2019010159116;541049;183396;0.032122;51.531861;Metropolitan Police;Serious;1;1;23/01/2019;Wednesday;15:15;Newham;Newham;Unclassified;0;Single carriageway;30 MPH;Not at junction or within 20 metres;Data missing or out of range;-1;0;None within 50 metres ;Data missing or out of range;Daylight;Fine no high winds;Dry;Data missing or out of range;Data missing or out of range;Urban;No - accident was reported using a self completion  form (self rep only);E01003599;1;1;Pedestrian;Female;Data missing or out of range;-1;Serious;Unknown or other;Unknown or other;Not car passenger;Not a bus or coach passenger;No / Not applicable;0;Cyclist;More deprived 10-20%;1;Car;Data missing or out of range;Data missing or out of range;Data missing or out of range;Data missing or out of range;Data missing or out of range;Data missing or out of range;Data missing or out of range;Data missing or out of range;Data missing or out of range;-1;Not known;Male;36;36 - 45;-1;-1;-1;3;Data missing or out of range;3
2019010159118;525952;164407;-0.192161;51.36477;Metropolitan Police;Slight;1;1;18/01/2019;Friday;11:05;Sutton;Sutton;B;2230;Unknown;30 MPH;Not at junction or within 20 metres;Data missing or out of range;-1;0;Data missing or out of range;Data missing or out of range;Daylight;Unknown;Data missing or out of range;Data missing or out of range;Data missing or out of range;Urban;No - accident was reported using a self completion  form (self rep only);E01004142;1;1;Passenger;Male;Data missing or out of range;-1;Slight;Not a Pedestrian;Not a Pedestrian;Not car passenger;Data missing or out of range;No / Not applicable;11;Cyclist;More deprived 30-40%;1;Bus or coach (17 or more pass seats);Data missing or out of range;Moving off;Data missing or out of range;Not at or within 20 metres of junction;Data missing or out of range;Data missing or out of range;Data missing or out of range;Data missing or out of range;Data missing or out of range;1;Not known;Male;59;56 - 65;-1;-1;-1;6;Urban area;6
2019010159121;552163;184712;0.192799;51.540802;Metropolitan Police;Slight;2;1;19/01/2019;Saturday;14:15;Havering;Havering;Unclassified;0;Single carriageway;30 MPH;T or staggered junction;Give way or uncontrolled;Unclassified;0;None within 50 metres ;No physical crossing facilities within 50 metres;Daylight;Fine no high winds;Dry;None;None;Urban;No - accident was reported using a self completion  form (self rep only);E01002266;1;1;Driver or rider;Female;35;6;Slight;Not a Pedestrian;Not a Pedestrian;Not car passenger;Not a bus or coach passenger;No / Not applicable;9;Cyclist;More deprived 40-50%;1;Car;No tow/articulation;Data missing or out of range;Data missing or out of range;Data missing or out of range;Data missing or out of range;Data missing or out of range;Data missing or out of range;Data missing or out of range;Data missing or out of range;-1;Not known;Female;35;26 - 35;-1;-1;-1;5;Urban area;5