Accident_Index;Location_Easting_OSGR;Location_Northing_OSGR;Longitude;Latitude;Police_Force;Accident_Severity;Number_of_Vehicles;Number_of_Casualties;Date;Day_of_Week;Time;Local_Authority_(District);Local_Authority_(Highway);1st_Road_Class;1st_Road_Number;Road_Type;Speed_limit;Junction_Detail;Junction_Control;2nd_Road_Class;2nd_Road_Number;Pedestrian_Crossing-Human_Control;Pedestrian_Crossing-Physical_Facilities;Light_Conditions;Weather_Conditions;Road_Surface_Conditions;Special_Conditions_at_Site;Carriageway_Hazards;Urban_or_Rural_Area;Did_Police_Officer_Attend_Scene_of_Accident;LSOA_of_Accident_Location;Vehicle_Reference_x;Casualty_Reference;Casualty_Class;Sex_of_Casualty;Age_of_Casualty;Age_Band_of_Casualty;Casualty_Severity;Pedestrian_Location;Pedestrian_Movement;Car_Passenger;Bus_or_Coach_Passenger;Pedestrian_Road_Maintenance_Worker;Casualty_Type;Casualty_Home_Area_Type;Casualty_IMD_Decile;Vehicle_Reference_y;Vehicle_Type;Towing_and_Articulation;Vehicle_Manoeuvre;Vehicle_Location-Restricted_Lane;Junction_Location;Skidding_and_Overturning;Hit_Object_in_Carriageway;Vehicle_Leaving_Carriageway;Hit_Object_off_Carriageway;1st_Point_of_Impact;Was_Vehicle_Left_Hand_Drive?;Journey_Purpose_of_Driver;Sex_of_Driver;Age_of_Driver;Age_Band_of_Driver;Engine_Capacity_(CC);Propulsion_Code;Age_of_Vehicle;Driver_IMD_Decile;Driver_Home_Area_Type;Vehicle_IMD_Decile
2019010159200;547691;186889;0.129274;51.561549;Metropolitan Police;Serious;2;1;23/01/2019;Wednesday;20:35;Barking and Dagenham;Barking and Dagenham;A;1083;Single carriageway;30 MPH;Crossroads;Auto traffic signal;C;0;None within 50 metres ;Pedestrian phase at traffic signal junction;Darkness - lights lit;Fine no high winds;Frost or ice;None;None;Urban;Yes;E01000099;2;1;Driver or rider;Female;34;6;Serious;Not a Pedestrian;Not a Pedestrian;Not car passenger;Not a bus or coach passenger;No / Not applicable;9;Cyclist;More deprived 10-20%;2;Car;No tow/articulation;Going ahead other;On main c'way - not in restricted lane;Mid Junction - on roundabout or on main road;None;None;Did not leave carriageway;None;Front;1;Commuting to/from work;Female;34;26 - 35;-1;-1;-1;2;Urban area;2
2019010159205;525363;165858;-0.200106;51.377941;Metropolitan Police;Slight;1;1;23/01/2019;Wednesday;20:37;Sutton;Sutton;B;279;Single carriageway;30 MPH;T or staggered junction;Give way or uncontrolled;Unclassified;0;None within 50 metres ;No physical crossing facilities within 50 metres;Darkness - lights lit;Fine no high winds;Dry;None;None;Urban;Yes;E01004145;1;1;Pedestrian;Male;18;4;Slight;In carriageway, not crossing;Unknown or other;Not car passenger;Not a bus or coach passenger;No / Not applicable;0;-1;Data missing or out of range;1;Car;No tow/articulation;Slowing or stopping;On main c'way - not in restricted lane;Cleared junction or waiting/parked at junction exit;None;None;Did not leave carriageway;None;Front;1;Not known;Male;22;21 - 25;-1;-1;-1;8;Urban area;8
2019010159206;528689;176930;-0.148325;51.476702;Metropolitan Police;Serious;2;1;23/01/2019;Wednesday;21:33;Wandsworth;Wandsworth;A;3216;Single carriageway;30 MPH;Crossroads;Auto traffic signal;A;3205;None within 50 metres ;Pedestrian phase at traffic signal junction;Darkness - lights lit;Fine no high winds;Dry;None;None;Urban;Yes;E01033100;2;1;Driver or rider;Male;29;6;Serious;Not a Pedestrian;Not a Pedestrian;Not car passenger;Not a bus or coach passenger;No / Not applicable;2;Cyclist;Less deprived 40-50%;1;Car;No tow/articulation;U-turn;On main c'way - not in restricted lane;Approaching junction or waiting/parked at junction approach;None;None;Did not leave carriageway;None;Back;2;Commuting to/from work;Male;54;46 - 55;-1;-1;-1;4;Urban area;4
2019010159206;528689;176930;-0.148325;51.476702;Metropolitan Police;Serious;2;1;23/01/2019;Wednesday;21:33;Wandsworth;Wandsworth;A;3216;Single carriageway;30 MPH;Crossroads;Auto traffic signal;A;3205;None within 50 metres ;Pedestrian phase at traffic signal junction;Darkness - lights lit;Fine no high winds;Dry;None;None;Urban;Yes;E01033100;2;1;Driver or rider;Male;29;6;Serious;Not a Pedestrian;Not a Pedestrian;Not car passenger;Not a bus or coach passenger;No / Not applicable;2;Cyclist;Less deprived 40-50%;2;Motorcycle 50cc and under;No tow/articulation;Going ahead other;On main c'way - not in restricted lane;Cleared junction or waiting/parked at junction exit;None;None;Did not leave carriageway;None;Front;1;Journey as part of work;Male;29;26 - 35;-1;-1;-1;6;Urban area;6
2019010159209;534381;197476;-0.058562;51.660012;Metropolitan Police;Serious;3;2;23/01/2019;Wednesday;19:30;Enfield;Enfield;A;10;Dual carriageway;40 MPH;More than 4 arms (not roundabout);Auto traffic signal;C;0;None within 50 metres ;Pedestrian phase at traffic signal junction;Darkness - lights lit;Fine no high winds;Wet or damp;None;None;Urban;Yes;E01001516;1;1;Driver or rider;Male;33;6;Slight;Not a Pedestrian;Not a Pedestrian;Not car passenger;Not a bus or coach passenger;No / Not applicable;9;Cyclist;Less deprived 30-40%;1;Car;No tow/articulation;Going ahead other;On main c'way - not in restricted lane;Approaching junction or waiting/parked at junction approach;None;None;Did not leave carriageway;None;Front;1;Not known;Male;33;26 - 35;-1;-1;-1;7;Urban area;7
2019010159209;534381;197476;-0.058562;51.660012;Metropolitan Police;Serious;3;2;23/01/2019;Wednesday;19:30;Enfield;Enfield;A;10;Dual carriageway;40 MPH;More than 4 arms (not roundabout);Auto traffic signal;C;0;None within 50 metres ;Pedestrian phase at traffic signal junction;Darkness - lights lit;Fine no high winds;Wet or damp;None;None;Urban;Yes;E01001516;1;1;Driver or rider;Male;33;6;Slight;Not a Pedestrian;Not a Pedestrian;Not car passenger;Not a bus or coach passenger;No / Not applicable;9;Cyclist;Less deprived 30-40%;2;Car;No tow/articulation;Moving off;On main c'way - not in restricted lane;Mid Junction - on roundabout or on main road;Skidded;None;Did not leave carriageway;None;Nearside;1;Not known;Female;65;56 - 65;-1;-1;-1;4;Urban area;4
2019010159209;534381;197476;-0.058562;51.660012;Metropolitan Police;Serious;3;2;23/01/2019;Wednesday;19:30;Enfield;Enfield;A;10;Dual carriageway;40 MPH;More than 4 arms (not roundabout);Auto traffic signal;C;0;None within 50 metres ;Pedestrian phase at traffic signal junction;Darkness - lights lit;Fine no high winds;Wet or damp;None;None;Urban;Yes;E01001516;1;1;Driver or rider;Male;33;6;Slight;Not a Pedestrian;Not a Pedestrian;Not car passenger;Not a bus or coach passenger;No / Not applicable;9;Cyclist;Less deprived 30-40%;3;Other vehicle;No tow/articulation;Waiting to go - held up;On main c'way - not in restricted lane;Approaching junction or waiting/parked at junction approach;None;None;Did not leave carriageway;None;Did not impact;1;Journey as part of work;Female;26;26 - 35;-1;-1;-1;-1;Data missing or out of range;-1
2019010159209;534381;197476;-0.058562;51.660012;Metropolitan Police;Serious;3;2;23/01/2019;Wednesday;19:30;Enfield;Enfield;A;10;Dual carriageway;40 MPH;More than 4 arms (not roundabout);Auto traffic signal;C;0;None within 50 metres ;Pedestrian phase at traffic signal junction;Darkness - lights lit;Fine no high winds;Wet or damp;None;None;Urban;Yes;E01001516;2;2;Driver or rider;Female;65;9;Serious;Not a Pedestrian;Not a Pedestrian;Not car passenger;Not a bus or coach passenger;No / Not applicable;9;Cyclist;More deprived 30-40%;1;Car;No tow/articulation;Going ahead other;On main c'way - not in restricted lane;Approaching junction or waiting/parked at junction approach;None;None;Did not leave carriageway;None;Front;1;Not known;Male;33;26 - 35;-1;-1;-1;7;Urban area;7
2019010159209;534381;197476;-0.058562;51.660012;Metropolitan Police;Serious;3;2;23/01/2019;Wednesday;19:30;Enfield;Enfield;A;10;Dual carriageway;40 MPH;More than 4 arms (not roundabout);Auto traffic signal;C;0;None within 50 metres ;Pedestrian phase at traffic signal junction;Darkness - lights lit;Fine no high winds;Wet or damp;None;None;Urban;Yes;E01001516;2;2;Driver or rider;Female;65;9;Serious;Not a Pedestrian;Not a Pedestrian;Not car passenger;Not a bus or coach passenger;No / Not applicable;9;Cyclist;More deprived 30-40%;2;Car;No tow/articulation;Moving off;On main c'way - not in restricted lane;Mid Junction - on roundabout or on main road;Skidded;None;Did not leave carriageway;None;Nearside;1;Not known;Female;65;56 - 65;-1;-1;-1;4;Urban area;4
2019010159209;534381;197476;-0.058562;51.660012;Metropolitan Police;Serious;3;2;23/01/2019;Wednesday;19:30;Enfield;Enfield;A;10;Dual carriageway;40 MPH;More than 4 arms (not roundabout);Auto traffic signal;C;0;None within 50 metres ;Pedestrian phase at traffic signal junction;Darkness - lights lit;Fine no high winds;Wet or damp;None;None;Urban;Yes;E01001516;2;2;Driver or rider;Female;65;9;Serious;Not a Pedestrian;Not a Pedestrian;Not car passenger;Not a bus or coach passenger;No / Not applicable;9;Cyclist;More deprived 30-40%;3;Other vehicle;No tow/articulation;Waiting to go - held up;On main c'way - not in restricted lane;Approaching junction or waiting/parked at junction approach;None;None;Did not leave carriageway;None;Did not impact;1;Journey as part of work;Female;26;26 - 35;-1;-1;-1;-1;Data missing or out of range;-1
2019010159215;532239;180166;-0.096026;51.504965;Metropolitan Police;Slight;2;1;23/01/2019;Wednesday;22:00;Southwark;Southwark;A;3200;Single carriageway;30 MPH;Crossroads;Auto traffic signal;A;300;None within 50 metres ;Pedestrian phase at traffic signal junction;Darkness - lights lit;Fine no high winds;Dry;None;None;Urban;No - accident was reported using a self completion  form (self rep only);E01003929;1;1;Driver or rider;Male;34;6;Slight;Not a Pedestrian;Not a Pedestrian;Not car passenger;Not a bus or coach passenger;No / Not applicable;1;Cyclist;More deprived 20-30%;1;Pedal cycle;Data missing or out of range;Data missing or out of range;Data missing or out of range;Data missing or out of range;Data missing or out of range;Data missing or out of range;Data missing or out of range;Data missing or out of range;Data missing or out of range;1;Commuting to/from work;Male;34;26 - 35;-1;-1;-1;3;Urban area;3
2019010159215;532239;180166;-0.096026;51.504965;Metropolitan Police;Slight;2;1;23/01/2019;Wednesday;22:00;Southwark;Southwark;A;3200;Single carriageway;30 MPH;Crossroads;Auto traffic signal;A;300;None within 50 metres ;Pedestrian phase at traffic signal junction;Darkness - lights lit;Fine no high winds;Dry;None;None;Urban;No - accident was reported using a self completion  form (self rep only);E01003929;1;1;Driver or rider;Male;34;6;Slight;Not a Pedestrian;Not a Pedestrian;Not car passenger;Not a bus or coach passenger;No / Not applicable;1;Cyclist;More deprived 20-30%;2;Car;No tow/articulation;Data missing or out of range;Data missing or out of range;Data missing or out of range;Data missing or out of range;Data missing or out of range;Data missing or out of range;Data missing or out of range;Front;-1;Not known;Not known;-1;Data missing or out of range;-1;-1;-1;-1;Data missing or out of range;-1
2019010159219;519433;175772;-0.281932;51.468322;Metropolitan Police;Serious;1;1;18/01/2019;Friday;18:10;Richmond upon Thames;Richmond upon Thames;A;316;Dual carriageway;40 MPH;Data missing or out of range;Data missing or out of range;Unclassified;0;None within 50 metres ;Pedestrian phase at traffic signal junction;Darkness - lighting unknown;Fine no high winds;Dry;None;None;Urban;No - accident was reported using a self completion  form (self rep only);E01003848;1;1;Pedestrian;Female;11;3;Serious;Unknown or other;Unknown or other;Not car passenger;Not a bus or coach passenger;No / Not applicable;0;Cyclist;Less deprived 30-40%;1;Pedal cycle;Data missing or out of range;Data missing or out of range;Data missing or out of range;Data missing or out of range;Data missing or out of range;Data missing or out of range;Data missing or out of range;Data missing or out of range;Front;1;Not known;Not known;-1;Data missing or out of range;-1;-1;-1;-1;Data missing or out of range;-1
2019010159220;533640;178562;-0.076459;51.490221;Metropolitan Police;Slight;2;1;23/01/2019;Wednesday;22:32;Southwark;Southwark;B;203;Single carriageway;30 MPH;Crossroads;Auto traffic signal;B;203;None within 50 metres ;Pelican, puffin, toucan or similar non-junction pedestrian light crossing;Darkness - lights lit;Fine no high winds;Dry;None;None;Urban;Yes;E01003980;1;1;Driver or rider;Male;25;5;Slight;Not a Pedestrian;Not a Pedestrian;Not car passenger;Not a bus or coach passenger;No / Not applicable;2;Cyclist;Most deprived 10%;1;Motorcycle 50cc and under;No tow/articulation;Waiting to go - held up;On main c'way - not in restricted lane;Approaching junction or waiting/parked at junction approach;None;None;Did not leave carriageway;None;Back;1;Not known;Male;25;21 - 25;-1;-1;-1;1;Urban area;1
2019010159220;533640;178562;-0.076459;51.490221;Metropolitan Police;Slight;2;1;23/01/2019;Wednesday;22:32;Southwark;Southwark;B;203;Single carriageway;30 MPH;Crossroads;Auto traffic signal;B;203;None within 50 metres ;Pelican, puffin, toucan or similar non-junction pedestrian light crossing;Darkness - lights lit;Fine no high winds;Dry;None;None;Urban;Yes;E01003980;1;1;Driver or rider;Male;25;5;Slight;Not a Pedestrian;Not a Pedestrian;Not car passenger;Not a bus or coach passenger;No / Not applicable;2;Cyclist;Most deprived 10%;2;Car;No tow/articulation;U-turn;On main c'way - not in restricted lane;Approaching junction or waiting/parked at junction approach;None;None;Did not leave carriageway;None;Front;1;Not known;Male;21;21 - 25;-1;-1;-1;3;Urban area;3
2019010159223;518188;190076;-0.295051;51.597141;Metropolitan Police;Slight;2;1;23/01/2019;Wednesday;22:51;Harrow;Harrow;A;4140;Dual carriageway;40 MPH;Not at junction or within 20 metres;Data missing or out of range;-1;0;None within 50 metres ;No physical crossing facilities within 50 metres;Darkness - lights lit;Other;Frost or ice;None;None;Urban;Yes;E01002202;2;1;Driver or rider;Male;47;8;Slight;Not a Pedestrian;Not a Pedestrian;Not car passenger;Not a bus or coach passenger;No / Not applicable;9;Cyclist;Less deprived 20-30%;1;Car;No tow/articulation;Going ahead other;On main c'way - not in restricted lane;Not at or within 20 metres of junction;None;None;Did not leave carriageway;None;Front;1;Not known;Male;43;36 - 45;2926;Heavy oil;16;3;Urban area;3
2019010159223;518188;190076;-0.295051;51.597141;Metropolitan Police;Slight;2;1;23/01/2019;Wednesday;22:51;Harrow;Harrow;A;4140;Dual carriageway;40 MPH;Not at junction or within 20 metres;Data missing or out of range;-1;0;None within 50 metres ;No physical crossing facilities within 50 metres;Darkness - lights lit;Other;Frost or ice;None;None;Urban;Yes;E01002202;2;1;Driver or rider;Male;47;8;Slight;Not a Pedestrian;Not a Pedestrian;Not car passenger;Not a bus or coach passenger;No / Not applicable;9;Cyclist;Less deprived 20-30%;2;Car;No tow/articulation;U-turn;On main c'way - not in restricted lane;Not at or within 20 metres of junction;None;None;Did not leave carriageway;None;Back;1;Not known;Male;47;46 - 55;2199;Heavy oil;8;8;Urban area;8
2019010159224;528598;173375;-0.150926;51.444774;Metropolitan Police;Slight;2;1;23/01/2019;Wednesday;21:50;Wandsworth;Wandsworth;B;242;One way street;30 MPH;T or staggered junction;Give way or uncontrolled;Unclassified;0;None within 50 metres ;Zebra;Darkness - lights lit;Fine no high winds;Wet or damp;None;None;Urban;Yes;E01004474;1;1;Driver or rider;Male;21;5;Slight;Not a Pedestrian;Not a Pedestrian;Not car passenger;Not a bus or coach passenger;No / Not applicable;3;Cyclist;More deprived 40-50%;1;Motorcycle 125cc and under;No tow/articulation;Going ahead other;On main c'way - not in restricted lane;Approaching junction or waiting/parked at junction approach;None;None;Did not leave carriageway;None;Front;1;Journey as part of work;Male;21;21 - 25;-1;-1;-1;5;Urban area;5
2019010159224;528598;173375;-0.150926;51.444774;Metropolitan Police;Slight;2;1;23/01/2019;Wednesday;21:50;Wandsworth;Wandsworth;B;242;One way street;30 MPH;T or staggered junction;Give way or uncontrolled;Unclassified;0;None within 50 metres ;Zebra;Darkness - lights lit;Fine no high winds;Wet or damp;None;None;Urban;Yes;E01004474;1;1;Driver or rider;Male;21;5;Slight;Not a Pedestrian;Not a Pedestrian;Not car passenger;Not a bus or coach passenger;No / Not applicable;3;Cyclist;More deprived 40-50%;2;Car;No tow/articulation;Turning right;On main c'way - not in restricted lane;Leaving main road;None;None;Did not leave carriageway;None;Offside;1;Not known;Male;19;16 - 20;-1;-1;-1;9;Urban area;9
2019010159225;531751;177169;-0.10417;51.478146;Metropolitan Police;Slight;2;1;21/01/2019;Monday;20:05;Lambeth;Lambeth;C;0;Single carriageway;20 MPH;Other junction;Auto traffic signal;Unclassified;0;None within 50 metres ;No physical crossing facilities within 50 metres;Darkness - lights lit;Fine no high winds;Dry;None;None;Urban;Yes;E01003183;2;1;Driver or rider;Male;30;6;Slight;Not a Pedestrian;Not a Pedestrian;Not car passenger;Not a bus or coach passenger;No / Not applicable;3;Cyclist;More deprived 40-50%;1;Van / Goods 3.5 tonnes mgw or under;No tow/articulation;Waiting to go - held up;On main c'way - not in restricted lane;Leaving main road;None;None;Did not leave carriageway;None;Front;1;Not known;Male;35;26 - 35;-1;-1;-1;2;Urban area;2
2019010159225;531751;177169;-0.10417;51.478146;Metropolitan Police;Slight;2;1;21/01/2019;Monday;20:05;Lambeth;Lambeth;C;0;Single carriageway;20 MPH;Other junction;Auto traffic signal;Unclassified;0;None within 50 metres ;No physical crossing facilities within 50 metres;Darkness - lights lit;Fine no high winds;Dry;None;None;Urban;Yes;E01003183;2;1;Driver or rider;Male;30;6;Slight;Not a Pedestrian;Not a Pedestrian;Not car passenger;Not a bus or coach passenger;No / Not applicable;3;Cyclist;More deprived 40-50%;2;Motorcycle 125cc and under;No tow/articulation;Overtaking static vehicle - offside;On main c'way - not in restricted lane;Approaching junction or waiting/parked at junction approach;None;None;Did not leave carriageway;None;Front;1;Journey as part of work;Male;30;26 - 35;-1;-1;-1;5;Urban area;5
2019010159226;532870;180294;-0.086891;51.505967;Metropolitan Police;Slight;2;1;23/01/2019;Wednesday;22:45;Southwark;Southwark;A;200;Single carriageway;20 MPH;Slip road;Auto traffic signal;Unclassified;0;None within 50 metres ;Pedestrian phase at traffic signal junction;Darkness - lighting unknown;Fine no high winds;Dry;Data missing or out of range;None;Urban;No - accident was reported using a self completion  form (self rep only);E01004027;1;1;Driver or rider;Male;25;5;Slight;Not a Pedestrian;Not a Pedestrian;Not car passenger;Not a bus or coach passenger;No / Not applicable;1;Cyclist;Less deprived 40-50%;1;Pedal cycle;Data missing or out of range;Data missing or out of range;Data missing or out of range;Data missing or out of range;Data missing or out of range;Data missing or out of range;Data missing or out of range;Data missing or out of range;Front;1;Commuting to/from work;Male;25;21 - 25;-1;-1;-1;6;Urban area;6
2019010159226;532870;180294;-0.086891;51.505967;Metropolitan Police;Slight;2;1;23/01/2019;Wednesday;22:45;Southwark;Southwark;A;200;Single carriageway;20 MPH;Slip road;Auto traffic signal;Unclassified;0;None within 50 metres ;Pedestrian phase at traffic signal junction;Darkness - lighting unknown;Fine no high winds;Dry;Data missing or out of range;None;Urban;No - accident was reported using a self completion  form (self rep only);E01004027;1;1;Driver or rider;Male;25;5;Slight;Not a Pedestrian;Not a Pedestrian;Not car passenger;Not a bus or coach passenger;No / Not applicable;1;Cyclist;Less deprived 40-50%;2;Taxi/Private hire car;No tow/articulation;Data missing or out of range;Data missing or out of range;Data missing or out of range;Data missing or out of range;Data missing or out of range;Data missing or out of range;Data missing or out of range;Data missing or out of range;-1;Not known;Not known;-1;Data missing or out of range;-1;-1;-1;-1;Data missing or out of range;-1
2019010159229;537795;180550;-0.015872;51.507089;Metropolitan Police;Slight;2;1;23/01/2019;Wednesday;22:12;Tower Hamlets;Tower Hamlets;Unclassified;0;Dual carriageway;30 MPH;Other junction;Auto traffic signal;Unclassified;0;Data missing or out of range;Pedestrian phase at traffic signal junction;Darkness - lighting unknown;Fine no high winds;Dry;None;None;Urban;No - accident was reported using a self completion  form (self rep only);E01004277;1;1;Driver or rider;Male;49;8;Slight;Not a Pedestrian;Not a Pedestrian;Not car passenger;Not a bus or coach passenger;No / Not applicable;9;Cyclist;More deprived 20-30%;1;Car;No tow/articulation;Data missing or out of range;Data missing or out of range;Data missing or out of range;Data missing or out of range;Data missing or out of range;Data missing or out of range;Data missing or out of range;Back;-1;Commuting to/from work;Male;49;46 - 55;-1;-1;-1;3;Urban area;3
2019010159229;537795;180550;-0.015872;51.507089;Metropolitan Police;Slight;2;1;23/01/2019;Wednesday;22:12;Tower Hamlets;Tower Hamlets;Unclassified;0;Dual carriageway;30 MPH;Other junction;Auto traffic signal;Unclassified;0;Data missing or out of range;Pedestrian phase at traffic signal junction;Darkness - lighting unknown;Fine no high winds;Dry;None;None;Urban;No - accident was reported using a self completion  form (self rep only);E01004277;1;1;Driver or rider;Male;49;8;Slight;Not a Pedestrian;Not a Pedestrian;Not car passenger;Not a bus or coach passenger;No / Not applicable;9;Cyclist;More deprived 20-30%;2;Car;No tow/articulation;Data missing or out of range;Data missing or out of range;Data missing or out of range;Data missing or out of range;Data missing or out of range;Data missing or out of range;Data missing or out of range;Front;-1;Not known;Not known;-1;Data missing or out of range;-1;-1;-1;-1;Data missing or out of range;-1
2019010159233;525916;180994;-0.186785;51.513849;Metropolitan Police;Serious;2;1;23/01/2019;Wednesday;22:04;Westminster;Westminster;B;411;Single carriageway;30 MPH;Crossroads;Auto traffic signal;Unclassified;0;None within 50 metres ;Pedestrian phase at traffic signal junction;Darkness - lights lit;Fine no high winds;Dry;None;None;Urban;Yes;E01004698;1;1;Driver or rider;Male;29;6;Serious;Not a Pedestrian;Not a Pedestrian;Not car passenger;Not a bus or coach passenger;No / Not applicable;3;Cyclist;More deprived 20-30%;1;Motorcycle 125cc and under;No tow/articulation;Moving off;On main c'way - not in restricted lane;Mid Junction - on roundabout or on main road;None;None;Did not leave carriageway;None;Front;1;Not known;Male;29;26 - 35;-1;-1;-1;3;Urban area;3
2019010159233;525916;180994;-0.186785;51.513849;Metropolitan Police;Serious;2;1;23/01/2019;Wednesday;22:04;Westminster;Westminster;B;411;Single carriageway;30 MPH;Crossroads;Auto traffic signal;Unclassified;0;None within 50 metres ;Pedestrian phase at traffic signal junction;Darkness - lights lit;Fine no high winds;Dry;None;None;Urban;Yes;E01004698;1;1;Driver or rider;Male;29;6;Serious;Not a Pedestrian;Not a Pedestrian;Not car passenger;Not a bus or coach passenger;No / Not applicable;3;Cyclist;More deprived 20-30%;2;Motorcycle 125cc and under;No tow/articulation;Going ahead other;On main c'way - not in restricted lane;Mid Junction - on roundabout or on main road;None;None;Nearside;None;Front;1;Not known;Not known;-1;Data missing or out of range;-1;-1;-1;-1;Data missing or out of range;-1
2019010159234;542148;187782;0.049725;51.570996;Metropolitan Police;Slight;2;1;24/01/2019;Thursday;00:15;Redbridge;Redbridge;A;406;Dual carriageway;50 MPH;Not at junction or within 20 metres;Data missing or out of range;-1;0;None within 50 metres ;No physical crossing facilities within 50 metres;Darkness - lights lit;Fine no high winds;Wet or damp;None;None;Rural;Yes;E01003693;2;1;Driver or rider;Male;29;6;Slight;Not a Pedestrian;Not a Pedestrian;Not car passenger;Not a bus or coach passenger;No / Not applicable;9;Cyclist;More deprived 40-50%;1;Car;No tow/articulation;Going ahead other;On main c'way - not in restricted lane;Not at or within 20 metres of junction;None;None;Did not leave carriageway;None;Back;1;Not known;Female;44;36 - 45;-1;-1;-1;3;Urban area;3
2019010159234;542148;187782;0.049725;51.570996;Metropolitan Police;Slight;2;1;24/01/2019;Thursday;00:15;Redbridge;Redbridge;A;406;Dual carriageway;50 MPH;Not at junction or within 20 metres;Data missing or out of range;-1;0;None within 50 metres ;No physical crossing facilities within 50 metres;Darkness - lights lit;Fine no high winds;Wet or damp;None;None;Rural;Yes;E01003693;2;1;Driver or rider;Male;29;6;Slight;Not a Pedestrian;Not a Pedestrian;Not car passenger;Not a bus or coach passenger;No / Not applicable;9;Cyclist;More deprived 40-50%;2;Car;No tow/articulation;Going ahead other;On main c'way - not in restricted lane;Not at or within 20 metres of junction;None;Parked vehicle;Did not leave carriageway;None;Front;1;Not known;Male;29;26 - 35;-1;-1;-1;5;Urban area;5
2019010159236;531222;182312;-0.109872;51.524487;Metropolitan Police;Slight;2;1;23/01/2019;Wednesday;17:20;Islington;Islington;A;201;Single carriageway;20 MPH;Crossroads;Auto traffic signal;Unclassified;0;None within 50 metres ;Zebra;Darkness - lights lit;Other;Wet or damp;None;None;Urban;No - accident was reported using a self completion  form (self rep only);E01002726;1;1;Driver or rider;Male;42;7;Slight;Not a Pedestrian;Not a Pedestrian;Not car passenger;Not a bus or coach passenger;No / Not applicable;3;Cyclist;More deprived 20-30%;1;Motorcycle 125cc and under;No tow/articulation;Data missing or out of range;Data missing or out of range;Data missing or out of range;Data missing or out of range;Data missing or out of range;Data missing or out of range;Data missing or out of range;Back;1;Commuting to/from work;Male;42;36 - 45;-1;-1;-1;3;Urban area;3
2019010159236;531222;182312;-0.109872;51.524487;Metropolitan Police;Slight;2;1;23/01/2019;Wednesday;17:20;Islington;Islington;A;201;Single carriageway;20 MPH;Crossroads;Auto traffic signal;Unclassified;0;None within 50 metres ;Zebra;Darkness - lights lit;Other;Wet or damp;None;None;Urban;No - accident was reported using a self completion  form (self rep only);E01002726;1;1;Driver or rider;Male;42;7;Slight;Not a Pedestrian;Not a Pedestrian;Not car passenger;Not a bus or coach passenger;No / Not applicable;3;Cyclist;More deprived 20-30%;2;Taxi/Private hire car;No tow/articulation;Data missing or out of range;Data missing or out of range;Data missing or out of range;Data missing or out of range;Data missing or out of range;Data missing or out of range;Data missing or out of range;Front;-1;Not known;Not known;43;36 - 45;-1;-1;-1;2;Urban area;2
2019010159238;536977;193591;-0.022574;51.624475;Metropolitan Police;Serious;4;3;23/01/2019;Wednesday;22:30;Waltham Forest;Waltham Forest;A;1037;Dual carriageway;30 MPH;Not at junction or within 20 metres;Data missing or out of range;-1;0;None within 50 metres ;No physical crossing facilities within 50 metres;Darkness - lights lit;Fine no high winds;Wet or damp;None;None;Urban;Yes;E01004361;1;1;Driver or rider;Male;20;4;Slight;Not a Pedestrian;Not a Pedestrian;Not car passenger;Not a bus or coach passenger;No / Not applicable;9;Cyclist;More deprived 10-20%;1;Car;No tow/articulation;Going ahead other;On main c'way - not in restricted lane;Not at or within 20 metres of junction;Skidded;Parked vehicle;Did not leave carriageway;None;Front;1;Not known;Male;20;16 - 20;-1;-1;-1;2;Urban area;2
2019010159238;536977;193591;-0.022574;51.624475;Metropolitan Police;Serious;4;3;23/01/2019;Wednesday;22:30;Waltham Forest;Waltham Forest;A;1037;Dual carriageway;30 MPH;Not at junction or within 20 metres;Data missing or out of range;-1;0;None within 50 metres ;No physical crossing facilities within 50 metres;Darkness - lights lit;Fine no high winds;Wet or damp;None;None;Urban;Yes;E01004361;1;1;Driver or rider;Male;20;4;Slight;Not a Pedestrian;Not a Pedestrian;Not car passenger;Not a bus or coach passenger;No / Not applicable;9;Cyclist;More deprived 10-20%;2;Car;No tow/articulation;Turning right;On main c'way - not in restricted lane;Not at or within 20 metres of junction;Skidded;Kerb;Offside on to central reservation;Central crash barrier;Offside;1;Not known;Male;25;21 - 25;-1;-1;-1;5;Urban area;5
2019010159238;536977;193591;-0.022574;51.624475;Metropolitan Police;Serious;4;3;23/01/2019;Wednesday;22:30;Waltham Forest;Waltham Forest;A;1037;Dual carriageway;30 MPH;Not at junction or within 20 metres;Data missing or out of range;-1;0;None within 50 metres ;No physical crossing facilities within 50 metres;Darkness - lights lit;Fine no high winds;Wet or damp;None;None;Urban;Yes;E01004361;1;1;Driver or rider;Male;20;4;Slight;Not a Pedestrian;Not a Pedestrian;Not car passenger;Not a bus or coach passenger;No / Not applicable;9;Cyclist;More deprived 10-20%;3;Car;No tow/articulation;Parked;On lay-by or hard shoulder;Not at or within 20 metres of junction;None;Parked vehicle;Did not leave carriageway;None;Nearside;1;Not known;Not known;-1;Data missing or out of range;-1;-1;-1;-1;Data missing or out of range;-1
2019010159238;536977;193591;-0.022574;51.624475;Metropolitan Police;Serious;4;3;23/01/2019;Wednesday;22:30;Waltham Forest;Waltham Forest;A;1037;Dual carriageway;30 MPH;Not at junction or within 20 metres;Data missing or out of range;-1;0;None within 50 metres ;No physical crossing facilities within 50 metres;Darkness - lights lit;Fine no high winds;Wet or damp;None;None;Urban;Yes;E01004361;1;1;Driver or rider;Male;20;4;Slight;Not a Pedestrian;Not a Pedestrian;Not car passenger;Not a bus or coach passenger;No / Not applicable;9;Cyclist;More deprived 10-20%;4;Car;No tow/articulation;Parked;On lay-by or hard shoulder;Not at or within 20 metres of junction;None;None;Did not leave carriageway;None;Back;1;Not known;Not known;-1;Data missing or out of range;-1;-1;-1;-1;Data missing or out of range;-1