Accident_Index;Location_Easting_OSGR;Location_Northing_OSGR;Longitude;Latitude;Police_Force;Accident_Severity;Number_of_Vehicles;Number_of_Casualties;Date;Day_of_Week;Time;Local_Authority_(District);Local_Authority_(Highway);1st_Road_Class;1st_Road_Number;Road_Type;Speed_limit;Junction_Detail;Junction_Control;2nd_Road_Class;2nd_Road_Number;Pedestrian_Crossing-Human_Control;Pedestrian_Crossing-Physical_Facilities;Light_Conditions;Weather_Conditions;Road_Surface_Conditions;Special_Conditions_at_Site;Carriageway_Hazards;Urban_or_Rural_Area;Did_Police_Officer_Attend_Scene_of_Accident;LSOA_of_Accident_Location;Vehicle_Reference_x;Casualty_Reference;Casualty_Class;Sex_of_Casualty;Age_of_Casualty;Age_Band_of_Casualty;Casualty_Severity;Pedestrian_Location;Pedestrian_Movement;Car_Passenger;Bus_or_Coach_Passenger;Pedestrian_Road_Maintenance_Worker;Casualty_Type;Casualty_Home_Area_Type;Casualty_IMD_Decile;Vehicle_Reference_y;Vehicle_Type;Towing_and_Articulation;Vehicle_Manoeuvre;Vehicle_Location-Restricted_Lane;Junction_Location;Skidding_and_Overturning;Hit_Object_in_Carriageway;Vehicle_Leaving_Carriageway;Hit_Object_off_Carriageway;1st_Point_of_Impact;Was_Vehicle_Left_Hand_Drive?;Journey_Purpose_of_Driver;Sex_of_Driver;Age_of_Driver;Age_Band_of_Driver;Engine_Capacity_(CC);Propulsion_Code;Age_of_Vehicle;Driver_IMD_Decile;Driver_Home_Area_Type;Vehicle_IMD_Decile
2019010159267;531005;177310;-0.114854;51.479586;Metropolitan Police;Slight;2;1;23/01/2019;Wednesday;07:28;Lambeth;Lambeth;A;3;Single carriageway;20 MPH;Not at junction or within 20 metres;Data missing or out of range;-1;0;None within 50 metres ;Data missing or out of range;Daylight;Fine no high winds;Wet or damp;None;None;Urban;No - accident was reported using a self completion  form (self rep only);E01003100;1;1;Driver or rider;Male;48;8;Slight;Not a Pedestrian;Not a Pedestrian;Not car passenger;Not a bus or coach passenger;No / Not applicable;1;Cyclist;Less deprived 40-50%;1;Pedal cycle;Data missing or out of range;Data missing or out of range;Data missing or out of range;Not at or within 20 metres of junction;Data missing or out of range;Data missing or out of range;Data missing or out of range;Data missing or out of range;Front;1;Commuting to/from work;Male;48;46 - 55;-1;-1;-1;6;Urban area;6
2019010159267;531005;177310;-0.114854;51.479586;Metropolitan Police;Slight;2;1;23/01/2019;Wednesday;07:28;Lambeth;Lambeth;A;3;Single carriageway;20 MPH;Not at junction or within 20 metres;Data missing or out of range;-1;0;None within 50 metres ;Data missing or out of range;Daylight;Fine no high winds;Wet or damp;None;None;Urban;No - accident was reported using a self completion  form (self rep only);E01003100;1;1;Driver or rider;Male;48;8;Slight;Not a Pedestrian;Not a Pedestrian;Not car passenger;Not a bus or coach passenger;No / Not applicable;1;Cyclist;Less deprived 40-50%;2;Van / Goods 3.5 tonnes mgw or under;No tow/articulation;Data missing or out of range;Data missing or out of range;Not at or within 20 metres of junction;Data missing or out of range;Data missing or out of range;Data missing or out of range;Data missing or out of range;Data missing or out of range;-1;Not known;Not known;-1;Data missing or out of range;-1;-1;-1;-1;Data missing or out of range;-1
2019010159274;538320;189980;-0.004608;51.591699;Metropolitan Police;Serious;1;1;24/01/2019;Thursday;08:25;Waltham Forest;Waltham Forest;B;160;Single carriageway;20 MPH;Crossroads;Auto traffic signal;A;503;None within 50 metres ;Pedestrian phase at traffic signal junction;Daylight;Fine no high winds;Wet or damp;None;None;Urban;Yes;E01004470;1;1;Pedestrian;Male;14;3;Serious;Crossing on pedestrian crossing facility;Crossing from driver's offside;Not car passenger;Not a bus or coach passenger;No / Not applicable;0;Cyclist;More deprived 10-20%;1;Car;No tow/articulation;Going ahead other;On main c'way - not in restricted lane;Mid Junction - on roundabout or on main road;None;None;Did not leave carriageway;None;Front;1;Not known;Male;45;36 - 45;-1;-1;-1;3;Urban area;3
2019010159277;525495;179546;-0.193364;51.500929;Metropolitan Police;Slight;1;1;24/01/2019;Thursday;10:00;Kensington and Chelsea;Kensington and Chelsea;A;315;Single carriageway;30 MPH;T or staggered junction;Auto traffic signal;C;0;None within 50 metres ;Pedestrian phase at traffic signal junction;Daylight;Raining no high winds;Wet or damp;None;None;Urban;Yes;E01002889;1;1;Pedestrian;Male;86;11;Slight;Crossing elsewhere within 50m. of pedestrian crossing;Crossing from driver's nearside;Not car passenger;Not a bus or coach passenger;No / Not applicable;0;Cyclist;More deprived 20-30%;1;Bus or coach (17 or more pass seats);No tow/articulation;Moving off;On main c'way - not in restricted lane;Approaching junction or waiting/parked at junction approach;None;None;Did not leave carriageway;None;Front;1;Not known;Male;-1;Data missing or out of range;-1;-1;-1;-1;Data missing or out of range;-1
2019010159278;525872;168880;-0.191726;51.404988;Metropolitan Police;Slight;2;1;23/01/2019;Wednesday;19:05;Merton;Merton;A;24;Single carriageway;30 MPH;Not at junction or within 20 metres;Data missing or out of range;-1;0;None within 50 metres ;Data missing or out of range;Darkness - lighting unknown;Fine no high winds;Dry;None;None;Urban;No - accident was reported using a self completion  form (self rep only);E01003426;1;1;Driver or rider;Male;61;9;Slight;Not a Pedestrian;Not a Pedestrian;Not car passenger;Not a bus or coach passenger;No / Not applicable;5;Cyclist;Less deprived 20-30%;1;Motorcycle over 500cc;No tow/articulation;Data missing or out of range;Data missing or out of range;Not at or within 20 metres of junction;Data missing or out of range;Data missing or out of range;Data missing or out of range;Data missing or out of range;Front;1;Commuting to/from work;Male;61;56 - 65;-1;-1;-1;8;Urban area;8
2019010159278;525872;168880;-0.191726;51.404988;Metropolitan Police;Slight;2;1;23/01/2019;Wednesday;19:05;Merton;Merton;A;24;Single carriageway;30 MPH;Not at junction or within 20 metres;Data missing or out of range;-1;0;None within 50 metres ;Data missing or out of range;Darkness - lighting unknown;Fine no high winds;Dry;None;None;Urban;No - accident was reported using a self completion  form (self rep only);E01003426;1;1;Driver or rider;Male;61;9;Slight;Not a Pedestrian;Not a Pedestrian;Not car passenger;Not a bus or coach passenger;No / Not applicable;5;Cyclist;Less deprived 20-30%;2;Car;No tow/articulation;Data missing or out of range;Data missing or out of range;Not at or within 20 metres of junction;Data missing or out of range;Data missing or out of range;Data missing or out of range;Data missing or out of range;Data missing or out of range;-1;Not known;Female;19;16 - 20;-1;-1;-1;2;Urban area;2
2019010159281;530511;181505;-0.120414;51.5174;Metropolitan Police;Slight;2;2;24/01/2019;Thursday;09:20;Camden;Camden;A;4200;Dual carriageway;20 MPH;Crossroads;Auto traffic signal;A;40;None within 50 metres ;Pelican, puffin, toucan or similar non-junction pedestrian light crossing;Daylight;Raining no high winds;Wet or damp;None;None;Urban;Yes;E01000918;1;1;Passenger;Male;29;6;Slight;Not a Pedestrian;Not a Pedestrian;Not car passenger;Standing passenger;No / Not applicable;11;Cyclist;Less deprived 40-50%;1;Bus or coach (17 or more pass seats);No tow/articulation;Going ahead other;On main c'way - not in restricted lane;Approaching junction or waiting/parked at junction approach;None;None;Did not leave carriageway;None;Front;1;Journey as part of work;Male;56;56 - 65;-1;-1;-1;2;Urban area;2
2019010159281;530511;181505;-0.120414;51.5174;Metropolitan Police;Slight;2;2;24/01/2019;Thursday;09:20;Camden;Camden;A;4200;Dual carriageway;20 MPH;Crossroads;Auto traffic signal;A;40;None within 50 metres ;Pelican, puffin, toucan or similar non-junction pedestrian light crossing;Daylight;Raining no high winds;Wet or damp;None;None;Urban;Yes;E01000918;1;1;Passenger;Male;29;6;Slight;Not a Pedestrian;Not a Pedestrian;Not car passenger;Standing passenger;No / Not applicable;11;Cyclist;Less deprived 40-50%;2;Van / Goods 3.5 tonnes mgw or under;No tow/articulation;Going ahead other;On main c'way - not in restricted lane;Approaching junction or waiting/parked at junction approach;None;None;Did not leave carriageway;None;Back;1;Not known;Male;39;36 - 45;-1;-1;-1;-1;Data missing or out of range;-1
2019010159281;530511;181505;-0.120414;51.5174;Metropolitan Police;Slight;2;2;24/01/2019;Thursday;09:20;Camden;Camden;A;4200;Dual carriageway;20 MPH;Crossroads;Auto traffic signal;A;40;None within 50 metres ;Pelican, puffin, toucan or similar non-junction pedestrian light crossing;Daylight;Raining no high winds;Wet or damp;None;None;Urban;Yes;E01000918;1;2;Passenger;Female;56;9;Slight;Not a Pedestrian;Not a Pedestrian;Not car passenger;Standing passenger;No / Not applicable;11;Cyclist;More deprived 30-40%;1;Bus or coach (17 or more pass seats);No tow/articulation;Going ahead other;On main c'way - not in restricted lane;Approaching junction or waiting/parked at junction approach;None;None;Did not leave carriageway;None;Front;1;Journey as part of work;Male;56;56 - 65;-1;-1;-1;2;Urban area;2
2019010159281;530511;181505;-0.120414;51.5174;Metropolitan Police;Slight;2;2;24/01/2019;Thursday;09:20;Camden;Camden;A;4200;Dual carriageway;20 MPH;Crossroads;Auto traffic signal;A;40;None within 50 metres ;Pelican, puffin, toucan or similar non-junction pedestrian light crossing;Daylight;Raining no high winds;Wet or damp;None;None;Urban;Yes;E01000918;1;2;Passenger;Female;56;9;Slight;Not a Pedestrian;Not a Pedestrian;Not car passenger;Standing passenger;No / Not applicable;11;Cyclist;More deprived 30-40%;2;Van / Goods 3.5 tonnes mgw or under;No tow/articulation;Going ahead other;On main c'way - not in restricted lane;Approaching junction or waiting/parked at junction approach;None;None;Did not leave carriageway;None;Back;1;Not known;Male;39;36 - 45;-1;-1;-1;-1;Data missing or out of range;-1
2019010159284;529396;171616;-0.140092;51.428784;Metropolitan Police;Slight;2;1;23/01/2019;Wednesday;19:50;Wandsworth;Wandsworth;Unclassified;0;Single carriageway;20 MPH;Other junction;Data missing or out of range;Unclassified;0;None within 50 metres ;No physical crossing facilities within 50 metres;Darkness - lights lit;Unknown;Data missing or out of range;Data missing or out of range;None;Urban;No - accident was reported using a self completion  form (self rep only);E01004524;1;1;Driver or rider;Female;41;7;Slight;Not a Pedestrian;Not a Pedestrian;Not car passenger;Not a bus or coach passenger;No / Not applicable;9;Cyclist;More deprived 40-50%;1;Car;No tow/articulation;Waiting to turn left;Data missing or out of range;Data missing or out of range;Data missing or out of range;Data missing or out of range;Data missing or out of range;Data missing or out of range;Back;-1;Not known;Female;41;36 - 45;-1;-1;-1;5;Urban area;5
2019010159284;529396;171616;-0.140092;51.428784;Metropolitan Police;Slight;2;1;23/01/2019;Wednesday;19:50;Wandsworth;Wandsworth;Unclassified;0;Single carriageway;20 MPH;Other junction;Data missing or out of range;Unclassified;0;None within 50 metres ;No physical crossing facilities within 50 metres;Darkness - lights lit;Unknown;Data missing or out of range;Data missing or out of range;None;Urban;No - accident was reported using a self completion  form (self rep only);E01004524;1;1;Driver or rider;Female;41;7;Slight;Not a Pedestrian;Not a Pedestrian;Not car passenger;Not a bus or coach passenger;No / Not applicable;9;Cyclist;More deprived 40-50%;2;Car;No tow/articulation;Going ahead other;Data missing or out of range;Data missing or out of range;Data missing or out of range;Data missing or out of range;Data missing or out of range;Data missing or out of range;Front;-1;Not known;Male;-1;Data missing or out of range;-1;-1;-1;-1;Data missing or out of range;-1
2019010159288;506718;185941;-0.461837;51.562263;Metropolitan Police;Slight;2;2;24/01/2019;Thursday;07:50;Hillingdon;Hillingdon;Unclassified;0;Single carriageway;30 MPH;Other junction;Give way or uncontrolled;Unclassified;0;None within 50 metres ;No physical crossing facilities within 50 metres;Daylight;Raining no high winds;Wet or damp;None;None;Urban;Yes;E01002462;1;1;Driver or rider;Female;27;6;Slight;Not a Pedestrian;Not a Pedestrian;Not car passenger;Not a bus or coach passenger;No / Not applicable;9;Cyclist;Less deprived 20-30%;1;Car;No tow/articulation;Going ahead right-hand bend;On main c'way - not in restricted lane;Approaching junction or waiting/parked at junction approach;None;None;Did not leave carriageway;None;Front;1;Journey as part of work;Female;27;26 - 35;-1;-1;-1;8;Urban area;8
2019010159288;506718;185941;-0.461837;51.562263;Metropolitan Police;Slight;2;2;24/01/2019;Thursday;07:50;Hillingdon;Hillingdon;Unclassified;0;Single carriageway;30 MPH;Other junction;Give way or uncontrolled;Unclassified;0;None within 50 metres ;No physical crossing facilities within 50 metres;Daylight;Raining no high winds;Wet or damp;None;None;Urban;Yes;E01002462;1;1;Driver or rider;Female;27;6;Slight;Not a Pedestrian;Not a Pedestrian;Not car passenger;Not a bus or coach passenger;No / Not applicable;9;Cyclist;Less deprived 20-30%;2;Car;No tow/articulation;Going ahead left-hand bend;On main c'way - not in restricted lane;Cleared junction or waiting/parked at junction exit;None;None;Did not leave carriageway;None;Did not impact;1;Journey as part of work;Female;21;21 - 25;-1;-1;-1;9;Urban area;9
2019010159288;506718;185941;-0.461837;51.562263;Metropolitan Police;Slight;2;2;24/01/2019;Thursday;07:50;Hillingdon;Hillingdon;Unclassified;0;Single carriageway;30 MPH;Other junction;Give way or uncontrolled;Unclassified;0;None within 50 metres ;No physical crossing facilities within 50 metres;Daylight;Raining no high winds;Wet or damp;None;None;Urban;Yes;E01002462;2;2;Driver or rider;Female;21;5;Slight;Not a Pedestrian;Not a Pedestrian;Not car passenger;Not a bus or coach passenger;No / Not applicable;9;Cyclist;Less deprived 10-20%;1;Car;No tow/articulation;Going ahead right-hand bend;On main c'way - not in restricted lane;Approaching junction or waiting/parked at junction approach;None;None;Did not leave carriageway;None;Front;1;Journey as part of work;Female;27;26 - 35;-1;-1;-1;8;Urban area;8
2019010159288;506718;185941;-0.461837;51.562263;Metropolitan Police;Slight;2;2;24/01/2019;Thursday;07:50;Hillingdon;Hillingdon;Unclassified;0;Single carriageway;30 MPH;Other junction;Give way or uncontrolled;Unclassified;0;None within 50 metres ;No physical crossing facilities within 50 metres;Daylight;Raining no high winds;Wet or damp;None;None;Urban;Yes;E01002462;2;2;Driver or rider;Female;21;5;Slight;Not a Pedestrian;Not a Pedestrian;Not car passenger;Not a bus or coach passenger;No / Not applicable;9;Cyclist;Less deprived 10-20%;2;Car;No tow/articulation;Going ahead left-hand bend;On main c'way - not in restricted lane;Cleared junction or waiting/parked at junction exit;None;None;Did not leave carriageway;None;Did not impact;1;Journey as part of work;Female;21;21 - 25;-1;-1;-1;9;Urban area;9
2019010159289;531125;174375;-0.114215;51.453182;Metropolitan Police;Slight;2;1;24/01/2019;Thursday;10:29;Lambeth;Lambeth;Unclassified;0;Single carriageway;30 MPH;Not at junction or within 20 metres;Data missing or out of range;-1;0;None within 50 metres ;Central refuge;Daylight;Raining no high winds;Wet or damp;None;None;Urban;Yes;E01003179;1;1;Driver or rider;Male;54;8;Slight;Not a Pedestrian;Not a Pedestrian;Not car passenger;Not a bus or coach passenger;No / Not applicable;3;-1;Data missing or out of range;1;Motorcycle 125cc and under;No tow/articulation;Going ahead other;On main c'way - not in restricted lane;Not at or within 20 metres of junction;None;None;Did not leave carriageway;None;Front;1;Not known;Male;54;46 - 55;-1;-1;-1;-1;Data missing or out of range;-1
2019010159289;531125;174375;-0.114215;51.453182;Metropolitan Police;Slight;2;1;24/01/2019;Thursday;10:29;Lambeth;Lambeth;Unclassified;0;Single carriageway;30 MPH;Not at junction or within 20 metres;Data missing or out of range;-1;0;None within 50 metres ;Central refuge;Daylight;Raining no high winds;Wet or damp;None;None;Urban;Yes;E01003179;1;1;Driver or rider;Male;54;8;Slight;Not a Pedestrian;Not a Pedestrian;Not car passenger;Not a bus or coach passenger;No / Not applicable;3;-1;Data missing or out of range;2;Car;No tow/articulation;Overtaking moving vehicle - offside;On main c'way - not in restricted lane;Not at or within 20 metres of junction;None;None;Did not leave carriageway;None;Front;1;Not known;Not known;-1;Data missing or out of range;-1;-1;-1;-1;Data missing or out of range;-1
2019010159292;523094;175871;-0.229218;51.468428;Metropolitan Police;Slight;2;1;23/01/2019;Wednesday;16:50;Wandsworth;Wandsworth;B;306;Roundabout;20 MPH;Roundabout;Data missing or out of range;B;349;Data missing or out of range;Data missing or out of range;Daylight;Fine no high winds;Dry;None;None;Rural;No - accident was reported using a self completion  form (self rep only);E01004604;1;1;Driver or rider;Male;50;8;Slight;Not a Pedestrian;Not a Pedestrian;Not car passenger;Not a bus or coach passenger;No / Not applicable;1;Cyclist;Less deprived 20-30%;1;Pedal cycle;Data missing or out of range;Data missing or out of range;Data missing or out of range;Data missing or out of range;Data missing or out of range;Data missing or out of range;Data missing or out of range;Data missing or out of range;Data missing or out of range;1;Not known;Male;50;46 - 55;-1;-1;-1;8;Urban area;8
2019010159292;523094;175871;-0.229218;51.468428;Metropolitan Police;Slight;2;1;23/01/2019;Wednesday;16:50;Wandsworth;Wandsworth;B;306;Roundabout;20 MPH;Roundabout;Data missing or out of range;B;349;Data missing or out of range;Data missing or out of range;Daylight;Fine no high winds;Dry;None;None;Rural;No - accident was reported using a self completion  form (self rep only);E01004604;1;1;Driver or rider;Male;50;8;Slight;Not a Pedestrian;Not a Pedestrian;Not car passenger;Not a bus or coach passenger;No / Not applicable;1;Cyclist;Less deprived 20-30%;2;Car;No tow/articulation;Data missing or out of range;Data missing or out of range;Data missing or out of range;Data missing or out of range;Data missing or out of range;Data missing or out of range;Data missing or out of range;Data missing or out of range;-1;Not known;Not known;-1;Data missing or out of range;-1;-1;-1;-1;Data missing or out of range;-1
2019010159299;530889;179959;-0.115542;51.503419;Metropolitan Police;Slight;2;1;24/01/2019;Thursday;09:10;Lambeth;Lambeth;A;3200;Dual carriageway;20 MPH;Not at junction or within 20 metres;Data missing or out of range;-1;0;None within 50 metres ;No physical crossing facilities within 50 metres;Daylight;Raining no high winds;Wet or damp;Roadworks;Other object on road;Urban;Yes;E01032582;2;1;Driver or rider;Male;52;8;Slight;Not a Pedestrian;Not a Pedestrian;Not car passenger;Not a bus or coach passenger;No / Not applicable;3;Cyclist;Least deprived 10%;1;Van / Goods 3.5 tonnes mgw or under;Single trailer;Slowing or stopping;On main c'way - not in restricted lane;Not at or within 20 metres of junction;None;None;Did not leave carriageway;None;Nearside;1;Journey as part of work;Male;45;36 - 45;-1;-1;-1;4;Urban area;4
2019010159299;530889;179959;-0.115542;51.503419;Metropolitan Police;Slight;2;1;24/01/2019;Thursday;09:10;Lambeth;Lambeth;A;3200;Dual carriageway;20 MPH;Not at junction or within 20 metres;Data missing or out of range;-1;0;None within 50 metres ;No physical crossing facilities within 50 metres;Daylight;Raining no high winds;Wet or damp;Roadworks;Other object on road;Urban;Yes;E01032582;2;1;Driver or rider;Male;52;8;Slight;Not a Pedestrian;Not a Pedestrian;Not car passenger;Not a bus or coach passenger;No / Not applicable;3;Cyclist;Least deprived 10%;2;Motorcycle 125cc and under;No tow/articulation;Slowing or stopping;On main c'way - not in restricted lane;Not at or within 20 metres of junction;None;Open door of vehicle;Did not leave carriageway;None;Offside;1;Not known;Male;52;46 - 55;-1;-1;-1;10;Urban area;10
2019010159303;527710;178428;-0.161874;51.490386;Metropolitan Police;Slight;1;1;24/01/2019;Thursday;10:55;Kensington and Chelsea;Kensington and Chelsea;A;3217;Slip road;30 MPH;T or staggered junction;Give way or uncontrolled;C;0;None within 50 metres ;Zebra;Daylight;Raining no high winds;Wet or damp;None;None;Urban;Yes;E01002902;1;1;Pedestrian;Female;71;10;Slight;In carriageway, crossing elsewhere;Crossing from driver's nearside;Not car passenger;Not a bus or coach passenger;No / Not applicable;0;Cyclist;More deprived 20-30%;1;Van / Goods 3.5 tonnes mgw or under;No tow/articulation;Turning left;On main c'way - not in restricted lane;Leaving main road;None;None;Did not leave carriageway;None;Nearside;1;Commuting to/from work;Male;30;26 - 35;-1;-1;-1;4;Urban area;4
2019010159306;535919;175936;-0.044663;51.46608;Metropolitan Police;Slight;2;2;24/01/2019;Thursday;11:54;Lewisham;Lewisham;B;2142;Single carriageway;30 MPH;Other junction;Give way or uncontrolled;Unclassified;0;None within 50 metres ;No physical crossing facilities within 50 metres;Daylight;Fine no high winds;Wet or damp;None;None;Urban;Yes;E01003342;1;1;Driver or rider;Female;27;6;Slight;Not a Pedestrian;Not a Pedestrian;Not car passenger;Not a bus or coach passenger;No / Not applicable;9;Cyclist;More deprived 20-30%;1;Car;No tow/articulation;Moving off;On main c'way - not in restricted lane;Cleared junction or waiting/parked at junction exit;None;None;Did not leave carriageway;None;Back;1;Not known;Female;27;26 - 35;-1;-1;-1;3;Urban area;3
2019010159306;535919;175936;-0.044663;51.46608;Metropolitan Police;Slight;2;2;24/01/2019;Thursday;11:54;Lewisham;Lewisham;B;2142;Single carriageway;30 MPH;Other junction;Give way or uncontrolled;Unclassified;0;None within 50 metres ;No physical crossing facilities within 50 metres;Daylight;Fine no high winds;Wet or damp;None;None;Urban;Yes;E01003342;1;1;Driver or rider;Female;27;6;Slight;Not a Pedestrian;Not a Pedestrian;Not car passenger;Not a bus or coach passenger;No / Not applicable;9;Cyclist;More deprived 20-30%;2;Car;No tow/articulation;Moving off;On main c'way - not in restricted lane;Cleared junction or waiting/parked at junction exit;None;None;Did not leave carriageway;None;Front;1;Not known;Female;30;26 - 35;-1;-1;-1;1;Urban area;1
2019010159306;535919;175936;-0.044663;51.46608;Metropolitan Police;Slight;2;2;24/01/2019;Thursday;11:54;Lewisham;Lewisham;B;2142;Single carriageway;30 MPH;Other junction;Give way or uncontrolled;Unclassified;0;None within 50 metres ;No physical crossing facilities within 50 metres;Daylight;Fine no high winds;Wet or damp;None;None;Urban;Yes;E01003342;1;2;Passenger;Female;61;9;Slight;Not a Pedestrian;Not a Pedestrian;Rear seat passenger;Not a bus or coach passenger;No / Not applicable;9;Cyclist;Most deprived 10%;1;Car;No tow/articulation;Moving off;On main c'way - not in restricted lane;Cleared junction or waiting/parked at junction exit;None;None;Did not leave carriageway;None;Back;1;Not known;Female;27;26 - 35;-1;-1;-1;3;Urban area;3
2019010159306;535919;175936;-0.044663;51.46608;Metropolitan Police;Slight;2;2;24/01/2019;Thursday;11:54;Lewisham;Lewisham;B;2142;Single carriageway;30 MPH;Other junction;Give way or uncontrolled;Unclassified;0;None within 50 metres ;No physical crossing facilities within 50 metres;Daylight;Fine no high winds;Wet or damp;None;None;Urban;Yes;E01003342;1;2;Passenger;Female;61;9;Slight;Not a Pedestrian;Not a Pedestrian;Rear seat passenger;Not a bus or coach passenger;No / Not applicable;9;Cyclist;Most deprived 10%;2;Car;No tow/articulation;Moving off;On main c'way - not in restricted lane;Cleared junction or waiting/parked at junction exit;None;None;Did not leave carriageway;None;Front;1;Not known;Female;30;26 - 35;-1;-1;-1;1;Urban area;1
2019010159317;536739;188397;-0.028032;51.57786;Metropolitan Police;Slight;2;1;23/01/2019;Wednesday;07:23;Waltham Forest;Waltham Forest;Unclassified;0;Single carriageway;20 MPH;T or staggered junction;Give way or uncontrolled;Unclassified;0;None within 50 metres ;No physical crossing facilities within 50 metres;Darkness - lights unlit;Fine no high winds;Dry;None;None;Urban;No - accident was reported using a self completion  form (self rep only);E01004444;2;1;Driver or rider;Female;26;6;Slight;Not a Pedestrian;Not a Pedestrian;Not car passenger;Not a bus or coach passenger;No / Not applicable;1;Cyclist;More deprived 10-20%;1;Van / Goods 3.5 tonnes mgw or under;Data missing or out of range;Turning right;On main c'way - not in restricted lane;Data missing or out of range;Data missing or out of range;Other object;Did not leave carriageway;None;Nearside;-1;Not known;Male;30;26 - 35;-1;-1;-1;3;Urban area;3
2019010159317;536739;188397;-0.028032;51.57786;Metropolitan Police;Slight;2;1;23/01/2019;Wednesday;07:23;Waltham Forest;Waltham Forest;Unclassified;0;Single carriageway;20 MPH;T or staggered junction;Give way or uncontrolled;Unclassified;0;None within 50 metres ;No physical crossing facilities within 50 metres;Darkness - lights unlit;Fine no high winds;Dry;None;None;Urban;No - accident was reported using a self completion  form (self rep only);E01004444;2;1;Driver or rider;Female;26;6;Slight;Not a Pedestrian;Not a Pedestrian;Not car passenger;Not a bus or coach passenger;No / Not applicable;1;Cyclist;More deprived 10-20%;2;Pedal cycle;No tow/articulation;Going ahead other;On main c'way - not in restricted lane;Approaching junction or waiting/parked at junction approach;None;None;Did not leave carriageway;None;Front;1;Journey as part of work;Female;26;26 - 35;-1;-1;-1;2;Urban area;2
2019010159318;528330;184610;-0.150698;51.545803;Metropolitan Police;Slight;1;1;21/01/2019;Monday;13:00;Camden;Camden;B;517;Single carriageway;20 MPH;Crossroads;Auto traffic signal;C;0;Data missing or out of range;Data missing or out of range;Daylight;Unknown;Data missing or out of range;Data missing or out of range;Data missing or out of range;Urban;No - accident was reported using a self completion  form (self rep only);E01000905;1;1;Pedestrian;Male;28;6;Slight;Unknown or other;Unknown or other;Not car passenger;Not a bus or coach passenger;No / Not applicable;0;Cyclist;More deprived 10-20%;1;Van / Goods 3.5 tonnes mgw or under;Data missing or out of range;Data missing or out of range;Data missing or out of range;Data missing or out of range;Data missing or out of range;Other object;Did not leave carriageway;None;Data missing or out of range;-1;Not known;Not known;-1;Data missing or out of range;-1;-1;-1;-1;Data missing or out of range;-1
2019010159319;551764;189357;0.189052;51.582644;Metropolitan Police;Slight;2;1;22/01/2019;Tuesday;09:50;Havering;Havering;A;118;Single carriageway;30 MPH;Crossroads;Give way or uncontrolled;C;0;None within 50 metres ;Zebra;Daylight;Fine no high winds;Dry;None;None;Urban;No - accident was reported using a self completion  form (self rep only);E01002354;1;1;Driver or rider;Male;25;5;Slight;Not a Pedestrian;Not a Pedestrian;Not car passenger;Not a bus or coach passenger;No / Not applicable;9;Cyclist;Less deprived 30-40%;1;Car;No tow/articulation;Data missing or out of range;Data missing or out of range;Data missing or out of range;Data missing or out of range;Data missing or out of range;Data missing or out of range;Data missing or out of range;Front;-1;Not known;Male;25;21 - 25;-1;-1;-1;7;Urban area;7
2019010159319;551764;189357;0.189052;51.582644;Metropolitan Police;Slight;2;1;22/01/2019;Tuesday;09:50;Havering;Havering;A;118;Single carriageway;30 MPH;Crossroads;Give way or uncontrolled;C;0;None within 50 metres ;Zebra;Daylight;Fine no high winds;Dry;None;None;Urban;No - accident was reported using a self completion  form (self rep only);E01002354;1;1;Driver or rider;Male;25;5;Slight;Not a Pedestrian;Not a Pedestrian;Not car passenger;Not a bus or coach passenger;No / Not applicable;9;Cyclist;Less deprived 30-40%;2;Car;No tow/articulation;Data missing or out of range;Data missing or out of range;Data missing or out of range;Data missing or out of range;Data missing or out of range;Data missing or out of range;Data missing or out of range;Data missing or out of range;-1;Not known;Not known;-1;Data missing or out of range;-1;-1;-1;-1;Data missing or out of range;-1
2019010159320;510379;175142;-0.412422;51.464496;Metropolitan Police;Slight;2;1;22/01/2019;Tuesday;12:28;Hounslow;Hounslow;A;312;Single carriageway;40 MPH;T or staggered junction;Auto traffic signal;Unclassified;0;None within 50 metres ;Central refuge;Daylight;Fine no high winds;Dry;None;None;Urban;Yes;E01002592;1;1;Driver or rider;Male;18;4;Slight;Not a Pedestrian;Not a Pedestrian;Not car passenger;Not a bus or coach passenger;No / Not applicable;9;Cyclist;Less deprived 10-20%;1;Car;No tow/articulation;Turning right;On main c'way - not in restricted lane;Mid Junction - on roundabout or on main road;None;None;Did not leave carriageway;None;Front;1;Not known;Male;18;16 - 20;-1;-1;-1;9;Urban area;9
2019010159320;510379;175142;-0.412422;51.464496;Metropolitan Police;Slight;2;1;22/01/2019;Tuesday;12:28;Hounslow;Hounslow;A;312;Single carriageway;40 MPH;T or staggered junction;Auto traffic signal;Unclassified;0;None within 50 metres ;Central refuge;Daylight;Fine no high winds;Dry;None;None;Urban;Yes;E01002592;1;1;Driver or rider;Male;18;4;Slight;Not a Pedestrian;Not a Pedestrian;Not car passenger;Not a bus or coach passenger;No / Not applicable;9;Cyclist;Less deprived 10-20%;2;Van / Goods 3.5 tonnes mgw or under;No tow/articulation;Going ahead other;On main c'way - not in restricted lane;Mid Junction - on roundabout or on main road;None;None;Did not leave carriageway;None;Front;1;Journey as part of work;Male;47;46 - 55;-1;-1;-1;6;Urban area;6