Accident_Index;Location_Easting_OSGR;Location_Northing_OSGR;Longitude;Latitude;Police_Force;Accident_Severity;Number_of_Vehicles;Number_of_Casualties;Date;Day_of_Week;Time;Local_Authority_(District);Local_Authority_(Highway);1st_Road_Class;1st_Road_Number;Road_Type;Speed_limit;Junction_Detail;Junction_Control;2nd_Road_Class;2nd_Road_Number;Pedestrian_Crossing-Human_Control;Pedestrian_Crossing-Physical_Facilities;Light_Conditions;Weather_Conditions;Road_Surface_Conditions;Special_Conditions_at_Site;Carriageway_Hazards;Urban_or_Rural_Area;Did_Police_Officer_Attend_Scene_of_Accident;LSOA_of_Accident_Location;Vehicle_Reference_x;Casualty_Reference;Casualty_Class;Sex_of_Casualty;Age_of_Casualty;Age_Band_of_Casualty;Casualty_Severity;Pedestrian_Location;Pedestrian_Movement;Car_Passenger;Bus_or_Coach_Passenger;Pedestrian_Road_Maintenance_Worker;Casualty_Type;Casualty_Home_Area_Type;Casualty_IMD_Decile;Vehicle_Reference_y;Vehicle_Type;Towing_and_Articulation;Vehicle_Manoeuvre;Vehicle_Location-Restricted_Lane;Junction_Location;Skidding_and_Overturning;Hit_Object_in_Carriageway;Vehicle_Leaving_Carriageway;Hit_Object_off_Carriageway;1st_Point_of_Impact;Was_Vehicle_Left_Hand_Drive?;Journey_Purpose_of_Driver;Sex_of_Driver;Age_of_Driver;Age_Band_of_Driver;Engine_Capacity_(CC);Propulsion_Code;Age_of_Vehicle;Driver_IMD_Decile;Driver_Home_Area_Type;Vehicle_IMD_Decile
2019010159324;520968;175450;-0.259954;51.465102;Metropolitan Police;Slight;1;1;24/01/2019;Thursday;12:20;Richmond upon Thames;Richmond upon Thames;A;205;Single carriageway;30 MPH;T or staggered junction;Give way or uncontrolled;Unclassified;0;None within 50 metres ;Zebra;Daylight;Fine no high winds;Wet or damp;None;None;Urban;Yes;E01003809;1;1;Pedestrian;Female;17;4;Slight;Crossing on pedestrian crossing facility;Crossing from driver's nearside;Not car passenger;Not a bus or coach passenger;No / Not applicable;0;Cyclist;More deprived 40-50%;1;Van / Goods 3.5 tonnes mgw or under;No tow/articulation;Going ahead other;On main c'way - not in restricted lane;Cleared junction or waiting/parked at junction exit;None;None;Did not leave carriageway;None;Front;1;Journey as part of work;Male;65;56 - 65;-1;-1;-1;5;Urban area;5
2019010159326;536626;191626;-0.028407;51.606903;Metropolitan Police;Slight;2;1;24/01/2019;Thursday;12:27;Waltham Forest;Waltham Forest;A;406;Dual carriageway;50 MPH;Not at junction or within 20 metres;Data missing or out of range;-1;0;None within 50 metres ;No physical crossing facilities within 50 metres;Darkness - lights unlit;Fine no high winds;Wet or damp;None;None;Rural;Yes;E01004399;1;1;Driver or rider;Female;26;6;Slight;Not a Pedestrian;Not a Pedestrian;Not car passenger;Not a bus or coach passenger;No / Not applicable;9;Cyclist;More deprived 30-40%;1;Car;No tow/articulation;Going ahead other;On main c'way - not in restricted lane;Not at or within 20 metres of junction;None;None;Did not leave carriageway;None;Back;1;Not known;Female;26;26 - 35;-1;-1;-1;4;Urban area;4
2019010159326;536626;191626;-0.028407;51.606903;Metropolitan Police;Slight;2;1;24/01/2019;Thursday;12:27;Waltham Forest;Waltham Forest;A;406;Dual carriageway;50 MPH;Not at junction or within 20 metres;Data missing or out of range;-1;0;None within 50 metres ;No physical crossing facilities within 50 metres;Darkness - lights unlit;Fine no high winds;Wet or damp;None;None;Rural;Yes;E01004399;1;1;Driver or rider;Female;26;6;Slight;Not a Pedestrian;Not a Pedestrian;Not car passenger;Not a bus or coach passenger;No / Not applicable;9;Cyclist;More deprived 30-40%;2;Car;No tow/articulation;Changing lane to left;On main c'way - not in restricted lane;Not at or within 20 metres of junction;None;None;Did not leave carriageway;None;Front;1;Not known;Not known;-1;Data missing or out of range;-1;-1;-1;-1;Data missing or out of range;-1
2019010159329;526889;178427;-0.173693;51.490562;Metropolitan Police;Slight;2;1;24/01/2019;Thursday;11:40;Kensington and Chelsea;Kensington and Chelsea;A;308;Dual carriageway;30 MPH;T or staggered junction;Give way or uncontrolled;Unclassified;0;None within 50 metres ;Pedestrian phase at traffic signal junction;Daylight;Other;Wet or damp;None;None;Urban;Yes;E01002910;1;1;Driver or rider;Male;44;7;Slight;Not a Pedestrian;Not a Pedestrian;Not car passenger;Not a bus or coach passenger;No / Not applicable;3;Cyclist;More deprived 30-40%;1;Motorcycle 125cc and under;No tow/articulation;Going ahead other;On main c'way - not in restricted lane;Approaching junction or waiting/parked at junction approach;Skidded;None;Did not leave carriageway;None;Nearside;1;Journey as part of work;Male;44;36 - 45;-1;-1;-1;4;Urban area;4
2019010159329;526889;178427;-0.173693;51.490562;Metropolitan Police;Slight;2;1;24/01/2019;Thursday;11:40;Kensington and Chelsea;Kensington and Chelsea;A;308;Dual carriageway;30 MPH;T or staggered junction;Give way or uncontrolled;Unclassified;0;None within 50 metres ;Pedestrian phase at traffic signal junction;Daylight;Other;Wet or damp;None;None;Urban;Yes;E01002910;1;1;Driver or rider;Male;44;7;Slight;Not a Pedestrian;Not a Pedestrian;Not car passenger;Not a bus or coach passenger;No / Not applicable;3;Cyclist;More deprived 30-40%;2;Taxi/Private hire car;No tow/articulation;Going ahead other;On main c'way - not in restricted lane;Approaching junction or waiting/parked at junction approach;None;None;Did not leave carriageway;None;Front;1;Not known;Not known;-1;Data missing or out of range;-1;-1;-1;-1;Data missing or out of range;-1
2019010159336;532999;189498;-0.081558;51.588648;Metropolitan Police;Slight;2;1;23/01/2019;Wednesday;18:30;Haringey;Haringey;B;153;Single carriageway;30 MPH;T or staggered junction;Give way or uncontrolled;Unclassified;0;None within 50 metres ;No physical crossing facilities within 50 metres;Darkness - lights lit;Fine no high winds;Dry;None;None;Urban;Yes;E01002067;2;1;Driver or rider;Male;19;4;Slight;Not a Pedestrian;Not a Pedestrian;Not car passenger;Not a bus or coach passenger;No / Not applicable;3;Cyclist;Most deprived 10%;1;Car;No tow/articulation;Waiting to turn right;On main c'way - not in restricted lane;Entering main road;None;None;Did not leave carriageway;None;Offside;1;Not known;Male;37;36 - 45;-1;-1;-1;4;Urban area;4
2019010159336;532999;189498;-0.081558;51.588648;Metropolitan Police;Slight;2;1;23/01/2019;Wednesday;18:30;Haringey;Haringey;B;153;Single carriageway;30 MPH;T or staggered junction;Give way or uncontrolled;Unclassified;0;None within 50 metres ;No physical crossing facilities within 50 metres;Darkness - lights lit;Fine no high winds;Dry;None;None;Urban;Yes;E01002067;2;1;Driver or rider;Male;19;4;Slight;Not a Pedestrian;Not a Pedestrian;Not car passenger;Not a bus or coach passenger;No / Not applicable;3;Cyclist;Most deprived 10%;2;Motorcycle 125cc and under;No tow/articulation;Going ahead other;On main c'way - not in restricted lane;Approaching junction or waiting/parked at junction approach;None;None;Did not leave carriageway;None;Front;1;Not known;Male;19;16 - 20;-1;-1;-1;1;Urban area;1
2019010159337;513595;182520;-0.363773;51.530173;Metropolitan Police;Slight;1;1;24/01/2019;Thursday;10:20;Ealing;Ealing;B;455;Single carriageway;30 MPH;T or staggered junction;Give way or uncontrolled;Unclassified;0;None within 50 metres ;Zebra;Daylight;Raining no high winds;Wet or damp;None;None;Urban;Yes;E01001258;1;1;Pedestrian;Female;74;10;Slight;In carriageway, crossing elsewhere;Crossing from driver's offside;Not car passenger;Not a bus or coach passenger;No / Not applicable;0;Cyclist;More deprived 40-50%;1;Car;No tow/articulation;Going ahead other;On main c'way - not in restricted lane;Cleared junction or waiting/parked at junction exit;None;None;Did not leave carriageway;None;Offside;1;Not known;Male;41;36 - 45;-1;-1;-1;3;Urban area;3
2019010159338;528543;180246;-0.14922;51.506536;Metropolitan Police;Serious;2;1;24/01/2019;Thursday;14:01;Westminster;Westminster;C;0;Single carriageway;30 MPH;T or staggered junction;Give way or uncontrolled;Unclassified;0;None within 50 metres ;No physical crossing facilities within 50 metres;Daylight;Fine no high winds;Wet or damp;None;None;Urban;Yes;E01004761;2;1;Driver or rider;Male;19;4;Serious;Not a Pedestrian;Not a Pedestrian;Not car passenger;Not a bus or coach passenger;No / Not applicable;2;Cyclist;More deprived 10-20%;1;Van / Goods 3.5 tonnes mgw or under;No tow/articulation;U-turn;On main c'way - not in restricted lane;Approaching junction or waiting/parked at junction approach;None;None;Did not leave carriageway;None;Nearside;1;Journey as part of work;Male;34;26 - 35;-1;-1;-1;3;Urban area;3
2019010159338;528543;180246;-0.14922;51.506536;Metropolitan Police;Serious;2;1;24/01/2019;Thursday;14:01;Westminster;Westminster;C;0;Single carriageway;30 MPH;T or staggered junction;Give way or uncontrolled;Unclassified;0;None within 50 metres ;No physical crossing facilities within 50 metres;Daylight;Fine no high winds;Wet or damp;None;None;Urban;Yes;E01004761;2;1;Driver or rider;Male;19;4;Serious;Not a Pedestrian;Not a Pedestrian;Not car passenger;Not a bus or coach passenger;No / Not applicable;2;Cyclist;More deprived 10-20%;2;Motorcycle 50cc and under;No tow/articulation;Overtaking static vehicle - offside;On main c'way - not in restricted lane;Cleared junction or waiting/parked at junction exit;None;None;Did not leave carriageway;None;Front;1;Journey as part of work;Male;19;16 - 20;-1;-1;-1;2;Urban area;2
2019010159340;527669;175148;-0.163648;51.460918;Metropolitan Police;Slight;2;1;24/01/2019;Thursday;09:15;Wandsworth;Wandsworth;A;3;Single carriageway;30 MPH;Not at junction or within 20 metres;Data missing or out of range;-1;0;None within 50 metres ;Zebra;Daylight;Fine no high winds;Dry;None;None;Urban;No - accident was reported using a self completion  form (self rep only);E01004552;1;1;Driver or rider;Male;35;6;Slight;Not a Pedestrian;Not a Pedestrian;Not car passenger;Not a bus or coach passenger;No / Not applicable;9;Cyclist;Less deprived 30-40%;1;Car;No tow/articulation;Data missing or out of range;Data missing or out of range;Not at or within 20 metres of junction;Data missing or out of range;Data missing or out of range;Data missing or out of range;Data missing or out of range;Front;-1;Not known;Male;35;26 - 35;-1;-1;-1;7;Urban area;7
2019010159340;527669;175148;-0.163648;51.460918;Metropolitan Police;Slight;2;1;24/01/2019;Thursday;09:15;Wandsworth;Wandsworth;A;3;Single carriageway;30 MPH;Not at junction or within 20 metres;Data missing or out of range;-1;0;None within 50 metres ;Zebra;Daylight;Fine no high winds;Dry;None;None;Urban;No - accident was reported using a self completion  form (self rep only);E01004552;1;1;Driver or rider;Male;35;6;Slight;Not a Pedestrian;Not a Pedestrian;Not car passenger;Not a bus or coach passenger;No / Not applicable;9;Cyclist;Less deprived 30-40%;2;Goods vehicle - unknown weight;No tow/articulation;Data missing or out of range;Data missing or out of range;Not at or within 20 metres of junction;Data missing or out of range;Data missing or out of range;Data missing or out of range;Data missing or out of range;Front;-1;Not known;Not known;-1;Data missing or out of range;-1;-1;-1;-1;Data missing or out of range;-1
2019010159341;537169;176261;-0.026553;51.468699;Metropolitan Police;Slight;2;1;22/01/2019;Tuesday;18:00;Lewisham;Lewisham;A;20;Single carriageway;20 MPH;T or staggered junction;Data missing or out of range;Unclassified;0;None within 50 metres ;Pedestrian phase at traffic signal junction;Darkness - lights lit;Fine no high winds;Wet or damp;Data missing or out of range;None;Urban;No - accident was reported using a self completion  form (self rep only);E01003211;1;1;Driver or rider;Female;22;5;Slight;Not a Pedestrian;Not a Pedestrian;Not car passenger;Not a bus or coach passenger;No / Not applicable;1;Cyclist;More deprived 30-40%;1;Pedal cycle;Data missing or out of range;Data missing or out of range;Data missing or out of range;Data missing or out of range;Data missing or out of range;Data missing or out of range;Data missing or out of range;Data missing or out of range;Front;1;Not known;Female;22;21 - 25;-1;-1;-1;4;Urban area;4
2019010159341;537169;176261;-0.026553;51.468699;Metropolitan Police;Slight;2;1;22/01/2019;Tuesday;18:00;Lewisham;Lewisham;A;20;Single carriageway;20 MPH;T or staggered junction;Data missing or out of range;Unclassified;0;None within 50 metres ;Pedestrian phase at traffic signal junction;Darkness - lights lit;Fine no high winds;Wet or damp;Data missing or out of range;None;Urban;No - accident was reported using a self completion  form (self rep only);E01003211;1;1;Driver or rider;Female;22;5;Slight;Not a Pedestrian;Not a Pedestrian;Not car passenger;Not a bus or coach passenger;No / Not applicable;1;Cyclist;More deprived 30-40%;2;Car;No tow/articulation;Data missing or out of range;Data missing or out of range;Data missing or out of range;Data missing or out of range;Data missing or out of range;Data missing or out of range;Data missing or out of range;Offside;-1;Not known;Not known;-1;Data missing or out of range;-1;-1;-1;-1;Data missing or out of range;-1
2019010159342;530112;171067;-0.13;51.423687;Metropolitan Police;Slight;1;1;17/01/2019;Thursday;12:35;Lambeth;Lambeth;A;23;Unknown;30 MPH;T or staggered junction;Give way or uncontrolled;Unclassified;0;Data missing or out of range;Data missing or out of range;Daylight;Unknown;Data missing or out of range;Data missing or out of range;Data missing or out of range;Urban;No - accident was reported using a self completion  form (self rep only);E01003150;1;1;Driver or rider;Male;50;8;Slight;Not a Pedestrian;Not a Pedestrian;Not car passenger;Not a bus or coach passenger;No / Not applicable;9;Cyclist;Less deprived 10-20%;1;Car;No tow/articulation;Going ahead other;On main c'way - not in restricted lane;Cleared junction or waiting/parked at junction exit;None;Data missing or out of range;Did not leave carriageway;None;Did not impact;-1;Not known;Male;50;46 - 55;-1;-1;-1;9;Urban area;9
2019010159343;545478;188576;0.098069;51.577282;Metropolitan Police;Slight;2;3;23/01/2019;Wednesday;21:50;Redbridge;Redbridge;A;12;Dual carriageway;40 MPH;T or staggered junction;Give way or uncontrolled;Unclassified;0;None within 50 metres ;No physical crossing facilities within 50 metres;Darkness - lights lit;Fine no high winds;Frost or ice;None;None;Urban;Yes;E01003641;1;1;Driver or rider;Male;26;6;Slight;Not a Pedestrian;Not a Pedestrian;Not car passenger;Not a bus or coach passenger;No / Not applicable;9;Cyclist;More deprived 40-50%;1;Car;No tow/articulation;Going ahead other;On main c'way - not in restricted lane;Mid Junction - on roundabout or on main road;None;None;Did not leave carriageway;None;Front;1;Not known;Male;26;26 - 35;-1;-1;-1;5;Urban area;5
2019010159343;545478;188576;0.098069;51.577282;Metropolitan Police;Slight;2;3;23/01/2019;Wednesday;21:50;Redbridge;Redbridge;A;12;Dual carriageway;40 MPH;T or staggered junction;Give way or uncontrolled;Unclassified;0;None within 50 metres ;No physical crossing facilities within 50 metres;Darkness - lights lit;Fine no high winds;Frost or ice;None;None;Urban;Yes;E01003641;1;1;Driver or rider;Male;26;6;Slight;Not a Pedestrian;Not a Pedestrian;Not car passenger;Not a bus or coach passenger;No / Not applicable;9;Cyclist;More deprived 40-50%;2;Car;No tow/articulation;Moving off;On main c'way - not in restricted lane;Entering main road;None;None;Did not leave carriageway;None;Offside;1;Not known;Male;29;26 - 35;-1;-1;-1;-1;Data missing or out of range;-1
2019010159343;545478;188576;0.098069;51.577282;Metropolitan Police;Slight;2;3;23/01/2019;Wednesday;21:50;Redbridge;Redbridge;A;12;Dual carriageway;40 MPH;T or staggered junction;Give way or uncontrolled;Unclassified;0;None within 50 metres ;No physical crossing facilities within 50 metres;Darkness - lights lit;Fine no high winds;Frost or ice;None;None;Urban;Yes;E01003641;1;2;Passenger;Female;32;6;Slight;Not a Pedestrian;Not a Pedestrian;Front seat passenger;Not a bus or coach passenger;No / Not applicable;9;Cyclist;Less deprived 40-50%;1;Car;No tow/articulation;Going ahead other;On main c'way - not in restricted lane;Mid Junction - on roundabout or on main road;None;None;Did not leave carriageway;None;Front;1;Not known;Male;26;26 - 35;-1;-1;-1;5;Urban area;5
2019010159343;545478;188576;0.098069;51.577282;Metropolitan Police;Slight;2;3;23/01/2019;Wednesday;21:50;Redbridge;Redbridge;A;12;Dual carriageway;40 MPH;T or staggered junction;Give way or uncontrolled;Unclassified;0;None within 50 metres ;No physical crossing facilities within 50 metres;Darkness - lights lit;Fine no high winds;Frost or ice;None;None;Urban;Yes;E01003641;1;2;Passenger;Female;32;6;Slight;Not a Pedestrian;Not a Pedestrian;Front seat passenger;Not a bus or coach passenger;No / Not applicable;9;Cyclist;Less deprived 40-50%;2;Car;No tow/articulation;Moving off;On main c'way - not in restricted lane;Entering main road;None;None;Did not leave carriageway;None;Offside;1;Not known;Male;29;26 - 35;-1;-1;-1;-1;Data missing or out of range;-1
2019010159343;545478;188576;0.098069;51.577282;Metropolitan Police;Slight;2;3;23/01/2019;Wednesday;21:50;Redbridge;Redbridge;A;12;Dual carriageway;40 MPH;T or staggered junction;Give way or uncontrolled;Unclassified;0;None within 50 metres ;No physical crossing facilities within 50 metres;Darkness - lights lit;Fine no high winds;Frost or ice;None;None;Urban;Yes;E01003641;2;3;Driver or rider;Male;29;6;Slight;Not a Pedestrian;Not a Pedestrian;Not car passenger;Not a bus or coach passenger;No / Not applicable;9;-1;Data missing or out of range;1;Car;No tow/articulation;Going ahead other;On main c'way - not in restricted lane;Mid Junction - on roundabout or on main road;None;None;Did not leave carriageway;None;Front;1;Not known;Male;26;26 - 35;-1;-1;-1;5;Urban area;5
2019010159343;545478;188576;0.098069;51.577282;Metropolitan Police;Slight;2;3;23/01/2019;Wednesday;21:50;Redbridge;Redbridge;A;12;Dual carriageway;40 MPH;T or staggered junction;Give way or uncontrolled;Unclassified;0;None within 50 metres ;No physical crossing facilities within 50 metres;Darkness - lights lit;Fine no high winds;Frost or ice;None;None;Urban;Yes;E01003641;2;3;Driver or rider;Male;29;6;Slight;Not a Pedestrian;Not a Pedestrian;Not car passenger;Not a bus or coach passenger;No / Not applicable;9;-1;Data missing or out of range;2;Car;No tow/articulation;Moving off;On main c'way - not in restricted lane;Entering main road;None;None;Did not leave carriageway;None;Offside;1;Not known;Male;29;26 - 35;-1;-1;-1;-1;Data missing or out of range;-1
2019010159345;518578;193110;-0.288397;51.624328;Metropolitan Police;Slight;2;1;24/01/2019;Thursday;12:32;Barnet;Barnet;A;41;Single carriageway;30 MPH;Roundabout;Data missing or out of range;Unclassified;0;None within 50 metres ;Data missing or out of range;Daylight;Fine no high winds;Wet or damp;None;None;Rural;No - accident was reported using a self completion  form (self rep only);E01000188;1;1;Driver or rider;Male;45;7;Slight;Not a Pedestrian;Not a Pedestrian;Not car passenger;Not a bus or coach passenger;No / Not applicable;4;Cyclist;More deprived 10-20%;1;Motorcycle over 125cc and up to 500cc;No tow/articulation;Going ahead other;Data missing or out of range;Data missing or out of range;Data missing or out of range;Data missing or out of range;Data missing or out of range;Data missing or out of range;Front;1;Not known;Male;45;36 - 45;-1;-1;-1;2;Urban area;2
2019010159345;518578;193110;-0.288397;51.624328;Metropolitan Police;Slight;2;1;24/01/2019;Thursday;12:32;Barnet;Barnet;A;41;Single carriageway;30 MPH;Roundabout;Data missing or out of range;Unclassified;0;None within 50 metres ;Data missing or out of range;Daylight;Fine no high winds;Wet or damp;None;None;Rural;No - accident was reported using a self completion  form (self rep only);E01000188;1;1;Driver or rider;Male;45;7;Slight;Not a Pedestrian;Not a Pedestrian;Not car passenger;Not a bus or coach passenger;No / Not applicable;4;Cyclist;More deprived 10-20%;2;Goods vehicle - unknown weight;No tow/articulation;Going ahead other;On main c'way - not in restricted lane;Data missing or out of range;None;None;Did not leave carriageway;None;Front;1;Not known;Not known;49;46 - 55;-1;-1;-1;-1;Data missing or out of range;-1
2019010159349;533898;163857;-0.078296;51.358012;Metropolitan Police;Slight;1;3;24/01/2019;Thursday;15:00;Croydon;Croydon;C;0;Single carriageway;30 MPH;T or staggered junction;Give way or uncontrolled;Unclassified;0;None within 50 metres ;No physical crossing facilities within 50 metres;Daylight;Other;Wet or damp;None;None;Urban;Yes;E01001036;1;1;Driver or rider;Male;80;11;Slight;Not a Pedestrian;Not a Pedestrian;Not car passenger;Not a bus or coach passenger;No / Not applicable;9;Cyclist;More deprived 40-50%;1;Car;No tow/articulation;Going ahead other;On main c'way - not in restricted lane;Cleared junction or waiting/parked at junction exit;None;None;Offside;Tree;Front;1;Not known;Male;80;Over 75;-1;-1;-1;5;Urban area;5
2019010159349;533898;163857;-0.078296;51.358012;Metropolitan Police;Slight;1;3;24/01/2019;Thursday;15:00;Croydon;Croydon;C;0;Single carriageway;30 MPH;T or staggered junction;Give way or uncontrolled;Unclassified;0;None within 50 metres ;No physical crossing facilities within 50 metres;Daylight;Other;Wet or damp;None;None;Urban;Yes;E01001036;1;2;Passenger;Female;73;10;Slight;Not a Pedestrian;Not a Pedestrian;Front seat passenger;Not a bus or coach passenger;No / Not applicable;9;Cyclist;More deprived 40-50%;1;Car;No tow/articulation;Going ahead other;On main c'way - not in restricted lane;Cleared junction or waiting/parked at junction exit;None;None;Offside;Tree;Front;1;Not known;Male;80;Over 75;-1;-1;-1;5;Urban area;5
2019010159349;533898;163857;-0.078296;51.358012;Metropolitan Police;Slight;1;3;24/01/2019;Thursday;15:00;Croydon;Croydon;C;0;Single carriageway;30 MPH;T or staggered junction;Give way or uncontrolled;Unclassified;0;None within 50 metres ;No physical crossing facilities within 50 metres;Daylight;Other;Wet or damp;None;None;Urban;Yes;E01001036;1;3;Passenger;Male;4;1;Slight;Not a Pedestrian;Not a Pedestrian;Rear seat passenger;Not a bus or coach passenger;No / Not applicable;9;Cyclist;More deprived 40-50%;1;Car;No tow/articulation;Going ahead other;On main c'way - not in restricted lane;Cleared junction or waiting/parked at junction exit;None;None;Offside;Tree;Front;1;Not known;Male;80;Over 75;-1;-1;-1;5;Urban area;5
2019010159354;529676;175779;-0.134543;51.466133;Metropolitan Police;Slight;2;1;24/01/2019;Thursday;02:05;Lambeth;Lambeth;Unclassified;0;Dual carriageway;20 MPH;Slip road;Authorised person;Unclassified;0;None within 50 metres ;No physical crossing facilities within 50 metres;Darkness - lights lit;Fine no high winds;Wet or damp;None;None;Urban;No - accident was reported using a self completion  form (self rep only);E01003035;1;1;Driver or rider;Male;62;9;Slight;Not a Pedestrian;Not a Pedestrian;Not car passenger;Not a bus or coach passenger;No / Not applicable;8;Cyclist;More deprived 10-20%;1;Taxi/Private hire car;No tow/articulation;Data missing or out of range;Data missing or out of range;Data missing or out of range;Data missing or out of range;Data missing or out of range;Data missing or out of range;Data missing or out of range;Back;-1;Not known;Male;62;56 - 65;-1;-1;-1;2;Urban area;2
2019010159354;529676;175779;-0.134543;51.466133;Metropolitan Police;Slight;2;1;24/01/2019;Thursday;02:05;Lambeth;Lambeth;Unclassified;0;Dual carriageway;20 MPH;Slip road;Authorised person;Unclassified;0;None within 50 metres ;No physical crossing facilities within 50 metres;Darkness - lights lit;Fine no high winds;Wet or damp;None;None;Urban;No - accident was reported using a self completion  form (self rep only);E01003035;1;1;Driver or rider;Male;62;9;Slight;Not a Pedestrian;Not a Pedestrian;Not car passenger;Not a bus or coach passenger;No / Not applicable;8;Cyclist;More deprived 10-20%;2;Car;No tow/articulation;Data missing or out of range;Data missing or out of range;Data missing or out of range;Data missing or out of range;Data missing or out of range;Data missing or out of range;Data missing or out of range;Front;-1;Not known;Not known;-1;Data missing or out of range;-1;-1;-1;2;Urban area;2
2019010159358;517645;186243;-0.30417;51.562806;Metropolitan Police;Slight;2;1;24/01/2019;Thursday;11:00;Brent;Brent;A;4088;Single carriageway;30 MPH;Data missing or out of range;Data missing or out of range;C;0;Data missing or out of range;Data missing or out of range;Daylight;Raining no high winds;Wet or damp;None;None;Urban;No - accident was reported using a self completion  form (self rep only);E01000613;1;1;Driver or rider;Male;41;7;Slight;Not a Pedestrian;Not a Pedestrian;Not car passenger;Not a bus or coach passenger;No / Not applicable;9;Cyclist;More deprived 30-40%;1;Car;Data missing or out of range;Data missing or out of range;Data missing or out of range;Data missing or out of range;Data missing or out of range;Data missing or out of range;Data missing or out of range;Data missing or out of range;Back;-1;Not known;Male;41;36 - 45;-1;-1;-1;4;Urban area;4
2019010159358;517645;186243;-0.30417;51.562806;Metropolitan Police;Slight;2;1;24/01/2019;Thursday;11:00;Brent;Brent;A;4088;Single carriageway;30 MPH;Data missing or out of range;Data missing or out of range;C;0;Data missing or out of range;Data missing or out of range;Daylight;Raining no high winds;Wet or damp;None;None;Urban;No - accident was reported using a self completion  form (self rep only);E01000613;1;1;Driver or rider;Male;41;7;Slight;Not a Pedestrian;Not a Pedestrian;Not car passenger;Not a bus or coach passenger;No / Not applicable;9;Cyclist;More deprived 30-40%;2;Goods vehicle - unknown weight;Data missing or out of range;Data missing or out of range;Data missing or out of range;Data missing or out of range;Data missing or out of range;Data missing or out of range;Data missing or out of range;Data missing or out of range;Front;-1;Not known;Not known;-1;Data missing or out of range;-1;-1;-1;-1;Data missing or out of range;-1
2019010159359;532784;169247;-0.092273;51.406712;Metropolitan Police;Slight;2;3;24/01/2019;Thursday;12:15;Croydon;Croydon;Unclassified;0;Single carriageway;20 MPH;T or staggered junction;Give way or uncontrolled;Unclassified;0;None within 50 metres ;No physical crossing facilities within 50 metres;Daylight;Fine no high winds;Wet or damp;None;None;Urban;Yes;E01001146;1;1;Driver or rider;Male;19;4;Slight;Not a Pedestrian;Not a Pedestrian;Not car passenger;Not a bus or coach passenger;No / Not applicable;9;Cyclist;More deprived 30-40%;1;Car;No tow/articulation;Turning right;On main c'way - not in restricted lane;Mid Junction - on roundabout or on main road;None;None;Did not leave carriageway;None;Front;1;Not known;Male;19;16 - 20;1124;Petrol;15;4;Urban area;4
2019010159359;532784;169247;-0.092273;51.406712;Metropolitan Police;Slight;2;3;24/01/2019;Thursday;12:15;Croydon;Croydon;Unclassified;0;Single carriageway;20 MPH;T or staggered junction;Give way or uncontrolled;Unclassified;0;None within 50 metres ;No physical crossing facilities within 50 metres;Daylight;Fine no high winds;Wet or damp;None;None;Urban;Yes;E01001146;1;1;Driver or rider;Male;19;4;Slight;Not a Pedestrian;Not a Pedestrian;Not car passenger;Not a bus or coach passenger;No / Not applicable;9;Cyclist;More deprived 30-40%;2;Car;No tow/articulation;Going ahead other;On main c'way - not in restricted lane;Mid Junction - on roundabout or on main road;None;None;Did not leave carriageway;None;Front;1;Not known;Male;22;21 - 25;1895;Petrol;22;4;Urban area;4
2019010159359;532784;169247;-0.092273;51.406712;Metropolitan Police;Slight;2;3;24/01/2019;Thursday;12:15;Croydon;Croydon;Unclassified;0;Single carriageway;20 MPH;T or staggered junction;Give way or uncontrolled;Unclassified;0;None within 50 metres ;No physical crossing facilities within 50 metres;Daylight;Fine no high winds;Wet or damp;None;None;Urban;Yes;E01001146;2;2;Driver or rider;Male;22;5;Slight;Not a Pedestrian;Not a Pedestrian;Not car passenger;Not a bus or coach passenger;No / Not applicable;9;Cyclist;More deprived 30-40%;1;Car;No tow/articulation;Turning right;On main c'way - not in restricted lane;Mid Junction - on roundabout or on main road;None;None;Did not leave carriageway;None;Front;1;Not known;Male;19;16 - 20;1124;Petrol;15;4;Urban area;4
2019010159359;532784;169247;-0.092273;51.406712;Metropolitan Police;Slight;2;3;24/01/2019;Thursday;12:15;Croydon;Croydon;Unclassified;0;Single carriageway;20 MPH;T or staggered junction;Give way or uncontrolled;Unclassified;0;None within 50 metres ;No physical crossing facilities within 50 metres;Daylight;Fine no high winds;Wet or damp;None;None;Urban;Yes;E01001146;2;2;Driver or rider;Male;22;5;Slight;Not a Pedestrian;Not a Pedestrian;Not car passenger;Not a bus or coach passenger;No / Not applicable;9;Cyclist;More deprived 30-40%;2;Car;No tow/articulation;Going ahead other;On main c'way - not in restricted lane;Mid Junction - on roundabout or on main road;None;None;Did not leave carriageway;None;Front;1;Not known;Male;22;21 - 25;1895;Petrol;22;4;Urban area;4
2019010159359;532784;169247;-0.092273;51.406712;Metropolitan Police;Slight;2;3;24/01/2019;Thursday;12:15;Croydon;Croydon;Unclassified;0;Single carriageway;20 MPH;T or staggered junction;Give way or uncontrolled;Unclassified;0;None within 50 metres ;No physical crossing facilities within 50 metres;Daylight;Fine no high winds;Wet or damp;None;None;Urban;Yes;E01001146;2;3;Passenger;Female;24;5;Slight;Not a Pedestrian;Not a Pedestrian;Front seat passenger;Not a bus or coach passenger;No / Not applicable;9;Cyclist;More deprived 30-40%;1;Car;No tow/articulation;Turning right;On main c'way - not in restricted lane;Mid Junction - on roundabout or on main road;None;None;Did not leave carriageway;None;Front;1;Not known;Male;19;16 - 20;1124;Petrol;15;4;Urban area;4