Accident_Index;Location_Easting_OSGR;Location_Northing_OSGR;Longitude;Latitude;Police_Force;Accident_Severity;Number_of_Vehicles;Number_of_Casualties;Date;Day_of_Week;Time;Local_Authority_(District);Local_Authority_(Highway);1st_Road_Class;1st_Road_Number;Road_Type;Speed_limit;Junction_Detail;Junction_Control;2nd_Road_Class;2nd_Road_Number;Pedestrian_Crossing-Human_Control;Pedestrian_Crossing-Physical_Facilities;Light_Conditions;Weather_Conditions;Road_Surface_Conditions;Special_Conditions_at_Site;Carriageway_Hazards;Urban_or_Rural_Area;Did_Police_Officer_Attend_Scene_of_Accident;LSOA_of_Accident_Location;Vehicle_Reference_x;Casualty_Reference;Casualty_Class;Sex_of_Casualty;Age_of_Casualty;Age_Band_of_Casualty;Casualty_Severity;Pedestrian_Location;Pedestrian_Movement;Car_Passenger;Bus_or_Coach_Passenger;Pedestrian_Road_Maintenance_Worker;Casualty_Type;Casualty_Home_Area_Type;Casualty_IMD_Decile;Vehicle_Reference_y;Vehicle_Type;Towing_and_Articulation;Vehicle_Manoeuvre;Vehicle_Location-Restricted_Lane;Junction_Location;Skidding_and_Overturning;Hit_Object_in_Carriageway;Vehicle_Leaving_Carriageway;Hit_Object_off_Carriageway;1st_Point_of_Impact;Was_Vehicle_Left_Hand_Drive?;Journey_Purpose_of_Driver;Sex_of_Driver;Age_of_Driver;Age_Band_of_Driver;Engine_Capacity_(CC);Propulsion_Code;Age_of_Vehicle;Driver_IMD_Decile;Driver_Home_Area_Type;Vehicle_IMD_Decile
2019010159391;527324;181923;-0.166169;51.521883;Metropolitan Police;Serious;2;1;24/01/2019;Thursday;19:30;Westminster;Westminster;Unclassified;0;Single carriageway;20 MPH;Crossroads;Give way or uncontrolled;Unclassified;0;None within 50 metres ;No physical crossing facilities within 50 metres;Darkness - lights lit;Fine no high winds;Wet or damp;None;None;Urban;Yes;E01033603;2;1;Driver or rider;Male;19;4;Serious;Not a Pedestrian;Not a Pedestrian;Not car passenger;Not a bus or coach passenger;No / Not applicable;4;Cyclist;More deprived 10-20%;2;Motorcycle over 125cc and up to 500cc;No tow/articulation;Going ahead other;On main c'way - not in restricted lane;Mid Junction - on roundabout or on main road;None;None;Did not leave carriageway;None;Back;1;Commuting to/from work;Male;19;16 - 20;-1;-1;-1;2;Urban area;2
2019010159392;518175;189911;-0.295294;51.595661;Metropolitan Police;Slight;2;1;24/01/2019;Thursday;15:15;Harrow;Harrow;C;0;Single carriageway;30 MPH;Roundabout;Give way or uncontrolled;A;4140;None within 50 metres ;Pedestrian phase at traffic signal junction;Daylight;Fine no high winds;Dry;None;None;Urban;Yes;E01002202;1;1;Driver or rider;Male;25;5;Slight;Not a Pedestrian;Not a Pedestrian;Not car passenger;Not a bus or coach passenger;No / Not applicable;3;Cyclist;Less deprived 40-50%;1;Motorcycle 125cc and under;No tow/articulation;Moving off;On main c'way - not in restricted lane;Cleared junction or waiting/parked at junction exit;None;None;Did not leave carriageway;None;Nearside;1;Not known;Male;25;21 - 25;-1;-1;-1;6;Urban area;6
2019010159392;518175;189911;-0.295294;51.595661;Metropolitan Police;Slight;2;1;24/01/2019;Thursday;15:15;Harrow;Harrow;C;0;Single carriageway;30 MPH;Roundabout;Give way or uncontrolled;A;4140;None within 50 metres ;Pedestrian phase at traffic signal junction;Daylight;Fine no high winds;Dry;None;None;Urban;Yes;E01002202;1;1;Driver or rider;Male;25;5;Slight;Not a Pedestrian;Not a Pedestrian;Not car passenger;Not a bus or coach passenger;No / Not applicable;3;Cyclist;Less deprived 40-50%;2;Car;No tow/articulation;Turning right;On main c'way - not in restricted lane;Entering from slip road;None;None;Did not leave carriageway;None;Front;1;Not known;Male;41;36 - 45;-1;-1;-1;4;Urban area;4
2019010159394;526147;170282;-0.187276;51.417527;Metropolitan Police;Slight;2;1;24/01/2019;Thursday;19:30;Merton;Merton;A;218;Single carriageway;30 MPH;T or staggered junction;Give way or uncontrolled;Unclassified;0;None within 50 metres ;No physical crossing facilities within 50 metres;Darkness - lights lit;Fine no high winds;Wet or damp;None;None;Urban;Yes;E01003360;2;1;Driver or rider;Male;27;6;Slight;Not a Pedestrian;Not a Pedestrian;Not car passenger;Not a bus or coach passenger;No / Not applicable;9;Cyclist;Less deprived 10-20%;1;Car;No tow/articulation;Turning right;On main c'way - not in restricted lane;Entering main road;None;None;Did not leave carriageway;None;Front;1;Not known;Male;25;21 - 25;-1;-1;-1;3;Urban area;3
2019010159394;526147;170282;-0.187276;51.417527;Metropolitan Police;Slight;2;1;24/01/2019;Thursday;19:30;Merton;Merton;A;218;Single carriageway;30 MPH;T or staggered junction;Give way or uncontrolled;Unclassified;0;None within 50 metres ;No physical crossing facilities within 50 metres;Darkness - lights lit;Fine no high winds;Wet or damp;None;None;Urban;Yes;E01003360;2;1;Driver or rider;Male;27;6;Slight;Not a Pedestrian;Not a Pedestrian;Not car passenger;Not a bus or coach passenger;No / Not applicable;9;Cyclist;Less deprived 10-20%;2;Car;No tow/articulation;Going ahead other;On main c'way - not in restricted lane;Approaching junction or waiting/parked at junction approach;None;None;Did not leave carriageway;None;Front;1;Not known;Male;27;26 - 35;-1;-1;-1;9;Urban area;9
2019010159395;528707;173600;-0.149277;51.446771;Metropolitan Police;Slight;2;1;24/01/2019;Thursday;17:43;Wandsworth;Wandsworth;A;24;Single carriageway;30 MPH;Crossroads;Data missing or out of range;C;0;Data missing or out of range;Data missing or out of range;Darkness - lights lit;Fine no high winds;Wet or damp;None;None;Urban;No - accident was reported using a self completion  form (self rep only);E01004474;1;1;Driver or rider;Male;45;7;Slight;Not a Pedestrian;Not a Pedestrian;Not car passenger;Not a bus or coach passenger;No / Not applicable;1;Cyclist;Less deprived 20-30%;1;Pedal cycle;Data missing or out of range;Going ahead other;Data missing or out of range;Data missing or out of range;Data missing or out of range;Data missing or out of range;Data missing or out of range;Data missing or out of range;Front;1;Commuting to/from work;Male;45;36 - 45;-1;-1;-1;8;Urban area;8
2019010159395;528707;173600;-0.149277;51.446771;Metropolitan Police;Slight;2;1;24/01/2019;Thursday;17:43;Wandsworth;Wandsworth;A;24;Single carriageway;30 MPH;Crossroads;Data missing or out of range;C;0;Data missing or out of range;Data missing or out of range;Darkness - lights lit;Fine no high winds;Wet or damp;None;None;Urban;No - accident was reported using a self completion  form (self rep only);E01004474;1;1;Driver or rider;Male;45;7;Slight;Not a Pedestrian;Not a Pedestrian;Not car passenger;Not a bus or coach passenger;No / Not applicable;1;Cyclist;Less deprived 20-30%;2;Goods vehicle - unknown weight;No tow/articulation;Turning right;Data missing or out of range;Data missing or out of range;Data missing or out of range;Data missing or out of range;Data missing or out of range;Data missing or out of range;Front;-1;Not known;Male;-1;Data missing or out of range;-1;-1;-1;-1;Data missing or out of range;-1
2019010159397;531998;179066;-0.099907;51.495136;Metropolitan Police;Slight;1;1;24/01/2019;Thursday;14:30;Southwark;Southwark;A;201;Single carriageway;20 MPH;Not at junction or within 20 metres;Data missing or out of range;-1;0;None within 50 metres ;Pedestrian phase at traffic signal junction;Daylight;Fine no high winds;Dry;None;None;Urban;Yes;E01003933;1;1;Pedestrian;Male;60;9;Slight;Crossing elsewhere within 50m. of pedestrian crossing;Crossing from driver's offside;Not car passenger;Not a bus or coach passenger;No / Not applicable;0;Cyclist;More deprived 40-50%;1;Car;No tow/articulation;Moving off;On main c'way - not in restricted lane;Not at or within 20 metres of junction;None;None;Did not leave carriageway;None;Did not impact;1;Not known;Male;54;46 - 55;2987;Heavy oil;12;3;Urban area;3
2019010159399;531117;170088;-0.115915;51.414657;Metropolitan Police;Slight;2;1;24/01/2019;Thursday;16:45;Croydon;Croydon;B;273;Single carriageway;20 MPH;T or staggered junction;Give way or uncontrolled;Unclassified;0;None within 50 metres ;Central refuge;Darkness - lights lit;Fine no high winds;Wet or damp;None;None;Urban;No - accident was reported using a self completion  form (self rep only);E01001083;1;1;Driver or rider;Male;Data missing or out of range;-1;Slight;Not a Pedestrian;Not a Pedestrian;Not car passenger;Not a bus or coach passenger;No / Not applicable;3;Cyclist;More deprived 10-20%;1;Motorcycle 125cc and under;No tow/articulation;Data missing or out of range;Data missing or out of range;Approaching junction or waiting/parked at junction approach;Data missing or out of range;Data missing or out of range;Data missing or out of range;Data missing or out of range;Back;1;Not known;Male;-1;Data missing or out of range;-1;-1;-1;2;Urban area;2
2019010159399;531117;170088;-0.115915;51.414657;Metropolitan Police;Slight;2;1;24/01/2019;Thursday;16:45;Croydon;Croydon;B;273;Single carriageway;20 MPH;T or staggered junction;Give way or uncontrolled;Unclassified;0;None within 50 metres ;Central refuge;Darkness - lights lit;Fine no high winds;Wet or damp;None;None;Urban;No - accident was reported using a self completion  form (self rep only);E01001083;1;1;Driver or rider;Male;Data missing or out of range;-1;Slight;Not a Pedestrian;Not a Pedestrian;Not car passenger;Not a bus or coach passenger;No / Not applicable;3;Cyclist;More deprived 10-20%;2;Car;No tow/articulation;Data missing or out of range;Data missing or out of range;Approaching junction or waiting/parked at junction approach;Data missing or out of range;Data missing or out of range;Data missing or out of range;Data missing or out of range;Front;1;Not known;Not known;-1;Data missing or out of range;-1;-1;-1;-1;Data missing or out of range;-1
2019010159401;521685;179051;-0.248398;51.497313;Metropolitan Police;Slight;2;1;24/01/2019;Thursday;18:17;Hounslow;Hounslow;B;409;Single carriageway;30 MPH;Crossroads;Auto traffic signal;C;0;None within 50 metres ;No physical crossing facilities within 50 metres;Darkness - lights lit;Fine no high winds;Dry;None;None;Urban;Yes;E01001927;1;1;Driver or rider;Female;33;6;Slight;Not a Pedestrian;Not a Pedestrian;Not car passenger;Not a bus or coach passenger;No / Not applicable;9;Cyclist;More deprived 30-40%;1;Car;No tow/articulation;Waiting to go - held up;On main c'way - not in restricted lane;Approaching junction or waiting/parked at junction approach;None;None;Did not leave carriageway;None;Back;1;Not known;Female;33;26 - 35;-1;-1;-1;4;Urban area;4
2019010159401;521685;179051;-0.248398;51.497313;Metropolitan Police;Slight;2;1;24/01/2019;Thursday;18:17;Hounslow;Hounslow;B;409;Single carriageway;30 MPH;Crossroads;Auto traffic signal;C;0;None within 50 metres ;No physical crossing facilities within 50 metres;Darkness - lights lit;Fine no high winds;Dry;None;None;Urban;Yes;E01001927;1;1;Driver or rider;Female;33;6;Slight;Not a Pedestrian;Not a Pedestrian;Not car passenger;Not a bus or coach passenger;No / Not applicable;9;Cyclist;More deprived 30-40%;2;Car;No tow/articulation;Moving off;On main c'way - not in restricted lane;Approaching junction or waiting/parked at junction approach;None;None;Did not leave carriageway;None;Front;1;Not known;Not known;-1;Data missing or out of range;-1;-1;-1;-1;Data missing or out of range;-1
2019010159402;530831;166860;-0.121215;51.385714;Metropolitan Police;Slight;2;1;24/01/2019;Thursday;20:35;Croydon;Croydon;A;236;Roundabout;30 MPH;Roundabout;Give way or uncontrolled;A;23;Control by other authorised person;Central refuge;Darkness - lights lit;Fine no high winds;Dry;None;None;Urban;Yes;E01001180;2;1;Driver or rider;Male;43;7;Slight;Not a Pedestrian;Not a Pedestrian;Not car passenger;Not a bus or coach passenger;No / Not applicable;1;Cyclist;More deprived 20-30%;1;Van / Goods 3.5 tonnes mgw or under;No tow/articulation;Going ahead other;On main c'way - not in restricted lane;Entering roundabout;None;None;Did not leave carriageway;None;Front;1;Not known;Male;62;56 - 65;-1;-1;-1;4;Urban area;4
2019010159402;530831;166860;-0.121215;51.385714;Metropolitan Police;Slight;2;1;24/01/2019;Thursday;20:35;Croydon;Croydon;A;236;Roundabout;30 MPH;Roundabout;Give way or uncontrolled;A;23;Control by other authorised person;Central refuge;Darkness - lights lit;Fine no high winds;Dry;None;None;Urban;Yes;E01001180;2;1;Driver or rider;Male;43;7;Slight;Not a Pedestrian;Not a Pedestrian;Not car passenger;Not a bus or coach passenger;No / Not applicable;1;Cyclist;More deprived 20-30%;2;Pedal cycle;No tow/articulation;Going ahead other;On main c'way - not in restricted lane;Entering roundabout;None;None;Did not leave carriageway;None;Back;1;Not known;Male;43;36 - 45;-1;-1;-1;3;Urban area;3
2019010159405;531646;179844;-0.104685;51.50221;Metropolitan Police;Slight;2;1;24/01/2019;Thursday;17:12;Southwark;Southwark;A;201;Single carriageway;20 MPH;Crossroads;Give way or uncontrolled;Unclassified;0;None within 50 metres ;No physical crossing facilities within 50 metres;Darkness - lights lit;Fine no high winds;Wet or damp;None;None;Urban;Yes;E01032583;2;1;Driver or rider;Female;26;6;Slight;Not a Pedestrian;Not a Pedestrian;Not car passenger;Not a bus or coach passenger;No / Not applicable;1;Cyclist;More deprived 20-30%;1;Car;No tow/articulation;Moving off;Cycle lane (on main carriageway);Mid Junction - on roundabout or on main road;None;None;Did not leave carriageway;None;Offside;1;Not known;Male;26;26 - 35;-1;-1;-1;9;Urban area;9
2019010159405;531646;179844;-0.104685;51.50221;Metropolitan Police;Slight;2;1;24/01/2019;Thursday;17:12;Southwark;Southwark;A;201;Single carriageway;20 MPH;Crossroads;Give way or uncontrolled;Unclassified;0;None within 50 metres ;No physical crossing facilities within 50 metres;Darkness - lights lit;Fine no high winds;Wet or damp;None;None;Urban;Yes;E01032583;2;1;Driver or rider;Female;26;6;Slight;Not a Pedestrian;Not a Pedestrian;Not car passenger;Not a bus or coach passenger;No / Not applicable;1;Cyclist;More deprived 20-30%;2;Pedal cycle;No tow/articulation;Going ahead other;Cycle lane (on main carriageway);Mid Junction - on roundabout or on main road;Overturned;None;Nearside;None;Nearside;1;Commuting to/from work;Female;26;26 - 35;-1;-1;-1;3;Urban area;3
2019010159406;532552;181947;-0.090849;51.520897;Metropolitan Police;Serious;2;1;24/01/2019;Thursday;20:21;Islington;Islington;B;100;Single carriageway;20 MPH;Other junction;Give way or uncontrolled;Unclassified;0;None within 50 metres ;No physical crossing facilities within 50 metres;Darkness - lights lit;Fine no high winds;Wet or damp;None;None;Urban;Yes;E01002704;1;1;Driver or rider;Male;29;6;Serious;Not a Pedestrian;Not a Pedestrian;Not car passenger;Not a bus or coach passenger;No / Not applicable;1;Cyclist;More deprived 10-20%;1;Pedal cycle;No tow/articulation;Going ahead other;On main c'way - not in restricted lane;Approaching junction or waiting/parked at junction approach;None;None;Did not leave carriageway;None;Front;1;Commuting to/from work;Male;29;26 - 35;-1;-1;-1;2;Urban area;2
2019010159406;532552;181947;-0.090849;51.520897;Metropolitan Police;Serious;2;1;24/01/2019;Thursday;20:21;Islington;Islington;B;100;Single carriageway;20 MPH;Other junction;Give way or uncontrolled;Unclassified;0;None within 50 metres ;No physical crossing facilities within 50 metres;Darkness - lights lit;Fine no high winds;Wet or damp;None;None;Urban;Yes;E01002704;1;1;Driver or rider;Male;29;6;Serious;Not a Pedestrian;Not a Pedestrian;Not car passenger;Not a bus or coach passenger;No / Not applicable;1;Cyclist;More deprived 10-20%;2;Pedal cycle;No tow/articulation;Turning left;On main c'way - not in restricted lane;Approaching junction or waiting/parked at junction approach;None;None;Did not leave carriageway;None;Front;1;Not known;Female;-1;Data missing or out of range;-1;-1;-1;-1;Data missing or out of range;-1
2019010159410;533422;190605;-0.075035;51.598496;Metropolitan Police;Slight;2;2;24/01/2019;Thursday;20:20;Haringey;Haringey;A;109;Roundabout;20 MPH;Roundabout;Give way or uncontrolled;A;10;None within 50 metres ;Zebra;Darkness - lights lit;Fine no high winds;Wet or damp;None;None;Urban;Yes;E01001978;2;1;Driver or rider;Female;21;5;Slight;Not a Pedestrian;Not a Pedestrian;Not car passenger;Not a bus or coach passenger;No / Not applicable;9;Cyclist;Most deprived 10%;1;Car;No tow/articulation;Going ahead other;On main c'way - not in restricted lane;Entering roundabout;None;None;Straight ahead at junction;Telegraph or electricity pole;Front;1;Not known;Male;25;21 - 25;-1;-1;-1;1;Urban area;1
2019010159410;533422;190605;-0.075035;51.598496;Metropolitan Police;Slight;2;2;24/01/2019;Thursday;20:20;Haringey;Haringey;A;109;Roundabout;20 MPH;Roundabout;Give way or uncontrolled;A;10;None within 50 metres ;Zebra;Darkness - lights lit;Fine no high winds;Wet or damp;None;None;Urban;Yes;E01001978;2;1;Driver or rider;Female;21;5;Slight;Not a Pedestrian;Not a Pedestrian;Not car passenger;Not a bus or coach passenger;No / Not applicable;9;Cyclist;Most deprived 10%;2;Car;No tow/articulation;Turning right;On main c'way - not in restricted lane;Entering roundabout;None;None;Did not leave carriageway;None;Front;1;Not known;Female;21;21 - 25;-1;-1;-1;1;Urban area;1
2019010159410;533422;190605;-0.075035;51.598496;Metropolitan Police;Slight;2;2;24/01/2019;Thursday;20:20;Haringey;Haringey;A;109;Roundabout;20 MPH;Roundabout;Give way or uncontrolled;A;10;None within 50 metres ;Zebra;Darkness - lights lit;Fine no high winds;Wet or damp;None;None;Urban;Yes;E01001978;2;2;Passenger;Male;15;3;Slight;Not a Pedestrian;Not a Pedestrian;Front seat passenger;Not a bus or coach passenger;No / Not applicable;9;Cyclist;Most deprived 10%;1;Car;No tow/articulation;Going ahead other;On main c'way - not in restricted lane;Entering roundabout;None;None;Straight ahead at junction;Telegraph or electricity pole;Front;1;Not known;Male;25;21 - 25;-1;-1;-1;1;Urban area;1
2019010159410;533422;190605;-0.075035;51.598496;Metropolitan Police;Slight;2;2;24/01/2019;Thursday;20:20;Haringey;Haringey;A;109;Roundabout;20 MPH;Roundabout;Give way or uncontrolled;A;10;None within 50 metres ;Zebra;Darkness - lights lit;Fine no high winds;Wet or damp;None;None;Urban;Yes;E01001978;2;2;Passenger;Male;15;3;Slight;Not a Pedestrian;Not a Pedestrian;Front seat passenger;Not a bus or coach passenger;No / Not applicable;9;Cyclist;Most deprived 10%;2;Car;No tow/articulation;Turning right;On main c'way - not in restricted lane;Entering roundabout;None;None;Did not leave carriageway;None;Front;1;Not known;Female;21;21 - 25;-1;-1;-1;1;Urban area;1
2019010159414;548523;188140;0.141796;51.572571;Metropolitan Police;Slight;2;1;24/01/2019;Thursday;19:50;Barking and Dagenham;Barking and Dagenham;A;1112;Single carriageway;30 MPH;Crossroads;Auto traffic signal;A;118;None within 50 metres ;No physical crossing facilities within 50 metres;Darkness - lights lit;Fine no high winds;Dry;None;None;Urban;Yes;E01000031;1;1;Driver or rider;Male;46;8;Slight;Not a Pedestrian;Not a Pedestrian;Not car passenger;Not a bus or coach passenger;No / Not applicable;4;Cyclist;Less deprived 30-40%;1;Motorcycle over 125cc and up to 500cc;No tow/articulation;Going ahead other;On main c'way - not in restricted lane;Cleared junction or waiting/parked at junction exit;None;None;Did not leave carriageway;None;Front;1;Commuting to/from work;Male;46;46 - 55;125;Petrol;8;7;Urban area;7
2019010159414;548523;188140;0.141796;51.572571;Metropolitan Police;Slight;2;1;24/01/2019;Thursday;19:50;Barking and Dagenham;Barking and Dagenham;A;1112;Single carriageway;30 MPH;Crossroads;Auto traffic signal;A;118;None within 50 metres ;No physical crossing facilities within 50 metres;Darkness - lights lit;Fine no high winds;Dry;None;None;Urban;Yes;E01000031;1;1;Driver or rider;Male;46;8;Slight;Not a Pedestrian;Not a Pedestrian;Not car passenger;Not a bus or coach passenger;No / Not applicable;4;Cyclist;Less deprived 30-40%;2;Car;No tow/articulation;Waiting to turn right;On main c'way - not in restricted lane;Approaching junction or waiting/parked at junction approach;None;None;Did not leave carriageway;None;Nearside;1;Not known;Male;31;26 - 35;1242;Petrol;15;3;Urban area;3
2019010159415;547566;186223;0.127193;51.555598;Metropolitan Police;Slight;3;1;24/01/2019;Thursday;18:43;Barking and Dagenham;Barking and Dagenham;B;191;Single carriageway;30 MPH;Crossroads;Authorised person;Unclassified;0;None within 50 metres ;No physical crossing facilities within 50 metres;Darkness - lights lit;Fine no high winds;Dry;None;None;Urban;Yes;E01000083;1;1;Driver or rider;Female;42;7;Slight;Not a Pedestrian;Not a Pedestrian;Not car passenger;Not a bus or coach passenger;No / Not applicable;9;Cyclist;More deprived 10-20%;1;Car;No tow/articulation;Going ahead other;On main c'way - not in restricted lane;Approaching junction or waiting/parked at junction approach;None;None;Did not leave carriageway;None;Front;1;Commuting to/from work;Female;42;36 - 45;-1;-1;-1;2;Urban area;2
2019010159415;547566;186223;0.127193;51.555598;Metropolitan Police;Slight;3;1;24/01/2019;Thursday;18:43;Barking and Dagenham;Barking and Dagenham;B;191;Single carriageway;30 MPH;Crossroads;Authorised person;Unclassified;0;None within 50 metres ;No physical crossing facilities within 50 metres;Darkness - lights lit;Fine no high winds;Dry;None;None;Urban;Yes;E01000083;1;1;Driver or rider;Female;42;7;Slight;Not a Pedestrian;Not a Pedestrian;Not car passenger;Not a bus or coach passenger;No / Not applicable;9;Cyclist;More deprived 10-20%;2;Car;No tow/articulation;Going ahead other;On main c'way - not in restricted lane;Cleared junction or waiting/parked at junction exit;None;None;Did not leave carriageway;None;Offside;1;Not known;Male;25;21 - 25;-1;-1;-1;2;Urban area;2
2019010159415;547566;186223;0.127193;51.555598;Metropolitan Police;Slight;3;1;24/01/2019;Thursday;18:43;Barking and Dagenham;Barking and Dagenham;B;191;Single carriageway;30 MPH;Crossroads;Authorised person;Unclassified;0;None within 50 metres ;No physical crossing facilities within 50 metres;Darkness - lights lit;Fine no high winds;Dry;None;None;Urban;Yes;E01000083;1;1;Driver or rider;Female;42;7;Slight;Not a Pedestrian;Not a Pedestrian;Not car passenger;Not a bus or coach passenger;No / Not applicable;9;Cyclist;More deprived 10-20%;3;Car;No tow/articulation;Parked;Footway (pavement);Approaching junction or waiting/parked at junction approach;None;None;Did not leave carriageway;None;Back;1;Not known;Not known;-1;Data missing or out of range;-1;-1;-1;-1;Data missing or out of range;-1
2019010159416;534865;181859;-0.057564;51.519559;Metropolitan Police;Slight;2;1;24/01/2019;Thursday;18:45;Tower Hamlets;Tower Hamlets;A;11;Single carriageway;30 MPH;T or staggered junction;Auto traffic signal;A;11;Data missing or out of range;Pedestrian phase at traffic signal junction;Darkness - lighting unknown;Raining no high winds;Wet or damp;None;None;Urban;No - accident was reported using a self completion  form (self rep only);E01004322;1;1;Driver or rider;Male;30;6;Slight;Not a Pedestrian;Not a Pedestrian;Not car passenger;Not a bus or coach passenger;No / Not applicable;1;Cyclist;Most deprived 10%;1;Pedal cycle;Data missing or out of range;Data missing or out of range;Data missing or out of range;Data missing or out of range;Data missing or out of range;Data missing or out of range;Data missing or out of range;Data missing or out of range;Data missing or out of range;1;Commuting to/from work;Male;30;26 - 35;-1;-1;-1;1;Urban area;1
2019010159416;534865;181859;-0.057564;51.519559;Metropolitan Police;Slight;2;1;24/01/2019;Thursday;18:45;Tower Hamlets;Tower Hamlets;A;11;Single carriageway;30 MPH;T or staggered junction;Auto traffic signal;A;11;Data missing or out of range;Pedestrian phase at traffic signal junction;Darkness - lighting unknown;Raining no high winds;Wet or damp;None;None;Urban;No - accident was reported using a self completion  form (self rep only);E01004322;1;1;Driver or rider;Male;30;6;Slight;Not a Pedestrian;Not a Pedestrian;Not car passenger;Not a bus or coach passenger;No / Not applicable;1;Cyclist;Most deprived 10%;2;Car;No tow/articulation;Data missing or out of range;Data missing or out of range;Data missing or out of range;Data missing or out of range;Data missing or out of range;Data missing or out of range;Data missing or out of range;Front;-1;Not known;Not known;-1;Data missing or out of range;-1;-1;-1;-1;Data missing or out of range;-1
2019010159419;551587;183621;0.18403;51.531154;Metropolitan Police;Slight;1;1;24/01/2019;Thursday;07:00;Havering;Havering;Unclassified;0;Single carriageway;20 MPH;Not at junction or within 20 metres;Data missing or out of range;-1;0;None within 50 metres ;No physical crossing facilities within 50 metres;Daylight;Fine no high winds;Dry;None;None;Urban;No - accident was reported using a self completion  form (self rep only);E01002375;1;1;Pedestrian;Female;29;6;Slight;In carriageway, crossing elsewhere;Crossing from driver's nearside;Not car passenger;Not a bus or coach passenger;No / Not applicable;0;Cyclist;Less deprived 40-50%;1;Car;No tow/articulation;Data missing or out of range;Data missing or out of range;Data missing or out of range;Data missing or out of range;Data missing or out of range;Data missing or out of range;Data missing or out of range;Front;-1;Not known;Not known;36;36 - 45;-1;-1;-1;2;Urban area;2
2019010159423;530863;172485;-0.118681;51.436257;Metropolitan Police;Slight;1;1;24/01/2019;Thursday;18:00;Lambeth;Lambeth;Unclassified;0;Dual carriageway;30 MPH;T or staggered junction;Give way or uncontrolled;Unclassified;0;None within 50 metres ;No physical crossing facilities within 50 metres;Darkness - lights lit;Fine no high winds;Wet or damp;None;None;Urban;Yes;E01003152;1;1;Pedestrian;Female;31;6;Slight;In carriageway, crossing elsewhere;Crossing from driver's nearside;Not car passenger;Not a bus or coach passenger;No / Not applicable;0;Cyclist;Less deprived 20-30%;1;Car;No tow/articulation;Turning right;On main c'way - not in restricted lane;Cleared junction or waiting/parked at junction exit;None;None;Did not leave carriageway;None;Front;1;Not known;Male;25;21 - 25;-1;-1;-1;2;Urban area;2
2019010159427;525156;187590;-0.195387;51.573297;Metropolitan Police;Slight;2;1;24/01/2019;Thursday;07:21;Barnet;Barnet;A;598;Single carriageway;30 MPH;Data missing or out of range;Data missing or out of range;Unclassified;0;None within 50 metres ;Data missing or out of range;Darkness - lighting unknown;Fine no high winds;Dry;Data missing or out of range;None;Urban;No - accident was reported using a self completion  form (self rep only);E01000214;1;1;Driver or rider;Male;28;6;Slight;Not a Pedestrian;Not a Pedestrian;Not car passenger;Not a bus or coach passenger;No / Not applicable;9;Cyclist;Most deprived 10%;1;Car;No tow/articulation;Data missing or out of range;Data missing or out of range;Data missing or out of range;Data missing or out of range;Data missing or out of range;Data missing or out of range;Data missing or out of range;Front;-1;Commuting to/from work;Male;28;26 - 35;-1;-1;-1;1;Urban area;1
2019010159427;525156;187590;-0.195387;51.573297;Metropolitan Police;Slight;2;1;24/01/2019;Thursday;07:21;Barnet;Barnet;A;598;Single carriageway;30 MPH;Data missing or out of range;Data missing or out of range;Unclassified;0;None within 50 metres ;Data missing or out of range;Darkness - lighting unknown;Fine no high winds;Dry;Data missing or out of range;None;Urban;No - accident was reported using a self completion  form (self rep only);E01000214;1;1;Driver or rider;Male;28;6;Slight;Not a Pedestrian;Not a Pedestrian;Not car passenger;Not a bus or coach passenger;No / Not applicable;9;Cyclist;Most deprived 10%;2;Car;No tow/articulation;Data missing or out of range;Data missing or out of range;Data missing or out of range;Data missing or out of range;Data missing or out of range;Data missing or out of range;Data missing or out of range;Back;-1;Not known;Not known;-1;Data missing or out of range;-1;-1;-1;-1;Data missing or out of range;-1
2019010159434;532969;179550;-0.085746;51.499258;Metropolitan Police;Serious;1;1;23/01/2019;Wednesday;08:58;Southwark;Southwark;A;2198;Single carriageway;20 MPH;Crossroads;Data missing or out of range;Unclassified;0;None within 50 metres ;No physical crossing facilities within 50 metres;Daylight;Fine no high winds;Data missing or out of range;None;None;Urban;No - accident was reported using a self completion  form (self rep only);E01003981;1;1;Pedestrian;Female;31;6;Serious;In carriageway, crossing elsewhere;Crossing from driver's nearside;Not car passenger;Not a bus or coach passenger;No / Not applicable;0;-1;More deprived 30-40%;1;Pedal cycle;Data missing or out of range;Data missing or out of range;Data missing or out of range;Data missing or out of range;Data missing or out of range;Data missing or out of range;Data missing or out of range;Data missing or out of range;Front;1;Not known;Not known;-1;Data missing or out of range;-1;-1;-1;-1;Data missing or out of range;-1
2019010159437;537854;162851;-0.021904;51.348027;Metropolitan Police;Slight;2;1;24/01/2019;Thursday;20:17;Croydon;Croydon;C;0;Single carriageway;30 MPH;Other junction;Give way or uncontrolled;C;0;None within 50 metres ;No physical crossing facilities within 50 metres;Darkness - lights lit;Fine no high winds;Wet or damp;None;None;Urban;Yes;E01001057;1;1;Driver or rider;Female;52;8;Slight;Not a Pedestrian;Not a Pedestrian;Not car passenger;Not a bus or coach passenger;No / Not applicable;9;Cyclist;More deprived 10-20%;1;Car;No tow/articulation;Going ahead other;On main c'way - not in restricted lane;Approaching junction or waiting/parked at junction approach;None;None;Offside;None;Did not impact;1;Not known;Female;52;46 - 55;-1;-1;-1;2;Urban area;2