Accident_Index;Location_Easting_OSGR;Location_Northing_OSGR;Longitude;Latitude;Police_Force;Accident_Severity;Number_of_Vehicles;Number_of_Casualties;Date;Day_of_Week;Time;Local_Authority_(District);Local_Authority_(Highway);1st_Road_Class;1st_Road_Number;Road_Type;Speed_limit;Junction_Detail;Junction_Control;2nd_Road_Class;2nd_Road_Number;Pedestrian_Crossing-Human_Control;Pedestrian_Crossing-Physical_Facilities;Light_Conditions;Weather_Conditions;Road_Surface_Conditions;Special_Conditions_at_Site;Carriageway_Hazards;Urban_or_Rural_Area;Did_Police_Officer_Attend_Scene_of_Accident;LSOA_of_Accident_Location;Vehicle_Reference_x;Casualty_Reference;Casualty_Class;Sex_of_Casualty;Age_of_Casualty;Age_Band_of_Casualty;Casualty_Severity;Pedestrian_Location;Pedestrian_Movement;Car_Passenger;Bus_or_Coach_Passenger;Pedestrian_Road_Maintenance_Worker;Casualty_Type;Casualty_Home_Area_Type;Casualty_IMD_Decile;Vehicle_Reference_y;Vehicle_Type;Towing_and_Articulation;Vehicle_Manoeuvre;Vehicle_Location-Restricted_Lane;Junction_Location;Skidding_and_Overturning;Hit_Object_in_Carriageway;Vehicle_Leaving_Carriageway;Hit_Object_off_Carriageway;1st_Point_of_Impact;Was_Vehicle_Left_Hand_Drive?;Journey_Purpose_of_Driver;Sex_of_Driver;Age_of_Driver;Age_Band_of_Driver;Engine_Capacity_(CC);Propulsion_Code;Age_of_Vehicle;Driver_IMD_Decile;Driver_Home_Area_Type;Vehicle_IMD_Decile
2019010159437;537854;162851;-0.021904;51.348027;Metropolitan Police;Slight;2;1;24/01/2019;Thursday;20:17;Croydon;Croydon;C;0;Single carriageway;30 MPH;Other junction;Give way or uncontrolled;C;0;None within 50 metres ;No physical crossing facilities within 50 metres;Darkness - lights lit;Fine no high winds;Wet or damp;None;None;Urban;Yes;E01001057;1;1;Driver or rider;Female;52;8;Slight;Not a Pedestrian;Not a Pedestrian;Not car passenger;Not a bus or coach passenger;No / Not applicable;9;Cyclist;More deprived 10-20%;2;Car;No tow/articulation;Overtaking moving vehicle - offside;On main c'way - not in restricted lane;Approaching junction or waiting/parked at junction approach;Skidded;None;Offside;Road sign or traffic signal;Front;1;Journey as part of work;Male;28;26 - 35;-1;-1;-1;3;Urban area;3
2019010159438;532752;196570;-0.082443;51.652258;Metropolitan Police;Slight;1;1;22/01/2019;Tuesday;08:25;Enfield;Enfield;A;110;Unknown;30 MPH;Data missing or out of range;Auto traffic signal;Unclassified;0;Data missing or out of range;Pedestrian phase at traffic signal junction;Daylight;Other;Frost or ice;None;Data missing or out of range;Urban;No - accident was reported using a self completion  form (self rep only);E01001536;1;1;Pedestrian;Female;16;4;Slight;Unknown or other;Unknown or other;Not car passenger;Not a bus or coach passenger;No / Not applicable;0;Cyclist;More deprived 10-20%;1;Car;No tow/articulation;Data missing or out of range;Data missing or out of range;Data missing or out of range;Data missing or out of range;Data missing or out of range;Data missing or out of range;Data missing or out of range;Back;-1;Not known;Not known;-1;Data missing or out of range;-1;-1;-1;-1;Data missing or out of range;-1
2019010159439;537020;182727;-0.026186;51.526841;Metropolitan Police;Slight;2;2;24/01/2019;Thursday;12:20;Tower Hamlets;Tower Hamlets;A;11;Single carriageway;30 MPH;Other junction;Data missing or out of range;Unclassified;0;None within 50 metres ;Pedestrian phase at traffic signal junction;Daylight;Fine no high winds;Dry;None;None;Urban;No - accident was reported using a self completion  form (self rep only);E01004268;1;1;Driver or rider;Female;29;6;Slight;Not a Pedestrian;Not a Pedestrian;Not car passenger;Not a bus or coach passenger;No / Not applicable;9;Cyclist;Most deprived 10%;1;Car;No tow/articulation;Data missing or out of range;Data missing or out of range;Data missing or out of range;Data missing or out of range;Data missing or out of range;Data missing or out of range;Data missing or out of range;Back;-1;Not known;Female;29;26 - 35;-1;-1;-1;1;Urban area;1
2019010159439;537020;182727;-0.026186;51.526841;Metropolitan Police;Slight;2;2;24/01/2019;Thursday;12:20;Tower Hamlets;Tower Hamlets;A;11;Single carriageway;30 MPH;Other junction;Data missing or out of range;Unclassified;0;None within 50 metres ;Pedestrian phase at traffic signal junction;Daylight;Fine no high winds;Dry;None;None;Urban;No - accident was reported using a self completion  form (self rep only);E01004268;1;1;Driver or rider;Female;29;6;Slight;Not a Pedestrian;Not a Pedestrian;Not car passenger;Not a bus or coach passenger;No / Not applicable;9;Cyclist;Most deprived 10%;2;Taxi/Private hire car;No tow/articulation;Data missing or out of range;Data missing or out of range;Data missing or out of range;Data missing or out of range;Data missing or out of range;Data missing or out of range;Data missing or out of range;Front;-1;Not known;Not known;60;56 - 65;-1;-1;-1;5;Urban area;5
2019010159439;537020;182727;-0.026186;51.526841;Metropolitan Police;Slight;2;2;24/01/2019;Thursday;12:20;Tower Hamlets;Tower Hamlets;A;11;Single carriageway;30 MPH;Other junction;Data missing or out of range;Unclassified;0;None within 50 metres ;Pedestrian phase at traffic signal junction;Daylight;Fine no high winds;Dry;None;None;Urban;No - accident was reported using a self completion  form (self rep only);E01004268;1;2;Passenger;Male;Data missing or out of range;-1;Slight;Not a Pedestrian;Not a Pedestrian;Data missing or out of range;Not a bus or coach passenger;No / Not applicable;9;Cyclist;Most deprived 10%;1;Car;No tow/articulation;Data missing or out of range;Data missing or out of range;Data missing or out of range;Data missing or out of range;Data missing or out of range;Data missing or out of range;Data missing or out of range;Back;-1;Not known;Female;29;26 - 35;-1;-1;-1;1;Urban area;1
2019010159439;537020;182727;-0.026186;51.526841;Metropolitan Police;Slight;2;2;24/01/2019;Thursday;12:20;Tower Hamlets;Tower Hamlets;A;11;Single carriageway;30 MPH;Other junction;Data missing or out of range;Unclassified;0;None within 50 metres ;Pedestrian phase at traffic signal junction;Daylight;Fine no high winds;Dry;None;None;Urban;No - accident was reported using a self completion  form (self rep only);E01004268;1;2;Passenger;Male;Data missing or out of range;-1;Slight;Not a Pedestrian;Not a Pedestrian;Data missing or out of range;Not a bus or coach passenger;No / Not applicable;9;Cyclist;Most deprived 10%;2;Taxi/Private hire car;No tow/articulation;Data missing or out of range;Data missing or out of range;Data missing or out of range;Data missing or out of range;Data missing or out of range;Data missing or out of range;Data missing or out of range;Front;-1;Not known;Not known;60;56 - 65;-1;-1;-1;5;Urban area;5
2019010159440;532642;178966;-0.090673;51.494087;Metropolitan Police;Slight;2;2;24/01/2019;Thursday;21:23;Southwark;Southwark;A;201;Dual carriageway;30 MPH;Private drive or entrance;Give way or uncontrolled;Unclassified;0;None within 50 metres ;No physical crossing facilities within 50 metres;Darkness - lights lit;Fine no high winds;Dry;None;None;Urban;Yes;E01003960;1;1;Driver or rider;Male;43;7;Slight;Not a Pedestrian;Not a Pedestrian;Not car passenger;Not a bus or coach passenger;No / Not applicable;9;Cyclist;More deprived 20-30%;1;Car;No tow/articulation;Turning left;On main c'way - not in restricted lane;Approaching junction or waiting/parked at junction approach;None;None;Did not leave carriageway;None;Back;1;Journey as part of work;Male;43;36 - 45;-1;-1;-1;3;Urban area;3
2019010159440;532642;178966;-0.090673;51.494087;Metropolitan Police;Slight;2;2;24/01/2019;Thursday;21:23;Southwark;Southwark;A;201;Dual carriageway;30 MPH;Private drive or entrance;Give way or uncontrolled;Unclassified;0;None within 50 metres ;No physical crossing facilities within 50 metres;Darkness - lights lit;Fine no high winds;Dry;None;None;Urban;Yes;E01003960;1;1;Driver or rider;Male;43;7;Slight;Not a Pedestrian;Not a Pedestrian;Not car passenger;Not a bus or coach passenger;No / Not applicable;9;Cyclist;More deprived 20-30%;2;Car;No tow/articulation;Going ahead other;On main c'way - not in restricted lane;Approaching junction or waiting/parked at junction approach;None;None;Did not leave carriageway;None;Front;1;Not known;Female;24;21 - 25;-1;-1;-1;2;Urban area;2
2019010159440;532642;178966;-0.090673;51.494087;Metropolitan Police;Slight;2;2;24/01/2019;Thursday;21:23;Southwark;Southwark;A;201;Dual carriageway;30 MPH;Private drive or entrance;Give way or uncontrolled;Unclassified;0;None within 50 metres ;No physical crossing facilities within 50 metres;Darkness - lights lit;Fine no high winds;Dry;None;None;Urban;Yes;E01003960;2;2;Passenger;Female;23;5;Slight;Not a Pedestrian;Not a Pedestrian;Front seat passenger;Not a bus or coach passenger;No / Not applicable;9;Cyclist;More deprived 10-20%;1;Car;No tow/articulation;Turning left;On main c'way - not in restricted lane;Approaching junction or waiting/parked at junction approach;None;None;Did not leave carriageway;None;Back;1;Journey as part of work;Male;43;36 - 45;-1;-1;-1;3;Urban area;3
2019010159440;532642;178966;-0.090673;51.494087;Metropolitan Police;Slight;2;2;24/01/2019;Thursday;21:23;Southwark;Southwark;A;201;Dual carriageway;30 MPH;Private drive or entrance;Give way or uncontrolled;Unclassified;0;None within 50 metres ;No physical crossing facilities within 50 metres;Darkness - lights lit;Fine no high winds;Dry;None;None;Urban;Yes;E01003960;2;2;Passenger;Female;23;5;Slight;Not a Pedestrian;Not a Pedestrian;Front seat passenger;Not a bus or coach passenger;No / Not applicable;9;Cyclist;More deprived 10-20%;2;Car;No tow/articulation;Going ahead other;On main c'way - not in restricted lane;Approaching junction or waiting/parked at junction approach;None;None;Did not leave carriageway;None;Front;1;Not known;Female;24;21 - 25;-1;-1;-1;2;Urban area;2
2019010159441;531015;190377;-0.109852;51.597012;Metropolitan Police;Slight;3;2;24/01/2019;Thursday;21:00;Haringey;Haringey;A;105;Single carriageway;20 MPH;More than 4 arms (not roundabout);Auto traffic signal;A;109;None within 50 metres ;Pedestrian phase at traffic signal junction;Darkness - lights lit;Fine no high winds;Dry;None;None;Urban;Yes;E01002029;1;1;Driver or rider;Male;55;8;Slight;Not a Pedestrian;Not a Pedestrian;Not car passenger;Not a bus or coach passenger;No / Not applicable;9;Cyclist;More deprived 30-40%;1;Car;No tow/articulation;Going ahead other;On main c'way - not in restricted lane;Entering main road;Skidded;Kerb;Did not leave carriageway;None;Front;1;Not known;Male;55;46 - 55;-1;-1;-1;4;Urban area;4
2019010159441;531015;190377;-0.109852;51.597012;Metropolitan Police;Slight;3;2;24/01/2019;Thursday;21:00;Haringey;Haringey;A;105;Single carriageway;20 MPH;More than 4 arms (not roundabout);Auto traffic signal;A;109;None within 50 metres ;Pedestrian phase at traffic signal junction;Darkness - lights lit;Fine no high winds;Dry;None;None;Urban;Yes;E01002029;1;1;Driver or rider;Male;55;8;Slight;Not a Pedestrian;Not a Pedestrian;Not car passenger;Not a bus or coach passenger;No / Not applicable;9;Cyclist;More deprived 30-40%;2;Car;No tow/articulation;Waiting to go - held up;On main c'way - not in restricted lane;Approaching junction or waiting/parked at junction approach;Skidded;None;Nearside;Other permanent object;Front;1;Not known;Male;27;26 - 35;-1;-1;-1;5;Urban area;5
2019010159441;531015;190377;-0.109852;51.597012;Metropolitan Police;Slight;3;2;24/01/2019;Thursday;21:00;Haringey;Haringey;A;105;Single carriageway;20 MPH;More than 4 arms (not roundabout);Auto traffic signal;A;109;None within 50 metres ;Pedestrian phase at traffic signal junction;Darkness - lights lit;Fine no high winds;Dry;None;None;Urban;Yes;E01002029;1;1;Driver or rider;Male;55;8;Slight;Not a Pedestrian;Not a Pedestrian;Not car passenger;Not a bus or coach passenger;No / Not applicable;9;Cyclist;More deprived 30-40%;3;Car;No tow/articulation;Going ahead other;On main c'way - not in restricted lane;Cleared junction or waiting/parked at junction exit;None;None;Did not leave carriageway;None;Offside;1;Not known;Male;31;26 - 35;-1;-1;-1;9;Urban area;9
2019010159441;531015;190377;-0.109852;51.597012;Metropolitan Police;Slight;3;2;24/01/2019;Thursday;21:00;Haringey;Haringey;A;105;Single carriageway;20 MPH;More than 4 arms (not roundabout);Auto traffic signal;A;109;None within 50 metres ;Pedestrian phase at traffic signal junction;Darkness - lights lit;Fine no high winds;Dry;None;None;Urban;Yes;E01002029;2;2;Passenger;Female;19;4;Slight;Not a Pedestrian;Not a Pedestrian;Front seat passenger;Not a bus or coach passenger;No / Not applicable;9;Cyclist;More deprived 40-50%;1;Car;No tow/articulation;Going ahead other;On main c'way - not in restricted lane;Entering main road;Skidded;Kerb;Did not leave carriageway;None;Front;1;Not known;Male;55;46 - 55;-1;-1;-1;4;Urban area;4
2019010159441;531015;190377;-0.109852;51.597012;Metropolitan Police;Slight;3;2;24/01/2019;Thursday;21:00;Haringey;Haringey;A;105;Single carriageway;20 MPH;More than 4 arms (not roundabout);Auto traffic signal;A;109;None within 50 metres ;Pedestrian phase at traffic signal junction;Darkness - lights lit;Fine no high winds;Dry;None;None;Urban;Yes;E01002029;2;2;Passenger;Female;19;4;Slight;Not a Pedestrian;Not a Pedestrian;Front seat passenger;Not a bus or coach passenger;No / Not applicable;9;Cyclist;More deprived 40-50%;2;Car;No tow/articulation;Waiting to go - held up;On main c'way - not in restricted lane;Approaching junction or waiting/parked at junction approach;Skidded;None;Nearside;Other permanent object;Front;1;Not known;Male;27;26 - 35;-1;-1;-1;5;Urban area;5
2019010159441;531015;190377;-0.109852;51.597012;Metropolitan Police;Slight;3;2;24/01/2019;Thursday;21:00;Haringey;Haringey;A;105;Single carriageway;20 MPH;More than 4 arms (not roundabout);Auto traffic signal;A;109;None within 50 metres ;Pedestrian phase at traffic signal junction;Darkness - lights lit;Fine no high winds;Dry;None;None;Urban;Yes;E01002029;2;2;Passenger;Female;19;4;Slight;Not a Pedestrian;Not a Pedestrian;Front seat passenger;Not a bus or coach passenger;No / Not applicable;9;Cyclist;More deprived 40-50%;3;Car;No tow/articulation;Going ahead other;On main c'way - not in restricted lane;Cleared junction or waiting/parked at junction exit;None;None;Did not leave carriageway;None;Offside;1;Not known;Male;31;26 - 35;-1;-1;-1;9;Urban area;9
2019010159445;555538;186690;0.242299;51.557654;Metropolitan Police;Slight;2;2;25/01/2019;Friday;01:20;Havering;Havering;A;124;Dual carriageway;30 MPH;T or staggered junction;Give way or uncontrolled;Unclassified;0;None within 50 metres ;No physical crossing facilities within 50 metres;Darkness - lights lit;Fine no high winds;Wet or damp;None;None;Urban;Yes;E01002386;1;1;Driver or rider;Male;27;6;Slight;Not a Pedestrian;Not a Pedestrian;Not car passenger;Not a bus or coach passenger;No / Not applicable;9;Motorcycle 125cc and under rider or passenger;Less deprived 10-20%;1;Car;No tow/articulation;Reversing;On main c'way - not in restricted lane;Approaching junction or waiting/parked at junction approach;None;None;Did not leave carriageway;None;Back;1;Not known;Male;27;26 - 35;998;Petrol;4;9;Rural;9
2019010159445;555538;186690;0.242299;51.557654;Metropolitan Police;Slight;2;2;25/01/2019;Friday;01:20;Havering;Havering;A;124;Dual carriageway;30 MPH;T or staggered junction;Give way or uncontrolled;Unclassified;0;None within 50 metres ;No physical crossing facilities within 50 metres;Darkness - lights lit;Fine no high winds;Wet or damp;None;None;Urban;Yes;E01002386;1;1;Driver or rider;Male;27;6;Slight;Not a Pedestrian;Not a Pedestrian;Not car passenger;Not a bus or coach passenger;No / Not applicable;9;Motorcycle 125cc and under rider or passenger;Less deprived 10-20%;2;Car;No tow/articulation;Reversing;On main c'way - not in restricted lane;Approaching junction or waiting/parked at junction approach;None;None;Did not leave carriageway;None;Front;1;Journey as part of work;Male;34;26 - 35;1560;Heavy oil;5;2;Urban area;2
2019010159445;555538;186690;0.242299;51.557654;Metropolitan Police;Slight;2;2;25/01/2019;Friday;01:20;Havering;Havering;A;124;Dual carriageway;30 MPH;T or staggered junction;Give way or uncontrolled;Unclassified;0;None within 50 metres ;No physical crossing facilities within 50 metres;Darkness - lights lit;Fine no high winds;Wet or damp;None;None;Urban;Yes;E01002386;2;2;Driver or rider;Male;34;6;Slight;Not a Pedestrian;Not a Pedestrian;Not car passenger;Not a bus or coach passenger;No / Not applicable;9;Cyclist;More deprived 10-20%;1;Car;No tow/articulation;Reversing;On main c'way - not in restricted lane;Approaching junction or waiting/parked at junction approach;None;None;Did not leave carriageway;None;Back;1;Not known;Male;27;26 - 35;998;Petrol;4;9;Rural;9
2019010159445;555538;186690;0.242299;51.557654;Metropolitan Police;Slight;2;2;25/01/2019;Friday;01:20;Havering;Havering;A;124;Dual carriageway;30 MPH;T or staggered junction;Give way or uncontrolled;Unclassified;0;None within 50 metres ;No physical crossing facilities within 50 metres;Darkness - lights lit;Fine no high winds;Wet or damp;None;None;Urban;Yes;E01002386;2;2;Driver or rider;Male;34;6;Slight;Not a Pedestrian;Not a Pedestrian;Not car passenger;Not a bus or coach passenger;No / Not applicable;9;Cyclist;More deprived 10-20%;2;Car;No tow/articulation;Reversing;On main c'way - not in restricted lane;Approaching junction or waiting/parked at junction approach;None;None;Did not leave carriageway;None;Front;1;Journey as part of work;Male;34;26 - 35;1560;Heavy oil;5;2;Urban area;2
2019010159448;530838;180455;-0.116093;51.507888;Metropolitan Police;Slight;2;1;24/01/2019;Thursday;20:30;Lambeth;Lambeth;A;301;Single carriageway;30 MPH;Not at junction or within 20 metres;Data missing or out of range;-1;0;None within 50 metres ;Central refuge;Darkness - lights lit;Fine no high winds;Dry;None;None;Rural;Yes;E01003016;1;1;Driver or rider;Female;20;4;Slight;Not a Pedestrian;Not a Pedestrian;Not car passenger;Not a bus or coach passenger;No / Not applicable;3;Cyclist;Most deprived 10%;1;Motorcycle 125cc and under;No tow/articulation;Going ahead other;On main c'way - not in restricted lane;Not at or within 20 metres of junction;None;None;Did not leave carriageway;None;Nearside;1;Not known;Female;20;16 - 20;-1;-1;-1;1;Urban area;1
2019010159448;530838;180455;-0.116093;51.507888;Metropolitan Police;Slight;2;1;24/01/2019;Thursday;20:30;Lambeth;Lambeth;A;301;Single carriageway;30 MPH;Not at junction or within 20 metres;Data missing or out of range;-1;0;None within 50 metres ;Central refuge;Darkness - lights lit;Fine no high winds;Dry;None;None;Rural;Yes;E01003016;1;1;Driver or rider;Female;20;4;Slight;Not a Pedestrian;Not a Pedestrian;Not car passenger;Not a bus or coach passenger;No / Not applicable;3;Cyclist;Most deprived 10%;2;Bus or coach (17 or more pass seats);No tow/articulation;Changing lane to right;Bus lane;Not at or within 20 metres of junction;None;None;Did not leave carriageway;None;Offside;1;Journey as part of work;Male;53;46 - 55;-1;-1;-1;2;Urban area;2
2019010159450;522701;182935;-0.232417;51.532;Metropolitan Police;Slight;1;1;24/01/2019;Thursday;21:05;Brent;Brent;A;404;Dual carriageway;30 MPH;T or staggered junction;Give way or uncontrolled;Unclassified;0;None within 50 metres ;Central refuge;Darkness - lights lit;Fine no high winds;Dry;None;None;Urban;Yes;E01000531;1;1;Pedestrian;Male;41;7;Slight;In carriageway, crossing elsewhere;Crossing from driver's nearside;Not car passenger;Not a bus or coach passenger;No / Not applicable;0;-1;Data missing or out of range;1;Car;No tow/articulation;Going ahead other;On main c'way - not in restricted lane;Cleared junction or waiting/parked at junction exit;None;None;Did not leave carriageway;None;Front;1;Not known;Male;85;Over 75;-1;-1;-1;3;Urban area;3
2019010159451;547122;180477;0.118396;51.504083;Metropolitan Police;Slight;2;1;24/01/2019;Thursday;18:30;Greenwich;Greenwich;A;2041;Roundabout;30 MPH;Roundabout;Give way or uncontrolled;Unclassified;0;None within 50 metres ;No physical crossing facilities within 50 metres;Darkness - lights lit;Fine no high winds;Wet or damp;None;None;Urban;Yes;E01001690;1;1;Driver or rider;Male;56;9;Slight;Not a Pedestrian;Not a Pedestrian;Not car passenger;Not a bus or coach passenger;No / Not applicable;8;Cyclist;More deprived 40-50%;1;Taxi/Private hire car;No tow/articulation;Going ahead other;On main c'way - not in restricted lane;Mid Junction - on roundabout or on main road;None;None;Did not leave carriageway;None;Front;1;Journey as part of work;Male;56;56 - 65;-1;-1;-1;5;Urban area;5
2019010159451;547122;180477;0.118396;51.504083;Metropolitan Police;Slight;2;1;24/01/2019;Thursday;18:30;Greenwich;Greenwich;A;2041;Roundabout;30 MPH;Roundabout;Give way or uncontrolled;Unclassified;0;None within 50 metres ;No physical crossing facilities within 50 metres;Darkness - lights lit;Fine no high winds;Wet or damp;None;None;Urban;Yes;E01001690;1;1;Driver or rider;Male;56;9;Slight;Not a Pedestrian;Not a Pedestrian;Not car passenger;Not a bus or coach passenger;No / Not applicable;8;Cyclist;More deprived 40-50%;2;Car;No tow/articulation;Turning left;On main c'way - not in restricted lane;Mid Junction - on roundabout or on main road;None;None;Did not leave carriageway;None;Front;1;Journey as part of work;Male;54;46 - 55;-1;-1;-1;5;Urban area;5
2019010159453;531460;177992;-0.108052;51.485609;Metropolitan Police;Slight;2;1;24/01/2019;Thursday;22:25;Lambeth;Lambeth;Unclassified;0;Single carriageway;20 MPH;T or staggered junction;Auto traffic signal;Unclassified;0;Control by other authorised person;Pedestrian phase at traffic signal junction;Darkness - lights lit;Fine no high winds;Dry;None;None;Urban;No - accident was reported using a self completion  form (self rep only);E01003099;1;1;Driver or rider;Male;53;8;Slight;Not a Pedestrian;Not a Pedestrian;Not car passenger;Not a bus or coach passenger;No / Not applicable;3;Cyclist;Most deprived 10%;1;Motorcycle 125cc and under;No tow/articulation;Data missing or out of range;Data missing or out of range;Data missing or out of range;Data missing or out of range;Data missing or out of range;Data missing or out of range;Data missing or out of range;Front;1;Not known;Male;53;46 - 55;-1;-1;-1;1;Urban area;1
2019010159453;531460;177992;-0.108052;51.485609;Metropolitan Police;Slight;2;1;24/01/2019;Thursday;22:25;Lambeth;Lambeth;Unclassified;0;Single carriageway;20 MPH;T or staggered junction;Auto traffic signal;Unclassified;0;Control by other authorised person;Pedestrian phase at traffic signal junction;Darkness - lights lit;Fine no high winds;Dry;None;None;Urban;No - accident was reported using a self completion  form (self rep only);E01003099;1;1;Driver or rider;Male;53;8;Slight;Not a Pedestrian;Not a Pedestrian;Not car passenger;Not a bus or coach passenger;No / Not applicable;3;Cyclist;Most deprived 10%;2;Car;No tow/articulation;Data missing or out of range;Data missing or out of range;Data missing or out of range;Data missing or out of range;Data missing or out of range;Data missing or out of range;Data missing or out of range;Back;-1;Not known;Not known;-1;Data missing or out of range;-1;-1;-1;-1;Data missing or out of range;-1
2019010159456;516205;177354;-0.327864;51.483212;Metropolitan Police;Slight;2;1;24/01/2019;Thursday;09:25;Hounslow;Hounslow;A;4;Single carriageway;20 MPH;Crossroads;Auto traffic signal;Unclassified;0;None within 50 metres ;No physical crossing facilities within 50 metres;Daylight;Raining no high winds;Wet or damp;None;None;Urban;Yes;E01002678;2;1;Driver or rider;Female;29;6;Slight;Not a Pedestrian;Not a Pedestrian;Not car passenger;Not a bus or coach passenger;No / Not applicable;9;Cyclist;More deprived 40-50%;1;Car;No tow/articulation;Turning right;On main c'way - not in restricted lane;Entering main road;None;None;Did not leave carriageway;None;Nearside;1;Not known;Male;31;26 - 35;-1;-1;-1;6;Urban area;6
2019010159456;516205;177354;-0.327864;51.483212;Metropolitan Police;Slight;2;1;24/01/2019;Thursday;09:25;Hounslow;Hounslow;A;4;Single carriageway;20 MPH;Crossroads;Auto traffic signal;Unclassified;0;None within 50 metres ;No physical crossing facilities within 50 metres;Daylight;Raining no high winds;Wet or damp;None;None;Urban;Yes;E01002678;2;1;Driver or rider;Female;29;6;Slight;Not a Pedestrian;Not a Pedestrian;Not car passenger;Not a bus or coach passenger;No / Not applicable;9;Cyclist;More deprived 40-50%;2;Car;No tow/articulation;Slowing or stopping;On main c'way - not in restricted lane;Cleared junction or waiting/parked at junction exit;None;None;Did not leave carriageway;None;Offside;1;Not known;Female;29;26 - 35;-1;-1;-1;5;Urban area;5
2019010159458;538667;172022;-0.00666;51.430242;Metropolitan Police;Slight;1;1;25/01/2019;Friday;06:42;Lewisham;Lewisham;C;0;Single carriageway;20 MPH;Not at junction or within 20 metres;Data missing or out of range;-1;0;None within 50 metres ;No physical crossing facilities within 50 metres;Darkness - lights lit;Fine no high winds;Wet or damp;None;None;Urban;Yes;E01003348;1;1;Pedestrian;Male;16;4;Slight;In carriageway, crossing elsewhere;Crossing from nearside - masked by parked or stationary vehicle;Not car passenger;Not a bus or coach passenger;No / Not applicable;0;Cyclist;More deprived 20-30%;1;Car;No tow/articulation;Going ahead other;On main c'way - not in restricted lane;Not at or within 20 metres of junction;None;None;Did not leave carriageway;None;Front;1;Commuting to/from work;Female;62;56 - 65;-1;-1;-1;2;Urban area;2
2019010159461;552156;188296;0.194246;51.573006;Metropolitan Police;Slight;1;1;25/01/2019;Friday;07:30;Havering;Havering;C;0;Single carriageway;30 MPH;T or staggered junction;Give way or uncontrolled;Unclassified;0;None within 50 metres ;Zebra;Darkness - lights lit;Raining no high winds;Wet or damp;None;None;Urban;Yes;E01002358;1;1;Pedestrian;Male;10;2;Slight;Crossing on pedestrian crossing facility;Crossing from driver's nearside;Not car passenger;Not a bus or coach passenger;No / Not applicable;0;Cyclist;More deprived 40-50%;1;Car;No tow/articulation;Going ahead other;On main c'way - not in restricted lane;Approaching junction or waiting/parked at junction approach;None;None;Did not leave carriageway;None;Offside;1;Commuting to/from work;Male;26;26 - 35;-1;-1;-1;4;Urban area;4
2019010159463;534656;179212;-0.061585;51.495822;Metropolitan Police;Slight;2;1;23/01/2019;Wednesday;10:20;Southwark;Southwark;Unclassified;0;Single carriageway;20 MPH;Crossroads;Give way or uncontrolled;Unclassified;0;None within 50 metres ;No physical crossing facilities within 50 metres;Daylight;Fine no high winds;Dry;None;None;Urban;No - accident was reported using a self completion  form (self rep only);E01004022;1;1;Driver or rider;Female;31;6;Slight;Not a Pedestrian;Not a Pedestrian;Not car passenger;Not a bus or coach passenger;No / Not applicable;9;Cyclist;More deprived 10-20%;1;Car;No tow/articulation;Data missing or out of range;Data missing or out of range;Data missing or out of range;Data missing or out of range;Data missing or out of range;Data missing or out of range;Data missing or out of range;Offside;1;Not known;Female;31;26 - 35;-1;-1;-1;2;Urban area;2
2019010159463;534656;179212;-0.061585;51.495822;Metropolitan Police;Slight;2;1;23/01/2019;Wednesday;10:20;Southwark;Southwark;Unclassified;0;Single carriageway;20 MPH;Crossroads;Give way or uncontrolled;Unclassified;0;None within 50 metres ;No physical crossing facilities within 50 metres;Daylight;Fine no high winds;Dry;None;None;Urban;No - accident was reported using a self completion  form (self rep only);E01004022;1;1;Driver or rider;Female;31;6;Slight;Not a Pedestrian;Not a Pedestrian;Not car passenger;Not a bus or coach passenger;No / Not applicable;9;Cyclist;More deprived 10-20%;2;Car;No tow/articulation;Data missing or out of range;Data missing or out of range;Data missing or out of range;Data missing or out of range;Data missing or out of range;Data missing or out of range;Data missing or out of range;Front;1;Not known;Male;-1;Data missing or out of range;-1;-1;-1;2;Urban area;2
2019010159470;528270;182082;-0.152484;51.523098;Metropolitan Police;Serious;2;1;25/01/2019;Friday;09:04;Westminster;Westminster;A;501;Dual carriageway;30 MPH;Crossroads;Auto traffic signal;Unclassified;0;None within 50 metres ;Pedestrian phase at traffic signal junction;Daylight;Fine no high winds;Wet or damp;None;None;Urban;Yes;E01004717;2;1;Driver or rider;Male;34;6;Serious;Not a Pedestrian;Not a Pedestrian;Not car passenger;Not a bus or coach passenger;No / Not applicable;3;Cyclist;Less deprived 20-30%;1;Car;No tow/articulation;Turning right;On main c'way - not in restricted lane;Mid Junction - on roundabout or on main road;None;None;Did not leave carriageway;None;Front;1;Not known;Male;75;66 - 75;-1;-1;-1;8;Urban area;8
2019010159470;528270;182082;-0.152484;51.523098;Metropolitan Police;Serious;2;1;25/01/2019;Friday;09:04;Westminster;Westminster;A;501;Dual carriageway;30 MPH;Crossroads;Auto traffic signal;Unclassified;0;None within 50 metres ;Pedestrian phase at traffic signal junction;Daylight;Fine no high winds;Wet or damp;None;None;Urban;Yes;E01004717;2;1;Driver or rider;Male;34;6;Serious;Not a Pedestrian;Not a Pedestrian;Not car passenger;Not a bus or coach passenger;No / Not applicable;3;Cyclist;Less deprived 20-30%;2;Motorcycle 125cc and under;No tow/articulation;Going ahead other;On main c'way - not in restricted lane;Mid Junction - on roundabout or on main road;None;None;Did not leave carriageway;None;Offside;1;Not known;Male;34;26 - 35;-1;-1;-1;8;Urban area;8
2019010159471;550736;188991;0.174069;51.579632;Metropolitan Police;Slight;2;1;25/01/2019;Friday;08:38;Havering;Havering;Unclassified;0;Single carriageway;30 MPH;Not at junction or within 20 metres;Data missing or out of range;-1;0;None within 50 metres ;No physical crossing facilities within 50 metres;Daylight;Fine no high winds;Wet or damp;None;None;Urban;Yes;E01002245;2;1;Driver or rider;Male;10;2;Slight;Not a Pedestrian;Not a Pedestrian;Not car passenger;Not a bus or coach passenger;No / Not applicable;1;Cyclist;More deprived 20-30%;1;Car;No tow/articulation;Going ahead other;On main c'way - not in restricted lane;Not at or within 20 metres of junction;None;None;Did not leave carriageway;None;Front;1;Taking pupil to/from school;Female;35;26 - 35;-1;-1;-1;5;Urban area;5