Accident_Index;Location_Easting_OSGR;Location_Northing_OSGR;Longitude;Latitude;Police_Force;Accident_Severity;Number_of_Vehicles;Number_of_Casualties;Date;Day_of_Week;Time;Local_Authority_(District);Local_Authority_(Highway);1st_Road_Class;1st_Road_Number;Road_Type;Speed_limit;Junction_Detail;Junction_Control;2nd_Road_Class;2nd_Road_Number;Pedestrian_Crossing-Human_Control;Pedestrian_Crossing-Physical_Facilities;Light_Conditions;Weather_Conditions;Road_Surface_Conditions;Special_Conditions_at_Site;Carriageway_Hazards;Urban_or_Rural_Area;Did_Police_Officer_Attend_Scene_of_Accident;LSOA_of_Accident_Location;Vehicle_Reference_x;Casualty_Reference;Casualty_Class;Sex_of_Casualty;Age_of_Casualty;Age_Band_of_Casualty;Casualty_Severity;Pedestrian_Location;Pedestrian_Movement;Car_Passenger;Bus_or_Coach_Passenger;Pedestrian_Road_Maintenance_Worker;Casualty_Type;Casualty_Home_Area_Type;Casualty_IMD_Decile;Vehicle_Reference_y;Vehicle_Type;Towing_and_Articulation;Vehicle_Manoeuvre;Vehicle_Location-Restricted_Lane;Junction_Location;Skidding_and_Overturning;Hit_Object_in_Carriageway;Vehicle_Leaving_Carriageway;Hit_Object_off_Carriageway;1st_Point_of_Impact;Was_Vehicle_Left_Hand_Drive?;Journey_Purpose_of_Driver;Sex_of_Driver;Age_of_Driver;Age_Band_of_Driver;Engine_Capacity_(CC);Propulsion_Code;Age_of_Vehicle;Driver_IMD_Decile;Driver_Home_Area_Type;Vehicle_IMD_Decile
2019010159471;550736;188991;0.174069;51.579632;Metropolitan Police;Slight;2;1;25/01/2019;Friday;08:38;Havering;Havering;Unclassified;0;Single carriageway;30 MPH;Not at junction or within 20 metres;Data missing or out of range;-1;0;None within 50 metres ;No physical crossing facilities within 50 metres;Daylight;Fine no high winds;Wet or damp;None;None;Urban;Yes;E01002245;2;1;Driver or rider;Male;10;2;Slight;Not a Pedestrian;Not a Pedestrian;Not car passenger;Not a bus or coach passenger;No / Not applicable;1;Cyclist;More deprived 20-30%;2;Pedal cycle;No tow/articulation;Going ahead other;On main c'way - not in restricted lane;Not at or within 20 metres of junction;None;None;Did not leave carriageway;None;Offside;1;Taking pupil to/from school;Male;10;6 - 10;-1;-1;-1;3;Urban area;3
2019010159476;537672;180980;-0.017476;51.510983;Metropolitan Police;Slight;2;1;20/01/2019;Sunday;21:15;Tower Hamlets;Tower Hamlets;A;13;Unknown;30 MPH;Crossroads;Data missing or out of range;Unclassified;0;Data missing or out of range;Data missing or out of range;Darkness - lights lit;Fine no high winds;Dry;None;None;Urban;No - accident was reported using a self completion  form (self rep only);E01004244;1;1;Driver or rider;Male;72;10;Slight;Not a Pedestrian;Not a Pedestrian;Not car passenger;Not a bus or coach passenger;No / Not applicable;9;Cyclist;More deprived 10-20%;1;Car;No tow/articulation;Data missing or out of range;Data missing or out of range;Data missing or out of range;Data missing or out of range;Data missing or out of range;Data missing or out of range;Data missing or out of range;Data missing or out of range;-1;Not known;Male;72;66 - 75;-1;-1;-1;2;Urban area;2
2019010159476;537672;180980;-0.017476;51.510983;Metropolitan Police;Slight;2;1;20/01/2019;Sunday;21:15;Tower Hamlets;Tower Hamlets;A;13;Unknown;30 MPH;Crossroads;Data missing or out of range;Unclassified;0;Data missing or out of range;Data missing or out of range;Darkness - lights lit;Fine no high winds;Dry;None;None;Urban;No - accident was reported using a self completion  form (self rep only);E01004244;1;1;Driver or rider;Male;72;10;Slight;Not a Pedestrian;Not a Pedestrian;Not car passenger;Not a bus or coach passenger;No / Not applicable;9;Cyclist;More deprived 10-20%;2;Car;No tow/articulation;Data missing or out of range;Data missing or out of range;Data missing or out of range;Data missing or out of range;Data missing or out of range;Data missing or out of range;Data missing or out of range;Data missing or out of range;-1;Not known;Not known;-1;Data missing or out of range;-1;-1;-1;-1;Data missing or out of range;-1
2019010159478;530692;184839;-0.11657;51.54732;Metropolitan Police;Slight;2;1;24/01/2019;Thursday;18:50;Islington;Islington;C;0;Single carriageway;20 MPH;Crossroads;Auto traffic signal;C;0;None within 50 metres ;Pedestrian phase at traffic signal junction;Darkness - lighting unknown;Fine no high winds;Wet or damp;None;None;Urban;No - accident was reported using a self completion  form (self rep only);E01002765;1;1;Driver or rider;Male;26;6;Slight;Not a Pedestrian;Not a Pedestrian;Not car passenger;Not a bus or coach passenger;No / Not applicable;1;Cyclist;More deprived 40-50%;1;Pedal cycle;Data missing or out of range;Data missing or out of range;Data missing or out of range;Data missing or out of range;Data missing or out of range;Data missing or out of range;Data missing or out of range;Data missing or out of range;Data missing or out of range;1;Commuting to/from work;Male;26;26 - 35;-1;-1;-1;5;Urban area;5
2019010159478;530692;184839;-0.11657;51.54732;Metropolitan Police;Slight;2;1;24/01/2019;Thursday;18:50;Islington;Islington;C;0;Single carriageway;20 MPH;Crossroads;Auto traffic signal;C;0;None within 50 metres ;Pedestrian phase at traffic signal junction;Darkness - lighting unknown;Fine no high winds;Wet or damp;None;None;Urban;No - accident was reported using a self completion  form (self rep only);E01002765;1;1;Driver or rider;Male;26;6;Slight;Not a Pedestrian;Not a Pedestrian;Not car passenger;Not a bus or coach passenger;No / Not applicable;1;Cyclist;More deprived 40-50%;2;Car;No tow/articulation;Data missing or out of range;Data missing or out of range;Data missing or out of range;Data missing or out of range;Data missing or out of range;Data missing or out of range;Data missing or out of range;Front;-1;Not known;Not known;-1;Data missing or out of range;-1;-1;-1;-1;Data missing or out of range;-1
2019010159490;531431;175567;-0.109371;51.463823;Metropolitan Police;Slight;1;1;25/01/2019;Friday;09:08;Lambeth;Lambeth;C;0;Single carriageway;20 MPH;Not at junction or within 20 metres;Data missing or out of range;-1;0;None within 50 metres ;Pedestrian phase at traffic signal junction;Daylight;Fine no high winds;Wet or damp;None;None;Urban;Yes;E01003047;1;1;Pedestrian;Male;36;7;Slight;Crossing elsewhere within 50m. of pedestrian crossing;Crossing from nearside - masked by parked or stationary vehicle;Not car passenger;Not a bus or coach passenger;No / Not applicable;0;Cyclist;More deprived 10-20%;1;Car;No tow/articulation;Going ahead other;On main c'way - not in restricted lane;Not at or within 20 metres of junction;None;None;Did not leave carriageway;None;Front;1;Not known;Not known;-1;Data missing or out of range;-1;-1;-1;-1;Data missing or out of range;-1
2019010159492;533892;166198;-0.077501;51.379051;Metropolitan Police;Slight;2;1;25/01/2019;Friday;07:00;Croydon;Croydon;A;222;Single carriageway;30 MPH;Not at junction or within 20 metres;Data missing or out of range;-1;0;None within 50 metres ;No physical crossing facilities within 50 metres;Daylight;Raining no high winds;Wet or damp;None;None;Urban;No - accident was reported using a self completion  form (self rep only);E01000977;1;1;Driver or rider;Female;52;8;Slight;Not a Pedestrian;Not a Pedestrian;Not car passenger;Not a bus or coach passenger;No / Not applicable;1;Cyclist;Less deprived 10-20%;1;Pedal cycle;Data missing or out of range;Data missing or out of range;Data missing or out of range;Not at or within 20 metres of junction;Data missing or out of range;Data missing or out of range;Data missing or out of range;Data missing or out of range;Data missing or out of range;1;Commuting to/from work;Female;52;46 - 55;-1;-1;-1;9;Urban area;9
2019010159492;533892;166198;-0.077501;51.379051;Metropolitan Police;Slight;2;1;25/01/2019;Friday;07:00;Croydon;Croydon;A;222;Single carriageway;30 MPH;Not at junction or within 20 metres;Data missing or out of range;-1;0;None within 50 metres ;No physical crossing facilities within 50 metres;Daylight;Raining no high winds;Wet or damp;None;None;Urban;No - accident was reported using a self completion  form (self rep only);E01000977;1;1;Driver or rider;Female;52;8;Slight;Not a Pedestrian;Not a Pedestrian;Not car passenger;Not a bus or coach passenger;No / Not applicable;1;Cyclist;Less deprived 10-20%;2;Car;No tow/articulation;Data missing or out of range;Data missing or out of range;Not at or within 20 metres of junction;Data missing or out of range;Data missing or out of range;Data missing or out of range;Data missing or out of range;Data missing or out of range;-1;Not known;Not known;-1;Data missing or out of range;-1;-1;-1;-1;Data missing or out of range;-1
2019010159495;537968;194067;-0.00808;51.62851;Metropolitan Police;Slight;2;1;10/01/2019;Thursday;08:40;Waltham Forest;Waltham Forest;Unclassified;0;Unknown;30 MPH;Not at junction or within 20 metres;Data missing or out of range;-1;0;Data missing or out of range;Data missing or out of range;Daylight;Unknown;Data missing or out of range;Data missing or out of range;Data missing or out of range;Urban;No - accident was reported using a self completion  form (self rep only);E01004357;1;1;Driver or rider;Female;43;7;Slight;Not a Pedestrian;Not a Pedestrian;Not car passenger;Not a bus or coach passenger;No / Not applicable;9;Cyclist;Less deprived 40-50%;1;Car;Data missing or out of range;Going ahead other;Data missing or out of range;Not at or within 20 metres of junction;Data missing or out of range;Data missing or out of range;Data missing or out of range;Data missing or out of range;Data missing or out of range;1;Not known;Female;43;36 - 45;-1;-1;-1;6;Urban area;6
2019010159495;537968;194067;-0.00808;51.62851;Metropolitan Police;Slight;2;1;10/01/2019;Thursday;08:40;Waltham Forest;Waltham Forest;Unclassified;0;Unknown;30 MPH;Not at junction or within 20 metres;Data missing or out of range;-1;0;Data missing or out of range;Data missing or out of range;Daylight;Unknown;Data missing or out of range;Data missing or out of range;Data missing or out of range;Urban;No - accident was reported using a self completion  form (self rep only);E01004357;1;1;Driver or rider;Female;43;7;Slight;Not a Pedestrian;Not a Pedestrian;Not car passenger;Not a bus or coach passenger;No / Not applicable;9;Cyclist;Less deprived 40-50%;2;Car;Data missing or out of range;Reversing;Data missing or out of range;Not at or within 20 metres of junction;Data missing or out of range;Data missing or out of range;Data missing or out of range;Data missing or out of range;Data missing or out of range;1;Not known;Not known;-1;Data missing or out of range;-1;-1;-1;-1;Data missing or out of range;-1
2019010159496;534752;167200;-0.064772;51.387852;Metropolitan Police;Slight;1;1;25/01/2019;Friday;07:55;Croydon;Croydon;A;215;Single carriageway;30 MPH;T or staggered junction;Give way or uncontrolled;Unclassified;0;None within 50 metres ;Zebra;Daylight;Raining no high winds;Wet or damp;None;None;Urban;Yes;E01001185;1;1;Pedestrian;Female;13;3;Slight;Crossing on pedestrian crossing facility;Crossing from driver's offside;Not car passenger;Not a bus or coach passenger;No / Not applicable;0;Cyclist;More deprived 10-20%;1;Car;No tow/articulation;Going ahead other;On main c'way - not in restricted lane;Cleared junction or waiting/parked at junction exit;None;None;Did not leave carriageway;None;Front;1;Taking pupil to/from school;Female;50;46 - 55;-1;-1;-1;5;Urban area;5
2019010159503;525312;165943;-0.200809;51.378716;Metropolitan Police;Slight;2;1;25/01/2019;Friday;08:13;Sutton;Sutton;A;217;Dual carriageway;30 MPH;Crossroads;Auto traffic signal;B;279;None within 50 metres ;Pedestrian phase at traffic signal junction;Daylight;Raining no high winds;Wet or damp;None;None;Urban;Yes;E01004145;1;1;Driver or rider;Female;56;9;Slight;Not a Pedestrian;Not a Pedestrian;Not car passenger;Not a bus or coach passenger;No / Not applicable;9;Cyclist;Less deprived 20-30%;1;Car;No tow/articulation;Going ahead other;On main c'way - not in restricted lane;Mid Junction - on roundabout or on main road;Skidded;Bollard or refuge;Did not leave carriageway;None;Front;1;Commuting to/from work;Female;56;56 - 65;-1;-1;-1;8;Urban area;8
2019010159503;525312;165943;-0.200809;51.378716;Metropolitan Police;Slight;2;1;25/01/2019;Friday;08:13;Sutton;Sutton;A;217;Dual carriageway;30 MPH;Crossroads;Auto traffic signal;B;279;None within 50 metres ;Pedestrian phase at traffic signal junction;Daylight;Raining no high winds;Wet or damp;None;None;Urban;Yes;E01004145;1;1;Driver or rider;Female;56;9;Slight;Not a Pedestrian;Not a Pedestrian;Not car passenger;Not a bus or coach passenger;No / Not applicable;9;Cyclist;Less deprived 20-30%;2;Car;No tow/articulation;Going ahead other;On main c'way - not in restricted lane;Mid Junction - on roundabout or on main road;Skidded;None;Did not leave carriageway;None;Front;1;Journey as part of work;Male;47;46 - 55;-1;-1;-1;9;Urban area;9
2019010159504;519482;191851;-0.275774;51.612821;Metropolitan Police;Slight;1;1;21/01/2019;Monday;09:00;Barnet;Barnet;Unclassified;0;Unknown;20 MPH;Data missing or out of range;Data missing or out of range;Unclassified;0;Data missing or out of range;Zebra;Darkness - lighting unknown;Fine no high winds;Dry;None;None;Urban;No - accident was reported using a self completion  form (self rep only);E01000193;1;1;Pedestrian;Female;39;7;Slight;Unknown or other;Unknown or other;Not car passenger;Not a bus or coach passenger;No / Not applicable;0;Cyclist;More deprived 20-30%;1;Car;No tow/articulation;Data missing or out of range;Data missing or out of range;Data missing or out of range;Data missing or out of range;Data missing or out of range;Data missing or out of range;Data missing or out of range;Did not impact;-1;Not known;Not known;-1;Data missing or out of range;-1;-1;-1;-1;Data missing or out of range;-1
2019010159510;553422;188809;0.212723;51.577272;Metropolitan Police;Serious;1;1;25/01/2019;Friday;11:22;Havering;Havering;Unclassified;0;Dual carriageway;30 MPH;Not at junction or within 20 metres;Data missing or out of range;-1;0;None within 50 metres ;No physical crossing facilities within 50 metres;Daylight;Raining no high winds;Wet or damp;None;Other object on road;Urban;Yes;E01002381;1;1;Driver or rider;Female;44;7;Serious;Not a Pedestrian;Not a Pedestrian;Not car passenger;Not a bus or coach passenger;No / Not applicable;9;Cyclist;Less deprived 40-50%;1;Car;No tow/articulation;Going ahead other;On main c'way - not in restricted lane;Not at or within 20 metres of junction;None;Other object;Did not leave carriageway;None;Front;1;Commuting to/from work;Female;44;36 - 45;-1;-1;-1;6;Urban area;6
2019010159511;513609;180382;-0.36426;51.510954;Metropolitan Police;Slight;2;1;25/01/2019;Friday;08:52;Ealing;Ealing;A;4020;Dual carriageway;30 MPH;Crossroads;Auto traffic signal;C;0;None within 50 metres ;Pelican, puffin, toucan or similar non-junction pedestrian light crossing;Daylight;Fine no high winds;Wet or damp;None;None;Urban;Yes;E01001216;1;1;Driver or rider;Female;26;6;Slight;Not a Pedestrian;Not a Pedestrian;Not car passenger;Not a bus or coach passenger;No / Not applicable;9;Cyclist;More deprived 40-50%;1;Car;No tow/articulation;Going ahead other;On main c'way - not in restricted lane;Approaching junction or waiting/parked at junction approach;None;None;Did not leave carriageway;None;Offside;1;Not known;Female;26;26 - 35;-1;-1;-1;5;Urban area;5
2019010159511;513609;180382;-0.36426;51.510954;Metropolitan Police;Slight;2;1;25/01/2019;Friday;08:52;Ealing;Ealing;A;4020;Dual carriageway;30 MPH;Crossroads;Auto traffic signal;C;0;None within 50 metres ;Pelican, puffin, toucan or similar non-junction pedestrian light crossing;Daylight;Fine no high winds;Wet or damp;None;None;Urban;Yes;E01001216;1;1;Driver or rider;Female;26;6;Slight;Not a Pedestrian;Not a Pedestrian;Not car passenger;Not a bus or coach passenger;No / Not applicable;9;Cyclist;More deprived 40-50%;2;Goods 7.5 tonnes mgw and over;Articulated vehicle;Changing lane to right;On main c'way - not in restricted lane;Approaching junction or waiting/parked at junction approach;None;None;Did not leave carriageway;None;Front;1;Journey as part of work;Male;32;26 - 35;-1;-1;-1;6;Urban area;6
2019010159513;518714;180509;-0.290687;51.511047;Metropolitan Police;Slight;2;1;25/01/2019;Friday;10:24;Ealing;Ealing;A;4020;Single carriageway;30 MPH;Crossroads;Auto traffic signal;A;4020;None within 50 metres ;Pelican, puffin, toucan or similar non-junction pedestrian light crossing;Daylight;Fine no high winds;Wet or damp;None;Vehicle load on road;Urban;Yes;E01001234;2;1;Driver or rider;Male;69;10;Slight;Not a Pedestrian;Not a Pedestrian;Not car passenger;Not a bus or coach passenger;No / Not applicable;1;Cyclist;More deprived 30-40%;1;Car;No tow/articulation;Moving off;On main c'way - not in restricted lane;Entering from slip road;None;None;Did not leave carriageway;None;Front;1;Not known;Male;33;26 - 35;-1;-1;-1;7;Urban area;7
2019010159513;518714;180509;-0.290687;51.511047;Metropolitan Police;Slight;2;1;25/01/2019;Friday;10:24;Ealing;Ealing;A;4020;Single carriageway;30 MPH;Crossroads;Auto traffic signal;A;4020;None within 50 metres ;Pelican, puffin, toucan or similar non-junction pedestrian light crossing;Daylight;Fine no high winds;Wet or damp;None;Vehicle load on road;Urban;Yes;E01001234;2;1;Driver or rider;Male;69;10;Slight;Not a Pedestrian;Not a Pedestrian;Not car passenger;Not a bus or coach passenger;No / Not applicable;1;Cyclist;More deprived 30-40%;2;Pedal cycle;No tow/articulation;Going ahead other;On main c'way - not in restricted lane;Approaching junction or waiting/parked at junction approach;Overturned;None;Did not leave carriageway;None;Front;1;Not known;Male;69;66 - 75;-1;-1;-1;4;Urban area;4
2019010159514;528576;181240;-0.148382;51.515461;Metropolitan Police;Serious;2;1;18/01/2019;Friday;10:50;Westminster;Westminster;Unclassified;0;Single carriageway;30 MPH;T or staggered junction;Give way or uncontrolled;Unclassified;0;None within 50 metres ;Central refuge;Daylight;Fine no high winds;Dry;Data missing or out of range;None;Urban;No - accident was reported using a self completion  form (self rep only);E01004714;1;1;Driver or rider;Male;32;6;Serious;Not a Pedestrian;Not a Pedestrian;Not car passenger;Not a bus or coach passenger;No / Not applicable;1;Cyclist;Most deprived 10%;1;Pedal cycle;Data missing or out of range;Data missing or out of range;Data missing or out of range;Data missing or out of range;Data missing or out of range;Data missing or out of range;Data missing or out of range;Data missing or out of range;Data missing or out of range;1;Not known;Male;32;26 - 35;-1;-1;-1;1;Urban area;1
2019010159514;528576;181240;-0.148382;51.515461;Metropolitan Police;Serious;2;1;18/01/2019;Friday;10:50;Westminster;Westminster;Unclassified;0;Single carriageway;30 MPH;T or staggered junction;Give way or uncontrolled;Unclassified;0;None within 50 metres ;Central refuge;Daylight;Fine no high winds;Dry;Data missing or out of range;None;Urban;No - accident was reported using a self completion  form (self rep only);E01004714;1;1;Driver or rider;Male;32;6;Serious;Not a Pedestrian;Not a Pedestrian;Not car passenger;Not a bus or coach passenger;No / Not applicable;1;Cyclist;Most deprived 10%;2;Motorcycle 125cc and under;No tow/articulation;Data missing or out of range;Data missing or out of range;Data missing or out of range;Data missing or out of range;Data missing or out of range;Data missing or out of range;Data missing or out of range;Front;1;Not known;Not known;-1;Data missing or out of range;-1;-1;-1;-1;Data missing or out of range;-1
2019010159518;538257;180754;-0.00914;51.50881;Metropolitan Police;Serious;2;3;25/01/2019;Friday;12:23;Tower Hamlets;Tower Hamlets;A;1206;Dual carriageway;30 MPH;More than 4 arms (not roundabout);Auto traffic signal;B;123;None within 50 metres ;Pedestrian phase at traffic signal junction;Daylight;Other;Wet or damp;None;None;Urban;Yes;E01004219;1;1;Driver or rider;Male;55;8;Serious;Not a Pedestrian;Not a Pedestrian;Not car passenger;Not a bus or coach passenger;No / Not applicable;9;Cyclist;More deprived 10-20%;1;Car;No tow/articulation;Going ahead other;On main c'way - not in restricted lane;Mid Junction - on roundabout or on main road;None;None;Did not leave carriageway;None;Nearside;1;Not known;Male;55;46 - 55;-1;-1;-1;2;Urban area;2
2019010159518;538257;180754;-0.00914;51.50881;Metropolitan Police;Serious;2;3;25/01/2019;Friday;12:23;Tower Hamlets;Tower Hamlets;A;1206;Dual carriageway;30 MPH;More than 4 arms (not roundabout);Auto traffic signal;B;123;None within 50 metres ;Pedestrian phase at traffic signal junction;Daylight;Other;Wet or damp;None;None;Urban;Yes;E01004219;1;1;Driver or rider;Male;55;8;Serious;Not a Pedestrian;Not a Pedestrian;Not car passenger;Not a bus or coach passenger;No / Not applicable;9;Cyclist;More deprived 10-20%;2;Car;No tow/articulation;Going ahead other;On main c'way - not in restricted lane;Cleared junction or waiting/parked at junction exit;None;None;Did not leave carriageway;None;Front;1;Not known;Male;29;26 - 35;-1;-1;-1;9;Urban area;9
2019010159518;538257;180754;-0.00914;51.50881;Metropolitan Police;Serious;2;3;25/01/2019;Friday;12:23;Tower Hamlets;Tower Hamlets;A;1206;Dual carriageway;30 MPH;More than 4 arms (not roundabout);Auto traffic signal;B;123;None within 50 metres ;Pedestrian phase at traffic signal junction;Daylight;Other;Wet or damp;None;None;Urban;Yes;E01004219;1;2;Passenger;Female;46;8;Serious;Not a Pedestrian;Not a Pedestrian;Front seat passenger;Not a bus or coach passenger;No / Not applicable;9;Cyclist;More deprived 10-20%;1;Car;No tow/articulation;Going ahead other;On main c'way - not in restricted lane;Mid Junction - on roundabout or on main road;None;None;Did not leave carriageway;None;Nearside;1;Not known;Male;55;46 - 55;-1;-1;-1;2;Urban area;2
2019010159518;538257;180754;-0.00914;51.50881;Metropolitan Police;Serious;2;3;25/01/2019;Friday;12:23;Tower Hamlets;Tower Hamlets;A;1206;Dual carriageway;30 MPH;More than 4 arms (not roundabout);Auto traffic signal;B;123;None within 50 metres ;Pedestrian phase at traffic signal junction;Daylight;Other;Wet or damp;None;None;Urban;Yes;E01004219;1;2;Passenger;Female;46;8;Serious;Not a Pedestrian;Not a Pedestrian;Front seat passenger;Not a bus or coach passenger;No / Not applicable;9;Cyclist;More deprived 10-20%;2;Car;No tow/articulation;Going ahead other;On main c'way - not in restricted lane;Cleared junction or waiting/parked at junction exit;None;None;Did not leave carriageway;None;Front;1;Not known;Male;29;26 - 35;-1;-1;-1;9;Urban area;9
2019010159518;538257;180754;-0.00914;51.50881;Metropolitan Police;Serious;2;3;25/01/2019;Friday;12:23;Tower Hamlets;Tower Hamlets;A;1206;Dual carriageway;30 MPH;More than 4 arms (not roundabout);Auto traffic signal;B;123;None within 50 metres ;Pedestrian phase at traffic signal junction;Daylight;Other;Wet or damp;None;None;Urban;Yes;E01004219;2;3;Driver or rider;Male;29;6;Slight;Not a Pedestrian;Not a Pedestrian;Not car passenger;Not a bus or coach passenger;No / Not applicable;9;Cyclist;Less deprived 10-20%;1;Car;No tow/articulation;Going ahead other;On main c'way - not in restricted lane;Mid Junction - on roundabout or on main road;None;None;Did not leave carriageway;None;Nearside;1;Not known;Male;55;46 - 55;-1;-1;-1;2;Urban area;2
2019010159518;538257;180754;-0.00914;51.50881;Metropolitan Police;Serious;2;3;25/01/2019;Friday;12:23;Tower Hamlets;Tower Hamlets;A;1206;Dual carriageway;30 MPH;More than 4 arms (not roundabout);Auto traffic signal;B;123;None within 50 metres ;Pedestrian phase at traffic signal junction;Daylight;Other;Wet or damp;None;None;Urban;Yes;E01004219;2;3;Driver or rider;Male;29;6;Slight;Not a Pedestrian;Not a Pedestrian;Not car passenger;Not a bus or coach passenger;No / Not applicable;9;Cyclist;Less deprived 10-20%;2;Car;No tow/articulation;Going ahead other;On main c'way - not in restricted lane;Cleared junction or waiting/parked at junction exit;None;None;Did not leave carriageway;None;Front;1;Not known;Male;29;26 - 35;-1;-1;-1;9;Urban area;9
2019010159520;533655;178316;-0.076336;51.488007;Metropolitan Police;Slight;2;1;25/01/2019;Friday;12:15;Southwark;Southwark;A;2;Dual carriageway;30 MPH;T or staggered junction;Auto traffic signal;B;214;None within 50 metres ;Pelican, puffin, toucan or similar non-junction pedestrian light crossing;Daylight;Fine no high winds;Dry;None;None;Urban;Yes;E01003966;2;1;Driver or rider;Male;37;7;Slight;Not a Pedestrian;Not a Pedestrian;Not car passenger;Not a bus or coach passenger;No / Not applicable;9;Cyclist;More deprived 30-40%;1;Other vehicle;No tow/articulation;U-turn;On main c'way - not in restricted lane;Mid Junction - on roundabout or on main road;None;None;Did not leave carriageway;None;Offside;1;Journey as part of work;Female;30;26 - 35;-1;-1;-1;5;Urban area;5
2019010159520;533655;178316;-0.076336;51.488007;Metropolitan Police;Slight;2;1;25/01/2019;Friday;12:15;Southwark;Southwark;A;2;Dual carriageway;30 MPH;T or staggered junction;Auto traffic signal;B;214;None within 50 metres ;Pelican, puffin, toucan or similar non-junction pedestrian light crossing;Daylight;Fine no high winds;Dry;None;None;Urban;Yes;E01003966;2;1;Driver or rider;Male;37;7;Slight;Not a Pedestrian;Not a Pedestrian;Not car passenger;Not a bus or coach passenger;No / Not applicable;9;Cyclist;More deprived 30-40%;2;Car;No tow/articulation;Changing lane to left;On main c'way - not in restricted lane;Mid Junction - on roundabout or on main road;None;None;Did not leave carriageway;None;Nearside;1;Not known;Male;37;36 - 45;-1;-1;-1;4;Urban area;4
2019010159526;541504;188908;0.040892;51.581276;Metropolitan Police;Serious;6;2;25/01/2019;Friday;10:44;Redbridge;Redbridge;A;406;Dual carriageway;50 MPH;Not at junction or within 20 metres;Data missing or out of range;-1;0;None within 50 metres ;No physical crossing facilities within 50 metres;Daylight;Fine no high winds;Wet or damp;None;None;Rural;Yes;E01003794;4;1;Driver or rider;Male;58;9;Serious;Not a Pedestrian;Not a Pedestrian;Not car passenger;Not a bus or coach passenger;No / Not applicable;9;Cyclist;Less deprived 20-30%;1;Car;No tow/articulation;Slowing or stopping;On main c'way - not in restricted lane;Not at or within 20 metres of junction;None;None;Did not leave carriageway;None;Back;1;Not known;Male;70;66 - 75;-1;-1;-1;8;Urban area;8
2019010159526;541504;188908;0.040892;51.581276;Metropolitan Police;Serious;6;2;25/01/2019;Friday;10:44;Redbridge;Redbridge;A;406;Dual carriageway;50 MPH;Not at junction or within 20 metres;Data missing or out of range;-1;0;None within 50 metres ;No physical crossing facilities within 50 metres;Daylight;Fine no high winds;Wet or damp;None;None;Rural;Yes;E01003794;4;1;Driver or rider;Male;58;9;Serious;Not a Pedestrian;Not a Pedestrian;Not car passenger;Not a bus or coach passenger;No / Not applicable;9;Cyclist;Less deprived 20-30%;2;Van / Goods 3.5 tonnes mgw or under;No tow/articulation;Slowing or stopping;On main c'way - not in restricted lane;Not at or within 20 metres of junction;None;None;Did not leave carriageway;None;Back;1;Not known;Male;40;36 - 45;-1;-1;-1;3;Urban area;3
2019010159526;541504;188908;0.040892;51.581276;Metropolitan Police;Serious;6;2;25/01/2019;Friday;10:44;Redbridge;Redbridge;A;406;Dual carriageway;50 MPH;Not at junction or within 20 metres;Data missing or out of range;-1;0;None within 50 metres ;No physical crossing facilities within 50 metres;Daylight;Fine no high winds;Wet or damp;None;None;Rural;Yes;E01003794;4;1;Driver or rider;Male;58;9;Serious;Not a Pedestrian;Not a Pedestrian;Not car passenger;Not a bus or coach passenger;No / Not applicable;9;Cyclist;Less deprived 20-30%;3;Car;No tow/articulation;Slowing or stopping;On main c'way - not in restricted lane;Not at or within 20 metres of junction;None;None;Did not leave carriageway;None;Back;1;Not known;Male;37;36 - 45;-1;-1;-1;-1;Data missing or out of range;-1
2019010159526;541504;188908;0.040892;51.581276;Metropolitan Police;Serious;6;2;25/01/2019;Friday;10:44;Redbridge;Redbridge;A;406;Dual carriageway;50 MPH;Not at junction or within 20 metres;Data missing or out of range;-1;0;None within 50 metres ;No physical crossing facilities within 50 metres;Daylight;Fine no high winds;Wet or damp;None;None;Rural;Yes;E01003794;4;1;Driver or rider;Male;58;9;Serious;Not a Pedestrian;Not a Pedestrian;Not car passenger;Not a bus or coach passenger;No / Not applicable;9;Cyclist;Less deprived 20-30%;4;Car;No tow/articulation;Slowing or stopping;On main c'way - not in restricted lane;Not at or within 20 metres of junction;None;None;Did not leave carriageway;None;Back;1;Not known;Male;58;56 - 65;-1;-1;-1;8;Urban area;8
2019010159526;541504;188908;0.040892;51.581276;Metropolitan Police;Serious;6;2;25/01/2019;Friday;10:44;Redbridge;Redbridge;A;406;Dual carriageway;50 MPH;Not at junction or within 20 metres;Data missing or out of range;-1;0;None within 50 metres ;No physical crossing facilities within 50 metres;Daylight;Fine no high winds;Wet or damp;None;None;Rural;Yes;E01003794;4;1;Driver or rider;Male;58;9;Serious;Not a Pedestrian;Not a Pedestrian;Not car passenger;Not a bus or coach passenger;No / Not applicable;9;Cyclist;Less deprived 20-30%;5;Car;No tow/articulation;Slowing or stopping;On main c'way - not in restricted lane;Not at or within 20 metres of junction;None;None;Did not leave carriageway;None;Back;1;Not known;Male;44;36 - 45;-1;-1;-1;1;Urban area;1