Accident_Index;Location_Easting_OSGR;Location_Northing_OSGR;Longitude;Latitude;Police_Force;Accident_Severity;Number_of_Vehicles;Number_of_Casualties;Date;Day_of_Week;Time;Local_Authority_(District);Local_Authority_(Highway);1st_Road_Class;1st_Road_Number;Road_Type;Speed_limit;Junction_Detail;Junction_Control;2nd_Road_Class;2nd_Road_Number;Pedestrian_Crossing-Human_Control;Pedestrian_Crossing-Physical_Facilities;Light_Conditions;Weather_Conditions;Road_Surface_Conditions;Special_Conditions_at_Site;Carriageway_Hazards;Urban_or_Rural_Area;Did_Police_Officer_Attend_Scene_of_Accident;LSOA_of_Accident_Location;Vehicle_Reference_x;Casualty_Reference;Casualty_Class;Sex_of_Casualty;Age_of_Casualty;Age_Band_of_Casualty;Casualty_Severity;Pedestrian_Location;Pedestrian_Movement;Car_Passenger;Bus_or_Coach_Passenger;Pedestrian_Road_Maintenance_Worker;Casualty_Type;Casualty_Home_Area_Type;Casualty_IMD_Decile;Vehicle_Reference_y;Vehicle_Type;Towing_and_Articulation;Vehicle_Manoeuvre;Vehicle_Location-Restricted_Lane;Junction_Location;Skidding_and_Overturning;Hit_Object_in_Carriageway;Vehicle_Leaving_Carriageway;Hit_Object_off_Carriageway;1st_Point_of_Impact;Was_Vehicle_Left_Hand_Drive?;Journey_Purpose_of_Driver;Sex_of_Driver;Age_of_Driver;Age_Band_of_Driver;Engine_Capacity_(CC);Propulsion_Code;Age_of_Vehicle;Driver_IMD_Decile;Driver_Home_Area_Type;Vehicle_IMD_Decile
2019010159584;527493;178455;-0.164988;51.490678;Metropolitan Police;Slight;2;1;25/01/2019;Friday;14:48;Kensington and Chelsea;Kensington and Chelsea;Unclassified;0;One way street;30 MPH;Other junction;Give way or uncontrolled;Unclassified;0;None within 50 metres ;No physical crossing facilities within 50 metres;Daylight;Fine no high winds;Wet or damp;None;None;Urban;Yes;E01002861;2;1;Driver or rider;Female;52;8;Slight;Not a Pedestrian;Not a Pedestrian;Not car passenger;Not a bus or coach passenger;No / Not applicable;1;Cyclist;More deprived 40-50%;1;Taxi/Private hire car;No tow/articulation;Waiting to go - held up;On main c'way - not in restricted lane;Approaching junction or waiting/parked at junction approach;None;None;Did not leave carriageway;None;Did not impact;1;Journey as part of work;Male;71;66 - 75;-1;-1;-1;10;Small town;10
2019010159584;527493;178455;-0.164988;51.490678;Metropolitan Police;Slight;2;1;25/01/2019;Friday;14:48;Kensington and Chelsea;Kensington and Chelsea;Unclassified;0;One way street;30 MPH;Other junction;Give way or uncontrolled;Unclassified;0;None within 50 metres ;No physical crossing facilities within 50 metres;Daylight;Fine no high winds;Wet or damp;None;None;Urban;Yes;E01002861;2;1;Driver or rider;Female;52;8;Slight;Not a Pedestrian;Not a Pedestrian;Not car passenger;Not a bus or coach passenger;No / Not applicable;1;Cyclist;More deprived 40-50%;2;Pedal cycle;No tow/articulation;Going ahead other;On main c'way - not in restricted lane;Approaching junction or waiting/parked at junction approach;None;None;Did not leave carriageway;None;Did not impact;1;Not known;Female;52;46 - 55;-1;-1;-1;5;Urban area;5
2019010159585;545531;185254;0.09746;51.547419;Metropolitan Police;Slight;3;2;25/01/2019;Friday;17:38;Barking and Dagenham;Barking and Dagenham;A;124;Dual carriageway;30 MPH;T or staggered junction;Stop sign;Unclassified;0;None within 50 metres ;No physical crossing facilities within 50 metres;Darkness - lights lit;Fine no high winds;Wet or damp;None;None;Urban;Yes;E01003741;2;1;Driver or rider;Male;70;10;Slight;Not a Pedestrian;Not a Pedestrian;Not car passenger;Not a bus or coach passenger;No / Not applicable;9;Cyclist;More deprived 10-20%;1;Van / Goods 3.5 tonnes mgw or under;No tow/articulation;Slowing or stopping;On main c'way - not in restricted lane;Approaching junction or waiting/parked at junction approach;Skidded;None;Did not leave carriageway;None;Front;1;Not known;Male;30;26 - 35;-1;-1;-1;1;Urban area;1
2019010159585;545531;185254;0.09746;51.547419;Metropolitan Police;Slight;3;2;25/01/2019;Friday;17:38;Barking and Dagenham;Barking and Dagenham;A;124;Dual carriageway;30 MPH;T or staggered junction;Stop sign;Unclassified;0;None within 50 metres ;No physical crossing facilities within 50 metres;Darkness - lights lit;Fine no high winds;Wet or damp;None;None;Urban;Yes;E01003741;2;1;Driver or rider;Male;70;10;Slight;Not a Pedestrian;Not a Pedestrian;Not car passenger;Not a bus or coach passenger;No / Not applicable;9;Cyclist;More deprived 10-20%;2;Car;No tow/articulation;Slowing or stopping;On main c'way - not in restricted lane;Approaching junction or waiting/parked at junction approach;None;None;Did not leave carriageway;None;Back;1;Not known;Male;70;66 - 75;-1;-1;-1;2;Urban area;2
2019010159585;545531;185254;0.09746;51.547419;Metropolitan Police;Slight;3;2;25/01/2019;Friday;17:38;Barking and Dagenham;Barking and Dagenham;A;124;Dual carriageway;30 MPH;T or staggered junction;Stop sign;Unclassified;0;None within 50 metres ;No physical crossing facilities within 50 metres;Darkness - lights lit;Fine no high winds;Wet or damp;None;None;Urban;Yes;E01003741;2;1;Driver or rider;Male;70;10;Slight;Not a Pedestrian;Not a Pedestrian;Not car passenger;Not a bus or coach passenger;No / Not applicable;9;Cyclist;More deprived 10-20%;3;Car;No tow/articulation;Slowing or stopping;On main c'way - not in restricted lane;Approaching junction or waiting/parked at junction approach;None;None;Did not leave carriageway;None;Back;1;Not known;Male;23;21 - 25;-1;-1;-1;1;Urban area;1
2019010159585;545531;185254;0.09746;51.547419;Metropolitan Police;Slight;3;2;25/01/2019;Friday;17:38;Barking and Dagenham;Barking and Dagenham;A;124;Dual carriageway;30 MPH;T or staggered junction;Stop sign;Unclassified;0;None within 50 metres ;No physical crossing facilities within 50 metres;Darkness - lights lit;Fine no high winds;Wet or damp;None;None;Urban;Yes;E01003741;3;2;Driver or rider;Male;23;5;Slight;Not a Pedestrian;Not a Pedestrian;Not car passenger;Not a bus or coach passenger;No / Not applicable;9;Cyclist;Most deprived 10%;1;Van / Goods 3.5 tonnes mgw or under;No tow/articulation;Slowing or stopping;On main c'way - not in restricted lane;Approaching junction or waiting/parked at junction approach;Skidded;None;Did not leave carriageway;None;Front;1;Not known;Male;30;26 - 35;-1;-1;-1;1;Urban area;1
2019010159585;545531;185254;0.09746;51.547419;Metropolitan Police;Slight;3;2;25/01/2019;Friday;17:38;Barking and Dagenham;Barking and Dagenham;A;124;Dual carriageway;30 MPH;T or staggered junction;Stop sign;Unclassified;0;None within 50 metres ;No physical crossing facilities within 50 metres;Darkness - lights lit;Fine no high winds;Wet or damp;None;None;Urban;Yes;E01003741;3;2;Driver or rider;Male;23;5;Slight;Not a Pedestrian;Not a Pedestrian;Not car passenger;Not a bus or coach passenger;No / Not applicable;9;Cyclist;Most deprived 10%;2;Car;No tow/articulation;Slowing or stopping;On main c'way - not in restricted lane;Approaching junction or waiting/parked at junction approach;None;None;Did not leave carriageway;None;Back;1;Not known;Male;70;66 - 75;-1;-1;-1;2;Urban area;2
2019010159585;545531;185254;0.09746;51.547419;Metropolitan Police;Slight;3;2;25/01/2019;Friday;17:38;Barking and Dagenham;Barking and Dagenham;A;124;Dual carriageway;30 MPH;T or staggered junction;Stop sign;Unclassified;0;None within 50 metres ;No physical crossing facilities within 50 metres;Darkness - lights lit;Fine no high winds;Wet or damp;None;None;Urban;Yes;E01003741;3;2;Driver or rider;Male;23;5;Slight;Not a Pedestrian;Not a Pedestrian;Not car passenger;Not a bus or coach passenger;No / Not applicable;9;Cyclist;Most deprived 10%;3;Car;No tow/articulation;Slowing or stopping;On main c'way - not in restricted lane;Approaching junction or waiting/parked at junction approach;None;None;Did not leave carriageway;None;Back;1;Not known;Male;23;21 - 25;-1;-1;-1;1;Urban area;1
2019010159587;544205;183825;0.077765;51.534919;Metropolitan Police;Slight;1;1;25/01/2019;Friday;15:35;Barking and Dagenham;Barking and Dagenham;Unclassified;0;Single carriageway;30 MPH;Not at junction or within 20 metres;Data missing or out of range;-1;0;None within 50 metres ;Zebra;Daylight;Fine no high winds;Dry;None;None;Urban;No - accident was reported using a self completion  form (self rep only);E01000010;1;1;Pedestrian;Female;7;2;Slight;Crossing on pedestrian crossing facility;Crossing from driver's offside;Not car passenger;Not a bus or coach passenger;No / Not applicable;0;Cyclist;More deprived 20-30%;1;Car;No tow/articulation;Slowing or stopping;On main c'way - not in restricted lane;Not at or within 20 metres of junction;None;None;Did not leave carriageway;None;Front;1;Commuting to/from work;Female;48;46 - 55;-1;-1;-1;10;Rural;10
2019010159589;531056;186209;-0.110813;51.559547;Metropolitan Police;Slight;2;1;25/01/2019;Friday;19:35;Islington;Islington;A;503;One way street;30 MPH;Not at junction or within 20 metres;Data missing or out of range;-1;0;None within 50 metres ;Pelican, puffin, toucan or similar non-junction pedestrian light crossing;Daylight;Fine no high winds;Dry;None;None;Urban;Yes;E01002730;2;1;Driver or rider;Male;18;4;Slight;Not a Pedestrian;Not a Pedestrian;Not car passenger;Not a bus or coach passenger;No / Not applicable;3;Cyclist;Most deprived 10%;1;Van / Goods 3.5 tonnes mgw or under;No tow/articulation;Changing lane to left;On main c'way - not in restricted lane;Not at or within 20 metres of junction;None;None;Did not leave carriageway;None;Did not impact;1;Not known;Male;48;46 - 55;-1;-1;-1;5;Urban area;5
2019010159589;531056;186209;-0.110813;51.559547;Metropolitan Police;Slight;2;1;25/01/2019;Friday;19:35;Islington;Islington;A;503;One way street;30 MPH;Not at junction or within 20 metres;Data missing or out of range;-1;0;None within 50 metres ;Pelican, puffin, toucan or similar non-junction pedestrian light crossing;Daylight;Fine no high winds;Dry;None;None;Urban;Yes;E01002730;2;1;Driver or rider;Male;18;4;Slight;Not a Pedestrian;Not a Pedestrian;Not car passenger;Not a bus or coach passenger;No / Not applicable;3;Cyclist;Most deprived 10%;2;Motorcycle 125cc and under;No tow/articulation;Going ahead other;On main c'way - not in restricted lane;Not at or within 20 metres of junction;None;Kerb;Did not leave carriageway;None;Front;1;Journey as part of work;Male;18;16 - 20;-1;-1;-1;1;Urban area;1
2019010159591;531702;178469;-0.104391;51.48984;Metropolitan Police;Serious;1;1;25/01/2019;Friday;17:30;Southwark;Southwark;A;3;Single carriageway;30 MPH;Other junction;Give way or uncontrolled;Unclassified;0;None within 50 metres ;Pelican, puffin, toucan or similar non-junction pedestrian light crossing;Daylight;Fine no high winds;Dry;None;Other object on road;Urban;Yes;E01003108;1;1;Pedestrian;Male;75;10;Serious;Crossing elsewhere within 50m. of pedestrian crossing;Crossing from driver's offside;Not car passenger;Not a bus or coach passenger;No / Not applicable;0;Cyclist;More deprived 10-20%;1;Motorcycle over 500cc;No tow/articulation;Going ahead other;On main c'way - not in restricted lane;Cleared junction or waiting/parked at junction exit;Skidded and overturned;Other object;Did not leave carriageway;None;Front;1;Not known;Male;28;26 - 35;-1;-1;-1;-1;Data missing or out of range;-1
2019010159592;530029;171559;-0.131012;51.428127;Metropolitan Police;Slight;2;1;25/01/2019;Friday;17:00;Lambeth;Lambeth;A;23;Single carriageway;30 MPH;Not at junction or within 20 metres;Data missing or out of range;-1;0;None within 50 metres ;No physical crossing facilities within 50 metres;Darkness - lights lit;Fine no high winds;Dry;None;None;Urban;Yes;E01003120;2;1;Driver or rider;Male;19;4;Slight;Not a Pedestrian;Not a Pedestrian;Not car passenger;Not a bus or coach passenger;No / Not applicable;3;Cyclist;Most deprived 10%;1;Car;No tow/articulation;Going ahead other;On main c'way - not in restricted lane;Not at or within 20 metres of junction;None;None;Did not leave carriageway;None;Offside;1;Commuting to/from work;Male;31;26 - 35;-1;-1;-1;-1;Data missing or out of range;-1
2019010159592;530029;171559;-0.131012;51.428127;Metropolitan Police;Slight;2;1;25/01/2019;Friday;17:00;Lambeth;Lambeth;A;23;Single carriageway;30 MPH;Not at junction or within 20 metres;Data missing or out of range;-1;0;None within 50 metres ;No physical crossing facilities within 50 metres;Darkness - lights lit;Fine no high winds;Dry;None;None;Urban;Yes;E01003120;2;1;Driver or rider;Male;19;4;Slight;Not a Pedestrian;Not a Pedestrian;Not car passenger;Not a bus or coach passenger;No / Not applicable;3;Cyclist;Most deprived 10%;2;Motorcycle 125cc and under;No tow/articulation;Going ahead other;On main c'way - not in restricted lane;Not at or within 20 metres of junction;None;None;Did not leave carriageway;None;Nearside;1;Not known;Male;19;16 - 20;-1;-1;-1;1;Urban area;1
2019010159600;531457;183239;-0.106141;51.532764;Metropolitan Police;Slight;2;1;25/01/2019;Friday;20:20;Islington;Islington;A;1;Dual carriageway;20 MPH;T or staggered junction;Auto traffic signal;C;0;None within 50 metres ;Pelican, puffin, toucan or similar non-junction pedestrian light crossing;Darkness - lights lit;Fine no high winds;Dry;None;None;Urban;Yes;E01002803;1;1;Driver or rider;Male;32;6;Slight;Not a Pedestrian;Not a Pedestrian;Not car passenger;Not a bus or coach passenger;No / Not applicable;5;Cyclist;More deprived 20-30%;1;Motorcycle over 500cc;No tow/articulation;Slowing or stopping;On main c'way - not in restricted lane;Approaching junction or waiting/parked at junction approach;None;None;Did not leave carriageway;None;Did not impact;1;Not known;Male;32;26 - 35;-1;-1;-1;3;Urban area;3
2019010159600;531457;183239;-0.106141;51.532764;Metropolitan Police;Slight;2;1;25/01/2019;Friday;20:20;Islington;Islington;A;1;Dual carriageway;20 MPH;T or staggered junction;Auto traffic signal;C;0;None within 50 metres ;Pelican, puffin, toucan or similar non-junction pedestrian light crossing;Darkness - lights lit;Fine no high winds;Dry;None;None;Urban;Yes;E01002803;1;1;Driver or rider;Male;32;6;Slight;Not a Pedestrian;Not a Pedestrian;Not car passenger;Not a bus or coach passenger;No / Not applicable;5;Cyclist;More deprived 20-30%;2;Car;No tow/articulation;Going ahead other;On main c'way - not in restricted lane;Mid Junction - on roundabout or on main road;None;None;Did not leave carriageway;None;Front;1;Not known;Not known;-1;Data missing or out of range;-1;-1;-1;-1;Data missing or out of range;-1
2019010159603;526663;186100;-0.174189;51.55957;Metropolitan Police;Serious;2;2;25/01/2019;Friday;17:21;Camden;Camden;Unclassified;0;Single carriageway;20 MPH;T or staggered junction;Give way or uncontrolled;Unclassified;0;None within 50 metres ;No physical crossing facilities within 50 metres;Darkness - lights lit;Fine no high winds;Wet or damp;None;None;Urban;Yes;E01000899;1;1;Driver or rider;Male;82;11;Slight;Not a Pedestrian;Not a Pedestrian;Not car passenger;Not a bus or coach passenger;No / Not applicable;9;Cyclist;Less deprived 10-20%;1;Car;No tow/articulation;Going ahead other;Footway (pavement);Cleared junction or waiting/parked at junction exit;None;Kerb;Straight ahead at junction;Wall or fence;Front;1;Not known;Male;82;Over 75;-1;-1;-1;9;Urban area;9
2019010159603;526663;186100;-0.174189;51.55957;Metropolitan Police;Serious;2;2;25/01/2019;Friday;17:21;Camden;Camden;Unclassified;0;Single carriageway;20 MPH;T or staggered junction;Give way or uncontrolled;Unclassified;0;None within 50 metres ;No physical crossing facilities within 50 metres;Darkness - lights lit;Fine no high winds;Wet or damp;None;None;Urban;Yes;E01000899;1;1;Driver or rider;Male;82;11;Slight;Not a Pedestrian;Not a Pedestrian;Not car passenger;Not a bus or coach passenger;No / Not applicable;9;Cyclist;Less deprived 10-20%;2;Car;No tow/articulation;Parked;Footway (pavement);Cleared junction or waiting/parked at junction exit;None;None;Did not leave carriageway;None;Nearside;1;Not known;Not known;-1;Data missing or out of range;-1;-1;-1;-1;Data missing or out of range;-1
2019010159603;526663;186100;-0.174189;51.55957;Metropolitan Police;Serious;2;2;25/01/2019;Friday;17:21;Camden;Camden;Unclassified;0;Single carriageway;20 MPH;T or staggered junction;Give way or uncontrolled;Unclassified;0;None within 50 metres ;No physical crossing facilities within 50 metres;Darkness - lights lit;Fine no high winds;Wet or damp;None;None;Urban;Yes;E01000899;1;2;Passenger;Female;74;10;Serious;Not a Pedestrian;Not a Pedestrian;Front seat passenger;Not a bus or coach passenger;No / Not applicable;9;Cyclist;Less deprived 10-20%;1;Car;No tow/articulation;Going ahead other;Footway (pavement);Cleared junction or waiting/parked at junction exit;None;Kerb;Straight ahead at junction;Wall or fence;Front;1;Not known;Male;82;Over 75;-1;-1;-1;9;Urban area;9
2019010159603;526663;186100;-0.174189;51.55957;Metropolitan Police;Serious;2;2;25/01/2019;Friday;17:21;Camden;Camden;Unclassified;0;Single carriageway;20 MPH;T or staggered junction;Give way or uncontrolled;Unclassified;0;None within 50 metres ;No physical crossing facilities within 50 metres;Darkness - lights lit;Fine no high winds;Wet or damp;None;None;Urban;Yes;E01000899;1;2;Passenger;Female;74;10;Serious;Not a Pedestrian;Not a Pedestrian;Front seat passenger;Not a bus or coach passenger;No / Not applicable;9;Cyclist;Less deprived 10-20%;2;Car;No tow/articulation;Parked;Footway (pavement);Cleared junction or waiting/parked at junction exit;None;None;Did not leave carriageway;None;Nearside;1;Not known;Not known;-1;Data missing or out of range;-1;-1;-1;-1;Data missing or out of range;-1
2019010159605;533661;187209;-0.072878;51.567922;Metropolitan Police;Serious;2;1;25/01/2019;Friday;04:18;Hackney;Hackney;A;10;Dual carriageway;20 MPH;Other junction;Give way or uncontrolled;Unclassified;0;None within 50 metres ;No physical crossing facilities within 50 metres;Daylight;Fine no high winds;Dry;None;None;Urban;Yes;E01001726;1;1;Passenger;Female;82;11;Serious;Not a Pedestrian;Not a Pedestrian;Not car passenger;Standing passenger;No / Not applicable;11;Cyclist;More deprived 20-30%;1;Bus or coach (17 or more pass seats);No tow/articulation;Going ahead other;Bus lane;Cleared junction or waiting/parked at junction exit;None;None;Did not leave carriageway;None;Did not impact;1;Not known;Male;38;36 - 45;-1;-1;-1;1;Urban area;1
2019010159605;533661;187209;-0.072878;51.567922;Metropolitan Police;Serious;2;1;25/01/2019;Friday;04:18;Hackney;Hackney;A;10;Dual carriageway;20 MPH;Other junction;Give way or uncontrolled;Unclassified;0;None within 50 metres ;No physical crossing facilities within 50 metres;Daylight;Fine no high winds;Dry;None;None;Urban;Yes;E01001726;1;1;Passenger;Female;82;11;Serious;Not a Pedestrian;Not a Pedestrian;Not car passenger;Standing passenger;No / Not applicable;11;Cyclist;More deprived 20-30%;2;Car;No tow/articulation;Turning left;Bus lane;Cleared junction or waiting/parked at junction exit;None;None;Did not leave carriageway;None;Did not impact;1;Not known;Not known;-1;Data missing or out of range;-1;-1;-1;-1;Data missing or out of range;-1
2019010159609;506238;185510;-0.468889;51.558479;Metropolitan Police;Serious;1;1;25/01/2019;Friday;22:05;Hillingdon;Hillingdon;A;40;Dual carriageway;50 MPH;Roundabout;Stop sign;B;467;None within 50 metres ;No physical crossing facilities within 50 metres;Darkness - lights lit;Fine no high winds;Wet or damp;None;None;Urban;Yes;E01002512;1;1;Pedestrian;Male;26;6;Serious;In carriageway, crossing elsewhere;Unknown or other;Not car passenger;Not a bus or coach passenger;No / Not applicable;0;Motorcycle 50cc and under rider or passenger;More deprived 40-50%;1;Car;No tow/articulation;Going ahead other;On main c'way - not in restricted lane;Mid Junction - on roundabout or on main road;None;None;Did not leave carriageway;None;Front;1;Not known;Not known;-1;Data missing or out of range;-1;-1;-1;-1;Data missing or out of range;-1
2019010159610;544417;184288;0.081009;51.539025;Metropolitan Police;Slight;1;1;25/01/2019;Friday;05:48;Barking and Dagenham;Barking and Dagenham;Unclassified;0;Single carriageway;20 MPH;Other junction;Give way or uncontrolled;C;0;None within 50 metres ;Zebra;Daylight;Raining no high winds;Wet or damp;None;None;Urban;Yes;E01000007;1;1;Pedestrian;Male;45;7;Slight;Crossing on pedestrian crossing facility;Crossing from driver's offside;Not car passenger;Not a bus or coach passenger;No / Not applicable;0;Cyclist;More deprived 20-30%;1;Bus or coach (17 or more pass seats);No tow/articulation;Turning right;On main c'way - not in restricted lane;Approaching junction or waiting/parked at junction approach;None;None;Did not leave carriageway;None;Front;1;Journey as part of work;Male;23;21 - 25;-1;-1;-1;2;Urban area;2
2019010159611;532526;164156;-0.097878;51.361021;Metropolitan Police;Slight;2;1;24/01/2019;Thursday;19:40;Croydon;Croydon;A;235;Single carriageway;30 MPH;Not at junction or within 20 metres;Data missing or out of range;-1;0;None within 50 metres ;No physical crossing facilities within 50 metres;Darkness - lights lit;Fine no high winds;Wet or damp;None;None;Urban;Yes;E01001037;1;1;Passenger;Female;21;5;Slight;Not a Pedestrian;Not a Pedestrian;Rear seat passenger;Not a bus or coach passenger;No / Not applicable;9;Cyclist;Less deprived 30-40%;1;Car;No tow/articulation;Slowing or stopping;On main c'way - not in restricted lane;Not at or within 20 metres of junction;None;None;Did not leave carriageway;None;Back;1;Not known;Male;34;26 - 35;-1;-1;-1;8;Urban area;8
2019010159611;532526;164156;-0.097878;51.361021;Metropolitan Police;Slight;2;1;24/01/2019;Thursday;19:40;Croydon;Croydon;A;235;Single carriageway;30 MPH;Not at junction or within 20 metres;Data missing or out of range;-1;0;None within 50 metres ;No physical crossing facilities within 50 metres;Darkness - lights lit;Fine no high winds;Wet or damp;None;None;Urban;Yes;E01001037;1;1;Passenger;Female;21;5;Slight;Not a Pedestrian;Not a Pedestrian;Rear seat passenger;Not a bus or coach passenger;No / Not applicable;9;Cyclist;Less deprived 30-40%;2;Car;No tow/articulation;Going ahead other;On main c'way - not in restricted lane;Not at or within 20 metres of junction;None;None;Did not leave carriageway;None;Front;1;Not known;Female;55;46 - 55;-1;-1;-1;8;Urban area;8
2019010159612;507929;190637;-0.442932;51.604241;Metropolitan Police;Serious;1;2;25/01/2019;Friday;21:00;Hillingdon;Hillingdon;Unclassified;0;Single carriageway;30 MPH;Other junction;Give way or uncontrolled;Unclassified;0;None within 50 metres ;No physical crossing facilities within 50 metres;Darkness - lights lit;Other;Wet or damp;None;None;Urban;Yes;E01002473;1;1;Driver or rider;Male;21;5;Slight;Not a Pedestrian;Not a Pedestrian;Not car passenger;Not a bus or coach passenger;No / Not applicable;9;Cyclist;Less deprived 30-40%;1;Car;No tow/articulation;Moving off;On main c'way - not in restricted lane;Cleared junction or waiting/parked at junction exit;None;Kerb;Nearside and rebounded;Tree;Front;1;Not known;Male;21;21 - 25;-1;-1;-1;7;Urban area;7
2019010159612;507929;190637;-0.442932;51.604241;Metropolitan Police;Serious;1;2;25/01/2019;Friday;21:00;Hillingdon;Hillingdon;Unclassified;0;Single carriageway;30 MPH;Other junction;Give way or uncontrolled;Unclassified;0;None within 50 metres ;No physical crossing facilities within 50 metres;Darkness - lights lit;Other;Wet or damp;None;None;Urban;Yes;E01002473;1;2;Passenger;Male;16;4;Serious;Not a Pedestrian;Not a Pedestrian;Front seat passenger;Not a bus or coach passenger;No / Not applicable;9;Cyclist;Less deprived 30-40%;1;Car;No tow/articulation;Moving off;On main c'way - not in restricted lane;Cleared junction or waiting/parked at junction exit;None;Kerb;Nearside and rebounded;Tree;Front;1;Not known;Male;21;21 - 25;-1;-1;-1;7;Urban area;7
2019010159616;535427;184469;-0.048466;51.542878;Metropolitan Police;Slight;2;1;25/01/2019;Friday;22:40;Hackney;Hackney;C;0;Single carriageway;20 MPH;Crossroads;Give way or uncontrolled;C;0;None within 50 metres ;No physical crossing facilities within 50 metres;Darkness - lights lit;Fine no high winds;Wet or damp;None;None;Urban;Yes;E01001838;1;1;Driver or rider;Female;20;4;Slight;Not a Pedestrian;Not a Pedestrian;Not car passenger;Not a bus or coach passenger;No / Not applicable;9;Cyclist;Less deprived 40-50%;1;Car;No tow/articulation;Waiting to go - held up;On main c'way - not in restricted lane;Cleared junction or waiting/parked at junction exit;None;None;Did not leave carriageway;None;Offside;1;Not known;Female;20;16 - 20;-1;-1;-1;6;Urban area;6
2019010159616;535427;184469;-0.048466;51.542878;Metropolitan Police;Slight;2;1;25/01/2019;Friday;22:40;Hackney;Hackney;C;0;Single carriageway;20 MPH;Crossroads;Give way or uncontrolled;C;0;None within 50 metres ;No physical crossing facilities within 50 metres;Darkness - lights lit;Fine no high winds;Wet or damp;None;None;Urban;Yes;E01001838;1;1;Driver or rider;Female;20;4;Slight;Not a Pedestrian;Not a Pedestrian;Not car passenger;Not a bus or coach passenger;No / Not applicable;9;Cyclist;Less deprived 40-50%;2;Car;No tow/articulation;Going ahead other;On main c'way - not in restricted lane;Approaching junction or waiting/parked at junction approach;None;None;Did not leave carriageway;None;Front;1;Not known;Not known;-1;Data missing or out of range;-1;-1;-1;-1;Data missing or out of range;-1
2019010159617;533716;176792;-0.076034;51.474297;Metropolitan Police;Serious;2;1;25/01/2019;Friday;17:20;Southwark;Southwark;A;202;Dual carriageway;30 MPH;Other junction;Auto traffic signal;Unclassified;0;None within 50 metres ;Pedestrian phase at traffic signal junction;Darkness - lights lit;Fine no high winds;Dry;None;None;Urban;Yes;E01004066;2;1;Driver or rider;Male;24;5;Serious;Not a Pedestrian;Not a Pedestrian;Not car passenger;Not a bus or coach passenger;No / Not applicable;3;Cyclist;More deprived 10-20%;1;Pedal cycle;No tow/articulation;Turning right;Cycle lane (on main carriageway);Approaching junction or waiting/parked at junction approach;None;None;Did not leave carriageway;None;Back;1;Not known;Male;27;26 - 35;-1;-1;-1;2;Urban area;2
2019010159617;533716;176792;-0.076034;51.474297;Metropolitan Police;Serious;2;1;25/01/2019;Friday;17:20;Southwark;Southwark;A;202;Dual carriageway;30 MPH;Other junction;Auto traffic signal;Unclassified;0;None within 50 metres ;Pedestrian phase at traffic signal junction;Darkness - lights lit;Fine no high winds;Dry;None;None;Urban;Yes;E01004066;2;1;Driver or rider;Male;24;5;Serious;Not a Pedestrian;Not a Pedestrian;Not car passenger;Not a bus or coach passenger;No / Not applicable;3;Cyclist;More deprived 10-20%;2;Motorcycle 125cc and under;No tow/articulation;Going ahead other;On main c'way - not in restricted lane;Approaching junction or waiting/parked at junction approach;None;None;Did not leave carriageway;None;Front;1;Journey as part of work;Male;24;21 - 25;-1;-1;-1;2;Urban area;2
2019010159619;534344;191657;-0.061329;51.60773;Metropolitan Police;Slight;2;3;26/01/2019;Saturday;00:15;Haringey;Haringey;Unclassified;0;Single carriageway;30 MPH;T or staggered junction;Give way or uncontrolled;C;0;None within 50 metres ;No physical crossing facilities within 50 metres;Darkness - lights lit;Fine no high winds;Wet or damp;None;None;Urban;Yes;E01002036;1;1;Driver or rider;Male;19;4;Slight;Not a Pedestrian;Not a Pedestrian;Not car passenger;Not a bus or coach passenger;No / Not applicable;9;Cyclist;Most deprived 10%;1;Car;No tow/articulation;Turning right;On main c'way - not in restricted lane;Entering main road;Skidded;None;Offside;None;Offside;1;Not known;Male;19;16 - 20;-1;-1;-1;1;Urban area;1
2019010159619;534344;191657;-0.061329;51.60773;Metropolitan Police;Slight;2;3;26/01/2019;Saturday;00:15;Haringey;Haringey;Unclassified;0;Single carriageway;30 MPH;T or staggered junction;Give way or uncontrolled;C;0;None within 50 metres ;No physical crossing facilities within 50 metres;Darkness - lights lit;Fine no high winds;Wet or damp;None;None;Urban;Yes;E01002036;1;1;Driver or rider;Male;19;4;Slight;Not a Pedestrian;Not a Pedestrian;Not car passenger;Not a bus or coach passenger;No / Not applicable;9;Cyclist;Most deprived 10%;2;Car;No tow/articulation;Going ahead other;On main c'way - not in restricted lane;Approaching junction or waiting/parked at junction approach;Skidded;None;Offside;None;Offside;1;Not known;Male;20;16 - 20;-1;-1;-1;1;Urban area;1
2019010159619;534344;191657;-0.061329;51.60773;Metropolitan Police;Slight;2;3;26/01/2019;Saturday;00:15;Haringey;Haringey;Unclassified;0;Single carriageway;30 MPH;T or staggered junction;Give way or uncontrolled;C;0;None within 50 metres ;No physical crossing facilities within 50 metres;Darkness - lights lit;Fine no high winds;Wet or damp;None;None;Urban;Yes;E01002036;1;2;Passenger;Female;19;4;Slight;Not a Pedestrian;Not a Pedestrian;Front seat passenger;Not a bus or coach passenger;No / Not applicable;9;Cyclist;Most deprived 10%;1;Car;No tow/articulation;Turning right;On main c'way - not in restricted lane;Entering main road;Skidded;None;Offside;None;Offside;1;Not known;Male;19;16 - 20;-1;-1;-1;1;Urban area;1
2019010159619;534344;191657;-0.061329;51.60773;Metropolitan Police;Slight;2;3;26/01/2019;Saturday;00:15;Haringey;Haringey;Unclassified;0;Single carriageway;30 MPH;T or staggered junction;Give way or uncontrolled;C;0;None within 50 metres ;No physical crossing facilities within 50 metres;Darkness - lights lit;Fine no high winds;Wet or damp;None;None;Urban;Yes;E01002036;1;2;Passenger;Female;19;4;Slight;Not a Pedestrian;Not a Pedestrian;Front seat passenger;Not a bus or coach passenger;No / Not applicable;9;Cyclist;Most deprived 10%;2;Car;No tow/articulation;Going ahead other;On main c'way - not in restricted lane;Approaching junction or waiting/parked at junction approach;Skidded;None;Offside;None;Offside;1;Not known;Male;20;16 - 20;-1;-1;-1;1;Urban area;1