Accident_Index;Location_Easting_OSGR;Location_Northing_OSGR;Longitude;Latitude;Police_Force;Accident_Severity;Number_of_Vehicles;Number_of_Casualties;Date;Day_of_Week;Time;Local_Authority_(District);Local_Authority_(Highway);1st_Road_Class;1st_Road_Number;Road_Type;Speed_limit;Junction_Detail;Junction_Control;2nd_Road_Class;2nd_Road_Number;Pedestrian_Crossing-Human_Control;Pedestrian_Crossing-Physical_Facilities;Light_Conditions;Weather_Conditions;Road_Surface_Conditions;Special_Conditions_at_Site;Carriageway_Hazards;Urban_or_Rural_Area;Did_Police_Officer_Attend_Scene_of_Accident;LSOA_of_Accident_Location;Vehicle_Reference_x;Casualty_Reference;Casualty_Class;Sex_of_Casualty;Age_of_Casualty;Age_Band_of_Casualty;Casualty_Severity;Pedestrian_Location;Pedestrian_Movement;Car_Passenger;Bus_or_Coach_Passenger;Pedestrian_Road_Maintenance_Worker;Casualty_Type;Casualty_Home_Area_Type;Casualty_IMD_Decile;Vehicle_Reference_y;Vehicle_Type;Towing_and_Articulation;Vehicle_Manoeuvre;Vehicle_Location-Restricted_Lane;Junction_Location;Skidding_and_Overturning;Hit_Object_in_Carriageway;Vehicle_Leaving_Carriageway;Hit_Object_off_Carriageway;1st_Point_of_Impact;Was_Vehicle_Left_Hand_Drive?;Journey_Purpose_of_Driver;Sex_of_Driver;Age_of_Driver;Age_Band_of_Driver;Engine_Capacity_(CC);Propulsion_Code;Age_of_Vehicle;Driver_IMD_Decile;Driver_Home_Area_Type;Vehicle_IMD_Decile
2019010159619;534344;191657;-0.061329;51.60773;Metropolitan Police;Slight;2;3;26/01/2019;Saturday;00:15;Haringey;Haringey;Unclassified;0;Single carriageway;30 MPH;T or staggered junction;Give way or uncontrolled;C;0;None within 50 metres ;No physical crossing facilities within 50 metres;Darkness - lights lit;Fine no high winds;Wet or damp;None;None;Urban;Yes;E01002036;2;3;Driver or rider;Male;20;4;Slight;Not a Pedestrian;Not a Pedestrian;Not car passenger;Not a bus or coach passenger;No / Not applicable;9;Cyclist;Most deprived 10%;1;Car;No tow/articulation;Turning right;On main c'way - not in restricted lane;Entering main road;Skidded;None;Offside;None;Offside;1;Not known;Male;19;16 - 20;-1;-1;-1;1;Urban area;1
2019010159619;534344;191657;-0.061329;51.60773;Metropolitan Police;Slight;2;3;26/01/2019;Saturday;00:15;Haringey;Haringey;Unclassified;0;Single carriageway;30 MPH;T or staggered junction;Give way or uncontrolled;C;0;None within 50 metres ;No physical crossing facilities within 50 metres;Darkness - lights lit;Fine no high winds;Wet or damp;None;None;Urban;Yes;E01002036;2;3;Driver or rider;Male;20;4;Slight;Not a Pedestrian;Not a Pedestrian;Not car passenger;Not a bus or coach passenger;No / Not applicable;9;Cyclist;Most deprived 10%;2;Car;No tow/articulation;Going ahead other;On main c'way - not in restricted lane;Approaching junction or waiting/parked at junction approach;Skidded;None;Offside;None;Offside;1;Not known;Male;20;16 - 20;-1;-1;-1;1;Urban area;1
2019010159620;552166;183992;0.192531;51.534332;Metropolitan Police;Slight;1;2;25/01/2019;Friday;21:00;Havering;Havering;C;0;Single carriageway;30 MPH;T or staggered junction;Give way or uncontrolled;Unclassified;0;None within 50 metres ;No physical crossing facilities within 50 metres;Darkness - lights lit;Fine no high winds;Dry;None;None;Urban;Yes;E01002372;1;1;Driver or rider;Female;42;7;Slight;Not a Pedestrian;Not a Pedestrian;Not car passenger;Not a bus or coach passenger;No / Not applicable;9;Cyclist;More deprived 20-30%;1;Car;No tow/articulation;Going ahead other;On main c'way - not in restricted lane;Approaching junction or waiting/parked at junction approach;None;None;Nearside;Lamp post;Front;1;Not known;Female;42;36 - 45;1984;Petrol;3;3;Urban area;3
2019010159620;552166;183992;0.192531;51.534332;Metropolitan Police;Slight;1;2;25/01/2019;Friday;21:00;Havering;Havering;C;0;Single carriageway;30 MPH;T or staggered junction;Give way or uncontrolled;Unclassified;0;None within 50 metres ;No physical crossing facilities within 50 metres;Darkness - lights lit;Fine no high winds;Dry;None;None;Urban;Yes;E01002372;1;2;Passenger;Female;30;6;Slight;Not a Pedestrian;Not a Pedestrian;Front seat passenger;Not a bus or coach passenger;No / Not applicable;9;Cyclist;Less deprived 20-30%;1;Car;No tow/articulation;Going ahead other;On main c'way - not in restricted lane;Approaching junction or waiting/parked at junction approach;None;None;Nearside;Lamp post;Front;1;Not known;Female;42;36 - 45;1984;Petrol;3;3;Urban area;3
2019010159630;533839;181323;-0.072547;51.514986;Metropolitan Police;Slight;1;1;25/01/2019;Friday;23:20;Tower Hamlets;Tower Hamlets;A;11;Single carriageway;20 MPH;T or staggered junction;Give way or uncontrolled;Unclassified;0;Control by other authorised person;Pelican, puffin, toucan or similar non-junction pedestrian light crossing;Darkness - lights lit;Fine no high winds;Dry;None;None;Urban;Yes;E01004309;1;1;Driver or rider;Male;43;7;Slight;Not a Pedestrian;Not a Pedestrian;Not car passenger;Not a bus or coach passenger;No / Not applicable;3;Cyclist;More deprived 20-30%;1;Motorcycle 125cc and under;No tow/articulation;Going ahead other;On main c'way - not in restricted lane;Cleared junction or waiting/parked at junction exit;Skidded;None;Did not leave carriageway;None;Did not impact;1;Journey as part of work;Male;43;36 - 45;-1;-1;-1;3;Urban area;3
2019010159633;537355;182846;-0.021314;51.527829;Metropolitan Police;Serious;3;5;26/01/2019;Saturday;03:02;Tower Hamlets;Tower Hamlets;A;11;Single carriageway;30 MPH;Other junction;Auto traffic signal;C;0;None within 50 metres ;Pedestrian phase at traffic signal junction;Darkness - lights lit;Fine no high winds;Wet or damp;None;None;Urban;Yes;E01004267;1;1;Driver or rider;Male;29;6;Slight;Not a Pedestrian;Not a Pedestrian;Not car passenger;Not a bus or coach passenger;No / Not applicable;9;Cyclist;More deprived 10-20%;1;Car;No tow/articulation;Going ahead other;On main c'way - not in restricted lane;Approaching junction or waiting/parked at junction approach;None;None;Did not leave carriageway;None;Front;1;Not known;Male;29;26 - 35;-1;-1;-1;2;Urban area;2
2019010159633;537355;182846;-0.021314;51.527829;Metropolitan Police;Serious;3;5;26/01/2019;Saturday;03:02;Tower Hamlets;Tower Hamlets;A;11;Single carriageway;30 MPH;Other junction;Auto traffic signal;C;0;None within 50 metres ;Pedestrian phase at traffic signal junction;Darkness - lights lit;Fine no high winds;Wet or damp;None;None;Urban;Yes;E01004267;1;1;Driver or rider;Male;29;6;Slight;Not a Pedestrian;Not a Pedestrian;Not car passenger;Not a bus or coach passenger;No / Not applicable;9;Cyclist;More deprived 10-20%;2;Car;No tow/articulation;Going ahead other;On main c'way - not in restricted lane;Approaching junction or waiting/parked at junction approach;None;None;Did not leave carriageway;None;Did not impact;1;Not known;Male;39;36 - 45;-1;-1;-1;3;Urban area;3
2019010159633;537355;182846;-0.021314;51.527829;Metropolitan Police;Serious;3;5;26/01/2019;Saturday;03:02;Tower Hamlets;Tower Hamlets;A;11;Single carriageway;30 MPH;Other junction;Auto traffic signal;C;0;None within 50 metres ;Pedestrian phase at traffic signal junction;Darkness - lights lit;Fine no high winds;Wet or damp;None;None;Urban;Yes;E01004267;1;1;Driver or rider;Male;29;6;Slight;Not a Pedestrian;Not a Pedestrian;Not car passenger;Not a bus or coach passenger;No / Not applicable;9;Cyclist;More deprived 10-20%;3;Bus or coach (17 or more pass seats);No tow/articulation;Waiting to go - held up;On main c'way - not in restricted lane;Approaching junction or waiting/parked at junction approach;None;None;Did not leave carriageway;None;Back;1;Not known;Male;40;36 - 45;-1;-1;-1;3;Urban area;3
2019010159633;537355;182846;-0.021314;51.527829;Metropolitan Police;Serious;3;5;26/01/2019;Saturday;03:02;Tower Hamlets;Tower Hamlets;A;11;Single carriageway;30 MPH;Other junction;Auto traffic signal;C;0;None within 50 metres ;Pedestrian phase at traffic signal junction;Darkness - lights lit;Fine no high winds;Wet or damp;None;None;Urban;Yes;E01004267;1;2;Passenger;Male;Data missing or out of range;-1;Serious;Not a Pedestrian;Not a Pedestrian;Front seat passenger;Not a bus or coach passenger;No / Not applicable;9;-1;Data missing or out of range;1;Car;No tow/articulation;Going ahead other;On main c'way - not in restricted lane;Approaching junction or waiting/parked at junction approach;None;None;Did not leave carriageway;None;Front;1;Not known;Male;29;26 - 35;-1;-1;-1;2;Urban area;2
2019010159633;537355;182846;-0.021314;51.527829;Metropolitan Police;Serious;3;5;26/01/2019;Saturday;03:02;Tower Hamlets;Tower Hamlets;A;11;Single carriageway;30 MPH;Other junction;Auto traffic signal;C;0;None within 50 metres ;Pedestrian phase at traffic signal junction;Darkness - lights lit;Fine no high winds;Wet or damp;None;None;Urban;Yes;E01004267;1;2;Passenger;Male;Data missing or out of range;-1;Serious;Not a Pedestrian;Not a Pedestrian;Front seat passenger;Not a bus or coach passenger;No / Not applicable;9;-1;Data missing or out of range;2;Car;No tow/articulation;Going ahead other;On main c'way - not in restricted lane;Approaching junction or waiting/parked at junction approach;None;None;Did not leave carriageway;None;Did not impact;1;Not known;Male;39;36 - 45;-1;-1;-1;3;Urban area;3
2019010159633;537355;182846;-0.021314;51.527829;Metropolitan Police;Serious;3;5;26/01/2019;Saturday;03:02;Tower Hamlets;Tower Hamlets;A;11;Single carriageway;30 MPH;Other junction;Auto traffic signal;C;0;None within 50 metres ;Pedestrian phase at traffic signal junction;Darkness - lights lit;Fine no high winds;Wet or damp;None;None;Urban;Yes;E01004267;1;2;Passenger;Male;Data missing or out of range;-1;Serious;Not a Pedestrian;Not a Pedestrian;Front seat passenger;Not a bus or coach passenger;No / Not applicable;9;-1;Data missing or out of range;3;Bus or coach (17 or more pass seats);No tow/articulation;Waiting to go - held up;On main c'way - not in restricted lane;Approaching junction or waiting/parked at junction approach;None;None;Did not leave carriageway;None;Back;1;Not known;Male;40;36 - 45;-1;-1;-1;3;Urban area;3
2019010159633;537355;182846;-0.021314;51.527829;Metropolitan Police;Serious;3;5;26/01/2019;Saturday;03:02;Tower Hamlets;Tower Hamlets;A;11;Single carriageway;30 MPH;Other junction;Auto traffic signal;C;0;None within 50 metres ;Pedestrian phase at traffic signal junction;Darkness - lights lit;Fine no high winds;Wet or damp;None;None;Urban;Yes;E01004267;1;3;Passenger;Male;27;6;Slight;Not a Pedestrian;Not a Pedestrian;Rear seat passenger;Not a bus or coach passenger;No / Not applicable;9;Cyclist;More deprived 10-20%;1;Car;No tow/articulation;Going ahead other;On main c'way - not in restricted lane;Approaching junction or waiting/parked at junction approach;None;None;Did not leave carriageway;None;Front;1;Not known;Male;29;26 - 35;-1;-1;-1;2;Urban area;2
2019010159633;537355;182846;-0.021314;51.527829;Metropolitan Police;Serious;3;5;26/01/2019;Saturday;03:02;Tower Hamlets;Tower Hamlets;A;11;Single carriageway;30 MPH;Other junction;Auto traffic signal;C;0;None within 50 metres ;Pedestrian phase at traffic signal junction;Darkness - lights lit;Fine no high winds;Wet or damp;None;None;Urban;Yes;E01004267;1;3;Passenger;Male;27;6;Slight;Not a Pedestrian;Not a Pedestrian;Rear seat passenger;Not a bus or coach passenger;No / Not applicable;9;Cyclist;More deprived 10-20%;2;Car;No tow/articulation;Going ahead other;On main c'way - not in restricted lane;Approaching junction or waiting/parked at junction approach;None;None;Did not leave carriageway;None;Did not impact;1;Not known;Male;39;36 - 45;-1;-1;-1;3;Urban area;3
2019010159633;537355;182846;-0.021314;51.527829;Metropolitan Police;Serious;3;5;26/01/2019;Saturday;03:02;Tower Hamlets;Tower Hamlets;A;11;Single carriageway;30 MPH;Other junction;Auto traffic signal;C;0;None within 50 metres ;Pedestrian phase at traffic signal junction;Darkness - lights lit;Fine no high winds;Wet or damp;None;None;Urban;Yes;E01004267;1;3;Passenger;Male;27;6;Slight;Not a Pedestrian;Not a Pedestrian;Rear seat passenger;Not a bus or coach passenger;No / Not applicable;9;Cyclist;More deprived 10-20%;3;Bus or coach (17 or more pass seats);No tow/articulation;Waiting to go - held up;On main c'way - not in restricted lane;Approaching junction or waiting/parked at junction approach;None;None;Did not leave carriageway;None;Back;1;Not known;Male;40;36 - 45;-1;-1;-1;3;Urban area;3
2019010159633;537355;182846;-0.021314;51.527829;Metropolitan Police;Serious;3;5;26/01/2019;Saturday;03:02;Tower Hamlets;Tower Hamlets;A;11;Single carriageway;30 MPH;Other junction;Auto traffic signal;C;0;None within 50 metres ;Pedestrian phase at traffic signal junction;Darkness - lights lit;Fine no high winds;Wet or damp;None;None;Urban;Yes;E01004267;1;4;Passenger;Male;26;6;Slight;Not a Pedestrian;Not a Pedestrian;Rear seat passenger;Not a bus or coach passenger;No / Not applicable;9;-1;Data missing or out of range;1;Car;No tow/articulation;Going ahead other;On main c'way - not in restricted lane;Approaching junction or waiting/parked at junction approach;None;None;Did not leave carriageway;None;Front;1;Not known;Male;29;26 - 35;-1;-1;-1;2;Urban area;2
2019010159633;537355;182846;-0.021314;51.527829;Metropolitan Police;Serious;3;5;26/01/2019;Saturday;03:02;Tower Hamlets;Tower Hamlets;A;11;Single carriageway;30 MPH;Other junction;Auto traffic signal;C;0;None within 50 metres ;Pedestrian phase at traffic signal junction;Darkness - lights lit;Fine no high winds;Wet or damp;None;None;Urban;Yes;E01004267;1;4;Passenger;Male;26;6;Slight;Not a Pedestrian;Not a Pedestrian;Rear seat passenger;Not a bus or coach passenger;No / Not applicable;9;-1;Data missing or out of range;2;Car;No tow/articulation;Going ahead other;On main c'way - not in restricted lane;Approaching junction or waiting/parked at junction approach;None;None;Did not leave carriageway;None;Did not impact;1;Not known;Male;39;36 - 45;-1;-1;-1;3;Urban area;3
2019010159633;537355;182846;-0.021314;51.527829;Metropolitan Police;Serious;3;5;26/01/2019;Saturday;03:02;Tower Hamlets;Tower Hamlets;A;11;Single carriageway;30 MPH;Other junction;Auto traffic signal;C;0;None within 50 metres ;Pedestrian phase at traffic signal junction;Darkness - lights lit;Fine no high winds;Wet or damp;None;None;Urban;Yes;E01004267;1;4;Passenger;Male;26;6;Slight;Not a Pedestrian;Not a Pedestrian;Rear seat passenger;Not a bus or coach passenger;No / Not applicable;9;-1;Data missing or out of range;3;Bus or coach (17 or more pass seats);No tow/articulation;Waiting to go - held up;On main c'way - not in restricted lane;Approaching junction or waiting/parked at junction approach;None;None;Did not leave carriageway;None;Back;1;Not known;Male;40;36 - 45;-1;-1;-1;3;Urban area;3
2019010159633;537355;182846;-0.021314;51.527829;Metropolitan Police;Serious;3;5;26/01/2019;Saturday;03:02;Tower Hamlets;Tower Hamlets;A;11;Single carriageway;30 MPH;Other junction;Auto traffic signal;C;0;None within 50 metres ;Pedestrian phase at traffic signal junction;Darkness - lights lit;Fine no high winds;Wet or damp;None;None;Urban;Yes;E01004267;3;5;Passenger;Female;20;4;Slight;Not a Pedestrian;Not a Pedestrian;Not car passenger;Seated passenger;No / Not applicable;11;-1;Data missing or out of range;1;Car;No tow/articulation;Going ahead other;On main c'way - not in restricted lane;Approaching junction or waiting/parked at junction approach;None;None;Did not leave carriageway;None;Front;1;Not known;Male;29;26 - 35;-1;-1;-1;2;Urban area;2
2019010159633;537355;182846;-0.021314;51.527829;Metropolitan Police;Serious;3;5;26/01/2019;Saturday;03:02;Tower Hamlets;Tower Hamlets;A;11;Single carriageway;30 MPH;Other junction;Auto traffic signal;C;0;None within 50 metres ;Pedestrian phase at traffic signal junction;Darkness - lights lit;Fine no high winds;Wet or damp;None;None;Urban;Yes;E01004267;3;5;Passenger;Female;20;4;Slight;Not a Pedestrian;Not a Pedestrian;Not car passenger;Seated passenger;No / Not applicable;11;-1;Data missing or out of range;2;Car;No tow/articulation;Going ahead other;On main c'way - not in restricted lane;Approaching junction or waiting/parked at junction approach;None;None;Did not leave carriageway;None;Did not impact;1;Not known;Male;39;36 - 45;-1;-1;-1;3;Urban area;3
2019010159633;537355;182846;-0.021314;51.527829;Metropolitan Police;Serious;3;5;26/01/2019;Saturday;03:02;Tower Hamlets;Tower Hamlets;A;11;Single carriageway;30 MPH;Other junction;Auto traffic signal;C;0;None within 50 metres ;Pedestrian phase at traffic signal junction;Darkness - lights lit;Fine no high winds;Wet or damp;None;None;Urban;Yes;E01004267;3;5;Passenger;Female;20;4;Slight;Not a Pedestrian;Not a Pedestrian;Not car passenger;Seated passenger;No / Not applicable;11;-1;Data missing or out of range;3;Bus or coach (17 or more pass seats);No tow/articulation;Waiting to go - held up;On main c'way - not in restricted lane;Approaching junction or waiting/parked at junction approach;None;None;Did not leave carriageway;None;Back;1;Not known;Male;40;36 - 45;-1;-1;-1;3;Urban area;3
2019010159634;528386;184337;-0.149991;51.543337;Metropolitan Police;Slight;1;1;26/01/2019;Saturday;01:25;Camden;Camden;A;502;Single carriageway;20 MPH;Private drive or entrance;Auto traffic signal;Unclassified;0;None within 50 metres ;Central refuge;Darkness - lights lit;Fine no high winds;Dry;None;None;Urban;Yes;E01000904;1;1;Pedestrian;Female;21;5;Slight;In centre of carriageway - not on refuge, island or central reservation;Crossing from driver's nearside;Not car passenger;Not a bus or coach passenger;No / Not applicable;0;Cyclist;Most deprived 10%;1;Taxi/Private hire car;No tow/articulation;Going ahead other;On main c'way - not in restricted lane;Cleared junction or waiting/parked at junction exit;None;None;Did not leave carriageway;None;Offside;1;Journey as part of work;Male;42;36 - 45;-1;-1;-1;2;Urban area;2
2019010159638;530130;182092;-0.125685;51.522763;Metropolitan Police;Slight;1;1;26/01/2019;Saturday;03:25;Camden;Camden;A;4200;Dual carriageway;30 MPH;Crossroads;Auto traffic signal;A;4200;None within 50 metres ;Pedestrian phase at traffic signal junction;Darkness - lights lit;Fine no high winds;Wet or damp;None;Other object on road;Urban;Yes;E01000855;1;1;Passenger;Female;30;6;Slight;Not a Pedestrian;Not a Pedestrian;Front seat passenger;Not a bus or coach passenger;No / Not applicable;9;Cyclist;More deprived 10-20%;1;Car;No tow/articulation;Turning right;On main c'way - not in restricted lane;Entering main road;Skidded;Other object;Nearside;Road sign or traffic signal;Nearside;1;Not known;Male;31;26 - 35;-1;-1;-1;2;Urban area;2
2019010159641;534928;177477;-0.058332;51.480165;Metropolitan Police;Slight;1;1;26/01/2019;Saturday;05:30;Southwark;Southwark;A;2;Single carriageway;30 MPH;Other junction;Give way or uncontrolled;Unclassified;0;None within 50 metres ;No physical crossing facilities within 50 metres;Darkness - lights lit;Other;Wet or damp;None;None;Urban;Yes;E01003988;1;1;Driver or rider;Male;46;8;Slight;Not a Pedestrian;Not a Pedestrian;Not car passenger;Not a bus or coach passenger;No / Not applicable;3;Cyclist;More deprived 10-20%;1;Motorcycle 125cc and under;No tow/articulation;Going ahead other;On main c'way - not in restricted lane;Cleared junction or waiting/parked at junction exit;Skidded;None;Did not leave carriageway;None;Did not impact;1;Commuting to/from work;Male;46;46 - 55;-1;-1;-1;2;Urban area;2
2019010159642;524027;178739;-0.214786;51.494;Metropolitan Police;Slight;1;1;25/01/2019;Friday;06:55;Hammersmith and Fulham;Hammersmith and Fulham;A;315;Single carriageway;20 MPH;T or staggered junction;Auto traffic signal;Unclassified;0;None within 50 metres ;Pedestrian phase at traffic signal junction;Darkness - lights lit;Raining no high winds;Wet or damp;None;None;Urban;Yes;E01001871;1;1;Pedestrian;Female;59;9;Slight;Crossing on pedestrian crossing facility;Crossing from driver's nearside;Not car passenger;Not a bus or coach passenger;No / Not applicable;0;-1;Data missing or out of range;1;Car;No tow/articulation;Turning left;On main c'way - not in restricted lane;Entering main road;None;None;Did not leave carriageway;None;Front;1;Commuting to/from work;Male;48;46 - 55;-1;-1;-1;3;Urban area;3
2019010159643;517419;192510;-0.305333;51.619178;Metropolitan Police;Slight;1;1;26/01/2019;Saturday;01:16;Harrow;Harrow;Unclassified;0;Dual carriageway;30 MPH;Other junction;Give way or uncontrolled;A;410;None within 50 metres ;No physical crossing facilities within 50 metres;Darkness - lights lit;Fine no high winds;Dry;None;None;Urban;Yes;E01002112;1;1;Pedestrian;Male;35;6;Slight;In carriageway, crossing elsewhere;Crossing from driver's offside;Not car passenger;Not a bus or coach passenger;No / Not applicable;0;Cyclist;Less deprived 20-30%;1;Car;No tow/articulation;Turning right;On main c'way - not in restricted lane;Leaving main road;None;None;Did not leave carriageway;None;Front;1;Not known;Male;43;36 - 45;-1;-1;-1;5;Urban area;5
2019010159644;528966;184829;-0.141451;51.547627;Metropolitan Police;Slight;1;1;25/01/2019;Friday;17:45;Camden;Camden;A;400;Single carriageway;20 MPH;T or staggered junction;Give way or uncontrolled;Unclassified;0;None within 50 metres ;Pedestrian phase at traffic signal junction;Darkness - lights lit;Fine no high winds;Wet or damp;None;None;Urban;Yes;E01000927;1;1;Pedestrian;Male;13;3;Slight;In carriageway, crossing elsewhere;Crossing from driver's nearside;Not car passenger;Not a bus or coach passenger;No / Not applicable;0;Cyclist;More deprived 10-20%;1;Taxi/Private hire car;No tow/articulation;Going ahead other;On main c'way - not in restricted lane;Cleared junction or waiting/parked at junction exit;None;None;Did not leave carriageway;None;Front;1;Journey as part of work;Male;60;56 - 65;-1;-1;-1;3;Urban area;3
2019010159647;529212;182809;-0.138647;51.529417;Metropolitan Police;Slight;3;2;26/01/2019;Saturday;07:20;Camden;Camden;Unclassified;400;Single carriageway;20 MPH;T or staggered junction;Auto traffic signal;Unclassified;0;None within 50 metres ;Pelican, puffin, toucan or similar non-junction pedestrian light crossing;Daylight;Fine no high winds;Dry;None;None;Urban;Yes;E01000950;1;1;Driver or rider;Male;43;7;Slight;Not a Pedestrian;Not a Pedestrian;Not car passenger;Not a bus or coach passenger;No / Not applicable;19;-1;Data missing or out of range;1;Van / Goods 3.5 tonnes mgw or under;No tow/articulation;Going ahead other;On main c'way - not in restricted lane;Cleared junction or waiting/parked at junction exit;None;None;Nearside;Lamp post;Front;1;Not known;Male;43;36 - 45;-1;-1;-1;-1;Data missing or out of range;-1
2019010159647;529212;182809;-0.138647;51.529417;Metropolitan Police;Slight;3;2;26/01/2019;Saturday;07:20;Camden;Camden;Unclassified;400;Single carriageway;20 MPH;T or staggered junction;Auto traffic signal;Unclassified;0;None within 50 metres ;Pelican, puffin, toucan or similar non-junction pedestrian light crossing;Daylight;Fine no high winds;Dry;None;None;Urban;Yes;E01000950;1;1;Driver or rider;Male;43;7;Slight;Not a Pedestrian;Not a Pedestrian;Not car passenger;Not a bus or coach passenger;No / Not applicable;19;-1;Data missing or out of range;2;Car;No tow/articulation;U-turn;On main c'way - not in restricted lane;Approaching junction or waiting/parked at junction approach;None;None;Did not leave carriageway;None;Front;1;Not known;Male;31;26 - 35;-1;-1;-1;6;Small town;6
2019010159647;529212;182809;-0.138647;51.529417;Metropolitan Police;Slight;3;2;26/01/2019;Saturday;07:20;Camden;Camden;Unclassified;400;Single carriageway;20 MPH;T or staggered junction;Auto traffic signal;Unclassified;0;None within 50 metres ;Pelican, puffin, toucan or similar non-junction pedestrian light crossing;Daylight;Fine no high winds;Dry;None;None;Urban;Yes;E01000950;1;1;Driver or rider;Male;43;7;Slight;Not a Pedestrian;Not a Pedestrian;Not car passenger;Not a bus or coach passenger;No / Not applicable;19;-1;Data missing or out of range;3;Van / Goods 3.5 tonnes mgw or under;No tow/articulation;Going ahead other;On main c'way - not in restricted lane;Approaching junction or waiting/parked at junction approach;None;None;Did not leave carriageway;None;Offside;1;Journey as part of work;Male;40;36 - 45;-1;-1;-1;2;Urban area;2
2019010159647;529212;182809;-0.138647;51.529417;Metropolitan Police;Slight;3;2;26/01/2019;Saturday;07:20;Camden;Camden;Unclassified;400;Single carriageway;20 MPH;T or staggered junction;Auto traffic signal;Unclassified;0;None within 50 metres ;Pelican, puffin, toucan or similar non-junction pedestrian light crossing;Daylight;Fine no high winds;Dry;None;None;Urban;Yes;E01000950;3;2;Driver or rider;Male;40;7;Slight;Not a Pedestrian;Not a Pedestrian;Not car passenger;Not a bus or coach passenger;No / Not applicable;19;Cyclist;More deprived 10-20%;1;Van / Goods 3.5 tonnes mgw or under;No tow/articulation;Going ahead other;On main c'way - not in restricted lane;Cleared junction or waiting/parked at junction exit;None;None;Nearside;Lamp post;Front;1;Not known;Male;43;36 - 45;-1;-1;-1;-1;Data missing or out of range;-1
2019010159647;529212;182809;-0.138647;51.529417;Metropolitan Police;Slight;3;2;26/01/2019;Saturday;07:20;Camden;Camden;Unclassified;400;Single carriageway;20 MPH;T or staggered junction;Auto traffic signal;Unclassified;0;None within 50 metres ;Pelican, puffin, toucan or similar non-junction pedestrian light crossing;Daylight;Fine no high winds;Dry;None;None;Urban;Yes;E01000950;3;2;Driver or rider;Male;40;7;Slight;Not a Pedestrian;Not a Pedestrian;Not car passenger;Not a bus or coach passenger;No / Not applicable;19;Cyclist;More deprived 10-20%;2;Car;No tow/articulation;U-turn;On main c'way - not in restricted lane;Approaching junction or waiting/parked at junction approach;None;None;Did not leave carriageway;None;Front;1;Not known;Male;31;26 - 35;-1;-1;-1;6;Small town;6
2019010159647;529212;182809;-0.138647;51.529417;Metropolitan Police;Slight;3;2;26/01/2019;Saturday;07:20;Camden;Camden;Unclassified;400;Single carriageway;20 MPH;T or staggered junction;Auto traffic signal;Unclassified;0;None within 50 metres ;Pelican, puffin, toucan or similar non-junction pedestrian light crossing;Daylight;Fine no high winds;Dry;None;None;Urban;Yes;E01000950;3;2;Driver or rider;Male;40;7;Slight;Not a Pedestrian;Not a Pedestrian;Not car passenger;Not a bus or coach passenger;No / Not applicable;19;Cyclist;More deprived 10-20%;3;Van / Goods 3.5 tonnes mgw or under;No tow/articulation;Going ahead other;On main c'way - not in restricted lane;Approaching junction or waiting/parked at junction approach;None;None;Did not leave carriageway;None;Offside;1;Journey as part of work;Male;40;36 - 45;-1;-1;-1;2;Urban area;2
2019010159651;533564;178391;-0.077617;51.488703;Metropolitan Police;Slight;2;1;15/01/2019;Tuesday;15:41;Southwark;Southwark;A;2;Single carriageway;30 MPH;T or staggered junction;Auto traffic signal;Unclassified;0;None within 50 metres ;Pedestrian phase at traffic signal junction;Daylight;Fine no high winds;Dry;None;None;Urban;No - accident was reported using a self completion  form (self rep only);E01003966;1;1;Driver or rider;Male;Data missing or out of range;-1;Slight;Not a Pedestrian;Not a Pedestrian;Not car passenger;Not a bus or coach passenger;No / Not applicable;1;-1;Data missing or out of range;1;Pedal cycle;No tow/articulation;Going ahead other;On main c'way - not in restricted lane;Approaching junction or waiting/parked at junction approach;Skidded;None;Did not leave carriageway;None;Did not impact;1;Not known;Male;-1;Data missing or out of range;-1;-1;-1;-1;Data missing or out of range;-1
2019010159651;533564;178391;-0.077617;51.488703;Metropolitan Police;Slight;2;1;15/01/2019;Tuesday;15:41;Southwark;Southwark;A;2;Single carriageway;30 MPH;T or staggered junction;Auto traffic signal;Unclassified;0;None within 50 metres ;Pedestrian phase at traffic signal junction;Daylight;Fine no high winds;Dry;None;None;Urban;No - accident was reported using a self completion  form (self rep only);E01003966;1;1;Driver or rider;Male;Data missing or out of range;-1;Slight;Not a Pedestrian;Not a Pedestrian;Not car passenger;Not a bus or coach passenger;No / Not applicable;1;-1;Data missing or out of range;2;Van / Goods 3.5 tonnes mgw or under;No tow/articulation;Data missing or out of range;On main c'way - not in restricted lane;Approaching junction or waiting/parked at junction approach;None;None;Did not leave carriageway;None;Did not impact;-1;Not known;Not known;-1;Data missing or out of range;-1;-1;-1;-1;Data missing or out of range;-1
2019010159653;532656;191393;-0.08579;51.605758;Metropolitan Police;Slight;1;1;26/01/2019;Saturday;04:55;Haringey;Haringey;A;10;Single carriageway;20 MPH;Data missing or out of range;Data missing or out of range;Unclassified;0;Data missing or out of range;Data missing or out of range;Darkness - lights lit;Unknown;Data missing or out of range;None;Data missing or out of range;Urban;No - accident was reported using a self completion  form (self rep only);E01002093;1;1;Driver or rider;Female;27;6;Slight;Not a Pedestrian;Not a Pedestrian;Not car passenger;Not a bus or coach passenger;No / Not applicable;9;Cyclist;More deprived 20-30%;1;Car;No tow/articulation;Going ahead other;On main c'way - not in restricted lane;Approaching junction or waiting/parked at junction approach;None;None;Did not leave carriageway;None;Back;1;Commuting to/from work;Female;27;26 - 35;-1;-1;-1;3;Urban area;3
2019010159662;528919;169575;-0.147691;51.41055;Metropolitan Police;Slight;3;1;26/01/2019;Saturday;09:50;Merton;Merton;C;0;Single carriageway;30 MPH;Private drive or entrance;Give way or uncontrolled;Unclassified;0;None within 50 metres ;No physical crossing facilities within 50 metres;Daylight;Fine no high winds;Wet or damp;None;None;Urban;Yes;E01003412;1;1;Driver or rider;Male;28;6;Slight;Not a Pedestrian;Not a Pedestrian;Not car passenger;Not a bus or coach passenger;No / Not applicable;5;-1;Data missing or out of range;1;Motorcycle over 500cc;No tow/articulation;Going ahead other;On main c'way - not in restricted lane;Approaching junction or waiting/parked at junction approach;Skidded;Parked vehicle;Did not leave carriageway;None;Front;1;Commuting to/from work;Male;28;26 - 35;-1;-1;-1;-1;Data missing or out of range;-1