Accident_Index;Location_Easting_OSGR;Location_Northing_OSGR;Longitude;Latitude;Police_Force;Accident_Severity;Number_of_Vehicles;Number_of_Casualties;Date;Day_of_Week;Time;Local_Authority_(District);Local_Authority_(Highway);1st_Road_Class;1st_Road_Number;Road_Type;Speed_limit;Junction_Detail;Junction_Control;2nd_Road_Class;2nd_Road_Number;Pedestrian_Crossing-Human_Control;Pedestrian_Crossing-Physical_Facilities;Light_Conditions;Weather_Conditions;Road_Surface_Conditions;Special_Conditions_at_Site;Carriageway_Hazards;Urban_or_Rural_Area;Did_Police_Officer_Attend_Scene_of_Accident;LSOA_of_Accident_Location;Vehicle_Reference_x;Casualty_Reference;Casualty_Class;Sex_of_Casualty;Age_of_Casualty;Age_Band_of_Casualty;Casualty_Severity;Pedestrian_Location;Pedestrian_Movement;Car_Passenger;Bus_or_Coach_Passenger;Pedestrian_Road_Maintenance_Worker;Casualty_Type;Casualty_Home_Area_Type;Casualty_IMD_Decile;Vehicle_Reference_y;Vehicle_Type;Towing_and_Articulation;Vehicle_Manoeuvre;Vehicle_Location-Restricted_Lane;Junction_Location;Skidding_and_Overturning;Hit_Object_in_Carriageway;Vehicle_Leaving_Carriageway;Hit_Object_off_Carriageway;1st_Point_of_Impact;Was_Vehicle_Left_Hand_Drive?;Journey_Purpose_of_Driver;Sex_of_Driver;Age_of_Driver;Age_Band_of_Driver;Engine_Capacity_(CC);Propulsion_Code;Age_of_Vehicle;Driver_IMD_Decile;Driver_Home_Area_Type;Vehicle_IMD_Decile
2019010159662;528919;169575;-0.147691;51.41055;Metropolitan Police;Slight;3;1;26/01/2019;Saturday;09:50;Merton;Merton;C;0;Single carriageway;30 MPH;Private drive or entrance;Give way or uncontrolled;Unclassified;0;None within 50 metres ;No physical crossing facilities within 50 metres;Daylight;Fine no high winds;Wet or damp;None;None;Urban;Yes;E01003412;1;1;Driver or rider;Male;28;6;Slight;Not a Pedestrian;Not a Pedestrian;Not car passenger;Not a bus or coach passenger;No / Not applicable;5;-1;Data missing or out of range;2;Car;No tow/articulation;Going ahead other;On main c'way - not in restricted lane;Entering main road;None;None;Did not leave carriageway;None;Did not impact;1;Not known;Male;53;46 - 55;-1;-1;-1;4;Urban area;4
2019010159662;528919;169575;-0.147691;51.41055;Metropolitan Police;Slight;3;1;26/01/2019;Saturday;09:50;Merton;Merton;C;0;Single carriageway;30 MPH;Private drive or entrance;Give way or uncontrolled;Unclassified;0;None within 50 metres ;No physical crossing facilities within 50 metres;Daylight;Fine no high winds;Wet or damp;None;None;Urban;Yes;E01003412;1;1;Driver or rider;Male;28;6;Slight;Not a Pedestrian;Not a Pedestrian;Not car passenger;Not a bus or coach passenger;No / Not applicable;5;-1;Data missing or out of range;3;Car;No tow/articulation;Parked;On main c'way - not in restricted lane;Cleared junction or waiting/parked at junction exit;None;None;Did not leave carriageway;None;Nearside;1;Not known;Not known;-1;Data missing or out of range;-1;-1;-1;-1;Data missing or out of range;-1
2019010159668;538041;176708;-0.013832;51.472504;Metropolitan Police;Slight;2;1;26/01/2019;Saturday;10:55;Greenwich;Greenwich;A;2;Single carriageway;30 MPH;Not at junction or within 20 metres;Data missing or out of range;-1;0;None within 50 metres ;Pelican, puffin, toucan or similar non-junction pedestrian light crossing;Daylight;Fine no high winds;Dry;Roadworks;None;Urban;Yes;E01003205;2;1;Driver or rider;Male;27;6;Slight;Not a Pedestrian;Not a Pedestrian;Not car passenger;Not a bus or coach passenger;No / Not applicable;1;Cyclist;More deprived 10-20%;1;Car;No tow/articulation;U-turn;On main c'way - not in restricted lane;Not at or within 20 metres of junction;None;None;Did not leave carriageway;None;Offside;1;Journey as part of work;Male;53;46 - 55;-1;-1;-1;3;Urban area;3
2019010159668;538041;176708;-0.013832;51.472504;Metropolitan Police;Slight;2;1;26/01/2019;Saturday;10:55;Greenwich;Greenwich;A;2;Single carriageway;30 MPH;Not at junction or within 20 metres;Data missing or out of range;-1;0;None within 50 metres ;Pelican, puffin, toucan or similar non-junction pedestrian light crossing;Daylight;Fine no high winds;Dry;Roadworks;None;Urban;Yes;E01003205;2;1;Driver or rider;Male;27;6;Slight;Not a Pedestrian;Not a Pedestrian;Not car passenger;Not a bus or coach passenger;No / Not applicable;1;Cyclist;More deprived 10-20%;2;Pedal cycle;No tow/articulation;Overtaking static vehicle - offside;On main c'way - not in restricted lane;Not at or within 20 metres of junction;Overturned;None;Did not leave carriageway;None;Front;1;Commuting to/from work;Male;27;26 - 35;-1;-1;-1;2;Urban area;2
2019010159669;529556;175362;-0.136422;51.462413;Metropolitan Police;Slight;2;1;26/01/2019;Saturday;21:00;Lambeth;Lambeth;A;3;Dual carriageway;30 MPH;T or staggered junction;Give way or uncontrolled;Unclassified;0;None within 50 metres ;No physical crossing facilities within 50 metres;Daylight;Fine no high winds;Dry;None;None;Urban;Yes;E01003041;2;1;Driver or rider;Male;53;8;Slight;Not a Pedestrian;Not a Pedestrian;Not car passenger;Not a bus or coach passenger;No / Not applicable;1;Cyclist;Less deprived 30-40%;1;Van / Goods 3.5 tonnes mgw or under;No tow/articulation;Going ahead other;On main c'way - not in restricted lane;Cleared junction or waiting/parked at junction exit;None;None;Did not leave carriageway;None;Front;1;Not known;Male;26;26 - 35;-1;-1;-1;5;Urban area;5
2019010159669;529556;175362;-0.136422;51.462413;Metropolitan Police;Slight;2;1;26/01/2019;Saturday;21:00;Lambeth;Lambeth;A;3;Dual carriageway;30 MPH;T or staggered junction;Give way or uncontrolled;Unclassified;0;None within 50 metres ;No physical crossing facilities within 50 metres;Daylight;Fine no high winds;Dry;None;None;Urban;Yes;E01003041;2;1;Driver or rider;Male;53;8;Slight;Not a Pedestrian;Not a Pedestrian;Not car passenger;Not a bus or coach passenger;No / Not applicable;1;Cyclist;Less deprived 30-40%;2;Pedal cycle;No tow/articulation;Going ahead other;On main c'way - not in restricted lane;Cleared junction or waiting/parked at junction exit;None;None;Did not leave carriageway;None;Back;1;Not known;Male;53;46 - 55;-1;-1;-1;7;Urban area;7
2019010159670;541085;175749;0.029584;51.463137;Metropolitan Police;Slight;2;3;26/01/2019;Saturday;10:26;Greenwich;Greenwich;A;2;Dual carriageway;50 MPH;Slip road;Give way or uncontrolled;A;2;None within 50 metres ;No physical crossing facilities within 50 metres;Daylight;Fine no high winds;Dry;None;None;Urban;Yes;E01033726;1;1;Driver or rider;Female;35;6;Slight;Not a Pedestrian;Not a Pedestrian;Not car passenger;Not a bus or coach passenger;No / Not applicable;9;-1;Data missing or out of range;1;Car;No tow/articulation;Waiting to go - held up;On main c'way - not in restricted lane;Approaching junction or waiting/parked at junction approach;None;None;Did not leave carriageway;None;Nearside;1;Not known;Female;35;26 - 35;1995;Heavy oil;13;-1;Data missing or out of range;-1
2019010159670;541085;175749;0.029584;51.463137;Metropolitan Police;Slight;2;3;26/01/2019;Saturday;10:26;Greenwich;Greenwich;A;2;Dual carriageway;50 MPH;Slip road;Give way or uncontrolled;A;2;None within 50 metres ;No physical crossing facilities within 50 metres;Daylight;Fine no high winds;Dry;None;None;Urban;Yes;E01033726;1;1;Driver or rider;Female;35;6;Slight;Not a Pedestrian;Not a Pedestrian;Not car passenger;Not a bus or coach passenger;No / Not applicable;9;-1;Data missing or out of range;2;Car;No tow/articulation;Changing lane to right;On main c'way - not in restricted lane;Approaching junction or waiting/parked at junction approach;None;None;Did not leave carriageway;None;Front;1;Not known;Male;24;21 - 25;1248;Petrol;6;-1;Data missing or out of range;-1
2019010159670;541085;175749;0.029584;51.463137;Metropolitan Police;Slight;2;3;26/01/2019;Saturday;10:26;Greenwich;Greenwich;A;2;Dual carriageway;50 MPH;Slip road;Give way or uncontrolled;A;2;None within 50 metres ;No physical crossing facilities within 50 metres;Daylight;Fine no high winds;Dry;None;None;Urban;Yes;E01033726;1;2;Passenger;Female;62;9;Slight;Not a Pedestrian;Not a Pedestrian;Front seat passenger;Not a bus or coach passenger;No / Not applicable;9;Cyclist;Less deprived 20-30%;1;Car;No tow/articulation;Waiting to go - held up;On main c'way - not in restricted lane;Approaching junction or waiting/parked at junction approach;None;None;Did not leave carriageway;None;Nearside;1;Not known;Female;35;26 - 35;1995;Heavy oil;13;-1;Data missing or out of range;-1
2019010159670;541085;175749;0.029584;51.463137;Metropolitan Police;Slight;2;3;26/01/2019;Saturday;10:26;Greenwich;Greenwich;A;2;Dual carriageway;50 MPH;Slip road;Give way or uncontrolled;A;2;None within 50 metres ;No physical crossing facilities within 50 metres;Daylight;Fine no high winds;Dry;None;None;Urban;Yes;E01033726;1;2;Passenger;Female;62;9;Slight;Not a Pedestrian;Not a Pedestrian;Front seat passenger;Not a bus or coach passenger;No / Not applicable;9;Cyclist;Less deprived 20-30%;2;Car;No tow/articulation;Changing lane to right;On main c'way - not in restricted lane;Approaching junction or waiting/parked at junction approach;None;None;Did not leave carriageway;None;Front;1;Not known;Male;24;21 - 25;1248;Petrol;6;-1;Data missing or out of range;-1
2019010159670;541085;175749;0.029584;51.463137;Metropolitan Police;Slight;2;3;26/01/2019;Saturday;10:26;Greenwich;Greenwich;A;2;Dual carriageway;50 MPH;Slip road;Give way or uncontrolled;A;2;None within 50 metres ;No physical crossing facilities within 50 metres;Daylight;Fine no high winds;Dry;None;None;Urban;Yes;E01033726;2;3;Driver or rider;Male;24;5;Slight;Not a Pedestrian;Not a Pedestrian;Not car passenger;Not a bus or coach passenger;No / Not applicable;9;-1;Data missing or out of range;1;Car;No tow/articulation;Waiting to go - held up;On main c'way - not in restricted lane;Approaching junction or waiting/parked at junction approach;None;None;Did not leave carriageway;None;Nearside;1;Not known;Female;35;26 - 35;1995;Heavy oil;13;-1;Data missing or out of range;-1
2019010159670;541085;175749;0.029584;51.463137;Metropolitan Police;Slight;2;3;26/01/2019;Saturday;10:26;Greenwich;Greenwich;A;2;Dual carriageway;50 MPH;Slip road;Give way or uncontrolled;A;2;None within 50 metres ;No physical crossing facilities within 50 metres;Daylight;Fine no high winds;Dry;None;None;Urban;Yes;E01033726;2;3;Driver or rider;Male;24;5;Slight;Not a Pedestrian;Not a Pedestrian;Not car passenger;Not a bus or coach passenger;No / Not applicable;9;-1;Data missing or out of range;2;Car;No tow/articulation;Changing lane to right;On main c'way - not in restricted lane;Approaching junction or waiting/parked at junction approach;None;None;Did not leave carriageway;None;Front;1;Not known;Male;24;21 - 25;1248;Petrol;6;-1;Data missing or out of range;-1
2019010159676;515405;176424;-0.339684;51.475016;Metropolitan Police;Slight;1;1;26/01/2019;Saturday;09:25;Hounslow;Hounslow;A;315;Single carriageway;30 MPH;T or staggered junction;Give way or uncontrolled;Unclassified;0;None within 50 metres ;No physical crossing facilities within 50 metres;Daylight;Fine no high winds;Dry;None;None;Urban;Yes;E01002677;1;1;Pedestrian;Male;33;6;Slight;In carriageway, crossing elsewhere;Crossing from driver's nearside;Not car passenger;Not a bus or coach passenger;No / Not applicable;0;Cyclist;More deprived 30-40%;1;Car;No tow/articulation;Turning right;On main c'way - not in restricted lane;Cleared junction or waiting/parked at junction exit;None;None;Did not leave carriageway;None;Front;1;Not known;Female;75;66 - 75;-1;-1;-1;6;Urban area;6
2019010159677;520652;185174;-0.261176;51.552564;Metropolitan Police;Slight;2;1;26/01/2019;Saturday;11:13;Brent;Brent;B;4557;Roundabout;30 MPH;Roundabout;Give way or uncontrolled;Unclassified;0;None within 50 metres ;Pelican, puffin, toucan or similar non-junction pedestrian light crossing;Daylight;Fine no high winds;Dry;None;None;Urban;Yes;E01000602;2;1;Driver or rider;Male;43;7;Slight;Not a Pedestrian;Not a Pedestrian;Not car passenger;Not a bus or coach passenger;No / Not applicable;9;Cyclist;Least deprived 10%;1;Car;No tow/articulation;Going ahead other;On main c'way - not in restricted lane;Leaving roundabout;None;None;Did not leave carriageway;None;Front;1;Commuting to/from work;Male;25;21 - 25;-1;-1;-1;4;Urban area;4
2019010159677;520652;185174;-0.261176;51.552564;Metropolitan Police;Slight;2;1;26/01/2019;Saturday;11:13;Brent;Brent;B;4557;Roundabout;30 MPH;Roundabout;Give way or uncontrolled;Unclassified;0;None within 50 metres ;Pelican, puffin, toucan or similar non-junction pedestrian light crossing;Daylight;Fine no high winds;Dry;None;None;Urban;Yes;E01000602;2;1;Driver or rider;Male;43;7;Slight;Not a Pedestrian;Not a Pedestrian;Not car passenger;Not a bus or coach passenger;No / Not applicable;9;Cyclist;Least deprived 10%;2;Car;No tow/articulation;Going ahead other;On main c'way - not in restricted lane;Entering roundabout;None;None;Did not leave carriageway;None;Offside;1;Not known;Male;43;36 - 45;-1;-1;-1;10;Urban area;10
2019010159680;530858;191190;-0.111814;51.604355;Metropolitan Police;Serious;3;1;26/01/2019;Saturday;12:20;Haringey;Haringey;A;105;Single carriageway;30 MPH;Not at junction or within 20 metres;Data missing or out of range;-1;0;None within 50 metres ;No physical crossing facilities within 50 metres;Daylight;Fine no high winds;Dry;None;None;Urban;Yes;E01002102;3;1;Driver or rider;Male;32;6;Serious;Not a Pedestrian;Not a Pedestrian;Not car passenger;Not a bus or coach passenger;No / Not applicable;1;Cyclist;Most deprived 10%;1;Car;No tow/articulation;Waiting to go - held up;Bus lane;Not at or within 20 metres of junction;None;Parked vehicle;Did not leave carriageway;None;Offside;1;Journey as part of work;Male;30;26 - 35;1797;Hybrid electric;8;1;Urban area;1
2019010159680;530858;191190;-0.111814;51.604355;Metropolitan Police;Serious;3;1;26/01/2019;Saturday;12:20;Haringey;Haringey;A;105;Single carriageway;30 MPH;Not at junction or within 20 metres;Data missing or out of range;-1;0;None within 50 metres ;No physical crossing facilities within 50 metres;Daylight;Fine no high winds;Dry;None;None;Urban;Yes;E01002102;3;1;Driver or rider;Male;32;6;Serious;Not a Pedestrian;Not a Pedestrian;Not car passenger;Not a bus or coach passenger;No / Not applicable;1;Cyclist;Most deprived 10%;2;Car;No tow/articulation;Going ahead other;On main c'way - not in restricted lane;Not at or within 20 metres of junction;None;None;Did not leave carriageway;None;Front;1;Not known;Female;43;36 - 45;2967;Heavy oil;13;5;Urban area;5
2019010159680;530858;191190;-0.111814;51.604355;Metropolitan Police;Serious;3;1;26/01/2019;Saturday;12:20;Haringey;Haringey;A;105;Single carriageway;30 MPH;Not at junction or within 20 metres;Data missing or out of range;-1;0;None within 50 metres ;No physical crossing facilities within 50 metres;Daylight;Fine no high winds;Dry;None;None;Urban;Yes;E01002102;3;1;Driver or rider;Male;32;6;Serious;Not a Pedestrian;Not a Pedestrian;Not car passenger;Not a bus or coach passenger;No / Not applicable;1;Cyclist;Most deprived 10%;3;Pedal cycle;No tow/articulation;Going ahead other;Bus lane;Not at or within 20 metres of junction;None;Parked vehicle;Did not leave carriageway;None;Front;1;Not known;Male;32;26 - 35;-1;-1;-1;1;Urban area;1
2019010159686;531025;190385;-0.109704;51.597082;Metropolitan Police;Slight;2;1;26/01/2019;Saturday;11:20;Haringey;Haringey;A;105;Single carriageway;30 MPH;Crossroads;Auto traffic signal;A;109;None within 50 metres ;Pelican, puffin, toucan or similar non-junction pedestrian light crossing;Daylight;Fine no high winds;Dry;None;None;Urban;Yes;E01002029;1;1;Passenger;Male;3;1;Slight;Not a Pedestrian;Not a Pedestrian;Not car passenger;Seated passenger;No / Not applicable;11;Cyclist;Less deprived 40-50%;1;Bus or coach (17 or more pass seats);No tow/articulation;Moving off;On main c'way - not in restricted lane;Approaching junction or waiting/parked at junction approach;None;None;Did not leave carriageway;None;Front;1;Journey as part of work;Male;46;46 - 55;-1;-1;-1;2;Urban area;2
2019010159686;531025;190385;-0.109704;51.597082;Metropolitan Police;Slight;2;1;26/01/2019;Saturday;11:20;Haringey;Haringey;A;105;Single carriageway;30 MPH;Crossroads;Auto traffic signal;A;109;None within 50 metres ;Pelican, puffin, toucan or similar non-junction pedestrian light crossing;Daylight;Fine no high winds;Dry;None;None;Urban;Yes;E01002029;1;1;Passenger;Male;3;1;Slight;Not a Pedestrian;Not a Pedestrian;Not car passenger;Seated passenger;No / Not applicable;11;Cyclist;Less deprived 40-50%;2;Van / Goods 3.5 tonnes mgw or under;No tow/articulation;Moving off;On main c'way - not in restricted lane;Cleared junction or waiting/parked at junction exit;None;None;Did not leave carriageway;None;Back;1;Not known;Male;46;46 - 55;-1;-1;-1;-1;Data missing or out of range;-1
2019010159687;551573;188818;0.186065;51.577853;Metropolitan Police;Slight;2;1;26/01/2019;Saturday;14:05;Havering;Havering;C;0;Single carriageway;30 MPH;Roundabout;Stop sign;C;0;None within 50 metres ;Pelican, puffin, toucan or similar non-junction pedestrian light crossing;Daylight;Fine no high winds;Dry;None;None;Urban;Yes;E01032741;2;1;Driver or rider;Female;24;5;Slight;Not a Pedestrian;Not a Pedestrian;Not car passenger;Not a bus or coach passenger;No / Not applicable;9;Cyclist;More deprived 40-50%;1;Car;No tow/articulation;Going ahead other;On main c'way - not in restricted lane;Leaving roundabout;None;Parked vehicle;Did not leave carriageway;None;Front;1;Not known;Female;43;36 - 45;-1;-1;-1;6;Rural;6
2019010159687;551573;188818;0.186065;51.577853;Metropolitan Police;Slight;2;1;26/01/2019;Saturday;14:05;Havering;Havering;C;0;Single carriageway;30 MPH;Roundabout;Stop sign;C;0;None within 50 metres ;Pelican, puffin, toucan or similar non-junction pedestrian light crossing;Daylight;Fine no high winds;Dry;None;None;Urban;Yes;E01032741;2;1;Driver or rider;Female;24;5;Slight;Not a Pedestrian;Not a Pedestrian;Not car passenger;Not a bus or coach passenger;No / Not applicable;9;Cyclist;More deprived 40-50%;2;Car;No tow/articulation;Going ahead other;On main c'way - not in restricted lane;Mid Junction - on roundabout or on main road;None;None;Did not leave carriageway;None;Back;1;Not known;Female;24;21 - 25;-1;-1;-1;5;Urban area;5
2019010159688;543038;174428;0.057145;51.450776;Metropolitan Police;Slight;1;1;26/01/2019;Saturday;12:46;Greenwich;Greenwich;A;210;Single carriageway;30 MPH;T or staggered junction;Give way or uncontrolled;Unclassified;0;None within 50 metres ;Zebra;Daylight;Fine no high winds;Dry;Roadworks;None;Urban;Yes;E01001609;1;1;Pedestrian;Female;16;4;Slight;In carriageway, crossing elsewhere;Crossing from driver's offside;Not car passenger;Not a bus or coach passenger;No / Not applicable;0;Cyclist;More deprived 10-20%;1;Car;No tow/articulation;Going ahead other;On main c'way - not in restricted lane;Cleared junction or waiting/parked at junction exit;None;None;Did not leave carriageway;None;Front;1;Not known;Male;53;46 - 55;-1;-1;-1;6;Urban area;6
2019010159689;531468;179600;-0.107339;51.500058;Metropolitan Police;Serious;2;1;26/01/2019;Saturday;10:30;Southwark;Southwark;A;301;Dual carriageway;20 MPH;T or staggered junction;Give way or uncontrolled;Unclassified;0;None within 50 metres ;Pelican, puffin, toucan or similar non-junction pedestrian light crossing;Daylight;Fine no high winds;Dry;None;None;Urban;Yes;E01032584;1;1;Driver or rider;Male;30;6;Serious;Not a Pedestrian;Not a Pedestrian;Not car passenger;Not a bus or coach passenger;No / Not applicable;3;Cyclist;Most deprived 10%;1;Motorcycle 125cc and under;No tow/articulation;Overtaking - nearside;On main c'way - not in restricted lane;Mid Junction - on roundabout or on main road;Skidded;None;Did not leave carriageway;None;Front;1;Journey as part of work;Male;30;26 - 35;-1;-1;-1;1;Urban area;1
2019010159689;531468;179600;-0.107339;51.500058;Metropolitan Police;Serious;2;1;26/01/2019;Saturday;10:30;Southwark;Southwark;A;301;Dual carriageway;20 MPH;T or staggered junction;Give way or uncontrolled;Unclassified;0;None within 50 metres ;Pelican, puffin, toucan or similar non-junction pedestrian light crossing;Daylight;Fine no high winds;Dry;None;None;Urban;Yes;E01032584;1;1;Driver or rider;Male;30;6;Serious;Not a Pedestrian;Not a Pedestrian;Not car passenger;Not a bus or coach passenger;No / Not applicable;3;Cyclist;Most deprived 10%;2;Car;No tow/articulation;Going ahead other;On main c'way - not in restricted lane;Approaching junction or waiting/parked at junction approach;None;None;Did not leave carriageway;None;Nearside;1;Not known;Male;38;36 - 45;-1;-1;-1;8;Rural;8
2019010159691;532921;196338;-0.080089;51.650133;Metropolitan Police;Slight;1;1;26/01/2019;Saturday;14:17;Enfield;Enfield;A;105;Single carriageway;30 MPH;T or staggered junction;Auto traffic signal;Unclassified;0;None within 50 metres ;Pelican, puffin, toucan or similar non-junction pedestrian light crossing;Daylight;Fine no high winds;Wet or damp;None;None;Urban;Yes;E01001450;1;1;Pedestrian;Female;58;9;Slight;On footway or verge;Unknown or other;Not car passenger;Not a bus or coach passenger;No / Not applicable;0;Cyclist;Most deprived 10%;1;Car;No tow/articulation;Turning right;On main c'way - not in restricted lane;Entering main road;Skidded;None;Nearside;Near/Offside crash barrier;Front;1;Not known;Male;26;26 - 35;-1;-1;-1;9;Urban area;9
2019010159699;538852;181220;-0.000388;51.512851;Metropolitan Police;Slight;2;1;26/01/2019;Saturday;14:35;Tower Hamlets;Tower Hamlets;A;13;Dual carriageway;30 MPH;T or staggered junction;Auto traffic signal;A;1268;None within 50 metres ;Pedestrian phase at traffic signal junction;Daylight;Fine no high winds;Wet or damp;None;None;Urban;Yes;E01004245;1;1;Driver or rider;Female;30;6;Slight;Not a Pedestrian;Not a Pedestrian;Not car passenger;Not a bus or coach passenger;No / Not applicable;9;Cyclist;More deprived 10-20%;1;Car;No tow/articulation;Turning right;On main c'way - not in restricted lane;Mid Junction - on roundabout or on main road;None;None;Did not leave carriageway;None;Back;1;Not known;Female;30;26 - 35;-1;-1;-1;2;Urban area;2
2019010159699;538852;181220;-0.000388;51.512851;Metropolitan Police;Slight;2;1;26/01/2019;Saturday;14:35;Tower Hamlets;Tower Hamlets;A;13;Dual carriageway;30 MPH;T or staggered junction;Auto traffic signal;A;1268;None within 50 metres ;Pedestrian phase at traffic signal junction;Daylight;Fine no high winds;Wet or damp;None;None;Urban;Yes;E01004245;1;1;Driver or rider;Female;30;6;Slight;Not a Pedestrian;Not a Pedestrian;Not car passenger;Not a bus or coach passenger;No / Not applicable;9;Cyclist;More deprived 10-20%;2;Car;No tow/articulation;Turning right;On main c'way - not in restricted lane;Mid Junction - on roundabout or on main road;None;None;Did not leave carriageway;None;Front;1;Journey as part of work;Male;45;36 - 45;-1;-1;-1;8;Urban area;8
2019010159700;534543;166273;-0.068125;51.379571;Metropolitan Police;Slight;2;1;26/01/2019;Saturday;13:35;Croydon;Croydon;Unclassified;0;Dual carriageway;30 MPH;Other junction;Authorised person;Unclassified;0;None within 50 metres ;No physical crossing facilities within 50 metres;Daylight;Fine no high winds;Dry;None;None;Urban;Yes;E01000987;1;1;Driver or rider;Male;27;6;Slight;Not a Pedestrian;Not a Pedestrian;Not car passenger;Not a bus or coach passenger;No / Not applicable;4;Cyclist;More deprived 10-20%;1;Motorcycle over 125cc and up to 500cc;No tow/articulation;Going ahead other;On main c'way - not in restricted lane;Approaching junction or waiting/parked at junction approach;None;None;Did not leave carriageway;None;Nearside;1;Not known;Male;27;26 - 35;-1;-1;-1;2;Urban area;2
2019010159700;534543;166273;-0.068125;51.379571;Metropolitan Police;Slight;2;1;26/01/2019;Saturday;13:35;Croydon;Croydon;Unclassified;0;Dual carriageway;30 MPH;Other junction;Authorised person;Unclassified;0;None within 50 metres ;No physical crossing facilities within 50 metres;Daylight;Fine no high winds;Dry;None;None;Urban;Yes;E01000987;1;1;Driver or rider;Male;27;6;Slight;Not a Pedestrian;Not a Pedestrian;Not car passenger;Not a bus or coach passenger;No / Not applicable;4;Cyclist;More deprived 10-20%;2;Car;Other tow;Going ahead other;On main c'way - not in restricted lane;Mid Junction - on roundabout or on main road;None;None;Did not leave carriageway;None;Front;1;Not known;Male;47;46 - 55;-1;-1;-1;7;Urban area;7
2019010159701;526167;184851;-0.181788;51.548456;Metropolitan Police;Slight;2;1;26/01/2019;Saturday;16:00;Camden;Camden;A;41;Single carriageway;20 MPH;Other junction;Auto traffic signal;Unclassified;0;None within 50 metres ;Pedestrian phase at traffic signal junction;Darkness - lights lit;Raining no high winds;Wet or damp;None;None;Urban;Yes;E01000972;1;1;Driver or rider;Male;31;6;Slight;Not a Pedestrian;Not a Pedestrian;Not car passenger;Not a bus or coach passenger;No / Not applicable;4;-1;More deprived 20-30%;1;Motorcycle over 125cc and up to 500cc;No tow/articulation;Going ahead other;On main c'way - not in restricted lane;Approaching junction or waiting/parked at junction approach;Skidded;None;Did not leave carriageway;None;Did not impact;1;Not known;Male;31;26 - 35;-1;-1;-1;3;Data missing or out of range;3
2019010159701;526167;184851;-0.181788;51.548456;Metropolitan Police;Slight;2;1;26/01/2019;Saturday;16:00;Camden;Camden;A;41;Single carriageway;20 MPH;Other junction;Auto traffic signal;Unclassified;0;None within 50 metres ;Pedestrian phase at traffic signal junction;Darkness - lights lit;Raining no high winds;Wet or damp;None;None;Urban;Yes;E01000972;1;1;Driver or rider;Male;31;6;Slight;Not a Pedestrian;Not a Pedestrian;Not car passenger;Not a bus or coach passenger;No / Not applicable;4;-1;More deprived 20-30%;2;Car;No tow/articulation;U-turn;On main c'way - not in restricted lane;Mid Junction - on roundabout or on main road;None;None;Did not leave carriageway;None;Did not impact;1;Not known;Male;44;36 - 45;-1;-1;-1;9;Urban area;9
2019010159704;523663;164993;-0.224821;51.370539;Metropolitan Police;Slight;3;2;26/01/2019;Saturday;15:20;Sutton;Sutton;C;0;Single carriageway;30 MPH;Not at junction or within 20 metres;Data missing or out of range;-1;0;None within 50 metres ;Zebra;Daylight;Fine no high winds;Dry;None;None;Urban;Yes;E01004118;1;1;Driver or rider;Female;24;5;Slight;Not a Pedestrian;Not a Pedestrian;Not car passenger;Not a bus or coach passenger;No / Not applicable;9;Cyclist;Less deprived 10-20%;1;Car;No tow/articulation;Overtaking static vehicle - offside;On main c'way - not in restricted lane;Not at or within 20 metres of junction;None;Parked vehicle;Did not leave carriageway;None;Front;1;Not known;Female;24;21 - 25;-1;-1;-1;9;Urban area;9
2019010159704;523663;164993;-0.224821;51.370539;Metropolitan Police;Slight;3;2;26/01/2019;Saturday;15:20;Sutton;Sutton;C;0;Single carriageway;30 MPH;Not at junction or within 20 metres;Data missing or out of range;-1;0;None within 50 metres ;Zebra;Daylight;Fine no high winds;Dry;None;None;Urban;Yes;E01004118;1;1;Driver or rider;Female;24;5;Slight;Not a Pedestrian;Not a Pedestrian;Not car passenger;Not a bus or coach passenger;No / Not applicable;9;Cyclist;Less deprived 10-20%;2;Car;No tow/articulation;Overtaking static vehicle - offside;On main c'way - not in restricted lane;Not at or within 20 metres of junction;None;None;Did not leave carriageway;None;Offside;1;Not known;Male;83;Over 75;-1;-1;-1;9;Urban area;9
2019010159704;523663;164993;-0.224821;51.370539;Metropolitan Police;Slight;3;2;26/01/2019;Saturday;15:20;Sutton;Sutton;C;0;Single carriageway;30 MPH;Not at junction or within 20 metres;Data missing or out of range;-1;0;None within 50 metres ;Zebra;Daylight;Fine no high winds;Dry;None;None;Urban;Yes;E01004118;1;1;Driver or rider;Female;24;5;Slight;Not a Pedestrian;Not a Pedestrian;Not car passenger;Not a bus or coach passenger;No / Not applicable;9;Cyclist;Less deprived 10-20%;3;Car;No tow/articulation;Parked;On main c'way - not in restricted lane;Not at or within 20 metres of junction;None;None;Did not leave carriageway;None;Offside;1;Not known;Not known;-1;Data missing or out of range;-1;-1;-1;-1;Data missing or out of range;-1
2019010159704;523663;164993;-0.224821;51.370539;Metropolitan Police;Slight;3;2;26/01/2019;Saturday;15:20;Sutton;Sutton;C;0;Single carriageway;30 MPH;Not at junction or within 20 metres;Data missing or out of range;-1;0;None within 50 metres ;Zebra;Daylight;Fine no high winds;Dry;None;None;Urban;Yes;E01004118;2;2;Driver or rider;Male;83;11;Slight;Not a Pedestrian;Not a Pedestrian;Not car passenger;Not a bus or coach passenger;No / Not applicable;9;Cyclist;Less deprived 10-20%;1;Car;No tow/articulation;Overtaking static vehicle - offside;On main c'way - not in restricted lane;Not at or within 20 metres of junction;None;Parked vehicle;Did not leave carriageway;None;Front;1;Not known;Female;24;21 - 25;-1;-1;-1;9;Urban area;9
2019010159704;523663;164993;-0.224821;51.370539;Metropolitan Police;Slight;3;2;26/01/2019;Saturday;15:20;Sutton;Sutton;C;0;Single carriageway;30 MPH;Not at junction or within 20 metres;Data missing or out of range;-1;0;None within 50 metres ;Zebra;Daylight;Fine no high winds;Dry;None;None;Urban;Yes;E01004118;2;2;Driver or rider;Male;83;11;Slight;Not a Pedestrian;Not a Pedestrian;Not car passenger;Not a bus or coach passenger;No / Not applicable;9;Cyclist;Less deprived 10-20%;2;Car;No tow/articulation;Overtaking static vehicle - offside;On main c'way - not in restricted lane;Not at or within 20 metres of junction;None;None;Did not leave carriageway;None;Offside;1;Not known;Male;83;Over 75;-1;-1;-1;9;Urban area;9