Accident_Index;Location_Easting_OSGR;Location_Northing_OSGR;Longitude;Latitude;Police_Force;Accident_Severity;Number_of_Vehicles;Number_of_Casualties;Date;Day_of_Week;Time;Local_Authority_(District);Local_Authority_(Highway);1st_Road_Class;1st_Road_Number;Road_Type;Speed_limit;Junction_Detail;Junction_Control;2nd_Road_Class;2nd_Road_Number;Pedestrian_Crossing-Human_Control;Pedestrian_Crossing-Physical_Facilities;Light_Conditions;Weather_Conditions;Road_Surface_Conditions;Special_Conditions_at_Site;Carriageway_Hazards;Urban_or_Rural_Area;Did_Police_Officer_Attend_Scene_of_Accident;LSOA_of_Accident_Location;Vehicle_Reference_x;Casualty_Reference;Casualty_Class;Sex_of_Casualty;Age_of_Casualty;Age_Band_of_Casualty;Casualty_Severity;Pedestrian_Location;Pedestrian_Movement;Car_Passenger;Bus_or_Coach_Passenger;Pedestrian_Road_Maintenance_Worker;Casualty_Type;Casualty_Home_Area_Type;Casualty_IMD_Decile;Vehicle_Reference_y;Vehicle_Type;Towing_and_Articulation;Vehicle_Manoeuvre;Vehicle_Location-Restricted_Lane;Junction_Location;Skidding_and_Overturning;Hit_Object_in_Carriageway;Vehicle_Leaving_Carriageway;Hit_Object_off_Carriageway;1st_Point_of_Impact;Was_Vehicle_Left_Hand_Drive?;Journey_Purpose_of_Driver;Sex_of_Driver;Age_of_Driver;Age_Band_of_Driver;Engine_Capacity_(CC);Propulsion_Code;Age_of_Vehicle;Driver_IMD_Decile;Driver_Home_Area_Type;Vehicle_IMD_Decile
2019010159766;525676;182198;-0.189812;51.524723;Metropolitan Police;Slight;2;2;26/01/2019;Saturday;05:31;Westminster;Westminster;B;413;Dual carriageway;30 MPH;Crossroads;Auto traffic signal;C;0;None within 50 metres ;Pedestrian phase at traffic signal junction;Darkness - lights lit;Fine no high winds;Wet or damp;None;None;Urban;Yes;E01033608;2;2;Driver or rider;Male;27;6;Slight;Not a Pedestrian;Not a Pedestrian;Not car passenger;Not a bus or coach passenger;No / Not applicable;9;Cyclist;More deprived 10-20%;2;Car;No tow/articulation;Going ahead other;On main c'way - not in restricted lane;Mid Junction - on roundabout or on main road;None;None;Did not leave carriageway;None;Front;1;Not known;Male;27;26 - 35;-1;-1;-1;2;Urban area;2
2019010159768;543720;186346;0.071806;51.557695;Metropolitan Police;Slight;2;1;24/01/2019;Thursday;21:10;Redbridge;Redbridge;Unclassified;0;Slip road;30 MPH;Roundabout;Give way or uncontrolled;Unclassified;0;None within 50 metres ;Zebra;Darkness - lights lit;Fine no high winds;Dry;None;None;Urban;No - accident was reported using a self completion  form (self rep only);E01003689;1;1;Driver or rider;Female;20;4;Slight;Not a Pedestrian;Not a Pedestrian;Not car passenger;Not a bus or coach passenger;No / Not applicable;9;Cyclist;More deprived 40-50%;1;Car;No tow/articulation;Data missing or out of range;Data missing or out of range;Data missing or out of range;Data missing or out of range;Data missing or out of range;Data missing or out of range;Data missing or out of range;Offside;-1;Not known;Female;20;16 - 20;-1;-1;-1;5;Urban area;5
2019010159768;543720;186346;0.071806;51.557695;Metropolitan Police;Slight;2;1;24/01/2019;Thursday;21:10;Redbridge;Redbridge;Unclassified;0;Slip road;30 MPH;Roundabout;Give way or uncontrolled;Unclassified;0;None within 50 metres ;Zebra;Darkness - lights lit;Fine no high winds;Dry;None;None;Urban;No - accident was reported using a self completion  form (self rep only);E01003689;1;1;Driver or rider;Female;20;4;Slight;Not a Pedestrian;Not a Pedestrian;Not car passenger;Not a bus or coach passenger;No / Not applicable;9;Cyclist;More deprived 40-50%;2;Car;No tow/articulation;Data missing or out of range;Data missing or out of range;Data missing or out of range;Data missing or out of range;Data missing or out of range;Data missing or out of range;Data missing or out of range;Front;-1;Not known;Not known;-1;Data missing or out of range;-1;-1;-1;-1;Data missing or out of range;-1
2019010159769;531277;177462;-0.110883;51.480889;Metropolitan Police;Slight;2;1;26/01/2019;Saturday;17:40;Lambeth;Lambeth;A;23;Single carriageway;30 MPH;Data missing or out of range;Auto traffic signal;Unclassified;0;None within 50 metres ;Pedestrian phase at traffic signal junction;Darkness - lighting unknown;Raining no high winds;Wet or damp;None;None;Urban;No - accident was reported using a self completion  form (self rep only);E01003100;1;1;Driver or rider;Male;29;6;Slight;Not a Pedestrian;Not a Pedestrian;Not car passenger;Not a bus or coach passenger;No / Not applicable;1;Cyclist;More deprived 10-20%;1;Pedal cycle;Data missing or out of range;Data missing or out of range;Data missing or out of range;Data missing or out of range;Data missing or out of range;Data missing or out of range;Data missing or out of range;Data missing or out of range;Data missing or out of range;1;Commuting to/from work;Male;29;26 - 35;-1;-1;-1;2;Urban area;2
2019010159769;531277;177462;-0.110883;51.480889;Metropolitan Police;Slight;2;1;26/01/2019;Saturday;17:40;Lambeth;Lambeth;A;23;Single carriageway;30 MPH;Data missing or out of range;Auto traffic signal;Unclassified;0;None within 50 metres ;Pedestrian phase at traffic signal junction;Darkness - lighting unknown;Raining no high winds;Wet or damp;None;None;Urban;No - accident was reported using a self completion  form (self rep only);E01003100;1;1;Driver or rider;Male;29;6;Slight;Not a Pedestrian;Not a Pedestrian;Not car passenger;Not a bus or coach passenger;No / Not applicable;1;Cyclist;More deprived 10-20%;2;Taxi/Private hire car;No tow/articulation;Data missing or out of range;Data missing or out of range;Data missing or out of range;Data missing or out of range;Data missing or out of range;Data missing or out of range;Data missing or out of range;Front;-1;Not known;Not known;-1;Data missing or out of range;-1;-1;-1;-1;Data missing or out of range;-1
2019010159770;532779;168226;-0.092727;51.397538;Metropolitan Police;Slight;2;1;23/01/2019;Wednesday;22:22;Croydon;Croydon;A;212;Roundabout;30 MPH;Mini-roundabout;Data missing or out of range;B;266;None within 50 metres ;Data missing or out of range;Darkness - lights lit;Fine no high winds;Dry;None;None;Urban;No - accident was reported using a self completion  form (self rep only);E01001155;1;1;Driver or rider;Female;25;5;Slight;Not a Pedestrian;Not a Pedestrian;Not car passenger;Not a bus or coach passenger;No / Not applicable;9;Cyclist;Most deprived 10%;1;Car;No tow/articulation;Going ahead other;Data missing or out of range;Data missing or out of range;Data missing or out of range;Data missing or out of range;Data missing or out of range;Data missing or out of range;Front;-1;Not known;Female;25;21 - 25;-1;-1;-1;1;Urban area;1
2019010159770;532779;168226;-0.092727;51.397538;Metropolitan Police;Slight;2;1;23/01/2019;Wednesday;22:22;Croydon;Croydon;A;212;Roundabout;30 MPH;Mini-roundabout;Data missing or out of range;B;266;None within 50 metres ;Data missing or out of range;Darkness - lights lit;Fine no high winds;Dry;None;None;Urban;No - accident was reported using a self completion  form (self rep only);E01001155;1;1;Driver or rider;Female;25;5;Slight;Not a Pedestrian;Not a Pedestrian;Not car passenger;Not a bus or coach passenger;No / Not applicable;9;Cyclist;Most deprived 10%;2;Car;No tow/articulation;Data missing or out of range;Data missing or out of range;Data missing or out of range;Data missing or out of range;Data missing or out of range;Data missing or out of range;Data missing or out of range;Front;-1;Not known;Female;63;56 - 65;-1;-1;-1;6;Urban area;6
2019010159774;545421;187008;0.096599;51.563208;Metropolitan Police;Slight;2;1;25/01/2019;Friday;18:10;Redbridge;Redbridge;Unclassified;0;Single carriageway;30 MPH;Data missing or out of range;Data missing or out of range;Unclassified;0;Data missing or out of range;Data missing or out of range;Darkness - lights lit;Other;Dry;None;None;Urban;No - accident was reported using a self completion  form (self rep only);E01003714;1;1;Driver or rider;Female;78;11;Slight;Not a Pedestrian;Not a Pedestrian;Not car passenger;Not a bus or coach passenger;No / Not applicable;9;Cyclist;More deprived 20-30%;1;Car;No tow/articulation;Data missing or out of range;Data missing or out of range;Data missing or out of range;Data missing or out of range;Data missing or out of range;Data missing or out of range;Data missing or out of range;Nearside;-1;Not known;Female;78;Over 75;-1;-1;-1;3;Urban area;3
2019010159774;545421;187008;0.096599;51.563208;Metropolitan Police;Slight;2;1;25/01/2019;Friday;18:10;Redbridge;Redbridge;Unclassified;0;Single carriageway;30 MPH;Data missing or out of range;Data missing or out of range;Unclassified;0;Data missing or out of range;Data missing or out of range;Darkness - lights lit;Other;Dry;None;None;Urban;No - accident was reported using a self completion  form (self rep only);E01003714;1;1;Driver or rider;Female;78;11;Slight;Not a Pedestrian;Not a Pedestrian;Not car passenger;Not a bus or coach passenger;No / Not applicable;9;Cyclist;More deprived 20-30%;2;Car;Data missing or out of range;Data missing or out of range;On main c'way - not in restricted lane;Data missing or out of range;Data missing or out of range;Data missing or out of range;Did not leave carriageway;None;Data missing or out of range;-1;Not known;Male;22;21 - 25;-1;-1;-1;7;Urban area;7
2019010159776;533408;179380;-0.079489;51.497627;Metropolitan Police;Slight;2;1;26/01/2019;Saturday;23:50;Southwark;Southwark;A;100;Single carriageway;20 MPH;T or staggered junction;Give way or uncontrolled;A;2198;None within 50 metres ;Zebra;Darkness - lights lit;Fine no high winds;Dry;None;None;Urban;Yes;E01003976;2;1;Driver or rider;Male;42;7;Slight;Not a Pedestrian;Not a Pedestrian;Not car passenger;Not a bus or coach passenger;No / Not applicable;1;Cyclist;More deprived 20-30%;1;Car;No tow/articulation;Turning right;On main c'way - not in restricted lane;Cleared junction or waiting/parked at junction exit;None;None;Did not leave carriageway;None;Nearside;1;Not known;Female;28;26 - 35;-1;-1;-1;1;Urban area;1
2019010159776;533408;179380;-0.079489;51.497627;Metropolitan Police;Slight;2;1;26/01/2019;Saturday;23:50;Southwark;Southwark;A;100;Single carriageway;20 MPH;T or staggered junction;Give way or uncontrolled;A;2198;None within 50 metres ;Zebra;Darkness - lights lit;Fine no high winds;Dry;None;None;Urban;Yes;E01003976;2;1;Driver or rider;Male;42;7;Slight;Not a Pedestrian;Not a Pedestrian;Not car passenger;Not a bus or coach passenger;No / Not applicable;1;Cyclist;More deprived 20-30%;2;Pedal cycle;No tow/articulation;Going ahead other;On main c'way - not in restricted lane;Cleared junction or waiting/parked at junction exit;None;None;Did not leave carriageway;None;Offside;1;Not known;Male;42;36 - 45;-1;-1;-1;3;Urban area;3
2019010159781;530950;175136;-0.11645;51.460061;Metropolitan Police;Serious;1;1;27/01/2019;Sunday;03:10;Lambeth;Lambeth;A;23;Dual carriageway;30 MPH;Not at junction or within 20 metres;Data missing or out of range;-1;0;None within 50 metres ;Zebra;Darkness - lights lit;Raining no high winds;Wet or damp;None;None;Urban;Yes;E01003176;1;1;Pedestrian;Male;26;6;Serious;In carriageway, crossing elsewhere;Crossing from driver's nearside;Not car passenger;Not a bus or coach passenger;No / Not applicable;0;Cyclist;Least deprived 10%;1;Car;No tow/articulation;Waiting to go - held up;On main c'way - not in restricted lane;Not at or within 20 metres of junction;None;None;Did not leave carriageway;None;Front;1;Not known;Male;68;66 - 75;1198;Petrol;5;3;Urban area;3
2019010159790;548621;175345;0.137819;51.457579;Metropolitan Police;Serious;1;1;27/01/2019;Sunday;02:15;Bexley;Bexley;A;207;Dual carriageway;30 MPH;T or staggered junction;Give way or uncontrolled;C;0;None within 50 metres ;Central refuge;Darkness - lights lit;Fine no high winds;Wet or damp;None;None;Urban;Yes;E01000360;1;1;Pedestrian;Male;37;7;Serious;Crossing on pedestrian crossing facility;Crossing from driver's nearside;Not car passenger;Not a bus or coach passenger;No / Not applicable;0;Cyclist;Less deprived 30-40%;1;Car;No tow/articulation;Going ahead other;On main c'way - not in restricted lane;Approaching junction or waiting/parked at junction approach;None;None;Did not leave carriageway;None;Front;1;Journey as part of work;Male;41;36 - 45;1798;Hybrid electric;2;3;Urban area;3
2019010159796;533421;182671;-0.078057;51.527199;Metropolitan Police;Slight;2;1;27/01/2019;Sunday;04:31;Hackney;Hackney;A;10;Dual carriageway;20 MPH;Crossroads;Auto traffic signal;A;5201;None within 50 metres ;Pedestrian phase at traffic signal junction;Darkness - lights lit;Raining no high winds;Wet or damp;None;None;Urban;Yes;E01033706;1;1;Driver or rider;Male;41;7;Slight;Not a Pedestrian;Not a Pedestrian;Not car passenger;Not a bus or coach passenger;No / Not applicable;8;Cyclist;More deprived 20-30%;1;Taxi/Private hire car;No tow/articulation;Going ahead other;On main c'way - not in restricted lane;Mid Junction - on roundabout or on main road;None;None;Did not leave carriageway;None;Front;1;Journey as part of work;Male;41;36 - 45;-1;-1;-1;3;Urban area;3
2019010159796;533421;182671;-0.078057;51.527199;Metropolitan Police;Slight;2;1;27/01/2019;Sunday;04:31;Hackney;Hackney;A;10;Dual carriageway;20 MPH;Crossroads;Auto traffic signal;A;5201;None within 50 metres ;Pedestrian phase at traffic signal junction;Darkness - lights lit;Raining no high winds;Wet or damp;None;None;Urban;Yes;E01033706;1;1;Driver or rider;Male;41;7;Slight;Not a Pedestrian;Not a Pedestrian;Not car passenger;Not a bus or coach passenger;No / Not applicable;8;Cyclist;More deprived 20-30%;2;Van / Goods 3.5 tonnes mgw or under;No tow/articulation;Turning right;On main c'way - not in restricted lane;Mid Junction - on roundabout or on main road;None;None;Did not leave carriageway;None;Front;1;Journey as part of work;Male;45;36 - 45;-1;-1;-1;-1;Data missing or out of range;-1
2019010159799;531018;192075;-0.109175;51.61227;Metropolitan Police;Slight;2;1;26/01/2019;Saturday;16:35;Enfield;Enfield;A;406;Dual carriageway;30 MPH;Slip road;Give way or uncontrolled;A;105;Data missing or out of range;Pedestrian phase at traffic signal junction;Daylight;Unknown;Wet or damp;None;Data missing or out of range;Urban;No - accident was reported using a self completion  form (self rep only);E01001394;1;1;Driver or rider;Female;36;7;Slight;Not a Pedestrian;Not a Pedestrian;Not car passenger;Not a bus or coach passenger;No / Not applicable;9;Cyclist;More deprived 10-20%;1;Car;No tow/articulation;Data missing or out of range;Data missing or out of range;Data missing or out of range;Data missing or out of range;Data missing or out of range;Data missing or out of range;Data missing or out of range;Data missing or out of range;-1;Not known;Female;36;36 - 45;-1;-1;-1;2;Urban area;2
2019010159799;531018;192075;-0.109175;51.61227;Metropolitan Police;Slight;2;1;26/01/2019;Saturday;16:35;Enfield;Enfield;A;406;Dual carriageway;30 MPH;Slip road;Give way or uncontrolled;A;105;Data missing or out of range;Pedestrian phase at traffic signal junction;Daylight;Unknown;Wet or damp;None;Data missing or out of range;Urban;No - accident was reported using a self completion  form (self rep only);E01001394;1;1;Driver or rider;Female;36;7;Slight;Not a Pedestrian;Not a Pedestrian;Not car passenger;Not a bus or coach passenger;No / Not applicable;9;Cyclist;More deprived 10-20%;2;Car;No tow/articulation;Data missing or out of range;Data missing or out of range;Data missing or out of range;Data missing or out of range;Data missing or out of range;Data missing or out of range;Data missing or out of range;Front;-1;Not known;Not known;-1;Data missing or out of range;-1;-1;-1;-1;Data missing or out of range;-1
2019010159803;532857;184806;-0.085377;51.546518;Metropolitan Police;Slight;2;1;26/01/2019;Saturday;09:49;Islington;Islington;A;104;Single carriageway;30 MPH;T or staggered junction;Auto traffic signal;Unclassified;0;None within 50 metres ;Pedestrian phase at traffic signal junction;Daylight;Other;Dry;None;None;Urban;No - accident was reported using a self completion  form (self rep only);E01002716;1;1;Driver or rider;Female;26;6;Slight;Not a Pedestrian;Not a Pedestrian;Not car passenger;Not a bus or coach passenger;No / Not applicable;1;Cyclist;Most deprived 10%;1;Pedal cycle;Data missing or out of range;Data missing or out of range;Data missing or out of range;Data missing or out of range;Data missing or out of range;Data missing or out of range;Data missing or out of range;Data missing or out of range;Front;1;Commuting to/from work;Female;26;26 - 35;-1;-1;-1;1;Urban area;1
2019010159803;532857;184806;-0.085377;51.546518;Metropolitan Police;Slight;2;1;26/01/2019;Saturday;09:49;Islington;Islington;A;104;Single carriageway;30 MPH;T or staggered junction;Auto traffic signal;Unclassified;0;None within 50 metres ;Pedestrian phase at traffic signal junction;Daylight;Other;Dry;None;None;Urban;No - accident was reported using a self completion  form (self rep only);E01002716;1;1;Driver or rider;Female;26;6;Slight;Not a Pedestrian;Not a Pedestrian;Not car passenger;Not a bus or coach passenger;No / Not applicable;1;Cyclist;Most deprived 10%;2;Car;No tow/articulation;Data missing or out of range;Data missing or out of range;Data missing or out of range;Data missing or out of range;Data missing or out of range;Data missing or out of range;Data missing or out of range;Data missing or out of range;-1;Not known;Not known;23;21 - 25;-1;-1;-1;3;Urban area;3
2019010159805;530895;171046;-0.118752;51.423318;Metropolitan Police;Slight;2;1;27/01/2019;Sunday;06:50;Lambeth;Lambeth;A;214;Single carriageway;20 MPH;Not at junction or within 20 metres;Data missing or out of range;-1;0;None within 50 metres ;Central refuge;Darkness - lights lit;Unknown;Wet or damp;None;None;Urban;Yes;E01003144;1;1;Driver or rider;Female;25;5;Slight;Not a Pedestrian;Not a Pedestrian;Not car passenger;Not a bus or coach passenger;No / Not applicable;9;Cyclist;Most deprived 10%;1;Car;No tow/articulation;Going ahead other;On main c'way - not in restricted lane;Not at or within 20 metres of junction;None;Bollard or refuge;Did not leave carriageway;None;Front;1;Not known;Female;25;21 - 25;-1;-1;-1;1;Urban area;1
2019010159805;530895;171046;-0.118752;51.423318;Metropolitan Police;Slight;2;1;27/01/2019;Sunday;06:50;Lambeth;Lambeth;A;214;Single carriageway;20 MPH;Not at junction or within 20 metres;Data missing or out of range;-1;0;None within 50 metres ;Central refuge;Darkness - lights lit;Unknown;Wet or damp;None;None;Urban;Yes;E01003144;1;1;Driver or rider;Female;25;5;Slight;Not a Pedestrian;Not a Pedestrian;Not car passenger;Not a bus or coach passenger;No / Not applicable;9;Cyclist;Most deprived 10%;2;Car;No tow/articulation;Going ahead other;On main c'way - not in restricted lane;Not at or within 20 metres of junction;None;None;Did not leave carriageway;None;Front;1;Not known;Not known;-1;Data missing or out of range;-1;-1;-1;-1;Data missing or out of range;-1
2019010159806;533110;189019;-0.080138;51.584318;Metropolitan Police;Slight;1;1;27/01/2019;Sunday;08:35;Haringey;Haringey;Unclassified;0;One way street;20 MPH;Not at junction or within 20 metres;Data missing or out of range;-1;0;None within 50 metres ;No physical crossing facilities within 50 metres;Daylight;Fine no high winds;Dry;None;None;Urban;Yes;E01002073;1;1;Pedestrian;Male;34;6;Slight;In carriageway, crossing elsewhere;Crossing from driver's offside;Not car passenger;Not a bus or coach passenger;No / Not applicable;0;Cyclist;Less deprived 40-50%;1;Taxi/Private hire car;No tow/articulation;Moving off;On main c'way - not in restricted lane;Not at or within 20 metres of junction;None;None;Did not leave carriageway;None;Front;1;Journey as part of work;Male;54;46 - 55;-1;-1;-1;2;Urban area;2
2019010159809;556038;193342;0.252459;51.617281;Metropolitan Police;Slight;3;2;27/01/2019;Sunday;06:38;Havering;Havering;Motorway;25;Dual carriageway;70 MPH;Not at junction or within 20 metres;Data missing or out of range;-1;0;None within 50 metres ;No physical crossing facilities within 50 metres;Daylight;Raining no high winds;Wet or damp;None;None;Rural;Yes;E01002276;1;1;Driver or rider;Male;64;9;Slight;Not a Pedestrian;Not a Pedestrian;Not car passenger;Not a bus or coach passenger;No / Not applicable;9;Motorcycle 125cc and under rider or passenger;Less deprived 20-30%;1;Car;No tow/articulation;Going ahead other;On main c'way - not in restricted lane;Not at or within 20 metres of junction;None;None;Did not leave carriageway;None;Back;1;Not known;Male;64;56 - 65;-1;-1;-1;8;Rural;8
2019010159809;556038;193342;0.252459;51.617281;Metropolitan Police;Slight;3;2;27/01/2019;Sunday;06:38;Havering;Havering;Motorway;25;Dual carriageway;70 MPH;Not at junction or within 20 metres;Data missing or out of range;-1;0;None within 50 metres ;No physical crossing facilities within 50 metres;Daylight;Raining no high winds;Wet or damp;None;None;Rural;Yes;E01002276;1;1;Driver or rider;Male;64;9;Slight;Not a Pedestrian;Not a Pedestrian;Not car passenger;Not a bus or coach passenger;No / Not applicable;9;Motorcycle 125cc and under rider or passenger;Less deprived 20-30%;2;Car;No tow/articulation;Going ahead other;On main c'way - not in restricted lane;Not at or within 20 metres of junction;None;None;Did not leave carriageway;None;Front;1;Not known;Male;22;21 - 25;-1;-1;-1;3;Urban area;3
2019010159809;556038;193342;0.252459;51.617281;Metropolitan Police;Slight;3;2;27/01/2019;Sunday;06:38;Havering;Havering;Motorway;25;Dual carriageway;70 MPH;Not at junction or within 20 metres;Data missing or out of range;-1;0;None within 50 metres ;No physical crossing facilities within 50 metres;Daylight;Raining no high winds;Wet or damp;None;None;Rural;Yes;E01002276;1;1;Driver or rider;Male;64;9;Slight;Not a Pedestrian;Not a Pedestrian;Not car passenger;Not a bus or coach passenger;No / Not applicable;9;Motorcycle 125cc and under rider or passenger;Less deprived 20-30%;3;Goods 7.5 tonnes mgw and over;Articulated vehicle;Going ahead other;On main c'way - not in restricted lane;Not at or within 20 metres of junction;None;None;Did not leave carriageway;None;Front;1;Journey as part of work;Male;54;46 - 55;-1;-1;-1;4;Urban area;4
2019010159809;556038;193342;0.252459;51.617281;Metropolitan Police;Slight;3;2;27/01/2019;Sunday;06:38;Havering;Havering;Motorway;25;Dual carriageway;70 MPH;Not at junction or within 20 metres;Data missing or out of range;-1;0;None within 50 metres ;No physical crossing facilities within 50 metres;Daylight;Raining no high winds;Wet or damp;None;None;Rural;Yes;E01002276;1;2;Passenger;Male;57;9;Slight;Not a Pedestrian;Not a Pedestrian;Front seat passenger;Not a bus or coach passenger;No / Not applicable;9;Motorcycle 125cc and under rider or passenger;Less deprived 20-30%;1;Car;No tow/articulation;Going ahead other;On main c'way - not in restricted lane;Not at or within 20 metres of junction;None;None;Did not leave carriageway;None;Back;1;Not known;Male;64;56 - 65;-1;-1;-1;8;Rural;8
2019010159809;556038;193342;0.252459;51.617281;Metropolitan Police;Slight;3;2;27/01/2019;Sunday;06:38;Havering;Havering;Motorway;25;Dual carriageway;70 MPH;Not at junction or within 20 metres;Data missing or out of range;-1;0;None within 50 metres ;No physical crossing facilities within 50 metres;Daylight;Raining no high winds;Wet or damp;None;None;Rural;Yes;E01002276;1;2;Passenger;Male;57;9;Slight;Not a Pedestrian;Not a Pedestrian;Front seat passenger;Not a bus or coach passenger;No / Not applicable;9;Motorcycle 125cc and under rider or passenger;Less deprived 20-30%;2;Car;No tow/articulation;Going ahead other;On main c'way - not in restricted lane;Not at or within 20 metres of junction;None;None;Did not leave carriageway;None;Front;1;Not known;Male;22;21 - 25;-1;-1;-1;3;Urban area;3
2019010159809;556038;193342;0.252459;51.617281;Metropolitan Police;Slight;3;2;27/01/2019;Sunday;06:38;Havering;Havering;Motorway;25;Dual carriageway;70 MPH;Not at junction or within 20 metres;Data missing or out of range;-1;0;None within 50 metres ;No physical crossing facilities within 50 metres;Daylight;Raining no high winds;Wet or damp;None;None;Rural;Yes;E01002276;1;2;Passenger;Male;57;9;Slight;Not a Pedestrian;Not a Pedestrian;Front seat passenger;Not a bus or coach passenger;No / Not applicable;9;Motorcycle 125cc and under rider or passenger;Less deprived 20-30%;3;Goods 7.5 tonnes mgw and over;Articulated vehicle;Going ahead other;On main c'way - not in restricted lane;Not at or within 20 metres of junction;None;None;Did not leave carriageway;None;Front;1;Journey as part of work;Male;54;46 - 55;-1;-1;-1;4;Urban area;4
2019010159818;540558;174737;0.021601;51.454174;Metropolitan Police;Slight;2;2;26/01/2019;Saturday;18:55;Greenwich;Greenwich;A;20;Single carriageway;30 MPH;T or staggered junction;Data missing or out of range;Unclassified;0;None within 50 metres ;Data missing or out of range;Darkness - lights lit;Fine no high winds;Data missing or out of range;None;None;Urban;No - accident was reported using a self completion  form (self rep only);E01001658;1;1;Driver or rider;Female;33;6;Slight;Not a Pedestrian;Not a Pedestrian;Not car passenger;Not a bus or coach passenger;No / Not applicable;9;Cyclist;Less deprived 30-40%;1;Car;No tow/articulation;Data missing or out of range;Data missing or out of range;Data missing or out of range;Data missing or out of range;Data missing or out of range;Data missing or out of range;Data missing or out of range;Back;-1;Not known;Female;33;26 - 35;-1;-1;-1;7;Urban area;7
2019010159818;540558;174737;0.021601;51.454174;Metropolitan Police;Slight;2;2;26/01/2019;Saturday;18:55;Greenwich;Greenwich;A;20;Single carriageway;30 MPH;T or staggered junction;Data missing or out of range;Unclassified;0;None within 50 metres ;Data missing or out of range;Darkness - lights lit;Fine no high winds;Data missing or out of range;None;None;Urban;No - accident was reported using a self completion  form (self rep only);E01001658;1;1;Driver or rider;Female;33;6;Slight;Not a Pedestrian;Not a Pedestrian;Not car passenger;Not a bus or coach passenger;No / Not applicable;9;Cyclist;Less deprived 30-40%;2;Car;No tow/articulation;Data missing or out of range;Data missing or out of range;Data missing or out of range;Data missing or out of range;Data missing or out of range;Data missing or out of range;Data missing or out of range;Front;-1;Not known;Not known;-1;Data missing or out of range;-1;-1;-1;-1;Data missing or out of range;-1
2019010159818;540558;174737;0.021601;51.454174;Metropolitan Police;Slight;2;2;26/01/2019;Saturday;18:55;Greenwich;Greenwich;A;20;Single carriageway;30 MPH;T or staggered junction;Data missing or out of range;Unclassified;0;None within 50 metres ;Data missing or out of range;Darkness - lights lit;Fine no high winds;Data missing or out of range;None;None;Urban;No - accident was reported using a self completion  form (self rep only);E01001658;1;2;Passenger;Female;Data missing or out of range;-1;Slight;Not a Pedestrian;Not a Pedestrian;Front seat passenger;Not a bus or coach passenger;No / Not applicable;9;Cyclist;Less deprived 20-30%;1;Car;No tow/articulation;Data missing or out of range;Data missing or out of range;Data missing or out of range;Data missing or out of range;Data missing or out of range;Data missing or out of range;Data missing or out of range;Back;-1;Not known;Female;33;26 - 35;-1;-1;-1;7;Urban area;7
2019010159818;540558;174737;0.021601;51.454174;Metropolitan Police;Slight;2;2;26/01/2019;Saturday;18:55;Greenwich;Greenwich;A;20;Single carriageway;30 MPH;T or staggered junction;Data missing or out of range;Unclassified;0;None within 50 metres ;Data missing or out of range;Darkness - lights lit;Fine no high winds;Data missing or out of range;None;None;Urban;No - accident was reported using a self completion  form (self rep only);E01001658;1;2;Passenger;Female;Data missing or out of range;-1;Slight;Not a Pedestrian;Not a Pedestrian;Front seat passenger;Not a bus or coach passenger;No / Not applicable;9;Cyclist;Less deprived 20-30%;2;Car;No tow/articulation;Data missing or out of range;Data missing or out of range;Data missing or out of range;Data missing or out of range;Data missing or out of range;Data missing or out of range;Data missing or out of range;Front;-1;Not known;Not known;-1;Data missing or out of range;-1;-1;-1;-1;Data missing or out of range;-1
2019010159823;541946;188330;0.047034;51.575971;Metropolitan Police;Slight;1;1;27/01/2019;Sunday;11:10;Redbridge;Redbridge;A;12;Dual carriageway;40 MPH;Other junction;Give way or uncontrolled;Unclassified;0;None within 50 metres ;No physical crossing facilities within 50 metres;Daylight;Fine no high winds;Dry;None;None;Urban;Yes;E01003697;1;1;Pedestrian;Male;35;6;Slight;In carriageway, crossing elsewhere;Crossing from driver's nearside;Not car passenger;Not a bus or coach passenger;No / Not applicable;0;Cyclist;More deprived 10-20%;1;Car;No tow/articulation;Going ahead other;On main c'way - not in restricted lane;Cleared junction or waiting/parked at junction exit;None;None;Did not leave carriageway;None;Front;1;Not known;Male;25;21 - 25;-1;-1;-1;6;Urban area;6
2019010159829;545376;184878;0.095071;51.54408;Metropolitan Police;Serious;1;1;26/01/2019;Saturday;18:00;Barking and Dagenham;Barking and Dagenham;C;0;Dual carriageway;30 MPH;T or staggered junction;Give way or uncontrolled;Unclassified;0;None within 50 metres ;Zebra;Darkness - lights lit;Raining no high winds;Wet or damp;None;None;Urban;Yes;E01000070;1;1;Pedestrian;Male;51;8;Serious;Crossing on pedestrian crossing facility;Crossing from driver's nearside;Not car passenger;Not a bus or coach passenger;No / Not applicable;0;Cyclist;More deprived 40-50%;1;Car;No tow/articulation;Going ahead right-hand bend;On main c'way - not in restricted lane;Mid Junction - on roundabout or on main road;None;None;Did not leave carriageway;None;Front;1;Not known;Not known;19;16 - 20;-1;-1;-1;-1;Data missing or out of range;-1