Accident_Index;Location_Easting_OSGR;Location_Northing_OSGR;Longitude;Latitude;Police_Force;Accident_Severity;Number_of_Vehicles;Number_of_Casualties;Date;Day_of_Week;Time;Local_Authority_(District);Local_Authority_(Highway);1st_Road_Class;1st_Road_Number;Road_Type;Speed_limit;Junction_Detail;Junction_Control;2nd_Road_Class;2nd_Road_Number;Pedestrian_Crossing-Human_Control;Pedestrian_Crossing-Physical_Facilities;Light_Conditions;Weather_Conditions;Road_Surface_Conditions;Special_Conditions_at_Site;Carriageway_Hazards;Urban_or_Rural_Area;Did_Police_Officer_Attend_Scene_of_Accident;LSOA_of_Accident_Location;Vehicle_Reference_x;Casualty_Reference;Casualty_Class;Sex_of_Casualty;Age_of_Casualty;Age_Band_of_Casualty;Casualty_Severity;Pedestrian_Location;Pedestrian_Movement;Car_Passenger;Bus_or_Coach_Passenger;Pedestrian_Road_Maintenance_Worker;Casualty_Type;Casualty_Home_Area_Type;Casualty_IMD_Decile;Vehicle_Reference_y;Vehicle_Type;Towing_and_Articulation;Vehicle_Manoeuvre;Vehicle_Location-Restricted_Lane;Junction_Location;Skidding_and_Overturning;Hit_Object_in_Carriageway;Vehicle_Leaving_Carriageway;Hit_Object_off_Carriageway;1st_Point_of_Impact;Was_Vehicle_Left_Hand_Drive?;Journey_Purpose_of_Driver;Sex_of_Driver;Age_of_Driver;Age_Band_of_Driver;Engine_Capacity_(CC);Propulsion_Code;Age_of_Vehicle;Driver_IMD_Decile;Driver_Home_Area_Type;Vehicle_IMD_Decile
2019010159943;535386;184919;-0.048884;51.546932;Metropolitan Police;Slight;1;1;28/01/2019;Monday;08:50;Hackney;Hackney;B;113;Single carriageway;20 MPH;Not at junction or within 20 metres;Data missing or out of range;-1;0;None within 50 metres ;Pedestrian phase at traffic signal junction;Daylight;Fine no high winds;Dry;None;None;Urban;Yes;E01001731;1;1;Pedestrian;Female;16;4;Slight;In carriageway, crossing elsewhere;Crossing from driver's nearside;Not car passenger;Not a bus or coach passenger;No / Not applicable;0;Cyclist;More deprived 10-20%;1;Motorcycle over 500cc;No tow/articulation;Going ahead other;On main c'way - not in restricted lane;Not at or within 20 metres of junction;None;None;Did not leave carriageway;None;Front;1;Not known;Male;31;26 - 35;-1;-1;-1;1;Urban area;1
2019010159949;542723;183127;0.05613;51.529023;Metropolitan Police;Serious;1;1;28/01/2019;Monday;06:45;Newham;Newham;A;117;Single carriageway;30 MPH;Other junction;Give way or uncontrolled;Unclassified;0;None within 50 metres ;Pelican, puffin, toucan or similar non-junction pedestrian light crossing;Darkness - lights unlit;Fine no high winds;Dry;None;None;Urban;Yes;E01003523;1;1;Pedestrian;Female;57;9;Serious;In carriageway, crossing elsewhere;Crossing from driver's offside;Not car passenger;Not a bus or coach passenger;No / Not applicable;0;-1;Data missing or out of range;1;Car;No tow/articulation;Going ahead other;On main c'way - not in restricted lane;Cleared junction or waiting/parked at junction exit;None;None;Did not leave carriageway;None;Front;1;Not known;Male;54;46 - 55;1339;Petrol;15;2;Urban area;2
2019010159950;530470;176740;-0.122764;51.474587;Metropolitan Police;Serious;2;1;28/01/2019;Monday;07:27;Lambeth;Lambeth;A;203;Single carriageway;20 MPH;Crossroads;Auto traffic signal;C;0;Control by other authorised person;Pedestrian phase at traffic signal junction;Daylight;Fine no high winds;Dry;None;None;Urban;Yes;E01003126;1;1;Driver or rider;Male;42;7;Serious;Not a Pedestrian;Not a Pedestrian;Not car passenger;Not a bus or coach passenger;No / Not applicable;1;Cyclist;Less deprived 30-40%;1;Pedal cycle;No tow/articulation;Going ahead other;On main c'way - not in restricted lane;Approaching junction or waiting/parked at junction approach;None;None;Did not leave carriageway;None;Front;1;Not known;Male;42;36 - 45;-1;-1;-1;7;Urban area;7
2019010159950;530470;176740;-0.122764;51.474587;Metropolitan Police;Serious;2;1;28/01/2019;Monday;07:27;Lambeth;Lambeth;A;203;Single carriageway;20 MPH;Crossroads;Auto traffic signal;C;0;Control by other authorised person;Pedestrian phase at traffic signal junction;Daylight;Fine no high winds;Dry;None;None;Urban;Yes;E01003126;1;1;Driver or rider;Male;42;7;Serious;Not a Pedestrian;Not a Pedestrian;Not car passenger;Not a bus or coach passenger;No / Not applicable;1;Cyclist;Less deprived 30-40%;2;Car;No tow/articulation;Going ahead other;On main c'way - not in restricted lane;Mid Junction - on roundabout or on main road;None;None;Did not leave carriageway;None;Front;1;Not known;Not known;-1;Data missing or out of range;-1;-1;-1;-1;Data missing or out of range;-1
2019010159951;550616;176104;0.166835;51.463872;Metropolitan Police;Slight;2;2;28/01/2019;Monday;07:55;Bexley;Bexley;C;0;Single carriageway;30 MPH;More than 4 arms (not roundabout);Give way or uncontrolled;Unclassified;0;None within 50 metres ;No physical crossing facilities within 50 metres;Daylight;Fine no high winds;Dry;None;None;Urban;Yes;E01000326;2;1;Passenger;Male;4;1;Slight;Not a Pedestrian;Not a Pedestrian;Rear seat passenger;Not a bus or coach passenger;No / Not applicable;9;Cyclist;More deprived 20-30%;1;Car;No tow/articulation;Turning right;On main c'way - not in restricted lane;Leaving main road;None;None;Did not leave carriageway;None;Nearside;1;Journey as part of work;Male;61;56 - 65;-1;-1;-1;-1;Data missing or out of range;-1
2019010159951;550616;176104;0.166835;51.463872;Metropolitan Police;Slight;2;2;28/01/2019;Monday;07:55;Bexley;Bexley;C;0;Single carriageway;30 MPH;More than 4 arms (not roundabout);Give way or uncontrolled;Unclassified;0;None within 50 metres ;No physical crossing facilities within 50 metres;Daylight;Fine no high winds;Dry;None;None;Urban;Yes;E01000326;2;1;Passenger;Male;4;1;Slight;Not a Pedestrian;Not a Pedestrian;Rear seat passenger;Not a bus or coach passenger;No / Not applicable;9;Cyclist;More deprived 20-30%;2;Car;No tow/articulation;Going ahead other;On main c'way - not in restricted lane;Approaching junction or waiting/parked at junction approach;None;None;Did not leave carriageway;None;Offside;1;Taking pupil to/from school;Female;27;26 - 35;-1;-1;-1;-1;Data missing or out of range;-1
2019010159951;550616;176104;0.166835;51.463872;Metropolitan Police;Slight;2;2;28/01/2019;Monday;07:55;Bexley;Bexley;C;0;Single carriageway;30 MPH;More than 4 arms (not roundabout);Give way or uncontrolled;Unclassified;0;None within 50 metres ;No physical crossing facilities within 50 metres;Daylight;Fine no high winds;Dry;None;None;Urban;Yes;E01000326;2;2;Passenger;Male;7;2;Slight;Not a Pedestrian;Not a Pedestrian;Rear seat passenger;Not a bus or coach passenger;No / Not applicable;9;Cyclist;More deprived 20-30%;1;Car;No tow/articulation;Turning right;On main c'way - not in restricted lane;Leaving main road;None;None;Did not leave carriageway;None;Nearside;1;Journey as part of work;Male;61;56 - 65;-1;-1;-1;-1;Data missing or out of range;-1
2019010159951;550616;176104;0.166835;51.463872;Metropolitan Police;Slight;2;2;28/01/2019;Monday;07:55;Bexley;Bexley;C;0;Single carriageway;30 MPH;More than 4 arms (not roundabout);Give way or uncontrolled;Unclassified;0;None within 50 metres ;No physical crossing facilities within 50 metres;Daylight;Fine no high winds;Dry;None;None;Urban;Yes;E01000326;2;2;Passenger;Male;7;2;Slight;Not a Pedestrian;Not a Pedestrian;Rear seat passenger;Not a bus or coach passenger;No / Not applicable;9;Cyclist;More deprived 20-30%;2;Car;No tow/articulation;Going ahead other;On main c'way - not in restricted lane;Approaching junction or waiting/parked at junction approach;None;None;Did not leave carriageway;None;Offside;1;Taking pupil to/from school;Female;27;26 - 35;-1;-1;-1;-1;Data missing or out of range;-1
2019010159955;531368;196875;-0.102322;51.655323;Metropolitan Police;Slight;2;2;28/01/2019;Monday;13:40;Enfield;Enfield;A;110;Single carriageway;30 MPH;Not at junction or within 20 metres;Data missing or out of range;-1;0;None within 50 metres ;No physical crossing facilities within 50 metres;Daylight;Fine no high winds;Dry;None;None;Urban;Yes;E01001470;1;1;Driver or rider;Male;51;8;Slight;Not a Pedestrian;Not a Pedestrian;Not car passenger;Not a bus or coach passenger;No / Not applicable;9;Cyclist;More deprived 20-30%;1;Car;No tow/articulation;Going ahead other;On main c'way - not in restricted lane;Not at or within 20 metres of junction;None;None;Did not leave carriageway;None;Back;1;Commuting to/from work;Male;51;46 - 55;-1;-1;-1;3;Urban area;3
2019010159955;531368;196875;-0.102322;51.655323;Metropolitan Police;Slight;2;2;28/01/2019;Monday;13:40;Enfield;Enfield;A;110;Single carriageway;30 MPH;Not at junction or within 20 metres;Data missing or out of range;-1;0;None within 50 metres ;No physical crossing facilities within 50 metres;Daylight;Fine no high winds;Dry;None;None;Urban;Yes;E01001470;1;1;Driver or rider;Male;51;8;Slight;Not a Pedestrian;Not a Pedestrian;Not car passenger;Not a bus or coach passenger;No / Not applicable;9;Cyclist;More deprived 20-30%;2;Van / Goods 3.5 tonnes mgw or under;No tow/articulation;Going ahead other;On main c'way - not in restricted lane;Not at or within 20 metres of junction;None;None;Did not leave carriageway;None;Front;1;Not known;Male;34;26 - 35;-1;-1;-1;8;Urban area;8
2019010159955;531368;196875;-0.102322;51.655323;Metropolitan Police;Slight;2;2;28/01/2019;Monday;13:40;Enfield;Enfield;A;110;Single carriageway;30 MPH;Not at junction or within 20 metres;Data missing or out of range;-1;0;None within 50 metres ;No physical crossing facilities within 50 metres;Daylight;Fine no high winds;Dry;None;None;Urban;Yes;E01001470;2;2;Driver or rider;Male;34;6;Slight;Not a Pedestrian;Not a Pedestrian;Not car passenger;Not a bus or coach passenger;No / Not applicable;19;Cyclist;Less deprived 20-30%;1;Car;No tow/articulation;Going ahead other;On main c'way - not in restricted lane;Not at or within 20 metres of junction;None;None;Did not leave carriageway;None;Back;1;Commuting to/from work;Male;51;46 - 55;-1;-1;-1;3;Urban area;3
2019010159955;531368;196875;-0.102322;51.655323;Metropolitan Police;Slight;2;2;28/01/2019;Monday;13:40;Enfield;Enfield;A;110;Single carriageway;30 MPH;Not at junction or within 20 metres;Data missing or out of range;-1;0;None within 50 metres ;No physical crossing facilities within 50 metres;Daylight;Fine no high winds;Dry;None;None;Urban;Yes;E01001470;2;2;Driver or rider;Male;34;6;Slight;Not a Pedestrian;Not a Pedestrian;Not car passenger;Not a bus or coach passenger;No / Not applicable;19;Cyclist;Less deprived 20-30%;2;Van / Goods 3.5 tonnes mgw or under;No tow/articulation;Going ahead other;On main c'way - not in restricted lane;Not at or within 20 metres of junction;None;None;Did not leave carriageway;None;Front;1;Not known;Male;34;26 - 35;-1;-1;-1;8;Urban area;8
2019010159967;524887;190265;-0.198316;51.597397;Metropolitan Police;Slight;2;1;27/01/2019;Sunday;12:55;Barnet;Barnet;A;504;Single carriageway;30 MPH;T or staggered junction;Auto traffic signal;A;598;None within 50 metres ;Pedestrian phase at traffic signal junction;Daylight;Fine no high winds;Dry;None;None;Urban;No - accident was reported using a self completion  form (self rep only);E01000196;1;1;Driver or rider;Female;45;7;Slight;Not a Pedestrian;Not a Pedestrian;Not car passenger;Not a bus or coach passenger;No / Not applicable;9;Cyclist;More deprived 30-40%;1;Car;No tow/articulation;Data missing or out of range;Data missing or out of range;Data missing or out of range;Data missing or out of range;Data missing or out of range;Data missing or out of range;Data missing or out of range;Front;-1;Not known;Female;45;36 - 45;-1;-1;-1;4;Urban area;4
2019010159967;524887;190265;-0.198316;51.597397;Metropolitan Police;Slight;2;1;27/01/2019;Sunday;12:55;Barnet;Barnet;A;504;Single carriageway;30 MPH;T or staggered junction;Auto traffic signal;A;598;None within 50 metres ;Pedestrian phase at traffic signal junction;Daylight;Fine no high winds;Dry;None;None;Urban;No - accident was reported using a self completion  form (self rep only);E01000196;1;1;Driver or rider;Female;45;7;Slight;Not a Pedestrian;Not a Pedestrian;Not car passenger;Not a bus or coach passenger;No / Not applicable;9;Cyclist;More deprived 30-40%;2;Car;No tow/articulation;Data missing or out of range;Data missing or out of range;Data missing or out of range;Data missing or out of range;Data missing or out of range;Data missing or out of range;Data missing or out of range;Data missing or out of range;-1;Not known;Not known;-1;Data missing or out of range;-1;-1;-1;3;Urban area;3
2019010159969;528654;183590;-0.146401;51.536563;Metropolitan Police;Slight;2;1;28/01/2019;Monday;09:00;Camden;Camden;A;4201;Single carriageway;20 MPH;Crossroads;Auto traffic signal;A;4201;None within 50 metres ;Pelican, puffin, toucan or similar non-junction pedestrian light crossing;Daylight;Fine no high winds;Dry;None;None;Urban;Yes;E01000948;2;1;Driver or rider;Female;53;8;Slight;Not a Pedestrian;Not a Pedestrian;Not car passenger;Not a bus or coach passenger;No / Not applicable;1;Cyclist;More deprived 10-20%;1;Car;No tow/articulation;Moving off;On main c'way - not in restricted lane;Approaching junction or waiting/parked at junction approach;None;None;Did not leave carriageway;None;Front;1;Not known;Male;29;26 - 35;-1;-1;-1;3;Urban area;3
2019010159969;528654;183590;-0.146401;51.536563;Metropolitan Police;Slight;2;1;28/01/2019;Monday;09:00;Camden;Camden;A;4201;Single carriageway;20 MPH;Crossroads;Auto traffic signal;A;4201;None within 50 metres ;Pelican, puffin, toucan or similar non-junction pedestrian light crossing;Daylight;Fine no high winds;Dry;None;None;Urban;Yes;E01000948;2;1;Driver or rider;Female;53;8;Slight;Not a Pedestrian;Not a Pedestrian;Not car passenger;Not a bus or coach passenger;No / Not applicable;1;Cyclist;More deprived 10-20%;2;Pedal cycle;No tow/articulation;Moving off;On main c'way - not in restricted lane;Approaching junction or waiting/parked at junction approach;None;None;Did not leave carriageway;None;Back;1;Commuting to/from work;Female;53;46 - 55;-1;-1;-1;2;Urban area;2
2019010159985;513320;177368;-0.36939;51.483922;Metropolitan Police;Slight;1;1;28/01/2019;Monday;08:31;Hounslow;Hounslow;Unclassified;0;Single carriageway;20 MPH;Other junction;Auto traffic signal;Unclassified;0;None within 50 metres ;No physical crossing facilities within 50 metres;Daylight;Fine no high winds;Dry;None;None;Urban;Yes;E01002628;1;1;Pedestrian;Female;12;3;Slight;In carriageway, crossing elsewhere;Crossing from driver's nearside;Not car passenger;Not a bus or coach passenger;No / Not applicable;0;Cyclist;More deprived 40-50%;1;Car;No tow/articulation;Going ahead other;On main c'way - not in restricted lane;Approaching junction or waiting/parked at junction approach;None;None;Did not leave carriageway;None;Front;1;Not known;Female;33;26 - 35;1598;Heavy oil;3;5;Urban area;5
2019010159987;534582;169841;-0.066213;51.411626;Metropolitan Police;Slight;1;1;28/01/2019;Monday;09:00;Bromley;Bromley;A;214;Single carriageway;30 MPH;T or staggered junction;Give way or uncontrolled;Unclassified;0;None within 50 metres ;Pelican, puffin, toucan or similar non-junction pedestrian light crossing;Daylight;Fine no high winds;Dry;None;None;Urban;Yes;E01000743;1;1;Pedestrian;Female;27;6;Slight;Crossing elsewhere within 50m. of pedestrian crossing;Crossing from nearside - masked by parked or stationary vehicle;Not car passenger;Not a bus or coach passenger;No / Not applicable;0;Cyclist;More deprived 30-40%;1;Car;No tow/articulation;Overtaking static vehicle - offside;Bus lane;Approaching junction or waiting/parked at junction approach;None;None;Did not leave carriageway;None;Did not impact;1;Journey as part of work;Male;61;56 - 65;-1;-1;-1;5;Urban area;5
2019010159988;536961;187566;-0.025154;51.570339;Metropolitan Police;Slight;2;1;28/01/2019;Monday;07:30;Waltham Forest;Waltham Forest;A;104;Single carriageway;20 MPH;T or staggered junction;Auto traffic signal;A;1006;None within 50 metres ;Pedestrian phase at traffic signal junction;Daylight;Unknown;Dry;None;None;Urban;No - accident was reported using a self completion  form (self rep only);E01004424;1;1;Driver or rider;Male;35;6;Slight;Not a Pedestrian;Not a Pedestrian;Not car passenger;Not a bus or coach passenger;No / Not applicable;9;Cyclist;More deprived 20-30%;1;Car;No tow/articulation;Data missing or out of range;Data missing or out of range;Data missing or out of range;Data missing or out of range;Data missing or out of range;Data missing or out of range;Data missing or out of range;Data missing or out of range;-1;Not known;Male;35;26 - 35;-1;-1;-1;3;Urban area;3
2019010159988;536961;187566;-0.025154;51.570339;Metropolitan Police;Slight;2;1;28/01/2019;Monday;07:30;Waltham Forest;Waltham Forest;A;104;Single carriageway;20 MPH;T or staggered junction;Auto traffic signal;A;1006;None within 50 metres ;Pedestrian phase at traffic signal junction;Daylight;Unknown;Dry;None;None;Urban;No - accident was reported using a self completion  form (self rep only);E01004424;1;1;Driver or rider;Male;35;6;Slight;Not a Pedestrian;Not a Pedestrian;Not car passenger;Not a bus or coach passenger;No / Not applicable;9;Cyclist;More deprived 20-30%;2;Van / Goods 3.5 tonnes mgw or under;No tow/articulation;Data missing or out of range;Data missing or out of range;Data missing or out of range;Data missing or out of range;Data missing or out of range;Data missing or out of range;Data missing or out of range;Front;-1;Not known;Not known;-1;Data missing or out of range;-1;-1;-1;-1;Data missing or out of range;-1
2019010159993;526701;176332;-0.17715;51.471776;Metropolitan Police;Slight;2;1;28/01/2019;Monday;08:28;Wandsworth;Wandsworth;B;305;Single carriageway;30 MPH;T or staggered junction;Give way or uncontrolled;Unclassified;0;None within 50 metres ;No physical crossing facilities within 50 metres;Daylight;Fine no high winds;Dry;None;Other object on road;Urban;Yes;E01033133;2;1;Driver or rider;Male;32;6;Slight;Not a Pedestrian;Not a Pedestrian;Not car passenger;Not a bus or coach passenger;No / Not applicable;1;Cyclist;Less deprived 30-40%;1;Car;No tow/articulation;Moving off;On main c'way - not in restricted lane;Entering main road;None;None;Did not leave carriageway;None;Front;1;Taking pupil to/from school;Female;36;36 - 45;-1;-1;-1;2;Urban area;2
2019010159993;526701;176332;-0.17715;51.471776;Metropolitan Police;Slight;2;1;28/01/2019;Monday;08:28;Wandsworth;Wandsworth;B;305;Single carriageway;30 MPH;T or staggered junction;Give way or uncontrolled;Unclassified;0;None within 50 metres ;No physical crossing facilities within 50 metres;Daylight;Fine no high winds;Dry;None;Other object on road;Urban;Yes;E01033133;2;1;Driver or rider;Male;32;6;Slight;Not a Pedestrian;Not a Pedestrian;Not car passenger;Not a bus or coach passenger;No / Not applicable;1;Cyclist;Less deprived 30-40%;2;Pedal cycle;No tow/articulation;Overtaking - nearside;On main c'way - not in restricted lane;Approaching junction or waiting/parked at junction approach;Overturned;None;Offside;Tree;Front;1;Journey as part of work;Male;32;26 - 35;-1;-1;-1;7;Urban area;7
2019010160001;522427;180662;-0.237155;51.511631;Metropolitan Police;Slight;1;1;28/01/2019;Monday;08:46;Hammersmith and Fulham;Hammersmith and Fulham;Unclassified;0;Single carriageway;20 MPH;Other junction;Give way or uncontrolled;Unclassified;0;None within 50 metres ;Central refuge;Daylight;Fine no high winds;Dry;None;None;Urban;Yes;E01001955;1;1;Pedestrian;Male;15;3;Slight;In carriageway, crossing elsewhere;Crossing from driver's nearside;Not car passenger;Not a bus or coach passenger;No / Not applicable;0;Cyclist;Most deprived 10%;1;Bus or coach (17 or more pass seats);No tow/articulation;Going ahead other;On main c'way - not in restricted lane;Cleared junction or waiting/parked at junction exit;None;None;Did not leave carriageway;None;Nearside;1;Not known;Male;50;46 - 55;-1;-1;-1;4;Urban area;4
2019010160004;523740;167340;-0.222899;51.391616;Metropolitan Police;Slight;2;1;28/01/2019;Monday;07:04;Merton;Merton;B;279;Single carriageway;30 MPH;Not at junction or within 20 metres;Data missing or out of range;-1;0;None within 50 metres ;Data missing or out of range;Darkness - lights lit;Fine no high winds;Dry;None;None;Urban;No - accident was reported using a self completion  form (self rep only);E01003421;1;1;Driver or rider;Male;37;7;Slight;Not a Pedestrian;Not a Pedestrian;Not car passenger;Not a bus or coach passenger;No / Not applicable;1;Cyclist;Less deprived 20-30%;1;Pedal cycle;Data missing or out of range;Data missing or out of range;Data missing or out of range;Not at or within 20 metres of junction;Data missing or out of range;Data missing or out of range;Data missing or out of range;Data missing or out of range;Data missing or out of range;1;Commuting to/from work;Male;37;36 - 45;-1;-1;-1;8;Urban area;8
2019010160004;523740;167340;-0.222899;51.391616;Metropolitan Police;Slight;2;1;28/01/2019;Monday;07:04;Merton;Merton;B;279;Single carriageway;30 MPH;Not at junction or within 20 metres;Data missing or out of range;-1;0;None within 50 metres ;Data missing or out of range;Darkness - lights lit;Fine no high winds;Dry;None;None;Urban;No - accident was reported using a self completion  form (self rep only);E01003421;1;1;Driver or rider;Male;37;7;Slight;Not a Pedestrian;Not a Pedestrian;Not car passenger;Not a bus or coach passenger;No / Not applicable;1;Cyclist;Less deprived 20-30%;2;Car;No tow/articulation;Data missing or out of range;Data missing or out of range;Not at or within 20 metres of junction;Data missing or out of range;Data missing or out of range;Data missing or out of range;Data missing or out of range;Data missing or out of range;-1;Not known;Not known;52;46 - 55;-1;-1;-1;-1;Data missing or out of range;-1
2019010160005;530576;185787;-0.11789;51.555866;Metropolitan Police;Slight;2;1;28/01/2019;Monday;09:50;Islington;Islington;A;503;Single carriageway;20 MPH;Crossroads;Auto traffic signal;A;503;None within 50 metres ;No physical crossing facilities within 50 metres;Daylight;Fine no high winds;Dry;None;None;Urban;Yes;E01002763;2;1;Driver or rider;Male;47;8;Slight;Not a Pedestrian;Not a Pedestrian;Not car passenger;Not a bus or coach passenger;No / Not applicable;3;Cyclist;More deprived 10-20%;1;Car;No tow/articulation;Changing lane to left;On main c'way - not in restricted lane;Mid Junction - on roundabout or on main road;None;None;Did not leave carriageway;None;Offside;1;Journey as part of work;Male;67;66 - 75;-1;-1;-1;5;Urban area;5
2019010160005;530576;185787;-0.11789;51.555866;Metropolitan Police;Slight;2;1;28/01/2019;Monday;09:50;Islington;Islington;A;503;Single carriageway;20 MPH;Crossroads;Auto traffic signal;A;503;None within 50 metres ;No physical crossing facilities within 50 metres;Daylight;Fine no high winds;Dry;None;None;Urban;Yes;E01002763;2;1;Driver or rider;Male;47;8;Slight;Not a Pedestrian;Not a Pedestrian;Not car passenger;Not a bus or coach passenger;No / Not applicable;3;Cyclist;More deprived 10-20%;2;Motorcycle 125cc and under;No tow/articulation;Changing lane to left;On main c'way - not in restricted lane;Mid Junction - on roundabout or on main road;None;None;Did not leave carriageway;None;Back;1;Not known;Male;47;46 - 55;-1;-1;-1;2;Urban area;2
2019010160007;532589;182676;-0.090042;51.527439;Metropolitan Police;Slight;2;1;17/01/2019;Thursday;10:13;Islington;Islington;A;501;Single carriageway;20 MPH;T or staggered junction;Auto traffic signal;Unclassified;0;None within 50 metres ;Data missing or out of range;Daylight;Fine no high winds;Wet or damp;None;None;Urban;No - accident was reported using a self completion  form (self rep only);E01002701;1;1;Driver or rider;Male;20;4;Slight;Not a Pedestrian;Not a Pedestrian;Not car passenger;Not a bus or coach passenger;No / Not applicable;5;Cyclist;More deprived 10-20%;1;Motorcycle over 500cc;No tow/articulation;Data missing or out of range;Data missing or out of range;Data missing or out of range;Data missing or out of range;Data missing or out of range;Data missing or out of range;Data missing or out of range;Data missing or out of range;1;Not known;Male;20;16 - 20;-1;-1;-1;2;Urban area;2
2019010160007;532589;182676;-0.090042;51.527439;Metropolitan Police;Slight;2;1;17/01/2019;Thursday;10:13;Islington;Islington;A;501;Single carriageway;20 MPH;T or staggered junction;Auto traffic signal;Unclassified;0;None within 50 metres ;Data missing or out of range;Daylight;Fine no high winds;Wet or damp;None;None;Urban;No - accident was reported using a self completion  form (self rep only);E01002701;1;1;Driver or rider;Male;20;4;Slight;Not a Pedestrian;Not a Pedestrian;Not car passenger;Not a bus or coach passenger;No / Not applicable;5;Cyclist;More deprived 10-20%;2;Van / Goods 3.5 tonnes mgw or under;No tow/articulation;Data missing or out of range;Data missing or out of range;Data missing or out of range;Data missing or out of range;Data missing or out of range;Data missing or out of range;Data missing or out of range;Data missing or out of range;-1;Not known;Not known;-1;Data missing or out of range;-1;-1;-1;-1;Data missing or out of range;-1
2019010160009;526108;183432;-0.183147;51.535717;Metropolitan Police;Slight;2;1;23/01/2019;Wednesday;16:25;Westminster;Westminster;Unclassified;0;Single carriageway;20 MPH;Not at junction or within 20 metres;Data missing or out of range;-1;0;None within 50 metres ;No physical crossing facilities within 50 metres;Darkness - lighting unknown;Raining no high winds;Data missing or out of range;Data missing or out of range;None;Urban;No - accident was reported using a self completion  form (self rep only);E01004646;1;1;Driver or rider;Female;53;8;Slight;Not a Pedestrian;Not a Pedestrian;Not car passenger;Not a bus or coach passenger;No / Not applicable;1;Cyclist;More deprived 20-30%;1;Pedal cycle;Data missing or out of range;Data missing or out of range;Data missing or out of range;Not at or within 20 metres of junction;Data missing or out of range;Data missing or out of range;Data missing or out of range;Data missing or out of range;Did not impact;1;Commuting to/from work;Female;53;46 - 55;-1;-1;-1;3;Urban area;3
2019010160009;526108;183432;-0.183147;51.535717;Metropolitan Police;Slight;2;1;23/01/2019;Wednesday;16:25;Westminster;Westminster;Unclassified;0;Single carriageway;20 MPH;Not at junction or within 20 metres;Data missing or out of range;-1;0;None within 50 metres ;No physical crossing facilities within 50 metres;Darkness - lighting unknown;Raining no high winds;Data missing or out of range;Data missing or out of range;None;Urban;No - accident was reported using a self completion  form (self rep only);E01004646;1;1;Driver or rider;Female;53;8;Slight;Not a Pedestrian;Not a Pedestrian;Not car passenger;Not a bus or coach passenger;No / Not applicable;1;Cyclist;More deprived 20-30%;2;Data missing or out of range;No tow/articulation;Data missing or out of range;Data missing or out of range;Not at or within 20 metres of junction;Data missing or out of range;Data missing or out of range;Data missing or out of range;Data missing or out of range;Data missing or out of range;-1;Not known;Not known;-1;Data missing or out of range;-1;-1;-1;-1;Data missing or out of range;-1
2019010160010;532997;186272;-0.082806;51.559659;Metropolitan Police;Slight;1;1;28/01/2019;Monday;11:50;Hackney;Hackney;B;104;Single carriageway;20 MPH;Not at junction or within 20 metres;Data missing or out of range;-1;0;None within 50 metres ;Zebra;Daylight;Fine no high winds;Dry;None;None;Urban;Yes;E01001742;1;1;Driver or rider;Male;35;6;Slight;Not a Pedestrian;Not a Pedestrian;Not car passenger;Not a bus or coach passenger;No / Not applicable;9;Cyclist;More deprived 10-20%;1;Car;No tow/articulation;Turning right;Footway (pavement);Not at or within 20 metres of junction;Skidded;Kerb;Nearside;Wall or fence;Front;1;Not known;Male;35;26 - 35;-1;-1;-1;2;Urban area;2
2019010160013;541099;168144;0.026759;51.394794;Metropolitan Police;Slight;2;2;28/01/2019;Monday;08:30;Bromley;Bromley;A;21;Single carriageway;30 MPH;Not at junction or within 20 metres;Data missing or out of range;-1;0;None within 50 metres ;Pedestrian phase at traffic signal junction;Daylight;Other;Wet or damp;None;None;Urban;Yes;E01000671;1;1;Driver or rider;Male;30;6;Slight;Not a Pedestrian;Not a Pedestrian;Not car passenger;Not a bus or coach passenger;No / Not applicable;3;Cyclist;Less deprived 30-40%;1;Motorcycle 125cc and under;No tow/articulation;Overtaking - nearside;On main c'way - not in restricted lane;Not at or within 20 metres of junction;None;None;Did not leave carriageway;None;Nearside;1;Commuting to/from work;Male;30;26 - 35;-1;-1;-1;7;Urban area;7
2019010160013;541099;168144;0.026759;51.394794;Metropolitan Police;Slight;2;2;28/01/2019;Monday;08:30;Bromley;Bromley;A;21;Single carriageway;30 MPH;Not at junction or within 20 metres;Data missing or out of range;-1;0;None within 50 metres ;Pedestrian phase at traffic signal junction;Daylight;Other;Wet or damp;None;None;Urban;Yes;E01000671;1;1;Driver or rider;Male;30;6;Slight;Not a Pedestrian;Not a Pedestrian;Not car passenger;Not a bus or coach passenger;No / Not applicable;3;Cyclist;Less deprived 30-40%;2;Car;No tow/articulation;Changing lane to right;On main c'way - not in restricted lane;Not at or within 20 metres of junction;None;None;Did not leave carriageway;None;Offside;1;Commuting to/from work;Female;34;26 - 35;-1;-1;-1;5;Urban area;5
2019010160013;541099;168144;0.026759;51.394794;Metropolitan Police;Slight;2;2;28/01/2019;Monday;08:30;Bromley;Bromley;A;21;Single carriageway;30 MPH;Not at junction or within 20 metres;Data missing or out of range;-1;0;None within 50 metres ;Pedestrian phase at traffic signal junction;Daylight;Other;Wet or damp;None;None;Urban;Yes;E01000671;2;2;Driver or rider;Female;34;6;Slight;Not a Pedestrian;Not a Pedestrian;Not car passenger;Not a bus or coach passenger;No / Not applicable;9;Cyclist;More deprived 40-50%;1;Motorcycle 125cc and under;No tow/articulation;Overtaking - nearside;On main c'way - not in restricted lane;Not at or within 20 metres of junction;None;None;Did not leave carriageway;None;Nearside;1;Commuting to/from work;Male;30;26 - 35;-1;-1;-1;7;Urban area;7