Accident_Index;Location_Easting_OSGR;Location_Northing_OSGR;Longitude;Latitude;Police_Force;Accident_Severity;Number_of_Vehicles;Number_of_Casualties;Date;Day_of_Week;Time;Local_Authority_(District);Local_Authority_(Highway);1st_Road_Class;1st_Road_Number;Road_Type;Speed_limit;Junction_Detail;Junction_Control;2nd_Road_Class;2nd_Road_Number;Pedestrian_Crossing-Human_Control;Pedestrian_Crossing-Physical_Facilities;Light_Conditions;Weather_Conditions;Road_Surface_Conditions;Special_Conditions_at_Site;Carriageway_Hazards;Urban_or_Rural_Area;Did_Police_Officer_Attend_Scene_of_Accident;LSOA_of_Accident_Location;Vehicle_Reference_x;Casualty_Reference;Casualty_Class;Sex_of_Casualty;Age_of_Casualty;Age_Band_of_Casualty;Casualty_Severity;Pedestrian_Location;Pedestrian_Movement;Car_Passenger;Bus_or_Coach_Passenger;Pedestrian_Road_Maintenance_Worker;Casualty_Type;Casualty_Home_Area_Type;Casualty_IMD_Decile;Vehicle_Reference_y;Vehicle_Type;Towing_and_Articulation;Vehicle_Manoeuvre;Vehicle_Location-Restricted_Lane;Junction_Location;Skidding_and_Overturning;Hit_Object_in_Carriageway;Vehicle_Leaving_Carriageway;Hit_Object_off_Carriageway;1st_Point_of_Impact;Was_Vehicle_Left_Hand_Drive?;Journey_Purpose_of_Driver;Sex_of_Driver;Age_of_Driver;Age_Band_of_Driver;Engine_Capacity_(CC);Propulsion_Code;Age_of_Vehicle;Driver_IMD_Decile;Driver_Home_Area_Type;Vehicle_IMD_Decile
2019010160013;541099;168144;0.026759;51.394794;Metropolitan Police;Slight;2;2;28/01/2019;Monday;08:30;Bromley;Bromley;A;21;Single carriageway;30 MPH;Not at junction or within 20 metres;Data missing or out of range;-1;0;None within 50 metres ;Pedestrian phase at traffic signal junction;Daylight;Other;Wet or damp;None;None;Urban;Yes;E01000671;2;2;Driver or rider;Female;34;6;Slight;Not a Pedestrian;Not a Pedestrian;Not car passenger;Not a bus or coach passenger;No / Not applicable;9;Cyclist;More deprived 40-50%;2;Car;No tow/articulation;Changing lane to right;On main c'way - not in restricted lane;Not at or within 20 metres of junction;None;None;Did not leave carriageway;None;Offside;1;Commuting to/from work;Female;34;26 - 35;-1;-1;-1;5;Urban area;5
2019010160019;519888;180731;-0.273702;51.512795;Metropolitan Police;Serious;1;1;28/01/2019;Monday;10:02;Ealing;Ealing;Unclassified;0;Single carriageway;30 MPH;Crossroads;Give way or uncontrolled;Unclassified;0;None within 50 metres ;Central refuge;Daylight;Fine no high winds;Dry;None;None;Urban;Yes;E01001197;1;1;Pedestrian;Male;77;11;Serious;Crossing elsewhere within 50m. of pedestrian crossing;Crossing from driver's offside;Not car passenger;Not a bus or coach passenger;No / Not applicable;0;Cyclist;More deprived 30-40%;1;Van / Goods 3.5 tonnes mgw or under;No tow/articulation;Turning right;On main c'way - not in restricted lane;Approaching junction or waiting/parked at junction approach;None;None;Did not leave carriageway;None;Front;1;Journey as part of work;Male;44;36 - 45;-1;-1;-1;-1;Data missing or out of range;-1
2019010160027;517257;170054;-0.315138;51.417385;Metropolitan Police;Slight;1;1;28/01/2019;Monday;06:20;Richmond upon Thames;Richmond upon Thames;A;310;Dual carriageway;30 MPH;Other junction;Give way or uncontrolled;Unclassified;0;None within 50 metres ;Pelican, puffin, toucan or similar non-junction pedestrian light crossing;Darkness - lights lit;Fine no high winds;Dry;None;None;Urban;Yes;E01003839;1;1;Driver or rider;Male;48;8;Slight;Not a Pedestrian;Not a Pedestrian;Not car passenger;Not a bus or coach passenger;No / Not applicable;9;Cyclist;Less deprived 40-50%;1;Car;No tow/articulation;Going ahead other;On main c'way - not in restricted lane;Cleared junction or waiting/parked at junction exit;None;Kerb;Nearside;Wall or fence;Front;1;Commuting to/from work;Male;48;46 - 55;-1;-1;-1;6;Urban area;6
2019010160029;541211;186719;0.035788;51.56168;Metropolitan Police;Slight;2;1;27/01/2019;Sunday;22:08;Redbridge;Redbridge;A;116;Single carriageway;30 MPH;Data missing or out of range;Data missing or out of range;Unclassified;0;None within 50 metres ;No physical crossing facilities within 50 metres;Darkness - lights lit;Fine no high winds;Dry;None;None;Urban;No - accident was reported using a self completion  form (self rep only);E01003793;1;1;Driver or rider;Male;50;8;Slight;Not a Pedestrian;Not a Pedestrian;Not car passenger;Not a bus or coach passenger;No / Not applicable;8;Cyclist;More deprived 10-20%;1;Taxi/Private hire car;No tow/articulation;Data missing or out of range;Data missing or out of range;Data missing or out of range;Data missing or out of range;Data missing or out of range;Data missing or out of range;Data missing or out of range;Front;-1;Not known;Male;50;46 - 55;-1;-1;-1;2;Urban area;2
2019010160029;541211;186719;0.035788;51.56168;Metropolitan Police;Slight;2;1;27/01/2019;Sunday;22:08;Redbridge;Redbridge;A;116;Single carriageway;30 MPH;Data missing or out of range;Data missing or out of range;Unclassified;0;None within 50 metres ;No physical crossing facilities within 50 metres;Darkness - lights lit;Fine no high winds;Dry;None;None;Urban;No - accident was reported using a self completion  form (self rep only);E01003793;1;1;Driver or rider;Male;50;8;Slight;Not a Pedestrian;Not a Pedestrian;Not car passenger;Not a bus or coach passenger;No / Not applicable;8;Cyclist;More deprived 10-20%;2;Motorcycle 125cc and under;No tow/articulation;Data missing or out of range;Data missing or out of range;Data missing or out of range;Data missing or out of range;Data missing or out of range;Data missing or out of range;Data missing or out of range;Front;1;Not known;Not known;-1;Data missing or out of range;-1;-1;-1;-1;Data missing or out of range;-1
2019010160035;535207;181976;-0.052593;51.520528;Metropolitan Police;Slight;2;1;28/01/2019;Monday;08:34;Tower Hamlets;Tower Hamlets;A;11;Single carriageway;30 MPH;Not at junction or within 20 metres;Data missing or out of range;-1;0;Data missing or out of range;Zebra;Daylight;Fine no high winds;Wet or damp;None;None;Urban;No - accident was reported using a self completion  form (self rep only);E01004290;1;1;Driver or rider;Male;36;7;Slight;Not a Pedestrian;Not a Pedestrian;Not car passenger;Not a bus or coach passenger;No / Not applicable;1;Cyclist;More deprived 10-20%;1;Pedal cycle;Data missing or out of range;Data missing or out of range;Data missing or out of range;Not at or within 20 metres of junction;Data missing or out of range;Data missing or out of range;Data missing or out of range;Data missing or out of range;Front;1;Commuting to/from work;Male;36;36 - 45;-1;-1;-1;2;Urban area;2
2019010160035;535207;181976;-0.052593;51.520528;Metropolitan Police;Slight;2;1;28/01/2019;Monday;08:34;Tower Hamlets;Tower Hamlets;A;11;Single carriageway;30 MPH;Not at junction or within 20 metres;Data missing or out of range;-1;0;Data missing or out of range;Zebra;Daylight;Fine no high winds;Wet or damp;None;None;Urban;No - accident was reported using a self completion  form (self rep only);E01004290;1;1;Driver or rider;Male;36;7;Slight;Not a Pedestrian;Not a Pedestrian;Not car passenger;Not a bus or coach passenger;No / Not applicable;1;Cyclist;More deprived 10-20%;2;Car;No tow/articulation;Data missing or out of range;Data missing or out of range;Not at or within 20 metres of junction;Data missing or out of range;Data missing or out of range;Data missing or out of range;Data missing or out of range;Front;-1;Not known;Female;34;26 - 35;-1;-1;-1;3;Urban area;3
2019010160037;516118;177434;-0.32909;51.483949;Metropolitan Police;Slight;1;1;28/01/2019;Monday;08:27;Hounslow;Hounslow;B;454;Roundabout;30 MPH;Mini-roundabout;Give way or uncontrolled;Unclassified;0;None within 50 metres ;Zebra;Daylight;Fine no high winds;Dry;None;None;Urban;Yes;E01002678;1;1;Pedestrian;Female;33;6;Slight;Crossing on pedestrian crossing facility;Unknown or other;Not car passenger;Not a bus or coach passenger;No / Not applicable;0;Cyclist;Less deprived 20-30%;1;Car;No tow/articulation;Going ahead other;On main c'way - not in restricted lane;Leaving roundabout;None;None;Did not leave carriageway;None;Front;1;Not known;Female;37;36 - 45;-1;-1;-1;7;Data missing or out of range;7
2019010160039;529208;181363;-0.139234;51.516423;Metropolitan Police;Slight;1;1;25/01/2019;Friday;14:00;Westminster;Westminster;Unclassified;0;One way street;30 MPH;Not at junction or within 20 metres;Data missing or out of range;-1;0;None within 50 metres ;No physical crossing facilities within 50 metres;Daylight;Fine no high winds;Wet or damp;None;None;Urban;No - accident was reported using a self completion  form (self rep only);E01033595;1;1;Pedestrian;Female;39;7;Slight;In carriageway, crossing elsewhere;Crossing from driver's nearside;Not car passenger;Not a bus or coach passenger;No / Not applicable;0;Cyclist;Less deprived 30-40%;1;Pedal cycle;Data missing or out of range;Data missing or out of range;Data missing or out of range;Not at or within 20 metres of junction;Data missing or out of range;Data missing or out of range;Data missing or out of range;Data missing or out of range;Front;1;Not known;Not known;-1;Data missing or out of range;-1;-1;-1;-1;Data missing or out of range;-1
2019010160051;544645;167402;0.077391;51.387236;Metropolitan Police;Slight;2;2;28/01/2019;Monday;13:34;Bromley;Bromley;C;0;Single carriageway;30 MPH;Crossroads;Give way or uncontrolled;Unclassified;0;None within 50 metres ;No physical crossing facilities within 50 metres;Daylight;Fine no high winds;Dry;None;None;Urban;Yes;E01000807;1;1;Driver or rider;Male;28;6;Slight;Not a Pedestrian;Not a Pedestrian;Not car passenger;Not a bus or coach passenger;No / Not applicable;9;Cyclist;More deprived 10-20%;1;Car;No tow/articulation;Turning left;On main c'way - not in restricted lane;Approaching junction or waiting/parked at junction approach;None;None;Did not leave carriageway;None;Front;1;Journey as part of work;Male;28;26 - 35;-1;-1;-1;2;Urban area;2
2019010160051;544645;167402;0.077391;51.387236;Metropolitan Police;Slight;2;2;28/01/2019;Monday;13:34;Bromley;Bromley;C;0;Single carriageway;30 MPH;Crossroads;Give way or uncontrolled;Unclassified;0;None within 50 metres ;No physical crossing facilities within 50 metres;Daylight;Fine no high winds;Dry;None;None;Urban;Yes;E01000807;1;1;Driver or rider;Male;28;6;Slight;Not a Pedestrian;Not a Pedestrian;Not car passenger;Not a bus or coach passenger;No / Not applicable;9;Cyclist;More deprived 10-20%;2;Motorcycle over 500cc;No tow/articulation;Overtaking - nearside;On main c'way - not in restricted lane;Approaching junction or waiting/parked at junction approach;None;None;Did not leave carriageway;None;Front;1;Not known;Male;29;26 - 35;-1;-1;-1;-1;Data missing or out of range;-1
2019010160051;544645;167402;0.077391;51.387236;Metropolitan Police;Slight;2;2;28/01/2019;Monday;13:34;Bromley;Bromley;C;0;Single carriageway;30 MPH;Crossroads;Give way or uncontrolled;Unclassified;0;None within 50 metres ;No physical crossing facilities within 50 metres;Daylight;Fine no high winds;Dry;None;None;Urban;Yes;E01000807;2;2;Driver or rider;Male;29;6;Slight;Not a Pedestrian;Not a Pedestrian;Not car passenger;Not a bus or coach passenger;No / Not applicable;5;-1;Data missing or out of range;1;Car;No tow/articulation;Turning left;On main c'way - not in restricted lane;Approaching junction or waiting/parked at junction approach;None;None;Did not leave carriageway;None;Front;1;Journey as part of work;Male;28;26 - 35;-1;-1;-1;2;Urban area;2
2019010160051;544645;167402;0.077391;51.387236;Metropolitan Police;Slight;2;2;28/01/2019;Monday;13:34;Bromley;Bromley;C;0;Single carriageway;30 MPH;Crossroads;Give way or uncontrolled;Unclassified;0;None within 50 metres ;No physical crossing facilities within 50 metres;Daylight;Fine no high winds;Dry;None;None;Urban;Yes;E01000807;2;2;Driver or rider;Male;29;6;Slight;Not a Pedestrian;Not a Pedestrian;Not car passenger;Not a bus or coach passenger;No / Not applicable;5;-1;Data missing or out of range;2;Motorcycle over 500cc;No tow/articulation;Overtaking - nearside;On main c'way - not in restricted lane;Approaching junction or waiting/parked at junction approach;None;None;Did not leave carriageway;None;Front;1;Not known;Male;29;26 - 35;-1;-1;-1;-1;Data missing or out of range;-1
2019010160054;527954;180680;-0.157545;51.51057;Metropolitan Police;Slight;2;1;25/01/2019;Friday;17:35;Westminster;Westminster;A;4202;One way street;40 MPH;Data missing or out of range;Data missing or out of range;A;4202;None within 50 metres ;No physical crossing facilities within 50 metres;Darkness - lights lit;Other;Dry;None;None;Urban;No - accident was reported using a self completion  form (self rep only);E01004689;1;1;Driver or rider;Male;61;9;Slight;Not a Pedestrian;Not a Pedestrian;Not car passenger;Not a bus or coach passenger;No / Not applicable;9;Cyclist;More deprived 40-50%;1;Car;No tow/articulation;Data missing or out of range;Data missing or out of range;Data missing or out of range;Data missing or out of range;Data missing or out of range;Data missing or out of range;Data missing or out of range;Data missing or out of range;-1;Not known;Male;61;56 - 65;-1;-1;-1;5;Urban area;5
2019010160054;527954;180680;-0.157545;51.51057;Metropolitan Police;Slight;2;1;25/01/2019;Friday;17:35;Westminster;Westminster;A;4202;One way street;40 MPH;Data missing or out of range;Data missing or out of range;A;4202;None within 50 metres ;No physical crossing facilities within 50 metres;Darkness - lights lit;Other;Dry;None;None;Urban;No - accident was reported using a self completion  form (self rep only);E01004689;1;1;Driver or rider;Male;61;9;Slight;Not a Pedestrian;Not a Pedestrian;Not car passenger;Not a bus or coach passenger;No / Not applicable;9;Cyclist;More deprived 40-50%;2;Car;No tow/articulation;Data missing or out of range;Data missing or out of range;Data missing or out of range;Data missing or out of range;Data missing or out of range;Data missing or out of range;Data missing or out of range;Data missing or out of range;-1;Not known;Not known;-1;Data missing or out of range;-1;-1;-1;-1;Data missing or out of range;-1
2019010160059;544256;189766;0.080935;51.588289;Metropolitan Police;Slight;1;1;26/01/2019;Saturday;17:30;Redbridge;Redbridge;A;123;Single carriageway;30 MPH;T or staggered junction;Auto traffic signal;A;123;Data missing or out of range;No physical crossing facilities within 50 metres;Darkness - lights lit;Raining no high winds;Wet or damp;None;None;Urban;No - accident was reported using a self completion  form (self rep only);E01003701;1;1;Pedestrian;Male;29;6;Slight;In carriageway, not crossing;Unknown or other;Not car passenger;Not a bus or coach passenger;No / Not applicable;0;-1;Data missing or out of range;1;Car;No tow/articulation;Data missing or out of range;Data missing or out of range;Data missing or out of range;Data missing or out of range;Data missing or out of range;Data missing or out of range;None;Data missing or out of range;-1;Not known;Male;67;66 - 75;-1;-1;-1;7;Urban area;7
2019010160060;507860;185535;-0.445493;51.558396;Metropolitan Police;Slight;1;1;28/01/2019;Monday;15:11;Hillingdon;Hillingdon;B;466;Single carriageway;30 MPH;Other junction;Give way or uncontrolled;Unclassified;0;Control by school crossing patrol;Pedestrian phase at traffic signal junction;Daylight;Fine no high winds;Dry;None;None;Urban;Yes;E01002463;1;1;Pedestrian;Female;14;3;Slight;Crossing on pedestrian crossing facility;Crossing from driver's offside;Not car passenger;Not a bus or coach passenger;No / Not applicable;0;Cyclist;More deprived 20-30%;1;Car;No tow/articulation;Going ahead other;On main c'way - not in restricted lane;Cleared junction or waiting/parked at junction exit;None;None;Did not leave carriageway;None;Front;1;Taking pupil to/from school;Female;25;21 - 25;-1;-1;-1;-1;Data missing or out of range;-1
2019010160063;533463;179779;-0.078546;51.5012;Metropolitan Police;Slight;2;2;27/01/2019;Sunday;02:25;Southwark;Southwark;A;100;Single carriageway;20 MPH;T or staggered junction;Data missing or out of range;A;2207;Data missing or out of range;Data missing or out of range;Darkness - lighting unknown;Fine no high winds;Wet or damp;None;None;Urban;No - accident was reported using a self completion  form (self rep only);E01004027;1;1;Driver or rider;Female;39;7;Slight;Not a Pedestrian;Not a Pedestrian;Not car passenger;Not a bus or coach passenger;No / Not applicable;9;Cyclist;Less deprived 40-50%;1;Car;No tow/articulation;Data missing or out of range;Data missing or out of range;Data missing or out of range;Data missing or out of range;Data missing or out of range;Data missing or out of range;Data missing or out of range;Data missing or out of range;-1;Not known;Female;39;36 - 45;-1;-1;-1;6;Urban area;6
2019010160063;533463;179779;-0.078546;51.5012;Metropolitan Police;Slight;2;2;27/01/2019;Sunday;02:25;Southwark;Southwark;A;100;Single carriageway;20 MPH;T or staggered junction;Data missing or out of range;A;2207;Data missing or out of range;Data missing or out of range;Darkness - lighting unknown;Fine no high winds;Wet or damp;None;None;Urban;No - accident was reported using a self completion  form (self rep only);E01004027;1;1;Driver or rider;Female;39;7;Slight;Not a Pedestrian;Not a Pedestrian;Not car passenger;Not a bus or coach passenger;No / Not applicable;9;Cyclist;Less deprived 40-50%;2;Goods vehicle - unknown weight;No tow/articulation;Data missing or out of range;Data missing or out of range;Data missing or out of range;Data missing or out of range;Data missing or out of range;Data missing or out of range;Data missing or out of range;Data missing or out of range;-1;Not known;Not known;-1;Data missing or out of range;-1;-1;-1;-1;Data missing or out of range;-1
2019010160063;533463;179779;-0.078546;51.5012;Metropolitan Police;Slight;2;2;27/01/2019;Sunday;02:25;Southwark;Southwark;A;100;Single carriageway;20 MPH;T or staggered junction;Data missing or out of range;A;2207;Data missing or out of range;Data missing or out of range;Darkness - lighting unknown;Fine no high winds;Wet or damp;None;None;Urban;No - accident was reported using a self completion  form (self rep only);E01004027;1;2;Passenger;Female;Data missing or out of range;-1;Slight;Not a Pedestrian;Not a Pedestrian;Front seat passenger;Not a bus or coach passenger;No / Not applicable;9;Cyclist;More deprived 10-20%;1;Car;No tow/articulation;Data missing or out of range;Data missing or out of range;Data missing or out of range;Data missing or out of range;Data missing or out of range;Data missing or out of range;Data missing or out of range;Data missing or out of range;-1;Not known;Female;39;36 - 45;-1;-1;-1;6;Urban area;6
2019010160063;533463;179779;-0.078546;51.5012;Metropolitan Police;Slight;2;2;27/01/2019;Sunday;02:25;Southwark;Southwark;A;100;Single carriageway;20 MPH;T or staggered junction;Data missing or out of range;A;2207;Data missing or out of range;Data missing or out of range;Darkness - lighting unknown;Fine no high winds;Wet or damp;None;None;Urban;No - accident was reported using a self completion  form (self rep only);E01004027;1;2;Passenger;Female;Data missing or out of range;-1;Slight;Not a Pedestrian;Not a Pedestrian;Front seat passenger;Not a bus or coach passenger;No / Not applicable;9;Cyclist;More deprived 10-20%;2;Goods vehicle - unknown weight;No tow/articulation;Data missing or out of range;Data missing or out of range;Data missing or out of range;Data missing or out of range;Data missing or out of range;Data missing or out of range;Data missing or out of range;Data missing or out of range;-1;Not known;Not known;-1;Data missing or out of range;-1;-1;-1;-1;Data missing or out of range;-1
2019010160069;535101;185330;-0.052834;51.550693;Metropolitan Police;Slight;2;1;28/01/2019;Monday;16:15;Hackney;Hackney;A;107;Single carriageway;20 MPH;Not at junction or within 20 metres;Data missing or out of range;-1;0;None within 50 metres ;Data missing or out of range;Daylight;Fine no high winds;Dry;None;None;Urban;No - accident was reported using a self completion  form (self rep only);E01001734;1;1;Driver or rider;Male;48;8;Slight;Not a Pedestrian;Not a Pedestrian;Not car passenger;Not a bus or coach passenger;No / Not applicable;9;Cyclist;More deprived 10-20%;1;Car;No tow/articulation;Data missing or out of range;Data missing or out of range;Not at or within 20 metres of junction;Data missing or out of range;Data missing or out of range;Data missing or out of range;Data missing or out of range;Data missing or out of range;-1;Not known;Male;48;46 - 55;-1;-1;-1;2;Urban area;2
2019010160069;535101;185330;-0.052834;51.550693;Metropolitan Police;Slight;2;1;28/01/2019;Monday;16:15;Hackney;Hackney;A;107;Single carriageway;20 MPH;Not at junction or within 20 metres;Data missing or out of range;-1;0;None within 50 metres ;Data missing or out of range;Daylight;Fine no high winds;Dry;None;None;Urban;No - accident was reported using a self completion  form (self rep only);E01001734;1;1;Driver or rider;Male;48;8;Slight;Not a Pedestrian;Not a Pedestrian;Not car passenger;Not a bus or coach passenger;No / Not applicable;9;Cyclist;More deprived 10-20%;2;Van / Goods 3.5 tonnes mgw or under;No tow/articulation;Data missing or out of range;Data missing or out of range;Not at or within 20 metres of junction;Data missing or out of range;Data missing or out of range;Data missing or out of range;Data missing or out of range;Front;1;Not known;Not known;-1;Data missing or out of range;-1;-1;-1;-1;Data missing or out of range;-1
2019010160070;546803;167345;0.108359;51.38617;Metropolitan Police;Slight;1;1;28/01/2019;Monday;16:10;Bromley;Bromley;A;224;Unknown;20 MPH;Data missing or out of range;Data missing or out of range;Unclassified;0;Data missing or out of range;Data missing or out of range;Daylight;Fine no high winds;Dry;None;None;Urban;No - accident was reported using a self completion  form (self rep only);E01000725;1;1;Pedestrian;Female;60;9;Slight;In carriageway, not crossing;Unknown or other;Not car passenger;Not a bus or coach passenger;No / Not applicable;0;Cyclist;Least deprived 10%;1;Car;No tow/articulation;Data missing or out of range;On main c'way - not in restricted lane;Data missing or out of range;None;None;Did not leave carriageway;None;Back;1;Not known;Male;-1;Data missing or out of range;-1;-1;-1;-1;Data missing or out of range;-1
2019010160076;534637;185186;-0.059577;51.54951;Metropolitan Police;Slight;1;1;28/01/2019;Monday;16:20;Hackney;Hackney;A;107;Single carriageway;30 MPH;Crossroads;Auto traffic signal;A;107;None within 50 metres ;Pedestrian phase at traffic signal junction;Daylight;Fine no high winds;Dry;None;None;Urban;Yes;E01001760;1;1;Pedestrian;Female;86;11;Slight;Crossing elsewhere within 50m. of pedestrian crossing;Crossing from driver's offside;Not car passenger;Not a bus or coach passenger;No / Not applicable;0;Cyclist;More deprived 10-20%;1;Goods 7.5 tonnes mgw and over;Articulated vehicle;Turning left;On main c'way - not in restricted lane;Mid Junction - on roundabout or on main road;None;None;Did not leave carriageway;None;Front;2;Journey as part of work;Male;42;36 - 45;-1;-1;-1;-1;Data missing or out of range;-1
2019010160077;547534;183857;0.125741;51.534347;Metropolitan Police;Slight;1;1;28/01/2019;Monday;08:18;Barking and Dagenham;Barking and Dagenham;Unclassified;0;Dual carriageway;30 MPH;Not at junction or within 20 metres;Data missing or out of range;-1;0;None within 50 metres ;No physical crossing facilities within 50 metres;Daylight;Fine no high winds;Dry;None;None;Urban;Yes;E01000096;1;1;Pedestrian;Male;11;3;Slight;In carriageway, crossing elsewhere;Crossing from driver's nearside;Not car passenger;Not a bus or coach passenger;No / Not applicable;0;Cyclist;More deprived 10-20%;1;Car;No tow/articulation;Going ahead other;On main c'way - not in restricted lane;Not at or within 20 metres of junction;None;None;Did not leave carriageway;None;Front;1;Taking pupil to/from school;Male;36;36 - 45;-1;-1;-1;3;Urban area;3
2019010160079;524093;166045;-0.21828;51.3799;Metropolitan Police;Slight;3;1;28/01/2019;Monday;18:15;Sutton;Sutton;A;24;Single carriageway;30 MPH;Crossroads;Give way or uncontrolled;Unclassified;0;None within 50 metres ;No physical crossing facilities within 50 metres;Darkness - lighting unknown;Fine no high winds;Dry;None;None;Urban;Yes;E01004131;2;1;Driver or rider;Male;41;7;Slight;Not a Pedestrian;Not a Pedestrian;Not car passenger;Not a bus or coach passenger;No / Not applicable;1;Cyclist;Less deprived 20-30%;1;Van / Goods 3.5 tonnes mgw or under;No tow/articulation;Going ahead other;On main c'way - not in restricted lane;Approaching junction or waiting/parked at junction approach;None;None;Did not leave carriageway;None;Back;1;Commuting to/from work;Male;54;46 - 55;-1;-1;-1;9;Urban area;9
2019010160079;524093;166045;-0.21828;51.3799;Metropolitan Police;Slight;3;1;28/01/2019;Monday;18:15;Sutton;Sutton;A;24;Single carriageway;30 MPH;Crossroads;Give way or uncontrolled;Unclassified;0;None within 50 metres ;No physical crossing facilities within 50 metres;Darkness - lighting unknown;Fine no high winds;Dry;None;None;Urban;Yes;E01004131;2;1;Driver or rider;Male;41;7;Slight;Not a Pedestrian;Not a Pedestrian;Not car passenger;Not a bus or coach passenger;No / Not applicable;1;Cyclist;Less deprived 20-30%;2;Pedal cycle;No tow/articulation;Waiting to go - held up;On main c'way - not in restricted lane;Approaching junction or waiting/parked at junction approach;None;None;Did not leave carriageway;None;Front;1;Commuting to/from work;Male;41;36 - 45;-1;-1;-1;8;Urban area;8
2019010160079;524093;166045;-0.21828;51.3799;Metropolitan Police;Slight;3;1;28/01/2019;Monday;18:15;Sutton;Sutton;A;24;Single carriageway;30 MPH;Crossroads;Give way or uncontrolled;Unclassified;0;None within 50 metres ;No physical crossing facilities within 50 metres;Darkness - lighting unknown;Fine no high winds;Dry;None;None;Urban;Yes;E01004131;2;1;Driver or rider;Male;41;7;Slight;Not a Pedestrian;Not a Pedestrian;Not car passenger;Not a bus or coach passenger;No / Not applicable;1;Cyclist;Less deprived 20-30%;3;Car;No tow/articulation;Turning right;On main c'way - not in restricted lane;Leaving main road;None;None;Did not leave carriageway;None;Did not impact;1;Not known;Male;20;16 - 20;-1;-1;-1;10;Urban area;10
2019010160083;530910;178126;-0.11592;51.486941;Metropolitan Police;Serious;1;1;28/01/2019;Monday;14:00;Lambeth;Lambeth;A;3204;Single carriageway;30 MPH;Not at junction or within 20 metres;Data missing or out of range;-1;0;None within 50 metres ;Pedestrian phase at traffic signal junction;Daylight;Fine no high winds;Dry;None;None;Urban;Yes;E01003109;1;1;Pedestrian;Female;26;6;Serious;In carriageway, crossing elsewhere;Crossing from driver's nearside;Not car passenger;Not a bus or coach passenger;No / Not applicable;0;Cyclist;More deprived 10-20%;1;Van / Goods 3.5 tonnes mgw or under;No tow/articulation;Turning right;On main c'way - not in restricted lane;Not at or within 20 metres of junction;None;None;Did not leave carriageway;None;Offside;1;Journey as part of work;Male;66;66 - 75;-1;-1;-1;-1;Data missing or out of range;-1
2019010160087;525424;180379;-0.19409;51.508431;Metropolitan Police;Slight;2;1;28/01/2019;Monday;14:00;Kensington and Chelsea;Kensington and Chelsea;A;4204;Single carriageway;30 MPH;T or staggered junction;Give way or uncontrolled;A;4204;None within 50 metres ;No physical crossing facilities within 50 metres;Daylight;Fine no high winds;Dry;None;None;Urban;Yes;E01002827;1;1;Driver or rider;Female;24;5;Slight;Not a Pedestrian;Not a Pedestrian;Not car passenger;Not a bus or coach passenger;No / Not applicable;3;Cyclist;Less deprived 20-30%;1;Motorcycle 125cc and under;No tow/articulation;Going ahead other;On main c'way - not in restricted lane;Cleared junction or waiting/parked at junction exit;None;None;Did not leave carriageway;None;Offside;1;Journey as part of work;Female;24;21 - 25;-1;-1;-1;8;Urban area;8
2019010160087;525424;180379;-0.19409;51.508431;Metropolitan Police;Slight;2;1;28/01/2019;Monday;14:00;Kensington and Chelsea;Kensington and Chelsea;A;4204;Single carriageway;30 MPH;T or staggered junction;Give way or uncontrolled;A;4204;None within 50 metres ;No physical crossing facilities within 50 metres;Daylight;Fine no high winds;Dry;None;None;Urban;Yes;E01002827;1;1;Driver or rider;Female;24;5;Slight;Not a Pedestrian;Not a Pedestrian;Not car passenger;Not a bus or coach passenger;No / Not applicable;3;Cyclist;Less deprived 20-30%;2;Car;No tow/articulation;Going ahead other;On main c'way - not in restricted lane;Mid Junction - on roundabout or on main road;None;None;Did not leave carriageway;None;Front;1;Not known;Not known;-1;Data missing or out of range;-1;-1;-1;-1;Data missing or out of range;-1
2019010160088;523577;165231;-0.225973;51.372697;Metropolitan Police;Slight;1;1;28/01/2019;Monday;17:24;Sutton;Sutton;A;24;Single carriageway;30 MPH;Other junction;Give way or uncontrolled;Unclassified;0;None within 50 metres ;Zebra;Darkness - lighting unknown;Fine no high winds;Dry;None;None;Urban;Yes;E01004118;1;1;Pedestrian;Female;72;10;Slight;In centre of carriageway - not on refuge, island or central reservation;Crossing from driver's offside;Not car passenger;Not a bus or coach passenger;No / Not applicable;0;Cyclist;More deprived 30-40%;1;Motorcycle 125cc and under;No tow/articulation;Going ahead other;On main c'way - not in restricted lane;Mid Junction - on roundabout or on main road;None;None;Did not leave carriageway;None;Front;1;Not known;Not known;-1;Data missing or out of range;-1;-1;-1;-1;Data missing or out of range;-1