Accident_Index;Location_Easting_OSGR;Location_Northing_OSGR;Longitude;Latitude;Police_Force;Accident_Severity;Number_of_Vehicles;Number_of_Casualties;Date;Day_of_Week;Time;Local_Authority_(District);Local_Authority_(Highway);1st_Road_Class;1st_Road_Number;Road_Type;Speed_limit;Junction_Detail;Junction_Control;2nd_Road_Class;2nd_Road_Number;Pedestrian_Crossing-Human_Control;Pedestrian_Crossing-Physical_Facilities;Light_Conditions;Weather_Conditions;Road_Surface_Conditions;Special_Conditions_at_Site;Carriageway_Hazards;Urban_or_Rural_Area;Did_Police_Officer_Attend_Scene_of_Accident;LSOA_of_Accident_Location;Vehicle_Reference_x;Casualty_Reference;Casualty_Class;Sex_of_Casualty;Age_of_Casualty;Age_Band_of_Casualty;Casualty_Severity;Pedestrian_Location;Pedestrian_Movement;Car_Passenger;Bus_or_Coach_Passenger;Pedestrian_Road_Maintenance_Worker;Casualty_Type;Casualty_Home_Area_Type;Casualty_IMD_Decile;Vehicle_Reference_y;Vehicle_Type;Towing_and_Articulation;Vehicle_Manoeuvre;Vehicle_Location-Restricted_Lane;Junction_Location;Skidding_and_Overturning;Hit_Object_in_Carriageway;Vehicle_Leaving_Carriageway;Hit_Object_off_Carriageway;1st_Point_of_Impact;Was_Vehicle_Left_Hand_Drive?;Journey_Purpose_of_Driver;Sex_of_Driver;Age_of_Driver;Age_Band_of_Driver;Engine_Capacity_(CC);Propulsion_Code;Age_of_Vehicle;Driver_IMD_Decile;Driver_Home_Area_Type;Vehicle_IMD_Decile
2019010160110;524053;189627;-0.210575;51.591847;Metropolitan Police;Slight;2;1;28/01/2019;Monday;19:45;Barnet;Barnet;Unclassified;0;Single carriageway;30 MPH;Other junction;Give way or uncontrolled;A;504;None within 50 metres ;No physical crossing facilities within 50 metres;Darkness - lights lit;Fine no high winds;Dry;None;None;Urban;Yes;E01000198;2;1;Driver or rider;Female;38;7;Slight;Not a Pedestrian;Not a Pedestrian;Not car passenger;Not a bus or coach passenger;No / Not applicable;9;-1;Data missing or out of range;1;Car;No tow/articulation;Going ahead other;Footway (pavement);Mid Junction - on roundabout or on main road;None;None;Nearside;Other permanent object;Front;1;Not known;Female;22;21 - 25;-1;-1;-1;9;Urban area;9
2019010160110;524053;189627;-0.210575;51.591847;Metropolitan Police;Slight;2;1;28/01/2019;Monday;19:45;Barnet;Barnet;Unclassified;0;Single carriageway;30 MPH;Other junction;Give way or uncontrolled;A;504;None within 50 metres ;No physical crossing facilities within 50 metres;Darkness - lights lit;Fine no high winds;Dry;None;None;Urban;Yes;E01000198;2;1;Driver or rider;Female;38;7;Slight;Not a Pedestrian;Not a Pedestrian;Not car passenger;Not a bus or coach passenger;No / Not applicable;9;-1;Data missing or out of range;2;Car;No tow/articulation;Going ahead other;On main c'way - not in restricted lane;Cleared junction or waiting/parked at junction exit;None;None;Did not leave carriageway;None;Offside;1;Not known;Female;38;36 - 45;-1;-1;-1;-1;Data missing or out of range;-1
2019010160113;521995;183486;-0.2424;51.537105;Metropolitan Police;Slight;1;1;28/01/2019;Monday;19:45;Brent;Brent;A;4000;Single carriageway;30 MPH;Mini-roundabout;Give way or uncontrolled;Unclassified;0;None within 50 metres ;No physical crossing facilities within 50 metres;Darkness - no lighting;Fine no high winds;Dry;None;None;Urban;Yes;E01000533;1;1;Pedestrian;Female;41;7;Slight;In centre of carriageway - not on refuge, island or central reservation;Crossing from driver's offside;Not car passenger;Not a bus or coach passenger;No / Not applicable;0;Cyclist;More deprived 20-30%;1;Car;No tow/articulation;Going ahead other;On main c'way - not in restricted lane;Entering roundabout;None;None;Did not leave carriageway;None;Front;1;Not known;Male;69;66 - 75;-1;-1;-1;-1;Data missing or out of range;-1
2019010160114;538927;173683;-0.002271;51.445104;Metropolitan Police;Slight;2;1;28/01/2019;Monday;18:20;Lewisham;Lewisham;A;205;Single carriageway;30 MPH;T or staggered junction;Give way or uncontrolled;C;0;None within 50 metres ;No physical crossing facilities within 50 metres;Darkness - lights lit;Fine no high winds;Dry;None;None;Urban;Yes;E01033320;1;1;Passenger;Male;19;4;Slight;Not a Pedestrian;Not a Pedestrian;Rear seat passenger;Not a bus or coach passenger;No / Not applicable;9;-1;Data missing or out of range;1;Car;No tow/articulation;Waiting to go - held up;On main c'way - not in restricted lane;Cleared junction or waiting/parked at junction exit;None;None;Did not leave carriageway;None;Front;1;Not known;Male;21;21 - 25;-1;-1;-1;2;Urban area;2
2019010160114;538927;173683;-0.002271;51.445104;Metropolitan Police;Slight;2;1;28/01/2019;Monday;18:20;Lewisham;Lewisham;A;205;Single carriageway;30 MPH;T or staggered junction;Give way or uncontrolled;C;0;None within 50 metres ;No physical crossing facilities within 50 metres;Darkness - lights lit;Fine no high winds;Dry;None;None;Urban;Yes;E01033320;1;1;Passenger;Male;19;4;Slight;Not a Pedestrian;Not a Pedestrian;Rear seat passenger;Not a bus or coach passenger;No / Not applicable;9;-1;Data missing or out of range;2;Car;No tow/articulation;Waiting to go - held up;On main c'way - not in restricted lane;Cleared junction or waiting/parked at junction exit;None;None;Did not leave carriageway;None;Back;1;Journey as part of work;Male;33;26 - 35;-1;-1;-1;7;Urban area;7
2019010160117;530472;181680;-0.120911;51.518981;Metropolitan Police;Slight;2;1;25/01/2019;Friday;17:41;Camden;Camden;A;4200;One way street;20 MPH;Crossroads;Auto traffic signal;A;401;None within 50 metres ;Pedestrian phase at traffic signal junction;Darkness - lighting unknown;Fine no high winds;Dry;None;None;Urban;No - accident was reported using a self completion  form (self rep only);E01000914;1;1;Driver or rider;Male;35;6;Slight;Not a Pedestrian;Not a Pedestrian;Not car passenger;Not a bus or coach passenger;No / Not applicable;1;Cyclist;Most deprived 10%;1;Pedal cycle;Data missing or out of range;Data missing or out of range;Data missing or out of range;Approaching junction or waiting/parked at junction approach;Data missing or out of range;Data missing or out of range;Data missing or out of range;Data missing or out of range;Front;1;Commuting to/from work;Male;35;26 - 35;-1;-1;-1;1;Urban area;1
2019010160117;530472;181680;-0.120911;51.518981;Metropolitan Police;Slight;2;1;25/01/2019;Friday;17:41;Camden;Camden;A;4200;One way street;20 MPH;Crossroads;Auto traffic signal;A;401;None within 50 metres ;Pedestrian phase at traffic signal junction;Darkness - lighting unknown;Fine no high winds;Dry;None;None;Urban;No - accident was reported using a self completion  form (self rep only);E01000914;1;1;Driver or rider;Male;35;6;Slight;Not a Pedestrian;Not a Pedestrian;Not car passenger;Not a bus or coach passenger;No / Not applicable;1;Cyclist;Most deprived 10%;2;Car;No tow/articulation;Data missing or out of range;Data missing or out of range;Approaching junction or waiting/parked at junction approach;Data missing or out of range;Data missing or out of range;Data missing or out of range;Data missing or out of range;Data missing or out of range;1;Not known;Not known;-1;Data missing or out of range;-1;-1;-1;10;Urban area;10
2019010160123;531746;188754;-0.099913;51.582257;Metropolitan Police;Serious;2;1;28/01/2019;Monday;20:25;Haringey;Haringey;A;105;Single carriageway;20 MPH;Data missing or out of range;Data missing or out of range;C;0;Data missing or out of range;No physical crossing facilities within 50 metres;Darkness - lights lit;Fine no high winds;Dry;None;None;Urban;No - accident was reported using a self completion  form (self rep only);E01001999;1;1;Driver or rider;Male;32;6;Serious;Not a Pedestrian;Not a Pedestrian;Not car passenger;Not a bus or coach passenger;No / Not applicable;1;Cyclist;More deprived 20-30%;1;Pedal cycle;Data missing or out of range;Data missing or out of range;Data missing or out of range;Data missing or out of range;Data missing or out of range;Data missing or out of range;Data missing or out of range;Data missing or out of range;Data missing or out of range;1;Commuting to/from work;Male;32;26 - 35;-1;-1;-1;3;Urban area;3
2019010160123;531746;188754;-0.099913;51.582257;Metropolitan Police;Serious;2;1;28/01/2019;Monday;20:25;Haringey;Haringey;A;105;Single carriageway;20 MPH;Data missing or out of range;Data missing or out of range;C;0;Data missing or out of range;No physical crossing facilities within 50 metres;Darkness - lights lit;Fine no high winds;Dry;None;None;Urban;No - accident was reported using a self completion  form (self rep only);E01001999;1;1;Driver or rider;Male;32;6;Serious;Not a Pedestrian;Not a Pedestrian;Not car passenger;Not a bus or coach passenger;No / Not applicable;1;Cyclist;More deprived 20-30%;2;Car;No tow/articulation;Data missing or out of range;Data missing or out of range;Data missing or out of range;Data missing or out of range;Data missing or out of range;Data missing or out of range;Data missing or out of range;Data missing or out of range;-1;Not known;Not known;-1;Data missing or out of range;-1;-1;-1;3;Urban area;3
2019010160127;532799;183771;-0.086603;51.53723;Metropolitan Police;Slight;2;1;28/01/2019;Monday;14:47;Hackney;Hackney;B;102;Single carriageway;20 MPH;More than 4 arms (not roundabout);Stop sign;C;0;None within 50 metres ;Zebra;Daylight;Fine no high winds;Dry;None;None;Urban;Yes;E01001752;2;1;Driver or rider;Male;22;5;Slight;Not a Pedestrian;Not a Pedestrian;Not car passenger;Not a bus or coach passenger;No / Not applicable;1;Cyclist;More deprived 20-30%;1;Car;No tow/articulation;Turning left;On main c'way - not in restricted lane;Approaching junction or waiting/parked at junction approach;None;None;Did not leave carriageway;None;Front;1;Not known;Female;34;26 - 35;-1;-1;-1;2;Urban area;2
2019010160127;532799;183771;-0.086603;51.53723;Metropolitan Police;Slight;2;1;28/01/2019;Monday;14:47;Hackney;Hackney;B;102;Single carriageway;20 MPH;More than 4 arms (not roundabout);Stop sign;C;0;None within 50 metres ;Zebra;Daylight;Fine no high winds;Dry;None;None;Urban;Yes;E01001752;2;1;Driver or rider;Male;22;5;Slight;Not a Pedestrian;Not a Pedestrian;Not car passenger;Not a bus or coach passenger;No / Not applicable;1;Cyclist;More deprived 20-30%;2;Pedal cycle;No tow/articulation;Going ahead left-hand bend;On main c'way - not in restricted lane;Cleared junction or waiting/parked at junction exit;None;None;Did not leave carriageway;None;Front;1;Not known;Male;22;21 - 25;-1;-1;-1;3;Urban area;3
2019010160128;528181;175197;-0.156264;51.461243;Metropolitan Police;Serious;1;1;28/01/2019;Monday;13:45;Wandsworth;Wandsworth;A;3;Dual carriageway;30 MPH;Crossroads;Give way or uncontrolled;A;205;None within 50 metres ;Zebra;Daylight;Fine no high winds;Dry;None;None;Urban;Yes;E01004554;1;1;Pedestrian;Female;22;5;Serious;Crossing on pedestrian crossing facility;Crossing from driver's nearside;Not car passenger;Not a bus or coach passenger;No / Not applicable;0;Cyclist;Less deprived 30-40%;1;Car;No tow/articulation;Going ahead right-hand bend;On main c'way - not in restricted lane;Cleared junction or waiting/parked at junction exit;None;None;Did not leave carriageway;None;Front;1;Not known;Female;28;26 - 35;-1;-1;-1;4;Urban area;4
2019010160139;528981;172496;-0.145738;51.436787;Metropolitan Police;Slight;2;1;28/01/2019;Monday;09:33;Wandsworth;Wandsworth;B;242;Single carriageway;20 MPH;T or staggered junction;Data missing or out of range;B;242;None within 50 metres ;Data missing or out of range;Daylight;Other;Dry;Roadworks;None;Urban;No - accident was reported using a self completion  form (self rep only);E01004486;1;1;Driver or rider;Female;33;6;Slight;Not a Pedestrian;Not a Pedestrian;Not car passenger;Not a bus or coach passenger;No / Not applicable;9;Cyclist;More deprived 20-30%;1;Car;No tow/articulation;Data missing or out of range;Data missing or out of range;Data missing or out of range;Data missing or out of range;Data missing or out of range;Data missing or out of range;Data missing or out of range;Back;-1;Commuting to/from work;Female;33;26 - 35;-1;-1;-1;3;Urban area;3
2019010160139;528981;172496;-0.145738;51.436787;Metropolitan Police;Slight;2;1;28/01/2019;Monday;09:33;Wandsworth;Wandsworth;B;242;Single carriageway;20 MPH;T or staggered junction;Data missing or out of range;B;242;None within 50 metres ;Data missing or out of range;Daylight;Other;Dry;Roadworks;None;Urban;No - accident was reported using a self completion  form (self rep only);E01004486;1;1;Driver or rider;Female;33;6;Slight;Not a Pedestrian;Not a Pedestrian;Not car passenger;Not a bus or coach passenger;No / Not applicable;9;Cyclist;More deprived 20-30%;2;Car;No tow/articulation;Data missing or out of range;Data missing or out of range;Data missing or out of range;Data missing or out of range;Data missing or out of range;Data missing or out of range;Data missing or out of range;Front;-1;Not known;Not known;-1;Data missing or out of range;-1;-1;-1;6;Urban area;6
2019010160140;511636;183232;-0.391777;51.536963;Metropolitan Police;Slight;2;1;28/01/2019;Monday;22:35;Ealing;Ealing;B;455;Single carriageway;30 MPH;Slip road;Give way or uncontrolled;Unclassified;0;None within 50 metres ;No physical crossing facilities within 50 metres;Darkness - lights lit;Fine no high winds;Dry;None;None;Urban;Yes;E01001327;1;1;Driver or rider;Male;18;4;Slight;Not a Pedestrian;Not a Pedestrian;Not car passenger;Not a bus or coach passenger;No / Not applicable;1;Cyclist;More deprived 20-30%;1;Pedal cycle;No tow/articulation;Going ahead other;On main c'way - not in restricted lane;Mid Junction - on roundabout or on main road;None;None;Did not leave carriageway;None;Front;1;Not known;Male;18;16 - 20;-1;-1;-1;3;Urban area;3
2019010160140;511636;183232;-0.391777;51.536963;Metropolitan Police;Slight;2;1;28/01/2019;Monday;22:35;Ealing;Ealing;B;455;Single carriageway;30 MPH;Slip road;Give way or uncontrolled;Unclassified;0;None within 50 metres ;No physical crossing facilities within 50 metres;Darkness - lights lit;Fine no high winds;Dry;None;None;Urban;Yes;E01001327;1;1;Driver or rider;Male;18;4;Slight;Not a Pedestrian;Not a Pedestrian;Not car passenger;Not a bus or coach passenger;No / Not applicable;1;Cyclist;More deprived 20-30%;2;Car;No tow/articulation;Going ahead right-hand bend;On main c'way - not in restricted lane;Approaching junction or waiting/parked at junction approach;None;None;Did not leave carriageway;None;Front;1;Not known;Not known;-1;Data missing or out of range;-1;-1;-1;-1;Data missing or out of range;-1
2019010160142;540414;183947;0.023193;51.53697;Metropolitan Police;Slight;2;2;28/01/2019;Monday;23:30;Newham;Newham;B;165;One way street;30 MPH;T or staggered junction;Give way or uncontrolled;Unclassified;0;None within 50 metres ;No physical crossing facilities within 50 metres;Darkness - lights lit;Fine no high winds;Dry;None;None;Urban;Yes;E01003596;1;1;Driver or rider;Male;28;6;Slight;Not a Pedestrian;Not a Pedestrian;Not car passenger;Not a bus or coach passenger;No / Not applicable;9;Cyclist;More deprived 20-30%;1;Car;No tow/articulation;Going ahead other;On main c'way - not in restricted lane;Approaching junction or waiting/parked at junction approach;None;None;Did not leave carriageway;None;Front;1;Not known;Male;28;26 - 35;-1;-1;-1;3;Urban area;3
2019010160142;540414;183947;0.023193;51.53697;Metropolitan Police;Slight;2;2;28/01/2019;Monday;23:30;Newham;Newham;B;165;One way street;30 MPH;T or staggered junction;Give way or uncontrolled;Unclassified;0;None within 50 metres ;No physical crossing facilities within 50 metres;Darkness - lights lit;Fine no high winds;Dry;None;None;Urban;Yes;E01003596;1;1;Driver or rider;Male;28;6;Slight;Not a Pedestrian;Not a Pedestrian;Not car passenger;Not a bus or coach passenger;No / Not applicable;9;Cyclist;More deprived 20-30%;2;Car;No tow/articulation;Waiting to turn left;On main c'way - not in restricted lane;Entering main road;None;None;Did not leave carriageway;None;Offside;1;Not known;Male;19;16 - 20;-1;-1;-1;4;Urban area;4
2019010160142;540414;183947;0.023193;51.53697;Metropolitan Police;Slight;2;2;28/01/2019;Monday;23:30;Newham;Newham;B;165;One way street;30 MPH;T or staggered junction;Give way or uncontrolled;Unclassified;0;None within 50 metres ;No physical crossing facilities within 50 metres;Darkness - lights lit;Fine no high winds;Dry;None;None;Urban;Yes;E01003596;2;2;Driver or rider;Male;19;4;Slight;Not a Pedestrian;Not a Pedestrian;Not car passenger;Not a bus or coach passenger;No / Not applicable;9;Cyclist;More deprived 30-40%;1;Car;No tow/articulation;Going ahead other;On main c'way - not in restricted lane;Approaching junction or waiting/parked at junction approach;None;None;Did not leave carriageway;None;Front;1;Not known;Male;28;26 - 35;-1;-1;-1;3;Urban area;3
2019010160142;540414;183947;0.023193;51.53697;Metropolitan Police;Slight;2;2;28/01/2019;Monday;23:30;Newham;Newham;B;165;One way street;30 MPH;T or staggered junction;Give way or uncontrolled;Unclassified;0;None within 50 metres ;No physical crossing facilities within 50 metres;Darkness - lights lit;Fine no high winds;Dry;None;None;Urban;Yes;E01003596;2;2;Driver or rider;Male;19;4;Slight;Not a Pedestrian;Not a Pedestrian;Not car passenger;Not a bus or coach passenger;No / Not applicable;9;Cyclist;More deprived 30-40%;2;Car;No tow/articulation;Waiting to turn left;On main c'way - not in restricted lane;Entering main road;None;None;Did not leave carriageway;None;Offside;1;Not known;Male;19;16 - 20;-1;-1;-1;4;Urban area;4
2019010160145;534286;181709;-0.065962;51.518349;Metropolitan Police;Slight;2;1;22/01/2019;Tuesday;11:50;Tower Hamlets;Tower Hamlets;Unclassified;0;One way street;20 MPH;Not at junction or within 20 metres;Data missing or out of range;-1;0;Data missing or out of range;Data missing or out of range;Daylight;Fine no high winds;Dry;None;Data missing or out of range;Urban;No - accident was reported using a self completion  form (self rep only);E01004309;1;1;Driver or rider;Male;35;6;Slight;Not a Pedestrian;Not a Pedestrian;Not car passenger;Not a bus or coach passenger;No / Not applicable;3;Cyclist;More deprived 10-20%;1;Motorcycle 125cc and under;No tow/articulation;Data missing or out of range;Data missing or out of range;Not at or within 20 metres of junction;Data missing or out of range;Data missing or out of range;Data missing or out of range;Data missing or out of range;Front;1;Not known;Male;35;26 - 35;-1;-1;-1;2;Urban area;2
2019010160145;534286;181709;-0.065962;51.518349;Metropolitan Police;Slight;2;1;22/01/2019;Tuesday;11:50;Tower Hamlets;Tower Hamlets;Unclassified;0;One way street;20 MPH;Not at junction or within 20 metres;Data missing or out of range;-1;0;Data missing or out of range;Data missing or out of range;Daylight;Fine no high winds;Dry;None;Data missing or out of range;Urban;No - accident was reported using a self completion  form (self rep only);E01004309;1;1;Driver or rider;Male;35;6;Slight;Not a Pedestrian;Not a Pedestrian;Not car passenger;Not a bus or coach passenger;No / Not applicable;3;Cyclist;More deprived 10-20%;2;Goods vehicle - unknown weight;No tow/articulation;Data missing or out of range;Data missing or out of range;Not at or within 20 metres of junction;Data missing or out of range;Data missing or out of range;Data missing or out of range;Data missing or out of range;Back;-1;Journey as part of work;Male;55;46 - 55;-1;-1;-1;7;Rural;7
2019010160148;549662;175514;0.152862;51.458824;Metropolitan Police;Slight;1;1;28/01/2019;Monday;22:18;Bexley;Bexley;A;220;Single carriageway;30 MPH;Crossroads;Auto traffic signal;A;220;None within 50 metres ;Pelican, puffin, toucan or similar non-junction pedestrian light crossing;Darkness - lights lit;Fine no high winds;Dry;None;None;Urban;Yes;E01000330;1;1;Driver or rider;Male;72;10;Slight;Not a Pedestrian;Not a Pedestrian;Not car passenger;Not a bus or coach passenger;No / Not applicable;9;-1;Data missing or out of range;1;Car;No tow/articulation;Going ahead other;Footway (pavement);Cleared junction or waiting/parked at junction exit;None;None;Nearside;Near/Offside crash barrier;Front;1;Not known;Male;72;66 - 75;-1;-1;-1;-1;Data missing or out of range;-1
2019010160149;525378;178813;-0.195309;51.494368;Metropolitan Police;Slight;3;2;28/01/2019;Monday;23:15;Kensington and Chelsea;Kensington and Chelsea;A;3220;Dual carriageway;30 MPH;Crossroads;Auto traffic signal;A;4;None within 50 metres ;No physical crossing facilities within 50 metres;Darkness - lights lit;Fine no high winds;Dry;None;None;Urban;Yes;E01002851;1;1;Driver or rider;Male;19;4;Slight;Not a Pedestrian;Not a Pedestrian;Not car passenger;Not a bus or coach passenger;No / Not applicable;9;Cyclist;More deprived 30-40%;1;Car;No tow/articulation;Moving off;On main c'way - not in restricted lane;Mid Junction - on roundabout or on main road;Skidded;None;Did not leave carriageway;None;Front;1;Not known;Male;19;16 - 20;-1;-1;-1;4;Urban area;4
2019010160149;525378;178813;-0.195309;51.494368;Metropolitan Police;Slight;3;2;28/01/2019;Monday;23:15;Kensington and Chelsea;Kensington and Chelsea;A;3220;Dual carriageway;30 MPH;Crossroads;Auto traffic signal;A;4;None within 50 metres ;No physical crossing facilities within 50 metres;Darkness - lights lit;Fine no high winds;Dry;None;None;Urban;Yes;E01002851;1;1;Driver or rider;Male;19;4;Slight;Not a Pedestrian;Not a Pedestrian;Not car passenger;Not a bus or coach passenger;No / Not applicable;9;Cyclist;More deprived 30-40%;2;Car;No tow/articulation;Turning right;On main c'way - not in restricted lane;Cleared junction or waiting/parked at junction exit;None;None;Did not leave carriageway;None;Offside;1;Not known;Male;45;36 - 45;-1;-1;-1;4;Urban area;4
2019010160149;525378;178813;-0.195309;51.494368;Metropolitan Police;Slight;3;2;28/01/2019;Monday;23:15;Kensington and Chelsea;Kensington and Chelsea;A;3220;Dual carriageway;30 MPH;Crossroads;Auto traffic signal;A;4;None within 50 metres ;No physical crossing facilities within 50 metres;Darkness - lights lit;Fine no high winds;Dry;None;None;Urban;Yes;E01002851;1;1;Driver or rider;Male;19;4;Slight;Not a Pedestrian;Not a Pedestrian;Not car passenger;Not a bus or coach passenger;No / Not applicable;9;Cyclist;More deprived 30-40%;3;Taxi/Private hire car;No tow/articulation;Going ahead other;On main c'way - not in restricted lane;Mid Junction - on roundabout or on main road;None;None;Did not leave carriageway;None;Front;1;Journey as part of work;Male;47;46 - 55;-1;-1;-1;10;Small town;10
2019010160149;525378;178813;-0.195309;51.494368;Metropolitan Police;Slight;3;2;28/01/2019;Monday;23:15;Kensington and Chelsea;Kensington and Chelsea;A;3220;Dual carriageway;30 MPH;Crossroads;Auto traffic signal;A;4;None within 50 metres ;No physical crossing facilities within 50 metres;Darkness - lights lit;Fine no high winds;Dry;None;None;Urban;Yes;E01002851;1;2;Passenger;Male;20;4;Slight;Not a Pedestrian;Not a Pedestrian;Front seat passenger;Not a bus or coach passenger;No / Not applicable;9;Cyclist;Less deprived 20-30%;1;Car;No tow/articulation;Moving off;On main c'way - not in restricted lane;Mid Junction - on roundabout or on main road;Skidded;None;Did not leave carriageway;None;Front;1;Not known;Male;19;16 - 20;-1;-1;-1;4;Urban area;4
2019010160149;525378;178813;-0.195309;51.494368;Metropolitan Police;Slight;3;2;28/01/2019;Monday;23:15;Kensington and Chelsea;Kensington and Chelsea;A;3220;Dual carriageway;30 MPH;Crossroads;Auto traffic signal;A;4;None within 50 metres ;No physical crossing facilities within 50 metres;Darkness - lights lit;Fine no high winds;Dry;None;None;Urban;Yes;E01002851;1;2;Passenger;Male;20;4;Slight;Not a Pedestrian;Not a Pedestrian;Front seat passenger;Not a bus or coach passenger;No / Not applicable;9;Cyclist;Less deprived 20-30%;2;Car;No tow/articulation;Turning right;On main c'way - not in restricted lane;Cleared junction or waiting/parked at junction exit;None;None;Did not leave carriageway;None;Offside;1;Not known;Male;45;36 - 45;-1;-1;-1;4;Urban area;4
2019010160149;525378;178813;-0.195309;51.494368;Metropolitan Police;Slight;3;2;28/01/2019;Monday;23:15;Kensington and Chelsea;Kensington and Chelsea;A;3220;Dual carriageway;30 MPH;Crossroads;Auto traffic signal;A;4;None within 50 metres ;No physical crossing facilities within 50 metres;Darkness - lights lit;Fine no high winds;Dry;None;None;Urban;Yes;E01002851;1;2;Passenger;Male;20;4;Slight;Not a Pedestrian;Not a Pedestrian;Front seat passenger;Not a bus or coach passenger;No / Not applicable;9;Cyclist;Less deprived 20-30%;3;Taxi/Private hire car;No tow/articulation;Going ahead other;On main c'way - not in restricted lane;Mid Junction - on roundabout or on main road;None;None;Did not leave carriageway;None;Front;1;Journey as part of work;Male;47;46 - 55;-1;-1;-1;10;Small town;10
2019010160150;534077;189589;-0.065972;51.589211;Metropolitan Police;Slight;2;2;28/01/2019;Monday;20:30;Haringey;Haringey;A;1055;Single carriageway;30 MPH;Not at junction or within 20 metres;Data missing or out of range;-1;0;None within 50 metres ;No physical crossing facilities within 50 metres;Darkness - lights lit;Fine no high winds;Dry;None;None;Urban;Yes;E01002081;1;1;Driver or rider;Male;22;5;Slight;Not a Pedestrian;Not a Pedestrian;Not car passenger;Not a bus or coach passenger;No / Not applicable;9;-1;Data missing or out of range;1;Car;No tow/articulation;Going ahead other;On main c'way - not in restricted lane;Not at or within 20 metres of junction;None;None;Offside;None;Front;1;Not known;Male;22;21 - 25;-1;-1;-1;-1;Data missing or out of range;-1
2019010160150;534077;189589;-0.065972;51.589211;Metropolitan Police;Slight;2;2;28/01/2019;Monday;20:30;Haringey;Haringey;A;1055;Single carriageway;30 MPH;Not at junction or within 20 metres;Data missing or out of range;-1;0;None within 50 metres ;No physical crossing facilities within 50 metres;Darkness - lights lit;Fine no high winds;Dry;None;None;Urban;Yes;E01002081;1;1;Driver or rider;Male;22;5;Slight;Not a Pedestrian;Not a Pedestrian;Not car passenger;Not a bus or coach passenger;No / Not applicable;9;-1;Data missing or out of range;2;Van / Goods 3.5 tonnes mgw or under;No tow/articulation;U-turn;On main c'way - not in restricted lane;Not at or within 20 metres of junction;None;None;Did not leave carriageway;None;Front;1;Not known;Male;39;36 - 45;-1;-1;-1;5;Urban area;5
2019010160150;534077;189589;-0.065972;51.589211;Metropolitan Police;Slight;2;2;28/01/2019;Monday;20:30;Haringey;Haringey;A;1055;Single carriageway;30 MPH;Not at junction or within 20 metres;Data missing or out of range;-1;0;None within 50 metres ;No physical crossing facilities within 50 metres;Darkness - lights lit;Fine no high winds;Dry;None;None;Urban;Yes;E01002081;1;2;Passenger;Male;22;5;Slight;Not a Pedestrian;Not a Pedestrian;Rear seat passenger;Not a bus or coach passenger;No / Not applicable;9;Cyclist;More deprived 20-30%;1;Car;No tow/articulation;Going ahead other;On main c'way - not in restricted lane;Not at or within 20 metres of junction;None;None;Offside;None;Front;1;Not known;Male;22;21 - 25;-1;-1;-1;-1;Data missing or out of range;-1
2019010160150;534077;189589;-0.065972;51.589211;Metropolitan Police;Slight;2;2;28/01/2019;Monday;20:30;Haringey;Haringey;A;1055;Single carriageway;30 MPH;Not at junction or within 20 metres;Data missing or out of range;-1;0;None within 50 metres ;No physical crossing facilities within 50 metres;Darkness - lights lit;Fine no high winds;Dry;None;None;Urban;Yes;E01002081;1;2;Passenger;Male;22;5;Slight;Not a Pedestrian;Not a Pedestrian;Rear seat passenger;Not a bus or coach passenger;No / Not applicable;9;Cyclist;More deprived 20-30%;2;Van / Goods 3.5 tonnes mgw or under;No tow/articulation;U-turn;On main c'way - not in restricted lane;Not at or within 20 metres of junction;None;None;Did not leave carriageway;None;Front;1;Not known;Male;39;36 - 45;-1;-1;-1;5;Urban area;5
2019010160155;511815;172837;-0.392486;51.443497;Metropolitan Police;Slight;2;1;29/01/2019;Tuesday;06:20;Hounslow;Hounslow;Unclassified;0;Single carriageway;20 MPH;Other junction;Give way or uncontrolled;Unclassified;0;None within 50 metres ;No physical crossing facilities within 50 metres;Darkness - lights lit;Fine no high winds;Dry;None;None;Urban;Yes;E01002613;2;1;Driver or rider;Male;29;6;Slight;Not a Pedestrian;Not a Pedestrian;Not car passenger;Not a bus or coach passenger;No / Not applicable;1;Cyclist;More deprived 40-50%;1;Car;No tow/articulation;Turning right;On main c'way - not in restricted lane;Approaching junction or waiting/parked at junction approach;None;None;Did not leave carriageway;None;Front;1;Not known;Male;34;26 - 35;-1;-1;-1;5;Urban area;5
2019010160155;511815;172837;-0.392486;51.443497;Metropolitan Police;Slight;2;1;29/01/2019;Tuesday;06:20;Hounslow;Hounslow;Unclassified;0;Single carriageway;20 MPH;Other junction;Give way or uncontrolled;Unclassified;0;None within 50 metres ;No physical crossing facilities within 50 metres;Darkness - lights lit;Fine no high winds;Dry;None;None;Urban;Yes;E01002613;2;1;Driver or rider;Male;29;6;Slight;Not a Pedestrian;Not a Pedestrian;Not car passenger;Not a bus or coach passenger;No / Not applicable;1;Cyclist;More deprived 40-50%;2;Pedal cycle;No tow/articulation;Turning left;On main c'way - not in restricted lane;Leaving main road;None;None;Did not leave carriageway;None;Front;1;Commuting to/from work;Male;29;26 - 35;-1;-1;-1;5;Urban area;5