Accident_Index;Location_Easting_OSGR;Location_Northing_OSGR;Longitude;Latitude;Police_Force;Accident_Severity;Number_of_Vehicles;Number_of_Casualties;Date;Day_of_Week;Time;Local_Authority_(District);Local_Authority_(Highway);1st_Road_Class;1st_Road_Number;Road_Type;Speed_limit;Junction_Detail;Junction_Control;2nd_Road_Class;2nd_Road_Number;Pedestrian_Crossing-Human_Control;Pedestrian_Crossing-Physical_Facilities;Light_Conditions;Weather_Conditions;Road_Surface_Conditions;Special_Conditions_at_Site;Carriageway_Hazards;Urban_or_Rural_Area;Did_Police_Officer_Attend_Scene_of_Accident;LSOA_of_Accident_Location;Vehicle_Reference_x;Casualty_Reference;Casualty_Class;Sex_of_Casualty;Age_of_Casualty;Age_Band_of_Casualty;Casualty_Severity;Pedestrian_Location;Pedestrian_Movement;Car_Passenger;Bus_or_Coach_Passenger;Pedestrian_Road_Maintenance_Worker;Casualty_Type;Casualty_Home_Area_Type;Casualty_IMD_Decile;Vehicle_Reference_y;Vehicle_Type;Towing_and_Articulation;Vehicle_Manoeuvre;Vehicle_Location-Restricted_Lane;Junction_Location;Skidding_and_Overturning;Hit_Object_in_Carriageway;Vehicle_Leaving_Carriageway;Hit_Object_off_Carriageway;1st_Point_of_Impact;Was_Vehicle_Left_Hand_Drive?;Journey_Purpose_of_Driver;Sex_of_Driver;Age_of_Driver;Age_Band_of_Driver;Engine_Capacity_(CC);Propulsion_Code;Age_of_Vehicle;Driver_IMD_Decile;Driver_Home_Area_Type;Vehicle_IMD_Decile
2019010160161;540895;182743;0.029642;51.526031;Metropolitan Police;Slight;2;1;29/01/2019;Tuesday;07:35;Newham;Newham;A;124;Single carriageway;30 MPH;Crossroads;Auto traffic signal;A;112;None within 50 metres ;Pedestrian phase at traffic signal junction;Daylight;Fine no high winds;Dry;None;None;Urban;Yes;E01003601;1;1;Driver or rider;Male;55;8;Slight;Not a Pedestrian;Not a Pedestrian;Not car passenger;Not a bus or coach passenger;No / Not applicable;9;Cyclist;More deprived 40-50%;1;Car;No tow/articulation;Waiting to go - held up;On main c'way - not in restricted lane;Approaching junction or waiting/parked at junction approach;None;None;Straight ahead at junction;None;Back;1;Commuting to/from work;Male;55;46 - 55;-1;-1;-1;5;Urban area;5
2019010160161;540895;182743;0.029642;51.526031;Metropolitan Police;Slight;2;1;29/01/2019;Tuesday;07:35;Newham;Newham;A;124;Single carriageway;30 MPH;Crossroads;Auto traffic signal;A;112;None within 50 metres ;Pedestrian phase at traffic signal junction;Daylight;Fine no high winds;Dry;None;None;Urban;Yes;E01003601;1;1;Driver or rider;Male;55;8;Slight;Not a Pedestrian;Not a Pedestrian;Not car passenger;Not a bus or coach passenger;No / Not applicable;9;Cyclist;More deprived 40-50%;2;Car;No tow/articulation;Going ahead other;On main c'way - not in restricted lane;Approaching junction or waiting/parked at junction approach;None;None;Did not leave carriageway;None;Front;1;Not known;Male;26;26 - 35;-1;-1;-1;4;Urban area;4
2019010160163;534911;184105;-0.056042;51.539731;Metropolitan Police;Slight;1;1;29/01/2019;Tuesday;07:35;Hackney;Hackney;A;107;One way street;20 MPH;T or staggered junction;Auto traffic signal;A;107;None within 50 metres ;Pedestrian phase at traffic signal junction;Daylight;Fine no high winds;Dry;None;None;Urban;Yes;E01001839;1;1;Pedestrian;Male;31;6;Slight;In carriageway, crossing elsewhere;Crossing from driver's nearside;Not car passenger;Not a bus or coach passenger;No / Not applicable;0;Cyclist;More deprived 20-30%;1;Van / Goods 3.5 tonnes mgw or under;No tow/articulation;Slowing or stopping;On main c'way - not in restricted lane;Approaching junction or waiting/parked at junction approach;None;None;Did not leave carriageway;None;Front;1;Commuting to/from work;Male;28;26 - 35;-1;-1;-1;2;Urban area;2
2019010160164;553843;192749;0.22052;51.612557;Metropolitan Police;Slight;2;1;28/01/2019;Monday;10:42;Havering;Havering;Unclassified;0;Single carriageway;30 MPH;T or staggered junction;Give way or uncontrolled;Unclassified;0;None within 50 metres ;No physical crossing facilities within 50 metres;Daylight;Fine no high winds;Dry;None;None;Urban;Yes;E01002276;1;1;Driver or rider;Male;88;11;Slight;Not a Pedestrian;Not a Pedestrian;Not car passenger;Not a bus or coach passenger;No / Not applicable;9;-1;Data missing or out of range;1;Car;No tow/articulation;Going ahead other;On main c'way - not in restricted lane;Mid Junction - on roundabout or on main road;None;None;Did not leave carriageway;None;Front;1;Not known;Male;88;Over 75;-1;-1;-1;-1;Data missing or out of range;-1
2019010160164;553843;192749;0.22052;51.612557;Metropolitan Police;Slight;2;1;28/01/2019;Monday;10:42;Havering;Havering;Unclassified;0;Single carriageway;30 MPH;T or staggered junction;Give way or uncontrolled;Unclassified;0;None within 50 metres ;No physical crossing facilities within 50 metres;Daylight;Fine no high winds;Dry;None;None;Urban;Yes;E01002276;1;1;Driver or rider;Male;88;11;Slight;Not a Pedestrian;Not a Pedestrian;Not car passenger;Not a bus or coach passenger;No / Not applicable;9;-1;Data missing or out of range;2;Van / Goods 3.5 tonnes mgw or under;No tow/articulation;Turning right;On main c'way - not in restricted lane;Mid Junction - on roundabout or on main road;None;None;Did not leave carriageway;None;Front;1;Journey as part of work;Male;45;36 - 45;-1;-1;-1;5;Urban area;5
2019010160167;537529;189805;-0.016088;51.59032;Metropolitan Police;Slight;2;1;10/01/2019;Thursday;17:47;Waltham Forest;Waltham Forest;A;503;Single carriageway;30 MPH;T or staggered junction;Data missing or out of range;Unclassified;0;Data missing or out of range;Data missing or out of range;Darkness - lights lit;Unknown;Data missing or out of range;Data missing or out of range;Data missing or out of range;Urban;No - accident was reported using a self completion  form (self rep only);E01004342;1;1;Driver or rider;Male;44;7;Slight;Not a Pedestrian;Not a Pedestrian;Not car passenger;Not a bus or coach passenger;No / Not applicable;9;Cyclist;More deprived 10-20%;1;Car;No tow/articulation;Data missing or out of range;On main c'way - not in restricted lane;Data missing or out of range;None;Data missing or out of range;Data missing or out of range;None;Data missing or out of range;-1;Not known;Male;44;36 - 45;-1;-1;-1;2;Urban area;2
2019010160167;537529;189805;-0.016088;51.59032;Metropolitan Police;Slight;2;1;10/01/2019;Thursday;17:47;Waltham Forest;Waltham Forest;A;503;Single carriageway;30 MPH;T or staggered junction;Data missing or out of range;Unclassified;0;Data missing or out of range;Data missing or out of range;Darkness - lights lit;Unknown;Data missing or out of range;Data missing or out of range;Data missing or out of range;Urban;No - accident was reported using a self completion  form (self rep only);E01004342;1;1;Driver or rider;Male;44;7;Slight;Not a Pedestrian;Not a Pedestrian;Not car passenger;Not a bus or coach passenger;No / Not applicable;9;Cyclist;More deprived 10-20%;2;Car;Data missing or out of range;Data missing or out of range;Data missing or out of range;Data missing or out of range;None;Data missing or out of range;Data missing or out of range;Data missing or out of range;Data missing or out of range;-1;Not known;Not known;-1;Data missing or out of range;-1;-1;-1;-1;Data missing or out of range;-1
2019010160168;530657;180650;-0.118627;51.509682;Metropolitan Police;Serious;1;1;29/01/2019;Tuesday;08:45;Westminster;Westminster;Unclassified;0;Single carriageway;30 MPH;Other junction;Give way or uncontrolled;A;3211;None within 50 metres ;Pelican, puffin, toucan or similar non-junction pedestrian light crossing;Daylight;Fine no high winds;Dry;None;None;Rural;Yes;E01004735;1;1;Pedestrian;Male;42;7;Serious;In carriageway, crossing elsewhere;Unknown or other;Not car passenger;Not a bus or coach passenger;No / Not applicable;0;Motorcycle 125cc and under rider or passenger;Less deprived 30-40%;1;Pedal cycle;No tow/articulation;Going ahead other;Cycle lane (on main carriageway);Cleared junction or waiting/parked at junction exit;None;None;Did not leave carriageway;None;Front;1;Not known;Not known;-1;Data missing or out of range;-1;-1;-1;-1;Data missing or out of range;-1
2019010160169;532537;192598;-0.087053;51.616615;Metropolitan Police;Slight;2;1;29/01/2019;Tuesday;08:01;Enfield;Enfield;A;406;Roundabout;30 MPH;Roundabout;Auto traffic signal;A;10;None within 50 metres ;No physical crossing facilities within 50 metres;Daylight;Fine no high winds;Dry;None;None;Urban;Yes;E01001499;1;1;Driver or rider;Male;31;6;Slight;Not a Pedestrian;Not a Pedestrian;Not car passenger;Not a bus or coach passenger;No / Not applicable;3;Cyclist;Less deprived 10-20%;1;Motorcycle 125cc and under;No tow/articulation;Moving off;On main c'way - not in restricted lane;Entering roundabout;None;None;Did not leave carriageway;None;Offside;1;Journey as part of work;Male;31;26 - 35;-1;-1;-1;9;Urban area;9
2019010160169;532537;192598;-0.087053;51.616615;Metropolitan Police;Slight;2;1;29/01/2019;Tuesday;08:01;Enfield;Enfield;A;406;Roundabout;30 MPH;Roundabout;Auto traffic signal;A;10;None within 50 metres ;No physical crossing facilities within 50 metres;Daylight;Fine no high winds;Dry;None;None;Urban;Yes;E01001499;1;1;Driver or rider;Male;31;6;Slight;Not a Pedestrian;Not a Pedestrian;Not car passenger;Not a bus or coach passenger;No / Not applicable;3;Cyclist;Less deprived 10-20%;2;Car;No tow/articulation;Moving off;On main c'way - not in restricted lane;Cleared junction or waiting/parked at junction exit;None;None;Did not leave carriageway;None;Front;1;Not known;Not known;-1;Data missing or out of range;-1;-1;-1;-1;Data missing or out of range;-1
2019010160170;516264;177335;-0.327021;51.483029;Metropolitan Police;Slight;2;1;29/01/2019;Tuesday;07:45;Hounslow;Hounslow;A;4;Slip road;40 MPH;Data missing or out of range;Auto traffic signal;B;454;Data missing or out of range;Data missing or out of range;Daylight;Fine no high winds;Dry;Data missing or out of range;Data missing or out of range;Urban;No - accident was reported using a self completion  form (self rep only);E01002678;1;1;Driver or rider;Male;32;6;Slight;Not a Pedestrian;Not a Pedestrian;Not car passenger;Not a bus or coach passenger;No / Not applicable;9;Cyclist;More deprived 20-30%;1;Car;No tow/articulation;Slowing or stopping;On main c'way - not in restricted lane;Mid Junction - on roundabout or on main road;None;None;Did not leave carriageway;None;Front;-1;Not known;Male;32;26 - 35;-1;-1;-1;3;Urban area;3
2019010160170;516264;177335;-0.327021;51.483029;Metropolitan Police;Slight;2;1;29/01/2019;Tuesday;07:45;Hounslow;Hounslow;A;4;Slip road;40 MPH;Data missing or out of range;Auto traffic signal;B;454;Data missing or out of range;Data missing or out of range;Daylight;Fine no high winds;Dry;Data missing or out of range;Data missing or out of range;Urban;No - accident was reported using a self completion  form (self rep only);E01002678;1;1;Driver or rider;Male;32;6;Slight;Not a Pedestrian;Not a Pedestrian;Not car passenger;Not a bus or coach passenger;No / Not applicable;9;Cyclist;More deprived 20-30%;2;Van / Goods 3.5 tonnes mgw or under;No tow/articulation;Reversing;On main c'way - not in restricted lane;Mid Junction - on roundabout or on main road;None;None;Did not leave carriageway;None;Back;-1;Not known;Not known;43;36 - 45;-1;-1;-1;8;Urban area;8
2019010160175;530461;181688;-0.121066;51.519056;Metropolitan Police;Slight;2;1;28/01/2019;Monday;18:50;Camden;Camden;A;4200;Single carriageway;30 MPH;Other junction;Auto traffic signal;A;401;None within 50 metres ;Pedestrian phase at traffic signal junction;Darkness - lights lit;Other;Dry;None;None;Urban;No - accident was reported using a self completion  form (self rep only);E01000914;1;1;Driver or rider;Male;46;8;Slight;Not a Pedestrian;Not a Pedestrian;Not car passenger;Not a bus or coach passenger;No / Not applicable;5;Cyclist;Less deprived 20-30%;1;Motorcycle over 500cc;No tow/articulation;Data missing or out of range;Data missing or out of range;Data missing or out of range;Data missing or out of range;Data missing or out of range;Data missing or out of range;Data missing or out of range;Data missing or out of range;1;Commuting to/from work;Male;46;46 - 55;-1;-1;-1;8;Urban area;8
2019010160175;530461;181688;-0.121066;51.519056;Metropolitan Police;Slight;2;1;28/01/2019;Monday;18:50;Camden;Camden;A;4200;Single carriageway;30 MPH;Other junction;Auto traffic signal;A;401;None within 50 metres ;Pedestrian phase at traffic signal junction;Darkness - lights lit;Other;Dry;None;None;Urban;No - accident was reported using a self completion  form (self rep only);E01000914;1;1;Driver or rider;Male;46;8;Slight;Not a Pedestrian;Not a Pedestrian;Not car passenger;Not a bus or coach passenger;No / Not applicable;5;Cyclist;Less deprived 20-30%;2;Pedal cycle;Data missing or out of range;Data missing or out of range;Data missing or out of range;Data missing or out of range;Data missing or out of range;Data missing or out of range;Data missing or out of range;Data missing or out of range;Data missing or out of range;1;Not known;Not known;-1;Data missing or out of range;-1;-1;-1;-1;Data missing or out of range;-1
2019010160179;528390;187664;-0.148719;51.573235;Metropolitan Police;Slight;1;1;29/01/2019;Tuesday;07:48;Haringey;Haringey;B;550;Single carriageway;20 MPH;T or staggered junction;Give way or uncontrolled;Unclassified;0;None within 50 metres ;Central refuge;Daylight;Fine no high winds;Frost or ice;None;None;Urban;Yes;E01002008;1;1;Driver or rider;Male;49;8;Slight;Not a Pedestrian;Not a Pedestrian;Not car passenger;Not a bus or coach passenger;No / Not applicable;3;Cyclist;Most deprived 10%;1;Motorcycle 125cc and under;No tow/articulation;Going ahead other;On main c'way - not in restricted lane;Approaching junction or waiting/parked at junction approach;None;None;Did not leave carriageway;None;Did not impact;1;Not known;Male;49;46 - 55;-1;-1;-1;1;Urban area;1
2019010160185;537468;173584;-0.02329;51.44457;Metropolitan Police;Slight;1;1;16/01/2019;Wednesday;17:30;Lewisham;Lewisham;A;205;Single carriageway;30 MPH;T or staggered junction;Auto traffic signal;Unclassified;0;None within 50 metres ;Pelican, puffin, toucan or similar non-junction pedestrian light crossing;Darkness - lights lit;Raining + high winds;Wet or damp;None;None;Urban;No - accident was reported using a self completion  form (self rep only);E01003318;1;1;Pedestrian;Female;36;7;Slight;Crossing on pedestrian crossing facility;Unknown or other;Not car passenger;Not a bus or coach passenger;No / Not applicable;0;Cyclist;More deprived 20-30%;1;Car;No tow/articulation;Turning right;On main c'way - not in restricted lane;Cleared junction or waiting/parked at junction exit;None;None;Did not leave carriageway;None;Data missing or out of range;1;Not known;Not known;-1;Data missing or out of range;-1;-1;-1;-1;Data missing or out of range;-1
2019010160194;534077;187243;-0.066866;51.568129;Metropolitan Police;Slight;1;1;28/01/2019;Monday;19:42;Hackney;Hackney;Unclassified;0;Single carriageway;30 MPH;Not at junction or within 20 metres;Data missing or out of range;-1;0;None within 50 metres ;Data missing or out of range;Darkness - lights lit;Fine no high winds;Dry;None;None;Urban;No - accident was reported using a self completion  form (self rep only);E01001725;1;1;Pedestrian;Female;21;5;Slight;In carriageway, crossing elsewhere;Crossing from driver's nearside;Not car passenger;Not a bus or coach passenger;No / Not applicable;0;Cyclist;More deprived 10-20%;1;Van / Goods 3.5 tonnes mgw or under;No tow/articulation;Data missing or out of range;Data missing or out of range;Not at or within 20 metres of junction;Data missing or out of range;Data missing or out of range;Data missing or out of range;Data missing or out of range;Did not impact;-1;Not known;Not known;-1;Data missing or out of range;-1;-1;-1;-1;Data missing or out of range;-1
2019010160198;512670;179940;-0.377926;51.507169;Metropolitan Police;Slight;1;2;04/01/2019;Friday;14:50;Ealing;Ealing;C;0;Single carriageway;30 MPH;Data missing or out of range;Data missing or out of range;A;3005;Data missing or out of range;Data missing or out of range;Darkness - lighting unknown;Unknown;Data missing or out of range;Data missing or out of range;Data missing or out of range;Urban;No - accident was reported using a self completion  form (self rep only);E01001362;1;1;Driver or rider;Male;40;7;Slight;Not a Pedestrian;Not a Pedestrian;Not car passenger;Not a bus or coach passenger;No / Not applicable;9;-1;Data missing or out of range;1;Car;No tow/articulation;Data missing or out of range;On main c'way - not in restricted lane;Data missing or out of range;None;None;Did not leave carriageway;None;Back;-1;Not known;Male;40;36 - 45;-1;-1;-1;-1;Data missing or out of range;-1
2019010160198;512670;179940;-0.377926;51.507169;Metropolitan Police;Slight;1;2;04/01/2019;Friday;14:50;Ealing;Ealing;C;0;Single carriageway;30 MPH;Data missing or out of range;Data missing or out of range;A;3005;Data missing or out of range;Data missing or out of range;Darkness - lighting unknown;Unknown;Data missing or out of range;Data missing or out of range;Data missing or out of range;Urban;No - accident was reported using a self completion  form (self rep only);E01001362;1;2;Passenger;Female;33;6;Slight;Not a Pedestrian;Not a Pedestrian;Data missing or out of range;Not a bus or coach passenger;No / Not applicable;9;-1;Data missing or out of range;1;Car;No tow/articulation;Data missing or out of range;On main c'way - not in restricted lane;Data missing or out of range;None;None;Did not leave carriageway;None;Back;-1;Not known;Male;40;36 - 45;-1;-1;-1;-1;Data missing or out of range;-1
2019010160203;507872;182337;-0.446301;51.52965;Metropolitan Police;Slight;2;1;12/01/2019;Saturday;19:25;Hillingdon;Hillingdon;A;4020;Dual carriageway;40 MPH;T or staggered junction;Data missing or out of range;Unclassified;0;Data missing or out of range;Data missing or out of range;Daylight;Unknown;Data missing or out of range;Data missing or out of range;Data missing or out of range;Urban;No - accident was reported using a self completion  form (self rep only);E01002455;1;1;Driver or rider;Male;30;6;Slight;Not a Pedestrian;Not a Pedestrian;Not car passenger;Not a bus or coach passenger;No / Not applicable;9;-1;Data missing or out of range;1;Car;Data missing or out of range;Turning right;On main c'way - not in restricted lane;Leaving main road;Data missing or out of range;None;Did not leave carriageway;None;Nearside;-1;Not known;Male;30;26 - 35;-1;-1;-1;-1;Data missing or out of range;-1
2019010160203;507872;182337;-0.446301;51.52965;Metropolitan Police;Slight;2;1;12/01/2019;Saturday;19:25;Hillingdon;Hillingdon;A;4020;Dual carriageway;40 MPH;T or staggered junction;Data missing or out of range;Unclassified;0;Data missing or out of range;Data missing or out of range;Daylight;Unknown;Data missing or out of range;Data missing or out of range;Data missing or out of range;Urban;No - accident was reported using a self completion  form (self rep only);E01002455;1;1;Driver or rider;Male;30;6;Slight;Not a Pedestrian;Not a Pedestrian;Not car passenger;Not a bus or coach passenger;No / Not applicable;9;-1;Data missing or out of range;2;Car;No tow/articulation;Going ahead other;On main c'way - not in restricted lane;Approaching junction or waiting/parked at junction approach;Data missing or out of range;None;Data missing or out of range;None;Front;1;Not known;Not known;-1;Data missing or out of range;-1;-1;-1;-1;Data missing or out of range;-1
2019010160205;540731;176942;0.024966;51.473945;Metropolitan Police;Serious;2;1;29/01/2019;Tuesday;07:50;Greenwich;Greenwich;A;2;Dual carriageway;50 MPH;Not at junction or within 20 metres;Data missing or out of range;-1;0;None within 50 metres ;No physical crossing facilities within 50 metres;Daylight;Fine no high winds;Dry;None;None;Urban;Yes;E01001583;2;1;Driver or rider;Male;34;6;Serious;Not a Pedestrian;Not a Pedestrian;Not car passenger;Not a bus or coach passenger;No / Not applicable;5;Cyclist;More deprived 10-20%;1;Car;No tow/articulation;Going ahead other;On main c'way - not in restricted lane;Not at or within 20 metres of junction;Skidded;None;Did not leave carriageway;None;Back;1;Commuting to/from work;Male;47;46 - 55;-1;-1;-1;9;Urban area;9
2019010160205;540731;176942;0.024966;51.473945;Metropolitan Police;Serious;2;1;29/01/2019;Tuesday;07:50;Greenwich;Greenwich;A;2;Dual carriageway;50 MPH;Not at junction or within 20 metres;Data missing or out of range;-1;0;None within 50 metres ;No physical crossing facilities within 50 metres;Daylight;Fine no high winds;Dry;None;None;Urban;Yes;E01001583;2;1;Driver or rider;Male;34;6;Serious;Not a Pedestrian;Not a Pedestrian;Not car passenger;Not a bus or coach passenger;No / Not applicable;5;Cyclist;More deprived 10-20%;2;Motorcycle over 500cc;No tow/articulation;Going ahead other;On main c'way - not in restricted lane;Not at or within 20 metres of junction;Overturned;None;Did not leave carriageway;None;Front;1;Commuting to/from work;Male;34;26 - 35;-1;-1;-1;2;Urban area;2
2019010160207;537908;181007;-0.014066;51.511168;Metropolitan Police;Slight;2;1;28/01/2019;Monday;13:31;Tower Hamlets;Tower Hamlets;A;13;Single carriageway;30 MPH;Other junction;Give way or uncontrolled;Unclassified;0;None within 50 metres ;Pedestrian phase at traffic signal junction;Daylight;Fine no high winds;Dry;None;None;Urban;Yes;E01004247;1;1;Passenger;Female;23;5;Slight;Not a Pedestrian;Not a Pedestrian;Not car passenger;Seated passenger;No / Not applicable;11;Cyclist;More deprived 20-30%;1;Bus or coach (17 or more pass seats);No tow/articulation;Going ahead other;Bus lane;Approaching junction or waiting/parked at junction approach;None;None;Did not leave carriageway;None;Did not impact;1;Not known;Female;58;56 - 65;-1;-1;-1;2;Urban area;2
2019010160207;537908;181007;-0.014066;51.511168;Metropolitan Police;Slight;2;1;28/01/2019;Monday;13:31;Tower Hamlets;Tower Hamlets;A;13;Single carriageway;30 MPH;Other junction;Give way or uncontrolled;Unclassified;0;None within 50 metres ;Pedestrian phase at traffic signal junction;Daylight;Fine no high winds;Dry;None;None;Urban;Yes;E01004247;1;1;Passenger;Female;23;5;Slight;Not a Pedestrian;Not a Pedestrian;Not car passenger;Seated passenger;No / Not applicable;11;Cyclist;More deprived 20-30%;2;Car;No tow/articulation;Going ahead other;On main c'way - not in restricted lane;Cleared junction or waiting/parked at junction exit;None;None;Did not leave carriageway;None;Did not impact;1;Not known;Female;-1;Data missing or out of range;-1;-1;-1;7;Urban area;7
2019010160209;514883;172916;-0.348335;51.443593;Metropolitan Police;Slight;2;1;29/01/2019;Tuesday;10:49;Richmond upon Thames;Richmond upon Thames;A;305;Single carriageway;30 MPH;Other junction;Give way or uncontrolled;C;0;None within 50 metres ;No physical crossing facilities within 50 metres;Daylight;Fine no high winds;Dry;None;None;Urban;Yes;E01003898;2;1;Driver or rider;Male;64;9;Slight;Not a Pedestrian;Not a Pedestrian;Not car passenger;Not a bus or coach passenger;No / Not applicable;5;Cyclist;More deprived 30-40%;1;Car;No tow/articulation;Waiting to turn right;On main c'way - not in restricted lane;Approaching junction or waiting/parked at junction approach;None;None;Did not leave carriageway;None;Back;1;Not known;Female;35;26 - 35;-1;-1;-1;4;Urban area;4
2019010160209;514883;172916;-0.348335;51.443593;Metropolitan Police;Slight;2;1;29/01/2019;Tuesday;10:49;Richmond upon Thames;Richmond upon Thames;A;305;Single carriageway;30 MPH;Other junction;Give way or uncontrolled;C;0;None within 50 metres ;No physical crossing facilities within 50 metres;Daylight;Fine no high winds;Dry;None;None;Urban;Yes;E01003898;2;1;Driver or rider;Male;64;9;Slight;Not a Pedestrian;Not a Pedestrian;Not car passenger;Not a bus or coach passenger;No / Not applicable;5;Cyclist;More deprived 30-40%;2;Motorcycle over 500cc;No tow/articulation;Going ahead other;On main c'way - not in restricted lane;Approaching junction or waiting/parked at junction approach;None;None;Did not leave carriageway;None;Front;1;Not known;Male;64;56 - 65;-1;-1;-1;4;Urban area;4
2019010160217;538383;174795;-0.009659;51.45523;Metropolitan Police;Slight;2;1;25/01/2019;Friday;08:35;Lewisham;Lewisham;C;0;Single carriageway;20 MPH;T or staggered junction;Data missing or out of range;Unclassified;0;None within 50 metres ;No physical crossing facilities within 50 metres;Daylight;Raining no high winds;Wet or damp;None;None;Urban;No - accident was reported using a self completion  form (self rep only);E01003290;1;1;Driver or rider;Male;24;5;Slight;Not a Pedestrian;Not a Pedestrian;Not car passenger;Not a bus or coach passenger;No / Not applicable;1;Cyclist;Less deprived 40-50%;1;Pedal cycle;Data missing or out of range;Data missing or out of range;Data missing or out of range;Data missing or out of range;Data missing or out of range;Data missing or out of range;Data missing or out of range;Data missing or out of range;Front;1;Commuting to/from work;Male;24;21 - 25;-1;-1;-1;6;Urban area;6
2019010160217;538383;174795;-0.009659;51.45523;Metropolitan Police;Slight;2;1;25/01/2019;Friday;08:35;Lewisham;Lewisham;C;0;Single carriageway;20 MPH;T or staggered junction;Data missing or out of range;Unclassified;0;None within 50 metres ;No physical crossing facilities within 50 metres;Daylight;Raining no high winds;Wet or damp;None;None;Urban;No - accident was reported using a self completion  form (self rep only);E01003290;1;1;Driver or rider;Male;24;5;Slight;Not a Pedestrian;Not a Pedestrian;Not car passenger;Not a bus or coach passenger;No / Not applicable;1;Cyclist;Less deprived 40-50%;2;Car;No tow/articulation;Data missing or out of range;Data missing or out of range;Data missing or out of range;Data missing or out of range;Data missing or out of range;Data missing or out of range;Data missing or out of range;Offside;-1;Not known;Male;54;46 - 55;-1;-1;-1;-1;Data missing or out of range;-1
2019010160219;508962;172703;-0.433562;51.442848;Metropolitan Police;Slight;3;3;29/01/2019;Tuesday;09:20;Hounslow;Hounslow;C;0;Single carriageway;30 MPH;Not at junction or within 20 metres;Data missing or out of range;-1;0;None within 50 metres ;No physical crossing facilities within 50 metres;Daylight;Fine no high winds;Dry;None;None;Urban;Yes;E01002596;1;1;Driver or rider;Female;30;6;Slight;Not a Pedestrian;Not a Pedestrian;Not car passenger;Not a bus or coach passenger;No / Not applicable;9;Cyclist;More deprived 30-40%;1;Car;No tow/articulation;Going ahead other;On main c'way - not in restricted lane;Not at or within 20 metres of junction;None;None;Did not leave carriageway;None;Front;1;Not known;Female;30;26 - 35;-1;-1;-1;4;Urban area;4
2019010160219;508962;172703;-0.433562;51.442848;Metropolitan Police;Slight;3;3;29/01/2019;Tuesday;09:20;Hounslow;Hounslow;C;0;Single carriageway;30 MPH;Not at junction or within 20 metres;Data missing or out of range;-1;0;None within 50 metres ;No physical crossing facilities within 50 metres;Daylight;Fine no high winds;Dry;None;None;Urban;Yes;E01002596;1;1;Driver or rider;Female;30;6;Slight;Not a Pedestrian;Not a Pedestrian;Not car passenger;Not a bus or coach passenger;No / Not applicable;9;Cyclist;More deprived 30-40%;2;Car;No tow/articulation;Waiting to go - held up;On main c'way - not in restricted lane;Not at or within 20 metres of junction;None;None;Did not leave carriageway;None;Front;1;Not known;Female;58;56 - 65;-1;-1;-1;4;Urban area;4
2019010160219;508962;172703;-0.433562;51.442848;Metropolitan Police;Slight;3;3;29/01/2019;Tuesday;09:20;Hounslow;Hounslow;C;0;Single carriageway;30 MPH;Not at junction or within 20 metres;Data missing or out of range;-1;0;None within 50 metres ;No physical crossing facilities within 50 metres;Daylight;Fine no high winds;Dry;None;None;Urban;Yes;E01002596;1;1;Driver or rider;Female;30;6;Slight;Not a Pedestrian;Not a Pedestrian;Not car passenger;Not a bus or coach passenger;No / Not applicable;9;Cyclist;More deprived 30-40%;3;Car;No tow/articulation;Waiting to go - held up;On main c'way - not in restricted lane;Not at or within 20 metres of junction;None;None;Did not leave carriageway;None;Back;1;Not known;Male;24;21 - 25;-1;-1;-1;2;Urban area;2
2019010160219;508962;172703;-0.433562;51.442848;Metropolitan Police;Slight;3;3;29/01/2019;Tuesday;09:20;Hounslow;Hounslow;C;0;Single carriageway;30 MPH;Not at junction or within 20 metres;Data missing or out of range;-1;0;None within 50 metres ;No physical crossing facilities within 50 metres;Daylight;Fine no high winds;Dry;None;None;Urban;Yes;E01002596;2;2;Driver or rider;Female;58;9;Slight;Not a Pedestrian;Not a Pedestrian;Not car passenger;Not a bus or coach passenger;No / Not applicable;9;Cyclist;More deprived 30-40%;1;Car;No tow/articulation;Going ahead other;On main c'way - not in restricted lane;Not at or within 20 metres of junction;None;None;Did not leave carriageway;None;Front;1;Not known;Female;30;26 - 35;-1;-1;-1;4;Urban area;4
2019010160219;508962;172703;-0.433562;51.442848;Metropolitan Police;Slight;3;3;29/01/2019;Tuesday;09:20;Hounslow;Hounslow;C;0;Single carriageway;30 MPH;Not at junction or within 20 metres;Data missing or out of range;-1;0;None within 50 metres ;No physical crossing facilities within 50 metres;Daylight;Fine no high winds;Dry;None;None;Urban;Yes;E01002596;2;2;Driver or rider;Female;58;9;Slight;Not a Pedestrian;Not a Pedestrian;Not car passenger;Not a bus or coach passenger;No / Not applicable;9;Cyclist;More deprived 30-40%;2;Car;No tow/articulation;Waiting to go - held up;On main c'way - not in restricted lane;Not at or within 20 metres of junction;None;None;Did not leave carriageway;None;Front;1;Not known;Female;58;56 - 65;-1;-1;-1;4;Urban area;4
2019010160219;508962;172703;-0.433562;51.442848;Metropolitan Police;Slight;3;3;29/01/2019;Tuesday;09:20;Hounslow;Hounslow;C;0;Single carriageway;30 MPH;Not at junction or within 20 metres;Data missing or out of range;-1;0;None within 50 metres ;No physical crossing facilities within 50 metres;Daylight;Fine no high winds;Dry;None;None;Urban;Yes;E01002596;2;2;Driver or rider;Female;58;9;Slight;Not a Pedestrian;Not a Pedestrian;Not car passenger;Not a bus or coach passenger;No / Not applicable;9;Cyclist;More deprived 30-40%;3;Car;No tow/articulation;Waiting to go - held up;On main c'way - not in restricted lane;Not at or within 20 metres of junction;None;None;Did not leave carriageway;None;Back;1;Not known;Male;24;21 - 25;-1;-1;-1;2;Urban area;2