Accident_Index;Location_Easting_OSGR;Location_Northing_OSGR;Longitude;Latitude;Police_Force;Accident_Severity;Number_of_Vehicles;Number_of_Casualties;Date;Day_of_Week;Time;Local_Authority_(District);Local_Authority_(Highway);1st_Road_Class;1st_Road_Number;Road_Type;Speed_limit;Junction_Detail;Junction_Control;2nd_Road_Class;2nd_Road_Number;Pedestrian_Crossing-Human_Control;Pedestrian_Crossing-Physical_Facilities;Light_Conditions;Weather_Conditions;Road_Surface_Conditions;Special_Conditions_at_Site;Carriageway_Hazards;Urban_or_Rural_Area;Did_Police_Officer_Attend_Scene_of_Accident;LSOA_of_Accident_Location;Vehicle_Reference_x;Casualty_Reference;Casualty_Class;Sex_of_Casualty;Age_of_Casualty;Age_Band_of_Casualty;Casualty_Severity;Pedestrian_Location;Pedestrian_Movement;Car_Passenger;Bus_or_Coach_Passenger;Pedestrian_Road_Maintenance_Worker;Casualty_Type;Casualty_Home_Area_Type;Casualty_IMD_Decile;Vehicle_Reference_y;Vehicle_Type;Towing_and_Articulation;Vehicle_Manoeuvre;Vehicle_Location-Restricted_Lane;Junction_Location;Skidding_and_Overturning;Hit_Object_in_Carriageway;Vehicle_Leaving_Carriageway;Hit_Object_off_Carriageway;1st_Point_of_Impact;Was_Vehicle_Left_Hand_Drive?;Journey_Purpose_of_Driver;Sex_of_Driver;Age_of_Driver;Age_Band_of_Driver;Engine_Capacity_(CC);Propulsion_Code;Age_of_Vehicle;Driver_IMD_Decile;Driver_Home_Area_Type;Vehicle_IMD_Decile
2019010160219;508962;172703;-0.433562;51.442848;Metropolitan Police;Slight;3;3;29/01/2019;Tuesday;09:20;Hounslow;Hounslow;C;0;Single carriageway;30 MPH;Not at junction or within 20 metres;Data missing or out of range;-1;0;None within 50 metres ;No physical crossing facilities within 50 metres;Daylight;Fine no high winds;Dry;None;None;Urban;Yes;E01002596;3;3;Driver or rider;Male;24;5;Slight;Not a Pedestrian;Not a Pedestrian;Not car passenger;Not a bus or coach passenger;No / Not applicable;9;Cyclist;More deprived 10-20%;1;Car;No tow/articulation;Going ahead other;On main c'way - not in restricted lane;Not at or within 20 metres of junction;None;None;Did not leave carriageway;None;Front;1;Not known;Female;30;26 - 35;-1;-1;-1;4;Urban area;4
2019010160219;508962;172703;-0.433562;51.442848;Metropolitan Police;Slight;3;3;29/01/2019;Tuesday;09:20;Hounslow;Hounslow;C;0;Single carriageway;30 MPH;Not at junction or within 20 metres;Data missing or out of range;-1;0;None within 50 metres ;No physical crossing facilities within 50 metres;Daylight;Fine no high winds;Dry;None;None;Urban;Yes;E01002596;3;3;Driver or rider;Male;24;5;Slight;Not a Pedestrian;Not a Pedestrian;Not car passenger;Not a bus or coach passenger;No / Not applicable;9;Cyclist;More deprived 10-20%;2;Car;No tow/articulation;Waiting to go - held up;On main c'way - not in restricted lane;Not at or within 20 metres of junction;None;None;Did not leave carriageway;None;Front;1;Not known;Female;58;56 - 65;-1;-1;-1;4;Urban area;4
2019010160219;508962;172703;-0.433562;51.442848;Metropolitan Police;Slight;3;3;29/01/2019;Tuesday;09:20;Hounslow;Hounslow;C;0;Single carriageway;30 MPH;Not at junction or within 20 metres;Data missing or out of range;-1;0;None within 50 metres ;No physical crossing facilities within 50 metres;Daylight;Fine no high winds;Dry;None;None;Urban;Yes;E01002596;3;3;Driver or rider;Male;24;5;Slight;Not a Pedestrian;Not a Pedestrian;Not car passenger;Not a bus or coach passenger;No / Not applicable;9;Cyclist;More deprived 10-20%;3;Car;No tow/articulation;Waiting to go - held up;On main c'way - not in restricted lane;Not at or within 20 metres of junction;None;None;Did not leave carriageway;None;Back;1;Not known;Male;24;21 - 25;-1;-1;-1;2;Urban area;2
2019010160224;540826;184257;0.029253;51.539653;Metropolitan Police;Slight;1;1;29/01/2019;Tuesday;11:48;Newham;Newham;Unclassified;0;Single carriageway;20 MPH;T or staggered junction;Stop sign;Unclassified;0;None within 50 metres ;No physical crossing facilities within 50 metres;Daylight;Fine no high winds;Dry;None;None;Urban;Yes;E01003574;1;1;Pedestrian;Female;38;7;Slight;In carriageway, crossing elsewhere;Crossing from driver's nearside;Not car passenger;Not a bus or coach passenger;No / Not applicable;0;Cyclist;More deprived 20-30%;1;Car;No tow/articulation;Reversing;On main c'way - not in restricted lane;Cleared junction or waiting/parked at junction exit;None;None;Did not leave carriageway;None;Back;1;Taking pupil to/from school;Male;23;21 - 25;-1;-1;-1;5;Urban area;5
2019010160225;507642;184671;-0.448901;51.550672;Metropolitan Police;Slight;2;1;28/01/2019;Monday;18:35;Hillingdon;Hillingdon;A;437;Single carriageway;30 MPH;T or staggered junction;Give way or uncontrolled;Unclassified;0;None within 50 metres ;Pedestrian phase at traffic signal junction;Darkness - lighting unknown;Fine no high winds;Dry;None;None;Urban;No - accident was reported using a self completion  form (self rep only);E01002452;1;1;Driver or rider;Male;26;6;Slight;Not a Pedestrian;Not a Pedestrian;Not car passenger;Not a bus or coach passenger;No / Not applicable;3;Cyclist;More deprived 30-40%;1;Motorcycle 125cc and under;No tow/articulation;Data missing or out of range;Data missing or out of range;Data missing or out of range;Data missing or out of range;Data missing or out of range;Data missing or out of range;Data missing or out of range;Front;1;Commuting to/from work;Male;26;26 - 35;-1;-1;-1;4;Urban area;4
2019010160225;507642;184671;-0.448901;51.550672;Metropolitan Police;Slight;2;1;28/01/2019;Monday;18:35;Hillingdon;Hillingdon;A;437;Single carriageway;30 MPH;T or staggered junction;Give way or uncontrolled;Unclassified;0;None within 50 metres ;Pedestrian phase at traffic signal junction;Darkness - lighting unknown;Fine no high winds;Dry;None;None;Urban;No - accident was reported using a self completion  form (self rep only);E01002452;1;1;Driver or rider;Male;26;6;Slight;Not a Pedestrian;Not a Pedestrian;Not car passenger;Not a bus or coach passenger;No / Not applicable;3;Cyclist;More deprived 30-40%;2;Car;No tow/articulation;Data missing or out of range;Data missing or out of range;Data missing or out of range;Data missing or out of range;Data missing or out of range;Data missing or out of range;Data missing or out of range;Data missing or out of range;-1;Not known;Not known;-1;Data missing or out of range;-1;-1;-1;-1;Data missing or out of range;-1
2019010160226;507983;173370;-0.44744;51.44903;Metropolitan Police;Slight;2;1;29/01/2019;Tuesday;07:00;Hounslow;Hounslow;A;30;Unknown;40 MPH;Roundabout;Auto traffic signal;A;30;Data missing or out of range;Data missing or out of range;Daylight;Other;Dry;None;None;Urban;No - accident was reported using a self completion  form (self rep only);E01002559;1;1;Driver or rider;Female;29;6;Slight;Not a Pedestrian;Not a Pedestrian;Not car passenger;Not a bus or coach passenger;No / Not applicable;9;Cyclist;More deprived 20-30%;1;Car;No tow/articulation;Data missing or out of range;Data missing or out of range;Data missing or out of range;Data missing or out of range;Data missing or out of range;Data missing or out of range;Data missing or out of range;Back;1;Commuting to/from work;Female;29;26 - 35;-1;-1;-1;3;Urban area;3
2019010160226;507983;173370;-0.44744;51.44903;Metropolitan Police;Slight;2;1;29/01/2019;Tuesday;07:00;Hounslow;Hounslow;A;30;Unknown;40 MPH;Roundabout;Auto traffic signal;A;30;Data missing or out of range;Data missing or out of range;Daylight;Other;Dry;None;None;Urban;No - accident was reported using a self completion  form (self rep only);E01002559;1;1;Driver or rider;Female;29;6;Slight;Not a Pedestrian;Not a Pedestrian;Not car passenger;Not a bus or coach passenger;No / Not applicable;9;Cyclist;More deprived 20-30%;2;Goods vehicle - unknown weight;Articulated vehicle;Data missing or out of range;Data missing or out of range;Data missing or out of range;Data missing or out of range;Data missing or out of range;Data missing or out of range;Data missing or out of range;Did not impact;1;Not known;Not known;58;56 - 65;-1;-1;-1;9;Urban area;9
2019010160227;527299;175100;-0.168988;51.46057;Metropolitan Police;Slight;1;1;29/01/2019;Tuesday;07:22;Wandsworth;Wandsworth;A;3;Single carriageway;30 MPH;T or staggered junction;Give way or uncontrolled;C;0;None within 50 metres ;No physical crossing facilities within 50 metres;Daylight;Fine no high winds;Dry;None;None;Urban;Yes;E01004553;1;1;Pedestrian;Female;23;5;Slight;In carriageway, crossing elsewhere;Crossing from driver's nearside;Not car passenger;Not a bus or coach passenger;No / Not applicable;0;Cyclist;Less deprived 30-40%;1;Motorcycle over 125cc and up to 500cc;No tow/articulation;Going ahead other;On main c'way - not in restricted lane;Cleared junction or waiting/parked at junction exit;None;None;Did not leave carriageway;None;Front;1;Commuting to/from work;Male;39;36 - 45;-1;-1;-1;5;Urban area;5
2019010160228;518267;192842;-0.292978;51.621984;Metropolitan Police;Slight;1;1;29/01/2019;Tuesday;10:00;Barnet;Barnet;A;410;Roundabout;30 MPH;Roundabout;Give way or uncontrolled;A;5;None within 50 metres ;No physical crossing facilities within 50 metres;Daylight;Fine no high winds;Wet or damp;None;None;Urban;Yes;E01002112;1;1;Pedestrian;Female;50;8;Slight;In carriageway, crossing elsewhere;Crossing from driver's nearside;Not car passenger;Not a bus or coach passenger;No / Not applicable;0;Cyclist;More deprived 40-50%;1;Car;No tow/articulation;Moving off;On main c'way - not in restricted lane;Entering roundabout;None;None;Did not leave carriageway;None;Front;1;Journey as part of work;Female;29;26 - 35;-1;-1;-1;4;Urban area;4
2019010160229;537493;181110;-0.020003;51.512195;Metropolitan Police;Slight;1;1;29/01/2019;Tuesday;11:20;Tower Hamlets;Tower Hamlets;C;0;Unknown;30 MPH;T or staggered junction;Data missing or out of range;Unclassified;0;Control by school crossing patrol;Zebra;Daylight;Fine no high winds;Dry;None;None;Urban;No - accident was reported using a self completion  form (self rep only);E01004253;1;1;Pedestrian;Male;33;6;Slight;Crossing on pedestrian crossing facility;Crossing from driver's nearside;Not car passenger;Not a bus or coach passenger;No / Not applicable;0;Cyclist;Most deprived 10%;1;Car;No tow/articulation;Going ahead other;On main c'way - not in restricted lane;Data missing or out of range;None;None;Did not leave carriageway;None;Front;1;Not known;Female;-1;Data missing or out of range;-1;-1;-1;-1;Data missing or out of range;-1
2019010160231;530344;176259;-0.124755;51.470293;Metropolitan Police;Slight;2;1;29/01/2019;Tuesday;11:00;Lambeth;Lambeth;A;3;Single carriageway;20 MPH;T or staggered junction;Give way or uncontrolled;Unclassified;0;None within 50 metres ;Pedestrian phase at traffic signal junction;Daylight;Fine no high winds;Dry;None;None;Urban;Yes;E01003128;2;1;Driver or rider;Male;37;7;Slight;Not a Pedestrian;Not a Pedestrian;Not car passenger;Not a bus or coach passenger;No / Not applicable;3;Cyclist;Less deprived 30-40%;1;Car;No tow/articulation;Turning right;On main c'way - not in restricted lane;Approaching junction or waiting/parked at junction approach;None;None;Did not leave carriageway;None;Nearside;1;Journey as part of work;Female;31;26 - 35;-1;-1;-1;8;Urban area;8
2019010160231;530344;176259;-0.124755;51.470293;Metropolitan Police;Slight;2;1;29/01/2019;Tuesday;11:00;Lambeth;Lambeth;A;3;Single carriageway;20 MPH;T or staggered junction;Give way or uncontrolled;Unclassified;0;None within 50 metres ;Pedestrian phase at traffic signal junction;Daylight;Fine no high winds;Dry;None;None;Urban;Yes;E01003128;2;1;Driver or rider;Male;37;7;Slight;Not a Pedestrian;Not a Pedestrian;Not car passenger;Not a bus or coach passenger;No / Not applicable;3;Cyclist;Less deprived 30-40%;2;Motorcycle 125cc and under;No tow/articulation;Going ahead other;On main c'way - not in restricted lane;Approaching junction or waiting/parked at junction approach;None;None;Did not leave carriageway;None;Front;1;Not known;Male;37;36 - 45;-1;-1;-1;7;Urban area;7
2019010160232;537054;169352;-0.030879;51.40664;Metropolitan Police;Slight;3;1;29/01/2019;Tuesday;09:15;Bromley;Bromley;A;222;Single carriageway;30 MPH;T or staggered junction;Give way or uncontrolled;Unclassified;0;None within 50 metres ;Zebra;Daylight;Fine no high winds;Dry;None;None;Urban;Yes;E01000714;1;1;Driver or rider;Male;51;8;Slight;Not a Pedestrian;Not a Pedestrian;Not car passenger;Not a bus or coach passenger;No / Not applicable;5;Cyclist;More deprived 30-40%;1;Motorcycle over 500cc;No tow/articulation;Overtaking moving vehicle - offside;On main c'way - not in restricted lane;Cleared junction or waiting/parked at junction exit;None;None;Did not leave carriageway;None;Front;1;Not known;Male;51;46 - 55;-1;-1;-1;4;Urban area;4
2019010160232;537054;169352;-0.030879;51.40664;Metropolitan Police;Slight;3;1;29/01/2019;Tuesday;09:15;Bromley;Bromley;A;222;Single carriageway;30 MPH;T or staggered junction;Give way or uncontrolled;Unclassified;0;None within 50 metres ;Zebra;Daylight;Fine no high winds;Dry;None;None;Urban;Yes;E01000714;1;1;Driver or rider;Male;51;8;Slight;Not a Pedestrian;Not a Pedestrian;Not car passenger;Not a bus or coach passenger;No / Not applicable;5;Cyclist;More deprived 30-40%;2;Van / Goods 3.5 tonnes mgw or under;No tow/articulation;Reversing;On main c'way - not in restricted lane;Cleared junction or waiting/parked at junction exit;None;None;Did not leave carriageway;None;Offside;1;Journey as part of work;Male;25;21 - 25;-1;-1;-1;8;Urban area;8
2019010160232;537054;169352;-0.030879;51.40664;Metropolitan Police;Slight;3;1;29/01/2019;Tuesday;09:15;Bromley;Bromley;A;222;Single carriageway;30 MPH;T or staggered junction;Give way or uncontrolled;Unclassified;0;None within 50 metres ;Zebra;Daylight;Fine no high winds;Dry;None;None;Urban;Yes;E01000714;1;1;Driver or rider;Male;51;8;Slight;Not a Pedestrian;Not a Pedestrian;Not car passenger;Not a bus or coach passenger;No / Not applicable;5;Cyclist;More deprived 30-40%;3;Car;No tow/articulation;Parked;On main c'way - not in restricted lane;Approaching junction or waiting/parked at junction approach;None;None;Did not leave carriageway;None;Back;1;Not known;Not known;-1;Data missing or out of range;-1;-1;-1;-1;Data missing or out of range;-1
2019010160234;528747;180304;-0.146261;51.507011;Metropolitan Police;Slight;1;1;29/01/2019;Tuesday;12:10;Westminster;Westminster;C;0;One way street;30 MPH;T or staggered junction;Give way or uncontrolled;Unclassified;0;None within 50 metres ;No physical crossing facilities within 50 metres;Daylight;Fine no high winds;Dry;None;None;Urban;Yes;E01004761;1;1;Pedestrian;Female;56;9;Slight;In carriageway, crossing elsewhere;Unknown or other;Not car passenger;Not a bus or coach passenger;No / Not applicable;0;Motorcycle 125cc and under rider or passenger;Least deprived 10%;1;Taxi/Private hire car;No tow/articulation;Reversing;On main c'way - not in restricted lane;Mid Junction - on roundabout or on main road;None;None;Did not leave carriageway;None;Back;1;Not known;Male;55;46 - 55;-1;-1;-1;10;Urban area;10
2019010160235;532344;174373;-0.096682;51.45288;Metropolitan Police;Slight;2;1;28/01/2019;Monday;08:35;Southwark;Southwark;Unclassified;0;Single carriageway;30 MPH;T or staggered junction;Data missing or out of range;A;2214;None within 50 metres ;No physical crossing facilities within 50 metres;Daylight;Fine no high winds;Dry;None;None;Urban;No - accident was reported using a self completion  form (self rep only);E01004074;1;1;Driver or rider;Female;57;9;Slight;Not a Pedestrian;Not a Pedestrian;Not car passenger;Not a bus or coach passenger;No / Not applicable;1;Cyclist;More deprived 10-20%;1;Pedal cycle;Data missing or out of range;Data missing or out of range;Data missing or out of range;Data missing or out of range;Data missing or out of range;Data missing or out of range;Data missing or out of range;Data missing or out of range;Back;1;Commuting to/from work;Female;57;56 - 65;-1;-1;-1;2;Urban area;2
2019010160235;532344;174373;-0.096682;51.45288;Metropolitan Police;Slight;2;1;28/01/2019;Monday;08:35;Southwark;Southwark;Unclassified;0;Single carriageway;30 MPH;T or staggered junction;Data missing or out of range;A;2214;None within 50 metres ;No physical crossing facilities within 50 metres;Daylight;Fine no high winds;Dry;None;None;Urban;No - accident was reported using a self completion  form (self rep only);E01004074;1;1;Driver or rider;Female;57;9;Slight;Not a Pedestrian;Not a Pedestrian;Not car passenger;Not a bus or coach passenger;No / Not applicable;1;Cyclist;More deprived 10-20%;2;Car;No tow/articulation;Data missing or out of range;Data missing or out of range;Data missing or out of range;Data missing or out of range;Data missing or out of range;Data missing or out of range;Data missing or out of range;Front;-1;Not known;Not known;-1;Data missing or out of range;-1;-1;-1;5;Urban area;5
2019010160237;513876;188530;-0.357779;51.584134;Metropolitan Police;Slight;2;1;29/01/2019;Tuesday;10:50;Harrow;Harrow;A;404;Single carriageway;30 MPH;Not at junction or within 20 metres;Data missing or out of range;-1;0;None within 50 metres ;No physical crossing facilities within 50 metres;Daylight;Fine no high winds;Dry;None;None;Urban;Yes;E01002161;1;1;Driver or rider;Male;42;7;Slight;Not a Pedestrian;Not a Pedestrian;Not car passenger;Not a bus or coach passenger;No / Not applicable;9;Cyclist;More deprived 10-20%;1;Car;No tow/articulation;Changing lane to right;On main c'way - not in restricted lane;Not at or within 20 metres of junction;None;None;Did not leave carriageway;None;Offside;1;Not known;Male;42;36 - 45;-1;-1;-1;2;Urban area;2
2019010160237;513876;188530;-0.357779;51.584134;Metropolitan Police;Slight;2;1;29/01/2019;Tuesday;10:50;Harrow;Harrow;A;404;Single carriageway;30 MPH;Not at junction or within 20 metres;Data missing or out of range;-1;0;None within 50 metres ;No physical crossing facilities within 50 metres;Daylight;Fine no high winds;Dry;None;None;Urban;Yes;E01002161;1;1;Driver or rider;Male;42;7;Slight;Not a Pedestrian;Not a Pedestrian;Not car passenger;Not a bus or coach passenger;No / Not applicable;9;Cyclist;More deprived 10-20%;2;Car;No tow/articulation;Going ahead other;On main c'way - not in restricted lane;Not at or within 20 metres of junction;None;None;Did not leave carriageway;None;Front;1;Not known;Female;57;56 - 65;-1;-1;-1;10;Urban area;10
2019010160238;510395;178886;-0.411023;51.498145;Metropolitan Police;Serious;2;2;29/01/2019;Tuesday;08:03;Hounslow;Hounslow;A;312;Dual carriageway;30 MPH;Roundabout;Give way or uncontrolled;A;312;None within 50 metres ;No physical crossing facilities within 50 metres;Daylight;Fine no high winds;Dry;None;None;Urban;Yes;E01002407;1;1;Driver or rider;Female;32;6;Serious;Not a Pedestrian;Not a Pedestrian;Not car passenger;Not a bus or coach passenger;No / Not applicable;9;Cyclist;Less deprived 20-30%;1;Car;No tow/articulation;Going ahead other;On main c'way - not in restricted lane;Entering roundabout;None;Kerb;Did not leave carriageway;None;Front;1;Commuting to/from work;Female;32;26 - 35;-1;-1;-1;8;Urban area;8
2019010160238;510395;178886;-0.411023;51.498145;Metropolitan Police;Serious;2;2;29/01/2019;Tuesday;08:03;Hounslow;Hounslow;A;312;Dual carriageway;30 MPH;Roundabout;Give way or uncontrolled;A;312;None within 50 metres ;No physical crossing facilities within 50 metres;Daylight;Fine no high winds;Dry;None;None;Urban;Yes;E01002407;1;1;Driver or rider;Female;32;6;Serious;Not a Pedestrian;Not a Pedestrian;Not car passenger;Not a bus or coach passenger;No / Not applicable;9;Cyclist;Less deprived 20-30%;2;Car;No tow/articulation;Going ahead other;On main c'way - not in restricted lane;Leaving roundabout;Skidded;None;Did not leave carriageway;None;Front;2;Not known;Male;18;16 - 20;-1;-1;-1;4;Urban area;4
2019010160238;510395;178886;-0.411023;51.498145;Metropolitan Police;Serious;2;2;29/01/2019;Tuesday;08:03;Hounslow;Hounslow;A;312;Dual carriageway;30 MPH;Roundabout;Give way or uncontrolled;A;312;None within 50 metres ;No physical crossing facilities within 50 metres;Daylight;Fine no high winds;Dry;None;None;Urban;Yes;E01002407;1;2;Passenger;Male;2;1;Serious;Not a Pedestrian;Not a Pedestrian;Rear seat passenger;Not a bus or coach passenger;No / Not applicable;9;Cyclist;More deprived 40-50%;1;Car;No tow/articulation;Going ahead other;On main c'way - not in restricted lane;Entering roundabout;None;Kerb;Did not leave carriageway;None;Front;1;Commuting to/from work;Female;32;26 - 35;-1;-1;-1;8;Urban area;8
2019010160238;510395;178886;-0.411023;51.498145;Metropolitan Police;Serious;2;2;29/01/2019;Tuesday;08:03;Hounslow;Hounslow;A;312;Dual carriageway;30 MPH;Roundabout;Give way or uncontrolled;A;312;None within 50 metres ;No physical crossing facilities within 50 metres;Daylight;Fine no high winds;Dry;None;None;Urban;Yes;E01002407;1;2;Passenger;Male;2;1;Serious;Not a Pedestrian;Not a Pedestrian;Rear seat passenger;Not a bus or coach passenger;No / Not applicable;9;Cyclist;More deprived 40-50%;2;Car;No tow/articulation;Going ahead other;On main c'way - not in restricted lane;Leaving roundabout;Skidded;None;Did not leave carriageway;None;Front;2;Not known;Male;18;16 - 20;-1;-1;-1;4;Urban area;4
2019010160242;512292;176499;-0.384464;51.476317;Metropolitan Police;Slight;2;1;29/01/2019;Tuesday;09:43;Hounslow;Hounslow;A;4;Dual carriageway;40 MPH;Crossroads;Auto traffic signal;C;0;None within 50 metres ;Pedestrian phase at traffic signal junction;Daylight;Fine no high winds;Dry;None;None;Urban;Yes;E01002623;2;1;Driver or rider;Male;49;8;Slight;Not a Pedestrian;Not a Pedestrian;Not car passenger;Not a bus or coach passenger;No / Not applicable;9;Cyclist;More deprived 30-40%;1;Car;No tow/articulation;Moving off;On main c'way - not in restricted lane;Cleared junction or waiting/parked at junction exit;None;None;Did not leave carriageway;None;Front;1;Journey as part of work;Male;44;36 - 45;-1;-1;-1;9;Small town;9
2019010160242;512292;176499;-0.384464;51.476317;Metropolitan Police;Slight;2;1;29/01/2019;Tuesday;09:43;Hounslow;Hounslow;A;4;Dual carriageway;40 MPH;Crossroads;Auto traffic signal;C;0;None within 50 metres ;Pedestrian phase at traffic signal junction;Daylight;Fine no high winds;Dry;None;None;Urban;Yes;E01002623;2;1;Driver or rider;Male;49;8;Slight;Not a Pedestrian;Not a Pedestrian;Not car passenger;Not a bus or coach passenger;No / Not applicable;9;Cyclist;More deprived 30-40%;2;Car;No tow/articulation;Going ahead other;On main c'way - not in restricted lane;Entering main road;None;None;Did not leave carriageway;None;Front;1;Journey as part of work;Male;49;46 - 55;-1;-1;-1;4;Urban area;4
2019010160243;553906;185868;0.218417;51.550716;Metropolitan Police;Serious;1;1;29/01/2019;Tuesday;12:20;Havering;Havering;C;0;Single carriageway;30 MPH;Crossroads;Give way or uncontrolled;Unclassified;0;None within 50 metres ;No physical crossing facilities within 50 metres;Daylight;Fine no high winds;Dry;None;None;Urban;Yes;E01002285;1;1;Passenger;Female;66;10;Serious;Not a Pedestrian;Not a Pedestrian;Not car passenger;Standing passenger;No / Not applicable;11;Cyclist;Less deprived 20-30%;1;Bus or coach (17 or more pass seats);No tow/articulation;Going ahead other;Bus lane;Mid Junction - on roundabout or on main road;None;None;Did not leave carriageway;None;Did not impact;1;Journey as part of work;Male;21;21 - 25;-1;-1;-1;8;Urban area;8
2019010160245;547135;187697;0.121596;51.568954;Metropolitan Police;Slight;1;1;29/01/2019;Tuesday;09:10;Redbridge;Redbridge;A;118;Single carriageway;30 MPH;T or staggered junction;Give way or uncontrolled;Unclassified;0;None within 50 metres ;Pelican, puffin, toucan or similar non-junction pedestrian light crossing;Daylight;Fine no high winds;Dry;None;None;Urban;Yes;E01003666;1;1;Pedestrian;Female;44;7;Slight;Crossing elsewhere within 50m. of pedestrian crossing;Crossing from driver's offside;Not car passenger;Not a bus or coach passenger;No / Not applicable;0;Cyclist;More deprived 30-40%;1;Car;No tow/articulation;Turning right;On main c'way - not in restricted lane;Entering main road;None;None;Did not leave carriageway;None;Front;1;Not known;Not known;-1;Data missing or out of range;-1;-1;-1;-1;Data missing or out of range;-1
2019010160246;528801;174090;-0.147747;51.451154;Metropolitan Police;Slight;2;2;29/01/2019;Tuesday;12:45;Wandsworth;Wandsworth;A;24;Single carriageway;30 MPH;T or staggered junction;Auto traffic signal;Unclassified;0;None within 50 metres ;Pedestrian phase at traffic signal junction;Daylight;Raining no high winds;Dry;None;None;Urban;Yes;E01004476;1;1;Driver or rider;Male;37;7;Slight;Not a Pedestrian;Not a Pedestrian;Not car passenger;Not a bus or coach passenger;No / Not applicable;9;Cyclist;Less deprived 30-40%;1;Car;No tow/articulation;Going ahead other;On main c'way - not in restricted lane;Mid Junction - on roundabout or on main road;None;None;Did not leave carriageway;None;Front;1;Not known;Male;37;36 - 45;-1;-1;-1;7;Urban area;7
2019010160246;528801;174090;-0.147747;51.451154;Metropolitan Police;Slight;2;2;29/01/2019;Tuesday;12:45;Wandsworth;Wandsworth;A;24;Single carriageway;30 MPH;T or staggered junction;Auto traffic signal;Unclassified;0;None within 50 metres ;Pedestrian phase at traffic signal junction;Daylight;Raining no high winds;Dry;None;None;Urban;Yes;E01004476;1;1;Driver or rider;Male;37;7;Slight;Not a Pedestrian;Not a Pedestrian;Not car passenger;Not a bus or coach passenger;No / Not applicable;9;Cyclist;Less deprived 30-40%;2;Car;No tow/articulation;Going ahead other;On main c'way - not in restricted lane;Mid Junction - on roundabout or on main road;None;None;Did not leave carriageway;None;Nearside;1;Journey as part of work;Male;35;26 - 35;-1;-1;-1;1;Urban area;1
2019010160246;528801;174090;-0.147747;51.451154;Metropolitan Police;Slight;2;2;29/01/2019;Tuesday;12:45;Wandsworth;Wandsworth;A;24;Single carriageway;30 MPH;T or staggered junction;Auto traffic signal;Unclassified;0;None within 50 metres ;Pedestrian phase at traffic signal junction;Daylight;Raining no high winds;Dry;None;None;Urban;Yes;E01004476;2;2;Passenger;Male;27;6;Slight;Not a Pedestrian;Not a Pedestrian;Front seat passenger;Not a bus or coach passenger;No / Not applicable;9;Cyclist;Most deprived 10%;1;Car;No tow/articulation;Going ahead other;On main c'way - not in restricted lane;Mid Junction - on roundabout or on main road;None;None;Did not leave carriageway;None;Front;1;Not known;Male;37;36 - 45;-1;-1;-1;7;Urban area;7
2019010160246;528801;174090;-0.147747;51.451154;Metropolitan Police;Slight;2;2;29/01/2019;Tuesday;12:45;Wandsworth;Wandsworth;A;24;Single carriageway;30 MPH;T or staggered junction;Auto traffic signal;Unclassified;0;None within 50 metres ;Pedestrian phase at traffic signal junction;Daylight;Raining no high winds;Dry;None;None;Urban;Yes;E01004476;2;2;Passenger;Male;27;6;Slight;Not a Pedestrian;Not a Pedestrian;Front seat passenger;Not a bus or coach passenger;No / Not applicable;9;Cyclist;Most deprived 10%;2;Car;No tow/articulation;Going ahead other;On main c'way - not in restricted lane;Mid Junction - on roundabout or on main road;None;None;Did not leave carriageway;None;Nearside;1;Journey as part of work;Male;35;26 - 35;-1;-1;-1;1;Urban area;1
2019010160249;532020;190672;-0.09524;51.599428;Metropolitan Police;Serious;2;1;28/01/2019;Monday;08:45;Haringey;Haringey;Unclassified;0;Single carriageway;20 MPH;Crossroads;Give way or uncontrolled;Unclassified;0;None within 50 metres ;No physical crossing facilities within 50 metres;Daylight;Fine no high winds;Dry;None;None;Urban;Yes;E01002100;1;1;Driver or rider;Female;31;6;Serious;Not a Pedestrian;Not a Pedestrian;Not car passenger;Not a bus or coach passenger;No / Not applicable;9;Cyclist;More deprived 20-30%;1;Car;No tow/articulation;Going ahead other;On main c'way - not in restricted lane;Approaching junction or waiting/parked at junction approach;None;None;Did not leave carriageway;None;Nearside;1;Taking pupil to/from school;Female;31;26 - 35;1598;Petrol;6;3;Urban area;3
2019010160249;532020;190672;-0.09524;51.599428;Metropolitan Police;Serious;2;1;28/01/2019;Monday;08:45;Haringey;Haringey;Unclassified;0;Single carriageway;20 MPH;Crossroads;Give way or uncontrolled;Unclassified;0;None within 50 metres ;No physical crossing facilities within 50 metres;Daylight;Fine no high winds;Dry;None;None;Urban;Yes;E01002100;1;1;Driver or rider;Female;31;6;Serious;Not a Pedestrian;Not a Pedestrian;Not car passenger;Not a bus or coach passenger;No / Not applicable;9;Cyclist;More deprived 20-30%;2;Car;No tow/articulation;Going ahead other;On main c'way - not in restricted lane;Entering main road;None;None;Did not leave carriageway;None;Front;1;Not known;Male;29;26 - 35;1796;Petrol;16;-1;Data missing or out of range;-1
2019010160251;529677;193998;-0.127819;51.629862;Metropolitan Police;Slight;2;2;28/01/2019;Monday;09:57;Enfield;Enfield;A;1004;Dual carriageway;30 MPH;Not at junction or within 20 metres;Data missing or out of range;-1;0;None within 50 metres ;Zebra;Daylight;Fine no high winds;Dry;None;None;Urban;Yes;E01001519;1;1;Driver or rider;Female;45;7;Slight;Not a Pedestrian;Not a Pedestrian;Not car passenger;Not a bus or coach passenger;No / Not applicable;9;-1;Data missing or out of range;1;Car;No tow/articulation;Going ahead left-hand bend;On main c'way - not in restricted lane;Not at or within 20 metres of junction;None;None;Did not leave carriageway;None;Front;1;Not known;Female;45;36 - 45;-1;-1;-1;-1;Data missing or out of range;-1