Accident_Index;Location_Easting_OSGR;Location_Northing_OSGR;Longitude;Latitude;Police_Force;Accident_Severity;Number_of_Vehicles;Number_of_Casualties;Date;Day_of_Week;Time;Local_Authority_(District);Local_Authority_(Highway);1st_Road_Class;1st_Road_Number;Road_Type;Speed_limit;Junction_Detail;Junction_Control;2nd_Road_Class;2nd_Road_Number;Pedestrian_Crossing-Human_Control;Pedestrian_Crossing-Physical_Facilities;Light_Conditions;Weather_Conditions;Road_Surface_Conditions;Special_Conditions_at_Site;Carriageway_Hazards;Urban_or_Rural_Area;Did_Police_Officer_Attend_Scene_of_Accident;LSOA_of_Accident_Location;Vehicle_Reference_x;Casualty_Reference;Casualty_Class;Sex_of_Casualty;Age_of_Casualty;Age_Band_of_Casualty;Casualty_Severity;Pedestrian_Location;Pedestrian_Movement;Car_Passenger;Bus_or_Coach_Passenger;Pedestrian_Road_Maintenance_Worker;Casualty_Type;Casualty_Home_Area_Type;Casualty_IMD_Decile;Vehicle_Reference_y;Vehicle_Type;Towing_and_Articulation;Vehicle_Manoeuvre;Vehicle_Location-Restricted_Lane;Junction_Location;Skidding_and_Overturning;Hit_Object_in_Carriageway;Vehicle_Leaving_Carriageway;Hit_Object_off_Carriageway;1st_Point_of_Impact;Was_Vehicle_Left_Hand_Drive?;Journey_Purpose_of_Driver;Sex_of_Driver;Age_of_Driver;Age_Band_of_Driver;Engine_Capacity_(CC);Propulsion_Code;Age_of_Vehicle;Driver_IMD_Decile;Driver_Home_Area_Type;Vehicle_IMD_Decile
2019010160304;531310;182580;-0.108504;51.526875;Metropolitan Police;Slight;2;1;28/01/2019;Monday;19:30;Islington;Islington;A;401;Single carriageway;30 MPH;Crossroads;Auto traffic signal;C;0;None within 50 metres ;Data missing or out of range;Darkness - lights lit;Fine no high winds;Dry;None;None;Urban;No - accident was reported using a self completion  form (self rep only);E01002726;1;1;Driver or rider;Male;38;7;Slight;Not a Pedestrian;Not a Pedestrian;Not car passenger;Not a bus or coach passenger;No / Not applicable;1;Cyclist;More deprived 10-20%;1;Pedal cycle;Data missing or out of range;Data missing or out of range;Data missing or out of range;Data missing or out of range;Data missing or out of range;Data missing or out of range;Data missing or out of range;Data missing or out of range;Data missing or out of range;1;Not known;Male;38;36 - 45;-1;-1;-1;2;Urban area;2
2019010160304;531310;182580;-0.108504;51.526875;Metropolitan Police;Slight;2;1;28/01/2019;Monday;19:30;Islington;Islington;A;401;Single carriageway;30 MPH;Crossroads;Auto traffic signal;C;0;None within 50 metres ;Data missing or out of range;Darkness - lights lit;Fine no high winds;Dry;None;None;Urban;No - accident was reported using a self completion  form (self rep only);E01002726;1;1;Driver or rider;Male;38;7;Slight;Not a Pedestrian;Not a Pedestrian;Not car passenger;Not a bus or coach passenger;No / Not applicable;1;Cyclist;More deprived 10-20%;2;Car;No tow/articulation;Data missing or out of range;Data missing or out of range;Data missing or out of range;Data missing or out of range;Data missing or out of range;Data missing or out of range;Data missing or out of range;Front;-1;Not known;Not known;-1;Data missing or out of range;-1;-1;-1;-1;Data missing or out of range;-1
2019010160306;509689;179409;-0.421027;51.502983;Metropolitan Police;Serious;1;1;29/01/2019;Tuesday;17:39;Hillingdon;Hillingdon;C;0;Single carriageway;30 MPH;Other junction;Give way or uncontrolled;Unclassified;0;None within 50 metres ;Zebra;Darkness - lights lit;Raining no high winds;Wet or damp;None;None;Urban;Yes;E01002407;1;1;Pedestrian;Female;30;6;Serious;Crossing on pedestrian crossing facility;Crossing from driver's offside;Not car passenger;Not a bus or coach passenger;No / Not applicable;0;Cyclist;More deprived 30-40%;1;Car;No tow/articulation;Going ahead other;On main c'way - not in restricted lane;Cleared junction or waiting/parked at junction exit;None;None;Did not leave carriageway;None;Front;1;Not known;Female;44;36 - 45;-1;-1;-1;5;Urban area;5
2019010160310;558362;184934;0.282212;51.541093;Metropolitan Police;Slight;3;2;29/01/2019;Tuesday;17:00;Havering;Havering;Motorway;25;Dual carriageway;70 MPH;Not at junction or within 20 metres;Data missing or out of range;-1;0;None within 50 metres ;No physical crossing facilities within 50 metres;Darkness - lights lit;Fine no high winds;Wet or damp;None;None;Rural;Yes;E01002385;1;1;Driver or rider;Male;32;6;Slight;Not a Pedestrian;Not a Pedestrian;Not car passenger;Not a bus or coach passenger;No / Not applicable;9;Motorcycle 125cc and under rider or passenger;More deprived 40-50%;1;Car;No tow/articulation;Going ahead other;On main c'way - not in restricted lane;Not at or within 20 metres of junction;None;None;Did not leave carriageway;None;Front;1;Not known;Male;32;26 - 35;-1;-1;-1;5;Rural;5
2019010160310;558362;184934;0.282212;51.541093;Metropolitan Police;Slight;3;2;29/01/2019;Tuesday;17:00;Havering;Havering;Motorway;25;Dual carriageway;70 MPH;Not at junction or within 20 metres;Data missing or out of range;-1;0;None within 50 metres ;No physical crossing facilities within 50 metres;Darkness - lights lit;Fine no high winds;Wet or damp;None;None;Rural;Yes;E01002385;1;1;Driver or rider;Male;32;6;Slight;Not a Pedestrian;Not a Pedestrian;Not car passenger;Not a bus or coach passenger;No / Not applicable;9;Motorcycle 125cc and under rider or passenger;More deprived 40-50%;2;Car;No tow/articulation;Slowing or stopping;On main c'way - not in restricted lane;Not at or within 20 metres of junction;None;None;Did not leave carriageway;None;Back;1;Not known;Male;80;Over 75;-1;-1;-1;-1;Data missing or out of range;-1
2019010160310;558362;184934;0.282212;51.541093;Metropolitan Police;Slight;3;2;29/01/2019;Tuesday;17:00;Havering;Havering;Motorway;25;Dual carriageway;70 MPH;Not at junction or within 20 metres;Data missing or out of range;-1;0;None within 50 metres ;No physical crossing facilities within 50 metres;Darkness - lights lit;Fine no high winds;Wet or damp;None;None;Rural;Yes;E01002385;1;1;Driver or rider;Male;32;6;Slight;Not a Pedestrian;Not a Pedestrian;Not car passenger;Not a bus or coach passenger;No / Not applicable;9;Motorcycle 125cc and under rider or passenger;More deprived 40-50%;3;Car;No tow/articulation;Going ahead other;On main c'way - not in restricted lane;Not at or within 20 metres of junction;Overturned;None;Did not leave carriageway;None;Nearside;1;Journey as part of work;Male;34;26 - 35;-1;-1;-1;9;Urban area;9
2019010160310;558362;184934;0.282212;51.541093;Metropolitan Police;Slight;3;2;29/01/2019;Tuesday;17:00;Havering;Havering;Motorway;25;Dual carriageway;70 MPH;Not at junction or within 20 metres;Data missing or out of range;-1;0;None within 50 metres ;No physical crossing facilities within 50 metres;Darkness - lights lit;Fine no high winds;Wet or damp;None;None;Rural;Yes;E01002385;2;2;Driver or rider;Male;80;11;Slight;Not a Pedestrian;Not a Pedestrian;Not car passenger;Not a bus or coach passenger;No / Not applicable;9;-1;Data missing or out of range;1;Car;No tow/articulation;Going ahead other;On main c'way - not in restricted lane;Not at or within 20 metres of junction;None;None;Did not leave carriageway;None;Front;1;Not known;Male;32;26 - 35;-1;-1;-1;5;Rural;5
2019010160310;558362;184934;0.282212;51.541093;Metropolitan Police;Slight;3;2;29/01/2019;Tuesday;17:00;Havering;Havering;Motorway;25;Dual carriageway;70 MPH;Not at junction or within 20 metres;Data missing or out of range;-1;0;None within 50 metres ;No physical crossing facilities within 50 metres;Darkness - lights lit;Fine no high winds;Wet or damp;None;None;Rural;Yes;E01002385;2;2;Driver or rider;Male;80;11;Slight;Not a Pedestrian;Not a Pedestrian;Not car passenger;Not a bus or coach passenger;No / Not applicable;9;-1;Data missing or out of range;2;Car;No tow/articulation;Slowing or stopping;On main c'way - not in restricted lane;Not at or within 20 metres of junction;None;None;Did not leave carriageway;None;Back;1;Not known;Male;80;Over 75;-1;-1;-1;-1;Data missing or out of range;-1
2019010160310;558362;184934;0.282212;51.541093;Metropolitan Police;Slight;3;2;29/01/2019;Tuesday;17:00;Havering;Havering;Motorway;25;Dual carriageway;70 MPH;Not at junction or within 20 metres;Data missing or out of range;-1;0;None within 50 metres ;No physical crossing facilities within 50 metres;Darkness - lights lit;Fine no high winds;Wet or damp;None;None;Rural;Yes;E01002385;2;2;Driver or rider;Male;80;11;Slight;Not a Pedestrian;Not a Pedestrian;Not car passenger;Not a bus or coach passenger;No / Not applicable;9;-1;Data missing or out of range;3;Car;No tow/articulation;Going ahead other;On main c'way - not in restricted lane;Not at or within 20 metres of junction;Overturned;None;Did not leave carriageway;None;Nearside;1;Journey as part of work;Male;34;26 - 35;-1;-1;-1;9;Urban area;9
2019010160312;520677;181427;-0.262099;51.518883;Metropolitan Police;Serious;1;2;29/01/2019;Tuesday;18:00;Ealing;Ealing;A;40;Dual carriageway;40 MPH;Other junction;Give way or uncontrolled;Unclassified;0;None within 50 metres ;No physical crossing facilities within 50 metres;Darkness - lights lit;Raining no high winds;Wet or damp;None;None;Urban;Yes;E01001238;1;1;Driver or rider;Male;47;8;Slight;Not a Pedestrian;Not a Pedestrian;Not car passenger;Not a bus or coach passenger;No / Not applicable;4;Cyclist;Most deprived 10%;1;Motorcycle over 125cc and up to 500cc;No tow/articulation;Going ahead other;On main c'way - not in restricted lane;Approaching junction or waiting/parked at junction approach;None;None;Did not leave carriageway;None;Front;1;Commuting to/from work;Male;47;46 - 55;-1;-1;-1;1;Urban area;1
2019010160312;520677;181427;-0.262099;51.518883;Metropolitan Police;Serious;1;2;29/01/2019;Tuesday;18:00;Ealing;Ealing;A;40;Dual carriageway;40 MPH;Other junction;Give way or uncontrolled;Unclassified;0;None within 50 metres ;No physical crossing facilities within 50 metres;Darkness - lights lit;Raining no high winds;Wet or damp;None;None;Urban;Yes;E01001238;1;2;Pedestrian;Male;23;5;Serious;In carriageway, crossing elsewhere;Crossing from driver's nearside;Not car passenger;Not a bus or coach passenger;No / Not applicable;0;Cyclist;More deprived 30-40%;1;Motorcycle over 125cc and up to 500cc;No tow/articulation;Going ahead other;On main c'way - not in restricted lane;Approaching junction or waiting/parked at junction approach;None;None;Did not leave carriageway;None;Front;1;Commuting to/from work;Male;47;46 - 55;-1;-1;-1;1;Urban area;1
2019010160315;519183;169718;-0.287566;51.413963;Metropolitan Police;Slight;2;1;29/01/2019;Tuesday;09:00;Kingston upon Thames;Kingston upon Thames;C;0;Roundabout;30 MPH;Roundabout;Give way or uncontrolled;A;308;None within 50 metres ;Zebra;Daylight;Fine no high winds;Dry;None;None;Urban;No - accident was reported using a self completion  form (self rep only);E01002935;1;1;Driver or rider;Male;38;7;Slight;Not a Pedestrian;Not a Pedestrian;Not car passenger;Not a bus or coach passenger;No / Not applicable;1;Cyclist;Less deprived 10-20%;1;Pedal cycle;Data missing or out of range;Data missing or out of range;Data missing or out of range;Data missing or out of range;Data missing or out of range;Data missing or out of range;Data missing or out of range;Data missing or out of range;Front;1;Commuting to/from work;Male;38;36 - 45;-1;-1;-1;9;Urban area;9
2019010160315;519183;169718;-0.287566;51.413963;Metropolitan Police;Slight;2;1;29/01/2019;Tuesday;09:00;Kingston upon Thames;Kingston upon Thames;C;0;Roundabout;30 MPH;Roundabout;Give way or uncontrolled;A;308;None within 50 metres ;Zebra;Daylight;Fine no high winds;Dry;None;None;Urban;No - accident was reported using a self completion  form (self rep only);E01002935;1;1;Driver or rider;Male;38;7;Slight;Not a Pedestrian;Not a Pedestrian;Not car passenger;Not a bus or coach passenger;No / Not applicable;1;Cyclist;Less deprived 10-20%;2;Car;No tow/articulation;Data missing or out of range;Data missing or out of range;Data missing or out of range;Data missing or out of range;Data missing or out of range;Data missing or out of range;Data missing or out of range;Front;-1;Not known;Not known;53;46 - 55;-1;-1;-1;9;Urban area;9
2019010160317;540507;166196;0.017487;51.377437;Metropolitan Police;Slight;2;1;29/01/2019;Tuesday;13:00;Bromley;Bromley;B;265;Roundabout;30 MPH;Mini-roundabout;Give way or uncontrolled;B;251;None within 50 metres ;Central refuge;Daylight;Fine no high winds;Dry;None;None;Urban;No - accident was reported using a self completion  form (self rep only);E01000765;1;1;Driver or rider;Female;58;9;Slight;Not a Pedestrian;Not a Pedestrian;Not car passenger;Not a bus or coach passenger;No / Not applicable;9;Cyclist;Less deprived 10-20%;1;Car;No tow/articulation;Data missing or out of range;Data missing or out of range;Data missing or out of range;Data missing or out of range;Data missing or out of range;Data missing or out of range;Data missing or out of range;Data missing or out of range;-1;Not known;Female;58;56 - 65;-1;-1;-1;9;Urban area;9
2019010160317;540507;166196;0.017487;51.377437;Metropolitan Police;Slight;2;1;29/01/2019;Tuesday;13:00;Bromley;Bromley;B;265;Roundabout;30 MPH;Mini-roundabout;Give way or uncontrolled;B;251;None within 50 metres ;Central refuge;Daylight;Fine no high winds;Dry;None;None;Urban;No - accident was reported using a self completion  form (self rep only);E01000765;1;1;Driver or rider;Female;58;9;Slight;Not a Pedestrian;Not a Pedestrian;Not car passenger;Not a bus or coach passenger;No / Not applicable;9;Cyclist;Less deprived 10-20%;2;Car;No tow/articulation;Data missing or out of range;Data missing or out of range;Data missing or out of range;Data missing or out of range;Data missing or out of range;Data missing or out of range;Data missing or out of range;Data missing or out of range;-1;Not known;Not known;-1;Data missing or out of range;-1;-1;-1;-1;Data missing or out of range;-1
2019010160319;528897;182222;-0.1434;51.524214;Metropolitan Police;Slight;1;1;19/01/2019;Saturday;19:20;Westminster;Westminster;A;501;Single carriageway;30 MPH;Crossroads;Auto traffic signal;C;0;None within 50 metres ;Pedestrian phase at traffic signal junction;Darkness - lights lit;Raining + high winds;Dry;None;None;Urban;Yes;E01000946;1;1;Pedestrian;Female;21;5;Slight;Crossing on pedestrian crossing facility;Crossing from driver's nearside;Not car passenger;Not a bus or coach passenger;No / Not applicable;0;Cyclist;Most deprived 10%;1;Van / Goods 3.5 tonnes mgw or under;No tow/articulation;Going ahead other;On main c'way - not in restricted lane;Mid Junction - on roundabout or on main road;None;None;Did not leave carriageway;None;Front;1;Journey as part of work;Male;28;26 - 35;-1;-1;-1;8;Urban area;8
2019010160320;530938;175098;-0.116637;51.459723;Metropolitan Police;Slight;2;1;29/01/2019;Tuesday;18:20;Lambeth;Lambeth;A;23;Dual carriageway;20 MPH;T or staggered junction;Give way or uncontrolled;A;23;Control by other authorised person;Pelican, puffin, toucan or similar non-junction pedestrian light crossing;Darkness - lights lit;Raining no high winds;Wet or damp;None;None;Urban;Yes;E01003176;1;1;Driver or rider;Male;45;7;Slight;Not a Pedestrian;Not a Pedestrian;Not car passenger;Not a bus or coach passenger;No / Not applicable;9;Cyclist;More deprived 10-20%;1;Car;No tow/articulation;Waiting to go - held up;On main c'way - not in restricted lane;Mid Junction - on roundabout or on main road;None;None;Did not leave carriageway;None;Back;1;Not known;Male;45;36 - 45;-1;-1;-1;2;Urban area;2
2019010160320;530938;175098;-0.116637;51.459723;Metropolitan Police;Slight;2;1;29/01/2019;Tuesday;18:20;Lambeth;Lambeth;A;23;Dual carriageway;20 MPH;T or staggered junction;Give way or uncontrolled;A;23;Control by other authorised person;Pelican, puffin, toucan or similar non-junction pedestrian light crossing;Darkness - lights lit;Raining no high winds;Wet or damp;None;None;Urban;Yes;E01003176;1;1;Driver or rider;Male;45;7;Slight;Not a Pedestrian;Not a Pedestrian;Not car passenger;Not a bus or coach passenger;No / Not applicable;9;Cyclist;More deprived 10-20%;2;Car;No tow/articulation;Slowing or stopping;On main c'way - not in restricted lane;Mid Junction - on roundabout or on main road;None;None;Did not leave carriageway;None;Front;1;Not known;Male;40;36 - 45;-1;-1;-1;8;Urban area;8
2019010160321;533689;187809;-0.072246;51.573307;Metropolitan Police;Slight;1;1;29/01/2019;Tuesday;19:35;Hackney;Hackney;A;107;Single carriageway;30 MPH;Crossroads;Auto traffic signal;A;10;None within 50 metres ;Pedestrian phase at traffic signal junction;Darkness - lights lit;Raining no high winds;Wet or damp;None;None;Urban;Yes;E01001808;1;1;Pedestrian;Male;67;10;Slight;In carriageway, crossing elsewhere;Crossing from driver's offside;Not car passenger;Not a bus or coach passenger;No / Not applicable;0;Cyclist;Most deprived 10%;1;Car;No tow/articulation;Going ahead other;On main c'way - not in restricted lane;Cleared junction or waiting/parked at junction exit;None;None;Did not leave carriageway;None;Offside;1;Not known;Not known;-1;Data missing or out of range;-1;-1;-1;-1;Data missing or out of range;-1
2019010160322;517392;188899;-0.306931;51.586729;Metropolitan Police;Slight;1;1;29/01/2019;Tuesday;15:40;Brent;Brent;C;0;Single carriageway;30 MPH;Crossroads;Auto traffic signal;C;0;None within 50 metres ;Zebra;Daylight;Fine no high winds;Wet or damp;None;None;Urban;Yes;E01002175;1;1;Pedestrian;Male;12;3;Slight;In carriageway, crossing elsewhere;Crossing from driver's nearside;Not car passenger;Not a bus or coach passenger;No / Not applicable;0;Cyclist;Less deprived 40-50%;1;Car;No tow/articulation;Going ahead other;On main c'way - not in restricted lane;Entering main road;None;None;Did not leave carriageway;None;Front;1;Taking pupil to/from school;Female;65;56 - 65;-1;-1;-1;8;Urban area;8
2019010160323;517701;191192;-0.301704;51.607273;Metropolitan Police;Slight;1;1;29/01/2019;Tuesday;19:38;Harrow;Harrow;C;0;Single carriageway;30 MPH;T or staggered junction;Give way or uncontrolled;A;4140;None within 50 metres ;No physical crossing facilities within 50 metres;Darkness - lights lit;Snowing no high winds;Wet or damp;None;None;Urban;Yes;E01002109;1;1;Pedestrian;Male;19;4;Slight;In carriageway, crossing elsewhere;Crossing from driver's offside;Not car passenger;Not a bus or coach passenger;No / Not applicable;0;Cyclist;Less deprived 30-40%;1;Car;No tow/articulation;Moving off;On main c'way - not in restricted lane;Entering main road;None;None;Did not leave carriageway;None;Offside;1;Not known;Female;63;56 - 65;-1;-1;-1;3;Urban area;3
2019010160324;525421;178096;-0.194944;51.487914;Metropolitan Police;Slight;1;1;29/01/2019;Tuesday;19:00;Kensington and Chelsea;Kensington and Chelsea;A;3218;Single carriageway;30 MPH;Other junction;Give way or uncontrolled;Unclassified;0;None within 50 metres ;No physical crossing facilities within 50 metres;Darkness - lights lit;Raining no high winds;Wet or damp;None;None;Urban;Yes;E01002846;1;1;Driver or rider;Male;56;9;Slight;Not a Pedestrian;Not a Pedestrian;Not car passenger;Not a bus or coach passenger;No / Not applicable;5;Cyclist;More deprived 40-50%;1;Motorcycle over 500cc;No tow/articulation;Going ahead other;On main c'way - not in restricted lane;Approaching junction or waiting/parked at junction approach;Skidded;None;Did not leave carriageway;None;Offside;1;Commuting to/from work;Male;56;56 - 65;-1;-1;-1;5;Urban area;5
2019010160326;551459;188309;0.184202;51.57331;Metropolitan Police;Slight;1;1;29/01/2019;Tuesday;19:23;Havering;Havering;C;0;Single carriageway;30 MPH;T or staggered junction;Give way or uncontrolled;Unclassified;0;None within 50 metres ;No physical crossing facilities within 50 metres;Darkness - lights lit;Raining no high winds;Wet or damp;None;None;Urban;Yes;E01002350;1;1;Pedestrian;Female;25;5;Slight;In carriageway, crossing elsewhere;Crossing from driver's offside;Not car passenger;Not a bus or coach passenger;No / Not applicable;0;Cyclist;More deprived 20-30%;1;Van / Goods 3.5 tonnes mgw or under;No tow/articulation;Turning right;On main c'way - not in restricted lane;Entering main road;None;None;Did not leave carriageway;None;Front;1;Commuting to/from work;Male;59;56 - 65;-1;-1;-1;2;Urban area;2
2019010160328;511781;176294;-0.391884;51.474575;Metropolitan Police;Serious;1;1;29/01/2019;Tuesday;18:23;Hounslow;Hounslow;A;3006;Slip road;30 MPH;Other junction;Give way or uncontrolled;Unclassified;0;None within 50 metres ;Central refuge;Darkness - lights lit;Raining no high winds;Wet or damp;None;None;Urban;Yes;E01002661;1;1;Pedestrian;Male;16;4;Serious;Crossing on pedestrian crossing facility;Crossing from driver's nearside;Not car passenger;Not a bus or coach passenger;No / Not applicable;0;Cyclist;More deprived 20-30%;1;Car;No tow/articulation;Changing lane to right;On main c'way - not in restricted lane;Cleared junction or waiting/parked at junction exit;None;None;Did not leave carriageway;None;Front;1;Journey as part of work;Male;44;36 - 45;-1;-1;-1;3;Urban area;3
2019010160329;533644;188624;-0.072585;51.580642;Metropolitan Police;Slight;1;1;29/01/2019;Tuesday;17:55;Haringey;Haringey;A;10;Single carriageway;30 MPH;Not at junction or within 20 metres;Data missing or out of range;-1;0;None within 50 metres ;No physical crossing facilities within 50 metres;Darkness - lights lit;Raining no high winds;Wet or damp;None;None;Urban;Yes;E01002072;1;1;Pedestrian;Male;27;6;Slight;In carriageway, crossing elsewhere;Crossing from driver's offside;Not car passenger;Not a bus or coach passenger;No / Not applicable;0;Cyclist;More deprived 10-20%;1;Car;No tow/articulation;Going ahead other;On main c'way - not in restricted lane;Not at or within 20 metres of junction;None;None;Did not leave carriageway;None;Front;1;Commuting to/from work;Male;27;26 - 35;-1;-1;-1;3;Urban area;3
2019010160330;535092;170520;-0.058625;51.417606;Metropolitan Police;Slight;1;1;29/01/2019;Tuesday;18:25;Bromley;Bromley;A;234;Single carriageway;20 MPH;T or staggered junction;Give way or uncontrolled;Unclassified;0;None within 50 metres ;Pedestrian phase at traffic signal junction;Darkness - lights lit;Raining no high winds;Wet or damp;None;None;Urban;Yes;E01000806;1;1;Pedestrian;Male;34;6;Slight;In carriageway, crossing elsewhere;Crossing from driver's offside;Not car passenger;Not a bus or coach passenger;No / Not applicable;0;Cyclist;More deprived 30-40%;1;Car;No tow/articulation;Turning right;On main c'way - not in restricted lane;Leaving main road;None;None;Offside;None;Offside;1;Commuting to/from work;Male;35;26 - 35;-1;-1;-1;1;Urban area;1
2019010160331;521583;182702;-0.248608;51.530148;Metropolitan Police;Slight;2;1;29/01/2019;Tuesday;20:23;Ealing;Ealing;A;4000;Single carriageway;30 MPH;T or staggered junction;Give way or uncontrolled;Unclassified;0;None within 50 metres ;Zebra;Darkness - lights lit;Raining no high winds;Wet or damp;None;None;Urban;Yes;E01001246;1;1;Driver or rider;Male;35;6;Slight;Not a Pedestrian;Not a Pedestrian;Not car passenger;Not a bus or coach passenger;No / Not applicable;3;Cyclist;More deprived 20-30%;1;Motorcycle 125cc and under;No tow/articulation;Waiting to go - held up;On main c'way - not in restricted lane;Cleared junction or waiting/parked at junction exit;None;None;Did not leave carriageway;None;Back;1;Commuting to/from work;Male;35;26 - 35;-1;-1;-1;3;Urban area;3
2019010160331;521583;182702;-0.248608;51.530148;Metropolitan Police;Slight;2;1;29/01/2019;Tuesday;20:23;Ealing;Ealing;A;4000;Single carriageway;30 MPH;T or staggered junction;Give way or uncontrolled;Unclassified;0;None within 50 metres ;Zebra;Darkness - lights lit;Raining no high winds;Wet or damp;None;None;Urban;Yes;E01001246;1;1;Driver or rider;Male;35;6;Slight;Not a Pedestrian;Not a Pedestrian;Not car passenger;Not a bus or coach passenger;No / Not applicable;3;Cyclist;More deprived 20-30%;2;Car;No tow/articulation;Going ahead other;On main c'way - not in restricted lane;Cleared junction or waiting/parked at junction exit;None;None;Did not leave carriageway;None;Front;1;Not known;Male;29;26 - 35;-1;-1;-1;-1;Data missing or out of range;-1
2019010160332;549500;186763;0.155298;51.559941;Metropolitan Police;Slight;2;1;29/01/2019;Tuesday;20:14;Barking and Dagenham;Barking and Dagenham;A;1112;Single carriageway;30 MPH;T or staggered junction;Auto traffic signal;Unclassified;0;None within 50 metres ;No physical crossing facilities within 50 metres;Darkness - lights lit;Raining no high winds;Wet or damp;None;Other object on road;Urban;Yes;E01000061;2;1;Driver or rider;Male;56;9;Slight;Not a Pedestrian;Not a Pedestrian;Not car passenger;Not a bus or coach passenger;No / Not applicable;1;Cyclist;More deprived 40-50%;1;Car;No tow/articulation;Turning left;On main c'way - not in restricted lane;Entering main road;None;Other object;Did not leave carriageway;None;Front;1;Not known;Male;36;36 - 45;-1;-1;-1;3;Urban area;3
2019010160332;549500;186763;0.155298;51.559941;Metropolitan Police;Slight;2;1;29/01/2019;Tuesday;20:14;Barking and Dagenham;Barking and Dagenham;A;1112;Single carriageway;30 MPH;T or staggered junction;Auto traffic signal;Unclassified;0;None within 50 metres ;No physical crossing facilities within 50 metres;Darkness - lights lit;Raining no high winds;Wet or damp;None;Other object on road;Urban;Yes;E01000061;2;1;Driver or rider;Male;56;9;Slight;Not a Pedestrian;Not a Pedestrian;Not car passenger;Not a bus or coach passenger;No / Not applicable;1;Cyclist;More deprived 40-50%;2;Pedal cycle;No tow/articulation;Going ahead other;On main c'way - not in restricted lane;Cleared junction or waiting/parked at junction exit;Overturned;None;Did not leave carriageway;None;Back;1;Commuting to/from work;Male;56;56 - 65;-1;-1;-1;5;Urban area;5
2019010160333;550315;184435;0.166053;51.538808;Metropolitan Police;Slight;1;1;29/01/2019;Tuesday;15:15;Barking and Dagenham;Barking and Dagenham;A;1112;Roundabout;30 MPH;Roundabout;Give way or uncontrolled;B;178;None within 50 metres ;No physical crossing facilities within 50 metres;Daylight;Fine no high winds;Wet or damp;None;None;Urban;Yes;E01000104;1;1;Driver or rider;Male;71;10;Slight;Not a Pedestrian;Not a Pedestrian;Not car passenger;Not a bus or coach passenger;No / Not applicable;9;Cyclist;More deprived 10-20%;1;Car;No tow/articulation;Going ahead right-hand bend;On main c'way - not in restricted lane;Entering roundabout;None;Kerb;Did not leave carriageway;None;Front;1;Not known;Male;71;66 - 75;-1;-1;-1;2;Urban area;2
2019010160334;529805;163086;-0.137328;51.352032;Metropolitan Police;Slight;2;1;29/01/2019;Tuesday;19:40;Sutton;Sutton;B;272;Single carriageway;30 MPH;Not at junction or within 20 metres;Data missing or out of range;-1;0;None within 50 metres ;No physical crossing facilities within 50 metres;Darkness - lights lit;Snowing no high winds;Snow;None;None;Urban;Yes;E01004085;1;1;Driver or rider;Male;19;4;Slight;Not a Pedestrian;Not a Pedestrian;Not car passenger;Not a bus or coach passenger;No / Not applicable;4;Cyclist;More deprived 20-30%;1;Motorcycle over 125cc and up to 500cc;No tow/articulation;Going ahead other;On main c'way - not in restricted lane;Not at or within 20 metres of junction;Skidded;None;Did not leave carriageway;None;Front;1;Not known;Male;19;16 - 20;-1;-1;-1;3;Urban area;3
2019010160334;529805;163086;-0.137328;51.352032;Metropolitan Police;Slight;2;1;29/01/2019;Tuesday;19:40;Sutton;Sutton;B;272;Single carriageway;30 MPH;Not at junction or within 20 metres;Data missing or out of range;-1;0;None within 50 metres ;No physical crossing facilities within 50 metres;Darkness - lights lit;Snowing no high winds;Snow;None;None;Urban;Yes;E01004085;1;1;Driver or rider;Male;19;4;Slight;Not a Pedestrian;Not a Pedestrian;Not car passenger;Not a bus or coach passenger;No / Not applicable;4;Cyclist;More deprived 20-30%;2;Car;No tow/articulation;Going ahead other;On main c'way - not in restricted lane;Not at or within 20 metres of junction;None;None;Did not leave carriageway;None;Did not impact;1;Not known;Female;54;46 - 55;-1;-1;-1;8;Urban area;8
2019010160336;526143;178763;-0.184313;51.493748;Metropolitan Police;Slight;2;1;29/01/2019;Tuesday;18:00;Kensington and Chelsea;Kensington and Chelsea;Unclassified;0;One way street;30 MPH;Mini-roundabout;Give way or uncontrolled;Unclassified;0;None within 50 metres ;No physical crossing facilities within 50 metres;Darkness - lights lit;Raining no high winds;Wet or damp;None;None;Urban;Yes;E01002835;1;1;Driver or rider;Female;20;4;Slight;Not a Pedestrian;Not a Pedestrian;Not car passenger;Not a bus or coach passenger;No / Not applicable;1;Cyclist;More deprived 20-30%;1;Pedal cycle;No tow/articulation;Going ahead other;On main c'way - not in restricted lane;Entering roundabout;None;None;Did not leave carriageway;None;Offside;1;Commuting to/from work;Female;20;16 - 20;-1;-1;-1;3;Urban area;3
2019010160336;526143;178763;-0.184313;51.493748;Metropolitan Police;Slight;2;1;29/01/2019;Tuesday;18:00;Kensington and Chelsea;Kensington and Chelsea;Unclassified;0;One way street;30 MPH;Mini-roundabout;Give way or uncontrolled;Unclassified;0;None within 50 metres ;No physical crossing facilities within 50 metres;Darkness - lights lit;Raining no high winds;Wet or damp;None;None;Urban;Yes;E01002835;1;1;Driver or rider;Female;20;4;Slight;Not a Pedestrian;Not a Pedestrian;Not car passenger;Not a bus or coach passenger;No / Not applicable;1;Cyclist;More deprived 20-30%;2;Car;No tow/articulation;Moving off;On main c'way - not in restricted lane;Entering roundabout;None;None;Did not leave carriageway;None;Nearside;1;Not known;Male;29;26 - 35;-1;-1;-1;2;Urban area;2