Accident_Index;Location_Easting_OSGR;Location_Northing_OSGR;Longitude;Latitude;Police_Force;Accident_Severity;Number_of_Vehicles;Number_of_Casualties;Date;Day_of_Week;Time;Local_Authority_(District);Local_Authority_(Highway);1st_Road_Class;1st_Road_Number;Road_Type;Speed_limit;Junction_Detail;Junction_Control;2nd_Road_Class;2nd_Road_Number;Pedestrian_Crossing-Human_Control;Pedestrian_Crossing-Physical_Facilities;Light_Conditions;Weather_Conditions;Road_Surface_Conditions;Special_Conditions_at_Site;Carriageway_Hazards;Urban_or_Rural_Area;Did_Police_Officer_Attend_Scene_of_Accident;LSOA_of_Accident_Location;Vehicle_Reference_x;Casualty_Reference;Casualty_Class;Sex_of_Casualty;Age_of_Casualty;Age_Band_of_Casualty;Casualty_Severity;Pedestrian_Location;Pedestrian_Movement;Car_Passenger;Bus_or_Coach_Passenger;Pedestrian_Road_Maintenance_Worker;Casualty_Type;Casualty_Home_Area_Type;Casualty_IMD_Decile;Vehicle_Reference_y;Vehicle_Type;Towing_and_Articulation;Vehicle_Manoeuvre;Vehicle_Location-Restricted_Lane;Junction_Location;Skidding_and_Overturning;Hit_Object_in_Carriageway;Vehicle_Leaving_Carriageway;Hit_Object_off_Carriageway;1st_Point_of_Impact;Was_Vehicle_Left_Hand_Drive?;Journey_Purpose_of_Driver;Sex_of_Driver;Age_of_Driver;Age_Band_of_Driver;Engine_Capacity_(CC);Propulsion_Code;Age_of_Vehicle;Driver_IMD_Decile;Driver_Home_Area_Type;Vehicle_IMD_Decile
2019010160399;514098;186208;-0.35533;51.563219;Metropolitan Police;Slight;2;1;11/01/2019;Friday;15:00;Harrow;Harrow;A;312;Unknown;30 MPH;More than 4 arms (not roundabout);Auto traffic signal;Unclassified;0;Data missing or out of range;Data missing or out of range;Daylight;Unknown;Data missing or out of range;Data missing or out of range;Data missing or out of range;Urban;No - accident was reported using a self completion  form (self rep only);E01002219;1;1;Driver or rider;Male;73;10;Slight;Not a Pedestrian;Not a Pedestrian;Not car passenger;Not a bus or coach passenger;No / Not applicable;1;Cyclist;Less deprived 40-50%;2;Car;No tow/articulation;Going ahead other;Data missing or out of range;Entering main road;None;None;Data missing or out of range;None;Offside;1;Not known;Not known;-1;Data missing or out of range;-1;-1;-1;-1;Data missing or out of range;-1
2019010160401;509816;178305;-0.419542;51.493035;Metropolitan Police;Slight;3;1;30/01/2019;Wednesday;09:25;Hillingdon;Hillingdon;Motorway;4;Dual carriageway;60 MPH;Not at junction or within 20 metres;Data missing or out of range;-1;0;None within 50 metres ;No physical crossing facilities within 50 metres;Daylight;Fine no high winds;Wet or damp;None;None;Urban;Yes;E01002491;2;1;Driver or rider;Female;51;8;Slight;Not a Pedestrian;Not a Pedestrian;Not car passenger;Not a bus or coach passenger;No / Not applicable;9;-1;Data missing or out of range;1;Goods 7.5 tonnes mgw and over;Single trailer;Waiting to go - held up;On main c'way - not in restricted lane;Not at or within 20 metres of junction;None;None;Did not leave carriageway;None;Back;1;Journey as part of work;Male;48;46 - 55;-1;-1;-1;8;Urban area;8
2019010160401;509816;178305;-0.419542;51.493035;Metropolitan Police;Slight;3;1;30/01/2019;Wednesday;09:25;Hillingdon;Hillingdon;Motorway;4;Dual carriageway;60 MPH;Not at junction or within 20 metres;Data missing or out of range;-1;0;None within 50 metres ;No physical crossing facilities within 50 metres;Daylight;Fine no high winds;Wet or damp;None;None;Urban;Yes;E01002491;2;1;Driver or rider;Female;51;8;Slight;Not a Pedestrian;Not a Pedestrian;Not car passenger;Not a bus or coach passenger;No / Not applicable;9;-1;Data missing or out of range;2;Car;No tow/articulation;Waiting to go - held up;On main c'way - not in restricted lane;Not at or within 20 metres of junction;None;None;Did not leave carriageway;None;Back;1;Commuting to/from work;Female;51;46 - 55;-1;-1;-1;-1;Data missing or out of range;-1
2019010160401;509816;178305;-0.419542;51.493035;Metropolitan Police;Slight;3;1;30/01/2019;Wednesday;09:25;Hillingdon;Hillingdon;Motorway;4;Dual carriageway;60 MPH;Not at junction or within 20 metres;Data missing or out of range;-1;0;None within 50 metres ;No physical crossing facilities within 50 metres;Daylight;Fine no high winds;Wet or damp;None;None;Urban;Yes;E01002491;2;1;Driver or rider;Female;51;8;Slight;Not a Pedestrian;Not a Pedestrian;Not car passenger;Not a bus or coach passenger;No / Not applicable;9;-1;Data missing or out of range;3;Van / Goods 3.5 tonnes mgw or under;No tow/articulation;Going ahead other;On main c'way - not in restricted lane;Not at or within 20 metres of junction;None;None;Did not leave carriageway;None;Front;1;Journey as part of work;Male;43;36 - 45;-1;-1;-1;3;Urban area;3
2019010160403;532802;174645;-0.089992;51.455218;Metropolitan Police;Slight;2;1;30/01/2019;Wednesday;07:30;Southwark;Southwark;C;0;Single carriageway;20 MPH;Not at junction or within 20 metres;Data missing or out of range;-1;0;None within 50 metres ;Zebra;Daylight;Fine no high winds;Frost or ice;None;None;Urban;Yes;E01004048;1;1;Driver or rider;Female;22;5;Slight;Not a Pedestrian;Not a Pedestrian;Not car passenger;Not a bus or coach passenger;No / Not applicable;9;Cyclist;More deprived 40-50%;1;Car;No tow/articulation;Going ahead other;On main c'way - not in restricted lane;Not at or within 20 metres of junction;None;None;Did not leave carriageway;None;Offside;1;Commuting to/from work;Female;22;21 - 25;-1;-1;-1;5;Urban area;5
2019010160403;532802;174645;-0.089992;51.455218;Metropolitan Police;Slight;2;1;30/01/2019;Wednesday;07:30;Southwark;Southwark;C;0;Single carriageway;20 MPH;Not at junction or within 20 metres;Data missing or out of range;-1;0;None within 50 metres ;Zebra;Daylight;Fine no high winds;Frost or ice;None;None;Urban;Yes;E01004048;1;1;Driver or rider;Female;22;5;Slight;Not a Pedestrian;Not a Pedestrian;Not car passenger;Not a bus or coach passenger;No / Not applicable;9;Cyclist;More deprived 40-50%;2;Car;No tow/articulation;Parked;On main c'way - not in restricted lane;Not at or within 20 metres of junction;None;None;Did not leave carriageway;None;Front;1;Not known;Not known;-1;Data missing or out of range;-1;-1;-1;-1;Data missing or out of range;-1
2019010160404;517477;193881;-0.304036;51.631488;Metropolitan Police;Slight;3;1;30/01/2019;Wednesday;10:35;Barnet;Barnet;A;5;Single carriageway;30 MPH;T or staggered junction;Give way or uncontrolled;C;0;None within 50 metres ;No physical crossing facilities within 50 metres;Daylight;Other;Frost or ice;None;None;Rural;Yes;E01002114;3;1;Driver or rider;Male;48;8;Slight;Not a Pedestrian;Not a Pedestrian;Not car passenger;Not a bus or coach passenger;No / Not applicable;1;Cyclist;Less deprived 40-50%;1;Car;No tow/articulation;Going ahead other;On main c'way - not in restricted lane;Approaching junction or waiting/parked at junction approach;None;None;Did not leave carriageway;None;Front;1;Not known;Male;57;56 - 65;-1;-1;-1;9;Urban area;9
2019010160404;517477;193881;-0.304036;51.631488;Metropolitan Police;Slight;3;1;30/01/2019;Wednesday;10:35;Barnet;Barnet;A;5;Single carriageway;30 MPH;T or staggered junction;Give way or uncontrolled;C;0;None within 50 metres ;No physical crossing facilities within 50 metres;Daylight;Other;Frost or ice;None;None;Rural;Yes;E01002114;3;1;Driver or rider;Male;48;8;Slight;Not a Pedestrian;Not a Pedestrian;Not car passenger;Not a bus or coach passenger;No / Not applicable;1;Cyclist;Less deprived 40-50%;2;Car;No tow/articulation;Turning right;On main c'way - not in restricted lane;Mid Junction - on roundabout or on main road;None;None;Did not leave carriageway;None;Front;1;Not known;Male;73;66 - 75;-1;-1;-1;6;Urban area;6
2019010160404;517477;193881;-0.304036;51.631488;Metropolitan Police;Slight;3;1;30/01/2019;Wednesday;10:35;Barnet;Barnet;A;5;Single carriageway;30 MPH;T or staggered junction;Give way or uncontrolled;C;0;None within 50 metres ;No physical crossing facilities within 50 metres;Daylight;Other;Frost or ice;None;None;Rural;Yes;E01002114;3;1;Driver or rider;Male;48;8;Slight;Not a Pedestrian;Not a Pedestrian;Not car passenger;Not a bus or coach passenger;No / Not applicable;1;Cyclist;Less deprived 40-50%;3;Pedal cycle;No tow/articulation;Going ahead other;On main c'way - not in restricted lane;Approaching junction or waiting/parked at junction approach;None;None;Did not leave carriageway;None;Offside;1;Commuting to/from work;Male;48;46 - 55;-1;-1;-1;6;Urban area;6
2019010160410;533830;190173;-0.069313;51.594517;Metropolitan Police;Slight;1;1;30/01/2019;Wednesday;08:58;Haringey;Haringey;A;1010;Single carriageway;20 MPH;Other junction;Auto traffic signal;A;1010;None within 50 metres ;Pedestrian phase at traffic signal junction;Daylight;Fine no high winds;Dry;None;None;Urban;Yes;E01001979;1;1;Pedestrian;Female;47;8;Slight;Crossing elsewhere within 50m. of pedestrian crossing;Crossing from driver's offside;Not car passenger;Not a bus or coach passenger;No / Not applicable;0;Cyclist;More deprived 20-30%;1;Bus or coach (17 or more pass seats);No tow/articulation;Going ahead other;On main c'way - not in restricted lane;Approaching junction or waiting/parked at junction approach;None;None;Did not leave carriageway;None;Front;1;Journey as part of work;Male;57;56 - 65;-1;-1;-1;3;Urban area;3
2019010160415;543267;188129;0.066002;51.573831;Metropolitan Police;Serious;2;1;12/01/2019;Saturday;23:40;Redbridge;Redbridge;A;123;Single carriageway;30 MPH;T or staggered junction;Auto traffic signal;Unclassified;0;None within 50 metres ;Pedestrian phase at traffic signal junction;Darkness - lights lit;Fine no high winds;Dry;None;None;Urban;No - accident was reported using a self completion  form (self rep only);E01003690;1;1;Driver or rider;Male;18;4;Serious;Not a Pedestrian;Not a Pedestrian;Not car passenger;Not a bus or coach passenger;No / Not applicable;1;Cyclist;More deprived 10-20%;1;Pedal cycle;Data missing or out of range;Data missing or out of range;Data missing or out of range;Data missing or out of range;Data missing or out of range;Data missing or out of range;Data missing or out of range;Data missing or out of range;Back;1;Not known;Male;18;16 - 20;-1;-1;-1;2;Urban area;2
2019010160415;543267;188129;0.066002;51.573831;Metropolitan Police;Serious;2;1;12/01/2019;Saturday;23:40;Redbridge;Redbridge;A;123;Single carriageway;30 MPH;T or staggered junction;Auto traffic signal;Unclassified;0;None within 50 metres ;Pedestrian phase at traffic signal junction;Darkness - lights lit;Fine no high winds;Dry;None;None;Urban;No - accident was reported using a self completion  form (self rep only);E01003690;1;1;Driver or rider;Male;18;4;Serious;Not a Pedestrian;Not a Pedestrian;Not car passenger;Not a bus or coach passenger;No / Not applicable;1;Cyclist;More deprived 10-20%;2;Car;No tow/articulation;Data missing or out of range;Data missing or out of range;Data missing or out of range;Data missing or out of range;Data missing or out of range;Data missing or out of range;Data missing or out of range;Front;-1;Not known;Not known;29;26 - 35;-1;-1;-1;2;Urban area;2
2019010160418;528970;186649;-0.140727;51.563982;Metropolitan Police;Slight;1;1;30/01/2019;Wednesday;11:05;Islington;Islington;C;0;Dual carriageway;20 MPH;T or staggered junction;Give way or uncontrolled;Unclassified;0;None within 50 metres ;Zebra;Daylight;Fine no high winds;Wet or damp;None;None;Urban;Yes;E01002771;1;1;Pedestrian;Male;92;11;Slight;Crossing on pedestrian crossing facility;Crossing from offside - masked by  parked or stationary vehicle;Not car passenger;Not a bus or coach passenger;No / Not applicable;0;Cyclist;More deprived 10-20%;1;Car;No tow/articulation;Slowing or stopping;On main c'way - not in restricted lane;Cleared junction or waiting/parked at junction exit;Skidded;None;Did not leave carriageway;None;Front;1;Not known;Female;46;46 - 55;1497;Hybrid electric;4;2;Urban area;2
2019010160419;521781;175464;-0.248251;51.465054;Metropolitan Police;Slight;2;1;30/01/2019;Wednesday;09:05;Richmond upon Thames;Richmond upon Thames;A;205;Unknown;30 MPH;Data missing or out of range;Data missing or out of range;C;0;Data missing or out of range;Data missing or out of range;Darkness - lights lit;Unknown;Data missing or out of range;Data missing or out of range;Data missing or out of range;Rural;No - accident was reported using a self completion  form (self rep only);E01004575;1;1;Driver or rider;Male;34;6;Slight;Not a Pedestrian;Not a Pedestrian;Not car passenger;Not a bus or coach passenger;No / Not applicable;1;Cyclist;Less deprived 10-20%;1;Pedal cycle;Data missing or out of range;Data missing or out of range;Data missing or out of range;Data missing or out of range;Data missing or out of range;Data missing or out of range;Data missing or out of range;Data missing or out of range;Data missing or out of range;1;Not known;Male;34;26 - 35;-1;-1;-1;9;Urban area;9
2019010160419;521781;175464;-0.248251;51.465054;Metropolitan Police;Slight;2;1;30/01/2019;Wednesday;09:05;Richmond upon Thames;Richmond upon Thames;A;205;Unknown;30 MPH;Data missing or out of range;Data missing or out of range;C;0;Data missing or out of range;Data missing or out of range;Darkness - lights lit;Unknown;Data missing or out of range;Data missing or out of range;Data missing or out of range;Rural;No - accident was reported using a self completion  form (self rep only);E01004575;1;1;Driver or rider;Male;34;6;Slight;Not a Pedestrian;Not a Pedestrian;Not car passenger;Not a bus or coach passenger;No / Not applicable;1;Cyclist;Less deprived 10-20%;2;Car;Data missing or out of range;Data missing or out of range;Data missing or out of range;Data missing or out of range;Data missing or out of range;Data missing or out of range;Data missing or out of range;Data missing or out of range;Data missing or out of range;-1;Not known;Female;39;36 - 45;-1;-1;-1;7;Urban area;7
2019010160420;539472;181371;0.008601;51.514056;Metropolitan Police;Slight;2;1;18/01/2019;Friday;00:55;Newham;Newham;A;1011;Slip road;30 MPH;Not at junction or within 20 metres;Data missing or out of range;-1;0;Data missing or out of range;Data missing or out of range;Darkness - lights lit;Fine no high winds;Data missing or out of range;None;Data missing or out of range;Urban;No - accident was reported using a self completion  form (self rep only);E01033576;1;1;Driver or rider;Male;34;6;Slight;Not a Pedestrian;Not a Pedestrian;Not car passenger;Not a bus or coach passenger;No / Not applicable;11;Cyclist;More deprived 20-30%;1;Bus or coach (17 or more pass seats);Data missing or out of range;Data missing or out of range;Data missing or out of range;Not at or within 20 metres of junction;Data missing or out of range;Data missing or out of range;Data missing or out of range;Data missing or out of range;Offside;-1;Not known;Male;34;26 - 35;-1;-1;-1;3;Urban area;3
2019010160420;539472;181371;0.008601;51.514056;Metropolitan Police;Slight;2;1;18/01/2019;Friday;00:55;Newham;Newham;A;1011;Slip road;30 MPH;Not at junction or within 20 metres;Data missing or out of range;-1;0;Data missing or out of range;Data missing or out of range;Darkness - lights lit;Fine no high winds;Data missing or out of range;None;Data missing or out of range;Urban;No - accident was reported using a self completion  form (self rep only);E01033576;1;1;Driver or rider;Male;34;6;Slight;Not a Pedestrian;Not a Pedestrian;Not car passenger;Not a bus or coach passenger;No / Not applicable;11;Cyclist;More deprived 20-30%;2;Car;Data missing or out of range;Data missing or out of range;Data missing or out of range;Not at or within 20 metres of junction;Data missing or out of range;Data missing or out of range;Data missing or out of range;Data missing or out of range;Data missing or out of range;-1;Not known;Not known;-1;Data missing or out of range;-1;-1;-1;-1;Data missing or out of range;-1
2019010160423;539372;186730;0.00928;51.562236;Metropolitan Police;Slight;2;1;30/01/2019;Wednesday;11:56;Waltham Forest;Waltham Forest;A;11;One way street;20 MPH;T or staggered junction;Give way or uncontrolled;Unclassified;0;None within 50 metres ;Zebra;Daylight;Fine no high winds;Wet or damp;None;None;Urban;Yes;E01004333;2;1;Driver or rider;Male;43;7;Slight;Not a Pedestrian;Not a Pedestrian;Not car passenger;Not a bus or coach passenger;No / Not applicable;1;Cyclist;Less deprived 40-50%;1;Car;No tow/articulation;Going ahead right-hand bend;On main c'way - not in restricted lane;Approaching junction or waiting/parked at junction approach;None;None;Did not leave carriageway;None;Offside;1;Not known;Female;21;21 - 25;-1;-1;-1;3;Urban area;3
2019010160423;539372;186730;0.00928;51.562236;Metropolitan Police;Slight;2;1;30/01/2019;Wednesday;11:56;Waltham Forest;Waltham Forest;A;11;One way street;20 MPH;T or staggered junction;Give way or uncontrolled;Unclassified;0;None within 50 metres ;Zebra;Daylight;Fine no high winds;Wet or damp;None;None;Urban;Yes;E01004333;2;1;Driver or rider;Male;43;7;Slight;Not a Pedestrian;Not a Pedestrian;Not car passenger;Not a bus or coach passenger;No / Not applicable;1;Cyclist;Less deprived 40-50%;2;Pedal cycle;No tow/articulation;Going ahead other;On main c'way - not in restricted lane;Approaching junction or waiting/parked at junction approach;None;None;Did not leave carriageway;None;Front;1;Not known;Male;43;36 - 45;-1;-1;-1;6;Urban area;6
2019010160424;528311;179918;-0.15268;51.503641;Metropolitan Police;Serious;1;1;30/01/2019;Wednesday;10:35;Westminster;Westminster;Unclassified;0;One way street;30 MPH;Private drive or entrance;Give way or uncontrolled;Unclassified;0;None within 50 metres ;No physical crossing facilities within 50 metres;Daylight;Fine no high winds;Frost or ice;None;None;Urban;Yes;E01004691;1;1;Driver or rider;Male;34;6;Serious;Not a Pedestrian;Not a Pedestrian;Not car passenger;Not a bus or coach passenger;No / Not applicable;5;Cyclist;More deprived 20-30%;1;Motorcycle over 500cc;No tow/articulation;Turning right;On main c'way - not in restricted lane;Cleared junction or waiting/parked at junction exit;Skidded and overturned;Kerb;Did not leave carriageway;None;Offside;1;Journey as part of work;Male;34;26 - 35;-1;-1;-1;3;Urban area;3
2019010160430;535177;195221;-0.047932;51.639558;Metropolitan Police;Slight;2;1;25/01/2019;Friday;10:45;Enfield;Enfield;A;1010;Single carriageway;30 MPH;Data missing or out of range;Auto traffic signal;C;0;Control by other authorised person;Data missing or out of range;Daylight;Unknown;Dry;None;None;Urban;No - accident was reported using a self completion  form (self rep only);E01001476;1;1;Driver or rider;Female;Data missing or out of range;-1;Slight;Not a Pedestrian;Not a Pedestrian;Not car passenger;Not a bus or coach passenger;No / Not applicable;3;Cyclist;More deprived 30-40%;1;Motorcycle 125cc and under;Data missing or out of range;Data missing or out of range;Data missing or out of range;Data missing or out of range;Data missing or out of range;Data missing or out of range;Data missing or out of range;Data missing or out of range;Back;1;Not known;Female;-1;Data missing or out of range;-1;-1;-1;4;Urban area;4
2019010160430;535177;195221;-0.047932;51.639558;Metropolitan Police;Slight;2;1;25/01/2019;Friday;10:45;Enfield;Enfield;A;1010;Single carriageway;30 MPH;Data missing or out of range;Auto traffic signal;C;0;Control by other authorised person;Data missing or out of range;Daylight;Unknown;Dry;None;None;Urban;No - accident was reported using a self completion  form (self rep only);E01001476;1;1;Driver or rider;Female;Data missing or out of range;-1;Slight;Not a Pedestrian;Not a Pedestrian;Not car passenger;Not a bus or coach passenger;No / Not applicable;3;Cyclist;More deprived 30-40%;2;Car;No tow/articulation;Data missing or out of range;Data missing or out of range;Data missing or out of range;Data missing or out of range;Data missing or out of range;Data missing or out of range;Data missing or out of range;Back;-1;Not known;Male;50;46 - 55;-1;-1;-1;2;Urban area;2
2019010160431;520130;190459;-0.266895;51.600173;Metropolitan Police;Slight;1;1;23/01/2019;Wednesday;13:25;Barnet;Barnet;A;5;Single carriageway;30 MPH;T or staggered junction;Auto traffic signal;C;0;None within 50 metres ;Pedestrian phase at traffic signal junction;Daylight;Fine no high winds;Dry;Data missing or out of range;Data missing or out of range;Urban;No - accident was reported using a self completion  form (self rep only);E01000129;1;1;Pedestrian;Male;38;7;Slight;Crossing on pedestrian crossing facility;Crossing from driver's nearside;Not car passenger;Not a bus or coach passenger;No / Not applicable;0;Cyclist;More deprived 40-50%;1;Car;Data missing or out of range;Going ahead other;On main c'way - not in restricted lane;Approaching junction or waiting/parked at junction approach;None;Data missing or out of range;Did not leave carriageway;None;Front;-1;Not known;Male;77;Over 75;-1;-1;-1;10;Urban area;10
2019010160436;540504;173938;0.020508;51.447007;Metropolitan Police;Slight;2;1;22/01/2019;Tuesday;08:30;Lewisham;Lewisham;Unclassified;0;Single carriageway;30 MPH;Crossroads;Data missing or out of range;Unclassified;0;None within 50 metres ;No physical crossing facilities within 50 metres;Daylight;Fine no high winds;Dry;None;None;Urban;No - accident was reported using a self completion  form (self rep only);E01003269;1;1;Driver or rider;Male;37;7;Slight;Not a Pedestrian;Not a Pedestrian;Not car passenger;Not a bus or coach passenger;No / Not applicable;23;Cyclist;More deprived 10-20%;1;Electric motorcycle;No tow/articulation;Going ahead other;On main c'way - not in restricted lane;Approaching junction or waiting/parked at junction approach;Overturned;Data missing or out of range;Data missing or out of range;Data missing or out of range;Front;1;Not known;Male;37;36 - 45;-1;-1;-1;2;Urban area;2
2019010160436;540504;173938;0.020508;51.447007;Metropolitan Police;Slight;2;1;22/01/2019;Tuesday;08:30;Lewisham;Lewisham;Unclassified;0;Single carriageway;30 MPH;Crossroads;Data missing or out of range;Unclassified;0;None within 50 metres ;No physical crossing facilities within 50 metres;Daylight;Fine no high winds;Dry;None;None;Urban;No - accident was reported using a self completion  form (self rep only);E01003269;1;1;Driver or rider;Male;37;7;Slight;Not a Pedestrian;Not a Pedestrian;Not car passenger;Not a bus or coach passenger;No / Not applicable;23;Cyclist;More deprived 10-20%;2;Car;Data missing or out of range;Turning right;On main c'way - not in restricted lane;Approaching junction or waiting/parked at junction approach;None;None;Did not leave carriageway;None;Nearside;-1;Not known;Not known;-1;Data missing or out of range;-1;-1;-1;-1;Data missing or out of range;-1
2019010160438;532709;192574;-0.084579;51.616358;Metropolitan Police;Slight;1;1;30/01/2019;Wednesday;10:15;Enfield;Enfield;Unclassified;0;Slip road;30 MPH;Not at junction or within 20 metres;Data missing or out of range;-1;0;None within 50 metres ;No physical crossing facilities within 50 metres;Daylight;Fine no high winds;Dry;None;None;Urban;Yes;E01001465;1;1;Passenger;Female;43;7;Slight;Not a Pedestrian;Not a Pedestrian;Not car passenger;Seated passenger;No / Not applicable;11;Cyclist;More deprived 40-50%;1;Bus or coach (17 or more pass seats);No tow/articulation;Going ahead other;On main c'way - not in restricted lane;Not at or within 20 metres of junction;None;None;Did not leave carriageway;None;Did not impact;1;Journey as part of work;Male;38;36 - 45;-1;-1;-1;5;Urban area;5
2019010160440;530980;187264;-0.111516;51.569045;Metropolitan Police;Slight;1;1;17/01/2019;Thursday;08:30;Haringey;Haringey;A;1201;Single carriageway;20 MPH;T or staggered junction;Data missing or out of range;Unclassified;0;Data missing or out of range;Zebra;Daylight;Fine no high winds;Dry;None;None;Urban;No - accident was reported using a self completion  form (self rep only);E01002064;1;1;Pedestrian;Male;12;3;Slight;Crossing on pedestrian crossing facility;Unknown or other;Not car passenger;Not a bus or coach passenger;No / Not applicable;0;Cyclist;More deprived 20-30%;1;Van / Goods 3.5 tonnes mgw or under;No tow/articulation;Data missing or out of range;On main c'way - not in restricted lane;Data missing or out of range;None;None;Did not leave carriageway;None;Front;-1;Not known;Not known;-1;Data missing or out of range;-1;-1;-1;1;Urban area;1
2019010160442;532212;172864;-0.099144;51.43935;Metropolitan Police;Serious;2;1;21/01/2019;Monday;07:30;Lambeth;Lambeth;A;205;Unknown;30 MPH;Data missing or out of range;Data missing or out of range;Unclassified;0;Data missing or out of range;Zebra;Daylight;Unknown;Data missing or out of range;Data missing or out of range;Data missing or out of range;Urban;No - accident was reported using a self completion  form (self rep only);E01003166;1;1;Driver or rider;Male;28;6;Serious;Not a Pedestrian;Not a Pedestrian;Not car passenger;Not a bus or coach passenger;No / Not applicable;9;Cyclist;More deprived 40-50%;1;Car;Data missing or out of range;Waiting to go - held up;On main c'way - not in restricted lane;Data missing or out of range;Data missing or out of range;None;Did not leave carriageway;None;Back;-1;Not known;Male;28;26 - 35;-1;-1;-1;5;Urban area;5
2019010160442;532212;172864;-0.099144;51.43935;Metropolitan Police;Serious;2;1;21/01/2019;Monday;07:30;Lambeth;Lambeth;A;205;Unknown;30 MPH;Data missing or out of range;Data missing or out of range;Unclassified;0;Data missing or out of range;Zebra;Daylight;Unknown;Data missing or out of range;Data missing or out of range;Data missing or out of range;Urban;No - accident was reported using a self completion  form (self rep only);E01003166;1;1;Driver or rider;Male;28;6;Serious;Not a Pedestrian;Not a Pedestrian;Not car passenger;Not a bus or coach passenger;No / Not applicable;9;Cyclist;More deprived 40-50%;2;Van / Goods 3.5 tonnes mgw or under;Data missing or out of range;Going ahead other;On main c'way - not in restricted lane;Data missing or out of range;Data missing or out of range;None;Did not leave carriageway;None;Front;-1;Not known;Male;-1;Data missing or out of range;-1;-1;-1;2;Urban area;2
2019010160443;534088;185019;-0.067554;51.54814;Metropolitan Police;Slight;1;1;30/01/2019;Wednesday;11:50;Hackney;Hackney;A;104;Single carriageway;20 MPH;Other junction;Auto traffic signal;A;104;None within 50 metres ;No physical crossing facilities within 50 metres;Daylight;Fine no high winds;Dry;None;None;Urban;Yes;E01001761;1;1;Pedestrian;Female;33;6;Slight;In centre of carriageway - not on refuge, island or central reservation;Crossing from offside - masked by  parked or stationary vehicle;Not car passenger;Not a bus or coach passenger;No / Not applicable;0;Cyclist;More deprived 20-30%;1;Van / Goods 3.5 tonnes mgw or under;No tow/articulation;Going ahead other;On main c'way - not in restricted lane;Cleared junction or waiting/parked at junction exit;None;None;Did not leave carriageway;None;Offside;1;Journey as part of work;Male;43;36 - 45;-1;-1;-1;1;Urban area;1
2019010160444;504491;177689;-0.496399;51.488507;Metropolitan Police;Slight;2;1;25/01/2019;Friday;17:50;Hillingdon;Hillingdon;Motorway;25;Dual carriageway;70 MPH;Not at junction or within 20 metres;Data missing or out of range;-1;0;None within 50 metres ;No physical crossing facilities within 50 metres;Darkness - lighting unknown;Fine no high winds;Dry;None;None;Rural;No - accident was reported using a self completion  form (self rep only);E01002444;1;1;Driver or rider;Female;40;7;Slight;Not a Pedestrian;Not a Pedestrian;Not car passenger;Not a bus or coach passenger;No / Not applicable;9;Cyclist;Least deprived 10%;1;Car;No tow/articulation;Data missing or out of range;On main c'way - not in restricted lane;Not at or within 20 metres of junction;Data missing or out of range;Data missing or out of range;Data missing or out of range;Data missing or out of range;Back;1;Commuting to/from work;Female;40;36 - 45;-1;-1;-1;10;Urban area;10
2019010160444;504491;177689;-0.496399;51.488507;Metropolitan Police;Slight;2;1;25/01/2019;Friday;17:50;Hillingdon;Hillingdon;Motorway;25;Dual carriageway;70 MPH;Not at junction or within 20 metres;Data missing or out of range;-1;0;None within 50 metres ;No physical crossing facilities within 50 metres;Darkness - lighting unknown;Fine no high winds;Dry;None;None;Rural;No - accident was reported using a self completion  form (self rep only);E01002444;1;1;Driver or rider;Female;40;7;Slight;Not a Pedestrian;Not a Pedestrian;Not car passenger;Not a bus or coach passenger;No / Not applicable;9;Cyclist;Least deprived 10%;2;Car;No tow/articulation;Data missing or out of range;On main c'way - not in restricted lane;Not at or within 20 metres of junction;Data missing or out of range;Data missing or out of range;Data missing or out of range;Data missing or out of range;Front;1;Not known;Not known;22;21 - 25;-1;-1;-1;2;Urban area;2
2019010160448;530337;178026;-0.124205;51.486175;Metropolitan Police;Serious;2;1;09/01/2019;Wednesday;07:05;Lambeth;Lambeth;A;203;Roundabout;30 MPH;More than 4 arms (not roundabout);Data missing or out of range;A;3036;None within 50 metres ;Pedestrian phase at traffic signal junction;Darkness - lights lit;Fine no high winds;Dry;None;None;Urban;No - accident was reported using a self completion  form (self rep only);E01033208;1;1;Driver or rider;Male;28;6;Serious;Not a Pedestrian;Not a Pedestrian;Not car passenger;Not a bus or coach passenger;No / Not applicable;1;Cyclist;Less deprived 20-30%;1;Pedal cycle;Data missing or out of range;Data missing or out of range;Data missing or out of range;Data missing or out of range;Data missing or out of range;Data missing or out of range;Data missing or out of range;Data missing or out of range;Front;1;Commuting to/from work;Male;28;26 - 35;-1;-1;-1;8;Urban area;8