Accident_Index;Location_Easting_OSGR;Location_Northing_OSGR;Longitude;Latitude;Police_Force;Accident_Severity;Number_of_Vehicles;Number_of_Casualties;Date;Day_of_Week;Time;Local_Authority_(District);Local_Authority_(Highway);1st_Road_Class;1st_Road_Number;Road_Type;Speed_limit;Junction_Detail;Junction_Control;2nd_Road_Class;2nd_Road_Number;Pedestrian_Crossing-Human_Control;Pedestrian_Crossing-Physical_Facilities;Light_Conditions;Weather_Conditions;Road_Surface_Conditions;Special_Conditions_at_Site;Carriageway_Hazards;Urban_or_Rural_Area;Did_Police_Officer_Attend_Scene_of_Accident;LSOA_of_Accident_Location;Vehicle_Reference_x;Casualty_Reference;Casualty_Class;Sex_of_Casualty;Age_of_Casualty;Age_Band_of_Casualty;Casualty_Severity;Pedestrian_Location;Pedestrian_Movement;Car_Passenger;Bus_or_Coach_Passenger;Pedestrian_Road_Maintenance_Worker;Casualty_Type;Casualty_Home_Area_Type;Casualty_IMD_Decile;Vehicle_Reference_y;Vehicle_Type;Towing_and_Articulation;Vehicle_Manoeuvre;Vehicle_Location-Restricted_Lane;Junction_Location;Skidding_and_Overturning;Hit_Object_in_Carriageway;Vehicle_Leaving_Carriageway;Hit_Object_off_Carriageway;1st_Point_of_Impact;Was_Vehicle_Left_Hand_Drive?;Journey_Purpose_of_Driver;Sex_of_Driver;Age_of_Driver;Age_Band_of_Driver;Engine_Capacity_(CC);Propulsion_Code;Age_of_Vehicle;Driver_IMD_Decile;Driver_Home_Area_Type;Vehicle_IMD_Decile
2019010160448;530337;178026;-0.124205;51.486175;Metropolitan Police;Serious;2;1;09/01/2019;Wednesday;07:05;Lambeth;Lambeth;A;203;Roundabout;30 MPH;More than 4 arms (not roundabout);Data missing or out of range;A;3036;None within 50 metres ;Pedestrian phase at traffic signal junction;Darkness - lights lit;Fine no high winds;Dry;None;None;Urban;No - accident was reported using a self completion  form (self rep only);E01033208;1;1;Driver or rider;Male;28;6;Serious;Not a Pedestrian;Not a Pedestrian;Not car passenger;Not a bus or coach passenger;No / Not applicable;1;Cyclist;Less deprived 20-30%;2;Van / Goods 3.5 tonnes mgw or under;No tow/articulation;Data missing or out of range;Data missing or out of range;Data missing or out of range;Data missing or out of range;Data missing or out of range;Data missing or out of range;Data missing or out of range;Back;-1;Not known;Not known;-1;Data missing or out of range;-1;-1;-1;-1;Data missing or out of range;-1
2019010160453;534033;189077;-0.066802;51.58462;Metropolitan Police;Slight;1;1;30/01/2019;Wednesday;11:55;Haringey;Haringey;A;503;Single carriageway;20 MPH;Other junction;Give way or uncontrolled;Unclassified;0;None within 50 metres ;Zebra;Daylight;Fine no high winds;Dry;None;None;Urban;Yes;E01002068;1;1;Pedestrian;Female;30;6;Slight;Crossing elsewhere within 50m. of pedestrian crossing;Crossing from driver's offside;Not car passenger;Not a bus or coach passenger;No / Not applicable;0;Cyclist;Most deprived 10%;1;Taxi/Private hire car;No tow/articulation;Going ahead other;On main c'way - not in restricted lane;Approaching junction or waiting/parked at junction approach;None;None;Did not leave carriageway;None;Front;1;Not known;Male;64;56 - 65;-1;-1;-1;2;Urban area;2
2019010160455;524478;166588;-0.21256;51.384696;Metropolitan Police;Serious;1;1;30/01/2019;Wednesday;12:25;Sutton;Sutton;A;24;One way street;30 MPH;Other junction;Give way or uncontrolled;Unclassified;0;None within 50 metres ;No physical crossing facilities within 50 metres;Daylight;Fine no high winds;Dry;None;None;Urban;Yes;E01004134;1;1;Pedestrian;Male;62;9;Serious;In carriageway, crossing elsewhere;Crossing from driver's offside;Not car passenger;Not a bus or coach passenger;No / Not applicable;0;Cyclist;Less deprived 20-30%;1;Car;No tow/articulation;Turning right;Entering lay-by or hard shoulder;Cleared junction or waiting/parked at junction exit;None;None;Did not leave carriageway;None;Front;1;Not known;Male;57;56 - 65;-1;-1;-1;-1;Data missing or out of range;-1
2019010160459;535018;182527;-0.055105;51.525525;Metropolitan Police;Slight;2;1;25/01/2019;Friday;21:45;Tower Hamlets;Tower Hamlets;A;107;Single carriageway;20 MPH;T or staggered junction;Give way or uncontrolled;Unclassified;0;Control by other authorised person;Zebra;Darkness - lights lit;Fine no high winds;Dry;None;None;Urban;Yes;E01004209;1;1;Driver or rider;Male;24;5;Slight;Not a Pedestrian;Not a Pedestrian;Not car passenger;Not a bus or coach passenger;No / Not applicable;3;Cyclist;More deprived 20-30%;1;Motorcycle 125cc and under;No tow/articulation;Going ahead other;On main c'way - not in restricted lane;Mid Junction - on roundabout or on main road;None;None;Did not leave carriageway;None;Back;1;Not known;Male;24;21 - 25;-1;-1;-1;3;Urban area;3
2019010160459;535018;182527;-0.055105;51.525525;Metropolitan Police;Slight;2;1;25/01/2019;Friday;21:45;Tower Hamlets;Tower Hamlets;A;107;Single carriageway;20 MPH;T or staggered junction;Give way or uncontrolled;Unclassified;0;Control by other authorised person;Zebra;Darkness - lights lit;Fine no high winds;Dry;None;None;Urban;Yes;E01004209;1;1;Driver or rider;Male;24;5;Slight;Not a Pedestrian;Not a Pedestrian;Not car passenger;Not a bus or coach passenger;No / Not applicable;3;Cyclist;More deprived 20-30%;2;Car;No tow/articulation;Going ahead other;On main c'way - not in restricted lane;Mid Junction - on roundabout or on main road;None;None;Did not leave carriageway;None;Front;1;Not known;Not known;-1;Data missing or out of range;-1;-1;-1;-1;Data missing or out of range;-1
2019010160468;535938;178608;-0.043361;51.490087;Metropolitan Police;Slight;2;2;30/01/2019;Wednesday;12:09;Lewisham;Lewisham;C;0;One way street;20 MPH;Not at junction or within 20 metres;Data missing or out of range;-1;0;None within 50 metres ;Zebra;Daylight;Fine no high winds;Dry;Roadworks;None;Urban;Yes;E01004036;2;1;Driver or rider;Male;36;7;Slight;Not a Pedestrian;Not a Pedestrian;Not car passenger;Not a bus or coach passenger;No / Not applicable;19;Cyclist;Less deprived 30-40%;1;Taxi/Private hire car;No tow/articulation;Going ahead other;On main c'way - not in restricted lane;Not at or within 20 metres of junction;None;None;Did not leave carriageway;None;Front;1;Journey as part of work;Male;50;46 - 55;-1;-1;-1;7;Urban area;7
2019010160468;535938;178608;-0.043361;51.490087;Metropolitan Police;Slight;2;2;30/01/2019;Wednesday;12:09;Lewisham;Lewisham;C;0;One way street;20 MPH;Not at junction or within 20 metres;Data missing or out of range;-1;0;None within 50 metres ;Zebra;Daylight;Fine no high winds;Dry;Roadworks;None;Urban;Yes;E01004036;2;1;Driver or rider;Male;36;7;Slight;Not a Pedestrian;Not a Pedestrian;Not car passenger;Not a bus or coach passenger;No / Not applicable;19;Cyclist;Less deprived 30-40%;2;Van / Goods 3.5 tonnes mgw or under;No tow/articulation;Waiting to go - held up;On main c'way - not in restricted lane;Not at or within 20 metres of junction;None;None;Did not leave carriageway;None;Back;1;Journey as part of work;Male;36;36 - 45;-1;-1;-1;7;Urban area;7
2019010160468;535938;178608;-0.043361;51.490087;Metropolitan Police;Slight;2;2;30/01/2019;Wednesday;12:09;Lewisham;Lewisham;C;0;One way street;20 MPH;Not at junction or within 20 metres;Data missing or out of range;-1;0;None within 50 metres ;Zebra;Daylight;Fine no high winds;Dry;Roadworks;None;Urban;Yes;E01004036;2;2;Passenger;Male;34;6;Slight;Not a Pedestrian;Not a Pedestrian;Not car passenger;Not a bus or coach passenger;No / Not applicable;19;Motorcycle 50cc and under rider or passenger;Less deprived 20-30%;1;Taxi/Private hire car;No tow/articulation;Going ahead other;On main c'way - not in restricted lane;Not at or within 20 metres of junction;None;None;Did not leave carriageway;None;Front;1;Journey as part of work;Male;50;46 - 55;-1;-1;-1;7;Urban area;7
2019010160468;535938;178608;-0.043361;51.490087;Metropolitan Police;Slight;2;2;30/01/2019;Wednesday;12:09;Lewisham;Lewisham;C;0;One way street;20 MPH;Not at junction or within 20 metres;Data missing or out of range;-1;0;None within 50 metres ;Zebra;Daylight;Fine no high winds;Dry;Roadworks;None;Urban;Yes;E01004036;2;2;Passenger;Male;34;6;Slight;Not a Pedestrian;Not a Pedestrian;Not car passenger;Not a bus or coach passenger;No / Not applicable;19;Motorcycle 50cc and under rider or passenger;Less deprived 20-30%;2;Van / Goods 3.5 tonnes mgw or under;No tow/articulation;Waiting to go - held up;On main c'way - not in restricted lane;Not at or within 20 metres of junction;None;None;Did not leave carriageway;None;Back;1;Journey as part of work;Male;36;36 - 45;-1;-1;-1;7;Urban area;7
2019010160470;535873;181768;-0.04308;51.5185;Metropolitan Police;Slight;1;1;29/01/2019;Tuesday;15:45;Tower Hamlets;Tower Hamlets;C;0;Single carriageway;20 MPH;Other junction;Data missing or out of range;Unclassified;0;None within 50 metres ;No physical crossing facilities within 50 metres;Daylight;Fine no high winds;Dry;Data missing or out of range;Data missing or out of range;Urban;No - accident was reported using a self completion  form (self rep only);E01004284;1;1;Driver or rider;Male;27;6;Slight;Not a Pedestrian;Not a Pedestrian;Not car passenger;Not a bus or coach passenger;No / Not applicable;9;Cyclist;More deprived 10-20%;1;Car;No tow/articulation;Data missing or out of range;Data missing or out of range;Data missing or out of range;Data missing or out of range;Data missing or out of range;Data missing or out of range;Data missing or out of range;Back;-1;Not known;Male;27;26 - 35;-1;-1;-1;2;Urban area;2
2019010160474;533410;160826;-0.086435;51.330888;Metropolitan Police;Slight;2;2;30/01/2019;Wednesday;10:05;Croydon;Croydon;A;2022;Single carriageway;30 MPH;Other junction;Give way or uncontrolled;Unclassified;0;None within 50 metres ;No physical crossing facilities within 50 metres;Daylight;Other;Frost or ice;None;None;Urban;Yes;E01001101;1;1;Driver or rider;Female;31;6;Slight;Not a Pedestrian;Not a Pedestrian;Not car passenger;Not a bus or coach passenger;No / Not applicable;9;Cyclist;More deprived 10-20%;1;Car;No tow/articulation;Going ahead right-hand bend;On main c'way - not in restricted lane;Cleared junction or waiting/parked at junction exit;Skidded;Kerb;Nearside and rebounded;Lamp post;Nearside;1;Not known;Female;31;26 - 35;-1;-1;-1;2;Urban area;2
2019010160474;533410;160826;-0.086435;51.330888;Metropolitan Police;Slight;2;2;30/01/2019;Wednesday;10:05;Croydon;Croydon;A;2022;Single carriageway;30 MPH;Other junction;Give way or uncontrolled;Unclassified;0;None within 50 metres ;No physical crossing facilities within 50 metres;Daylight;Other;Frost or ice;None;None;Urban;Yes;E01001101;1;1;Driver or rider;Female;31;6;Slight;Not a Pedestrian;Not a Pedestrian;Not car passenger;Not a bus or coach passenger;No / Not applicable;9;Cyclist;More deprived 10-20%;2;Car;No tow/articulation;Going ahead other;On main c'way - not in restricted lane;Approaching junction or waiting/parked at junction approach;None;None;Did not leave carriageway;None;Front;1;Not known;Female;34;26 - 35;-1;-1;-1;5;Urban area;5
2019010160474;533410;160826;-0.086435;51.330888;Metropolitan Police;Slight;2;2;30/01/2019;Wednesday;10:05;Croydon;Croydon;A;2022;Single carriageway;30 MPH;Other junction;Give way or uncontrolled;Unclassified;0;None within 50 metres ;No physical crossing facilities within 50 metres;Daylight;Other;Frost or ice;None;None;Urban;Yes;E01001101;2;2;Driver or rider;Female;34;6;Slight;Not a Pedestrian;Not a Pedestrian;Not car passenger;Not a bus or coach passenger;No / Not applicable;9;Cyclist;More deprived 40-50%;1;Car;No tow/articulation;Going ahead right-hand bend;On main c'way - not in restricted lane;Cleared junction or waiting/parked at junction exit;Skidded;Kerb;Nearside and rebounded;Lamp post;Nearside;1;Not known;Female;31;26 - 35;-1;-1;-1;2;Urban area;2
2019010160474;533410;160826;-0.086435;51.330888;Metropolitan Police;Slight;2;2;30/01/2019;Wednesday;10:05;Croydon;Croydon;A;2022;Single carriageway;30 MPH;Other junction;Give way or uncontrolled;Unclassified;0;None within 50 metres ;No physical crossing facilities within 50 metres;Daylight;Other;Frost or ice;None;None;Urban;Yes;E01001101;2;2;Driver or rider;Female;34;6;Slight;Not a Pedestrian;Not a Pedestrian;Not car passenger;Not a bus or coach passenger;No / Not applicable;9;Cyclist;More deprived 40-50%;2;Car;No tow/articulation;Going ahead other;On main c'way - not in restricted lane;Approaching junction or waiting/parked at junction approach;None;None;Did not leave carriageway;None;Front;1;Not known;Female;34;26 - 35;-1;-1;-1;5;Urban area;5
2019010160478;535750;176835;-0.046749;51.474199;Metropolitan Police;Slight;2;1;29/01/2019;Tuesday;21:35;Lewisham;Lewisham;A;202;Single carriageway;30 MPH;T or staggered junction;Auto traffic signal;A;2;None within 50 metres ;Pedestrian phase at traffic signal junction;Daylight;Raining no high winds;Wet or damp;None;None;Urban;No - accident was reported using a self completion  form (self rep only);E01003339;1;1;Driver or rider;Male;28;6;Slight;Not a Pedestrian;Not a Pedestrian;Not car passenger;Not a bus or coach passenger;No / Not applicable;1;Cyclist;More deprived 20-30%;1;Pedal cycle;Data missing or out of range;Data missing or out of range;Data missing or out of range;Data missing or out of range;Data missing or out of range;Data missing or out of range;Data missing or out of range;Data missing or out of range;Front;1;Commuting to/from work;Male;28;26 - 35;-1;-1;-1;3;Urban area;3
2019010160478;535750;176835;-0.046749;51.474199;Metropolitan Police;Slight;2;1;29/01/2019;Tuesday;21:35;Lewisham;Lewisham;A;202;Single carriageway;30 MPH;T or staggered junction;Auto traffic signal;A;2;None within 50 metres ;Pedestrian phase at traffic signal junction;Daylight;Raining no high winds;Wet or damp;None;None;Urban;No - accident was reported using a self completion  form (self rep only);E01003339;1;1;Driver or rider;Male;28;6;Slight;Not a Pedestrian;Not a Pedestrian;Not car passenger;Not a bus or coach passenger;No / Not applicable;1;Cyclist;More deprived 20-30%;2;Car;No tow/articulation;Data missing or out of range;Data missing or out of range;Data missing or out of range;Data missing or out of range;Data missing or out of range;Data missing or out of range;Data missing or out of range;Data missing or out of range;-1;Not known;Not known;-1;Data missing or out of range;-1;-1;-1;-1;Data missing or out of range;-1
2019010160481;541086;174317;0.029028;51.450268;Metropolitan Police;Slight;2;1;30/01/2019;Wednesday;09:35;Greenwich;Greenwich;A;205;Dual carriageway;40 MPH;Roundabout;Give way or uncontrolled;A;20;None within 50 metres ;No physical crossing facilities within 50 metres;Daylight;Fine no high winds;Dry;None;None;Urban;Yes;E01001660;1;1;Passenger;Male;15;3;Slight;Not a Pedestrian;Not a Pedestrian;Rear seat passenger;Not a bus or coach passenger;No / Not applicable;9;Cyclist;Most deprived 10%;1;Car;No tow/articulation;Slowing or stopping;On main c'way - not in restricted lane;Leaving roundabout;None;None;Did not leave carriageway;None;Back;1;Taking pupil to/from school;Male;48;46 - 55;-1;-1;-1;1;Urban area;1
2019010160481;541086;174317;0.029028;51.450268;Metropolitan Police;Slight;2;1;30/01/2019;Wednesday;09:35;Greenwich;Greenwich;A;205;Dual carriageway;40 MPH;Roundabout;Give way or uncontrolled;A;20;None within 50 metres ;No physical crossing facilities within 50 metres;Daylight;Fine no high winds;Dry;None;None;Urban;Yes;E01001660;1;1;Passenger;Male;15;3;Slight;Not a Pedestrian;Not a Pedestrian;Rear seat passenger;Not a bus or coach passenger;No / Not applicable;9;Cyclist;Most deprived 10%;2;Car;No tow/articulation;Going ahead other;On main c'way - not in restricted lane;Leaving roundabout;None;None;Did not leave carriageway;None;Front;1;Not known;Female;43;36 - 45;-1;-1;-1;6;Urban area;6
2019010160483;530989;177275;-0.115098;51.479275;Metropolitan Police;Slight;2;1;29/01/2019;Tuesday;18:00;Lambeth;Lambeth;A;3;Single carriageway;30 MPH;T or staggered junction;Data missing or out of range;Unclassified;0;None within 50 metres ;Data missing or out of range;Darkness - lights lit;Fine no high winds;Dry;None;None;Urban;No - accident was reported using a self completion  form (self rep only);E01003100;1;1;Driver or rider;Male;28;6;Slight;Not a Pedestrian;Not a Pedestrian;Not car passenger;Not a bus or coach passenger;No / Not applicable;1;Cyclist;Less deprived 40-50%;1;Pedal cycle;Data missing or out of range;Data missing or out of range;Data missing or out of range;Data missing or out of range;Data missing or out of range;Data missing or out of range;Data missing or out of range;Data missing or out of range;Front;1;Commuting to/from work;Male;28;26 - 35;-1;-1;-1;6;Urban area;6
2019010160483;530989;177275;-0.115098;51.479275;Metropolitan Police;Slight;2;1;29/01/2019;Tuesday;18:00;Lambeth;Lambeth;A;3;Single carriageway;30 MPH;T or staggered junction;Data missing or out of range;Unclassified;0;None within 50 metres ;Data missing or out of range;Darkness - lights lit;Fine no high winds;Dry;None;None;Urban;No - accident was reported using a self completion  form (self rep only);E01003100;1;1;Driver or rider;Male;28;6;Slight;Not a Pedestrian;Not a Pedestrian;Not car passenger;Not a bus or coach passenger;No / Not applicable;1;Cyclist;Less deprived 40-50%;2;Car;No tow/articulation;Data missing or out of range;Data missing or out of range;Data missing or out of range;Data missing or out of range;Data missing or out of range;Data missing or out of range;Data missing or out of range;Data missing or out of range;-1;Not known;Not known;-1;Data missing or out of range;-1;-1;-1;2;Urban area;2
2019010160486;521480;176219;-0.252323;51.471904;Metropolitan Police;Slight;1;1;30/01/2019;Wednesday;14:52;Richmond upon Thames;Richmond upon Thames;Unclassified;0;Single carriageway;30 MPH;Not at junction or within 20 metres;Data missing or out of range;-1;0;None within 50 metres ;Zebra;Daylight;Fine no high winds;Wet or damp;Data missing or out of range;None;Urban;No - accident was reported using a self completion  form (self rep only);E01003854;1;1;Driver or rider;Male;43;7;Slight;Not a Pedestrian;Not a Pedestrian;Not car passenger;Not a bus or coach passenger;No / Not applicable;3;Cyclist;Least deprived 10%;1;Motorcycle 125cc and under;No tow/articulation;Data missing or out of range;Data missing or out of range;Not at or within 20 metres of junction;Data missing or out of range;Data missing or out of range;Data missing or out of range;Data missing or out of range;Data missing or out of range;1;Commuting to/from work;Male;43;36 - 45;-1;-1;-1;10;Urban area;10
2019010160489;510479;178291;-0.41;51.49278;Metropolitan Police;Slight;2;1;21/01/2019;Monday;21:30;Hounslow;Hounslow;A;312;Roundabout;30 MPH;Roundabout;Auto traffic signal;Motorway;4;None within 50 metres ;No physical crossing facilities within 50 metres;Darkness - lights lit;Fine no high winds;Dry;None;None;Urban;No - accident was reported using a self completion  form (self rep only);E01002633;1;1;Driver or rider;Male;53;8;Slight;Not a Pedestrian;Not a Pedestrian;Not car passenger;Not a bus or coach passenger;No / Not applicable;9;Cyclist;More deprived 30-40%;1;Car;No tow/articulation;Going ahead other;On main c'way - not in restricted lane;Mid Junction - on roundabout or on main road;None;None;Did not leave carriageway;None;Nearside;-1;Commuting to/from work;Male;53;46 - 55;-1;-1;-1;4;Urban area;4
2019010160489;510479;178291;-0.41;51.49278;Metropolitan Police;Slight;2;1;21/01/2019;Monday;21:30;Hounslow;Hounslow;A;312;Roundabout;30 MPH;Roundabout;Auto traffic signal;Motorway;4;None within 50 metres ;No physical crossing facilities within 50 metres;Darkness - lights lit;Fine no high winds;Dry;None;None;Urban;No - accident was reported using a self completion  form (self rep only);E01002633;1;1;Driver or rider;Male;53;8;Slight;Not a Pedestrian;Not a Pedestrian;Not car passenger;Not a bus or coach passenger;No / Not applicable;9;Cyclist;More deprived 30-40%;2;Car;No tow/articulation;Overtaking - nearside;On main c'way - not in restricted lane;Mid Junction - on roundabout or on main road;None;None;Did not leave carriageway;None;Front;-1;Not known;Not known;-1;Data missing or out of range;-1;-1;-1;-1;Data missing or out of range;-1
2019010160490;537983;186740;-0.010741;51.562668;Metropolitan Police;Serious;2;1;28/01/2019;Monday;02:07;Waltham Forest;Waltham Forest;A;112;Single carriageway;20 MPH;T or staggered junction;Give way or uncontrolled;C;0;Data missing or out of range;Data missing or out of range;Daylight;Fine no high winds;Dry;Data missing or out of range;Data missing or out of range;Urban;No - accident was reported using a self completion  form (self rep only);E01004429;1;1;Driver or rider;Male;29;6;Serious;Not a Pedestrian;Not a Pedestrian;Not car passenger;Not a bus or coach passenger;No / Not applicable;1;Cyclist;More deprived 20-30%;1;Pedal cycle;Data missing or out of range;Data missing or out of range;Data missing or out of range;Cleared junction or waiting/parked at junction exit;Data missing or out of range;Data missing or out of range;Data missing or out of range;Data missing or out of range;Front;1;Commuting to/from work;Male;29;26 - 35;-1;-1;-1;3;Urban area;3
2019010160490;537983;186740;-0.010741;51.562668;Metropolitan Police;Serious;2;1;28/01/2019;Monday;02:07;Waltham Forest;Waltham Forest;A;112;Single carriageway;20 MPH;T or staggered junction;Give way or uncontrolled;C;0;Data missing or out of range;Data missing or out of range;Daylight;Fine no high winds;Dry;Data missing or out of range;Data missing or out of range;Urban;No - accident was reported using a self completion  form (self rep only);E01004429;1;1;Driver or rider;Male;29;6;Serious;Not a Pedestrian;Not a Pedestrian;Not car passenger;Not a bus or coach passenger;No / Not applicable;1;Cyclist;More deprived 20-30%;2;Goods vehicle - unknown weight;No tow/articulation;Data missing or out of range;Data missing or out of range;Cleared junction or waiting/parked at junction exit;Data missing or out of range;Data missing or out of range;Data missing or out of range;Data missing or out of range;Front;-1;Not known;Not known;-1;Data missing or out of range;-1;-1;-1;2;Urban area;2
2019010160492;531172;186564;-0.109008;51.56271;Metropolitan Police;Slight;2;1;30/01/2019;Wednesday;15:40;Islington;Islington;A;503;One way street;20 MPH;Slip road;Give way or uncontrolled;Unclassified;0;None within 50 metres ;Pelican, puffin, toucan or similar non-junction pedestrian light crossing;Daylight;Fine no high winds;Dry;None;None;Urban;Yes;E01002734;2;1;Driver or rider;Male;26;6;Slight;Not a Pedestrian;Not a Pedestrian;Not car passenger;Not a bus or coach passenger;No / Not applicable;3;-1;Data missing or out of range;1;Car;No tow/articulation;Going ahead other;On main c'way - not in restricted lane;Approaching junction or waiting/parked at junction approach;None;None;Did not leave carriageway;None;Back;1;Commuting to/from work;Male;38;36 - 45;-1;-1;-1;3;Urban area;3
2019010160492;531172;186564;-0.109008;51.56271;Metropolitan Police;Slight;2;1;30/01/2019;Wednesday;15:40;Islington;Islington;A;503;One way street;20 MPH;Slip road;Give way or uncontrolled;Unclassified;0;None within 50 metres ;Pelican, puffin, toucan or similar non-junction pedestrian light crossing;Daylight;Fine no high winds;Dry;None;None;Urban;Yes;E01002734;2;1;Driver or rider;Male;26;6;Slight;Not a Pedestrian;Not a Pedestrian;Not car passenger;Not a bus or coach passenger;No / Not applicable;3;-1;Data missing or out of range;2;Motorcycle 125cc and under;No tow/articulation;Going ahead other;On main c'way - not in restricted lane;Approaching junction or waiting/parked at junction approach;None;None;Did not leave carriageway;None;Front;1;Not known;Male;26;26 - 35;-1;-1;-1;-1;Data missing or out of range;-1
2019010160493;535599;184582;-0.045944;51.543852;Metropolitan Police;Slight;1;1;30/01/2019;Wednesday;13:38;Hackney;Hackney;Unclassified;0;One way street;20 MPH;Crossroads;Give way or uncontrolled;Unclassified;0;None within 50 metres ;No physical crossing facilities within 50 metres;Daylight;Fine no high winds;Dry;None;None;Urban;Yes;E01001844;1;1;Passenger;Female;67;10;Slight;Not a Pedestrian;Not a Pedestrian;Not car passenger;Seated passenger;No / Not applicable;11;Cyclist;More deprived 20-30%;1;Bus or coach (17 or more pass seats);No tow/articulation;Going ahead other;On main c'way - not in restricted lane;Cleared junction or waiting/parked at junction exit;None;None;Did not leave carriageway;None;Did not impact;1;Journey as part of work;Male;55;46 - 55;-1;-1;-1;1;Urban area;1
2019010160495;544642;170148;0.078465;51.411911;Metropolitan Police;Slight;2;1;30/01/2019;Wednesday;14:50;Bromley;Bromley;Unclassified;0;Single carriageway;20 MPH;Not at junction or within 20 metres;Data missing or out of range;-1;0;Data missing or out of range;Data missing or out of range;Daylight;Fine no high winds;Wet or damp;None;None;Urban;No - accident was reported using a self completion  form (self rep only);E01000693;1;1;Driver or rider;Female;27;6;Slight;Not a Pedestrian;Not a Pedestrian;Not car passenger;Not a bus or coach passenger;No / Not applicable;9;Cyclist;More deprived 20-30%;1;Car;No tow/articulation;Data missing or out of range;Data missing or out of range;Not at or within 20 metres of junction;Data missing or out of range;Data missing or out of range;Data missing or out of range;Data missing or out of range;Front;-1;Not known;Female;27;26 - 35;-1;-1;-1;3;Urban area;3
2019010160495;544642;170148;0.078465;51.411911;Metropolitan Police;Slight;2;1;30/01/2019;Wednesday;14:50;Bromley;Bromley;Unclassified;0;Single carriageway;20 MPH;Not at junction or within 20 metres;Data missing or out of range;-1;0;Data missing or out of range;Data missing or out of range;Daylight;Fine no high winds;Wet or damp;None;None;Urban;No - accident was reported using a self completion  form (self rep only);E01000693;1;1;Driver or rider;Female;27;6;Slight;Not a Pedestrian;Not a Pedestrian;Not car passenger;Not a bus or coach passenger;No / Not applicable;9;Cyclist;More deprived 20-30%;2;Car;Data missing or out of range;Going ahead other;On main c'way - not in restricted lane;Not at or within 20 metres of junction;None;None;Did not leave carriageway;None;Front;-1;Not known;Not known;-1;Data missing or out of range;-1;-1;-1;-1;Data missing or out of range;-1
2019010160500;531845;188190;-0.098696;51.577165;Metropolitan Police;Slight;2;1;30/01/2019;Wednesday;13:45;Haringey;Haringey;A;105;Dual carriageway;20 MPH;Other junction;Give way or uncontrolled;Unclassified;0;None within 50 metres ;Pelican, puffin, toucan or similar non-junction pedestrian light crossing;Daylight;Fine no high winds;Wet or damp;None;Other object on road;Urban;Yes;E01002047;2;1;Driver or rider;Male;56;9;Slight;Not a Pedestrian;Not a Pedestrian;Not car passenger;Not a bus or coach passenger;No / Not applicable;1;Cyclist;More deprived 10-20%;1;Van / Goods 3.5 tonnes mgw or under;No tow/articulation;Overtaking - nearside;On main c'way - not in restricted lane;Cleared junction or waiting/parked at junction exit;None;Other object;Did not leave carriageway;None;Nearside;1;Journey as part of work;Male;42;36 - 45;-1;-1;-1;2;Urban area;2
2019010160500;531845;188190;-0.098696;51.577165;Metropolitan Police;Slight;2;1;30/01/2019;Wednesday;13:45;Haringey;Haringey;A;105;Dual carriageway;20 MPH;Other junction;Give way or uncontrolled;Unclassified;0;None within 50 metres ;Pelican, puffin, toucan or similar non-junction pedestrian light crossing;Daylight;Fine no high winds;Wet or damp;None;Other object on road;Urban;Yes;E01002047;2;1;Driver or rider;Male;56;9;Slight;Not a Pedestrian;Not a Pedestrian;Not car passenger;Not a bus or coach passenger;No / Not applicable;1;Cyclist;More deprived 10-20%;2;Pedal cycle;No tow/articulation;Overtaking static vehicle - offside;On main c'way - not in restricted lane;Cleared junction or waiting/parked at junction exit;None;None;Did not leave carriageway;None;Front;1;Not known;Male;56;56 - 65;-1;-1;-1;2;Urban area;2
2019010160503;531418;186618;-0.105441;51.563138;Metropolitan Police;Serious;2;1;30/01/2019;Wednesday;14:30;Islington;Islington;C;0;Single carriageway;30 MPH;Not at junction or within 20 metres;Data missing or out of range;-1;0;None within 50 metres ;No physical crossing facilities within 50 metres;Daylight;Fine no high winds;Dry;None;None;Urban;Yes;E01002748;2;1;Driver or rider;Female;27;6;Serious;Not a Pedestrian;Not a Pedestrian;Not car passenger;Not a bus or coach passenger;No / Not applicable;9;Cyclist;Less deprived 40-50%;1;Taxi/Private hire car;No tow/articulation;Overtaking static vehicle - offside;On main c'way - not in restricted lane;Not at or within 20 metres of junction;None;None;Did not leave carriageway;None;Front;1;Journey as part of work;Male;61;56 - 65;-1;-1;-1;3;Urban area;3
2019010160503;531418;186618;-0.105441;51.563138;Metropolitan Police;Serious;2;1;30/01/2019;Wednesday;14:30;Islington;Islington;C;0;Single carriageway;30 MPH;Not at junction or within 20 metres;Data missing or out of range;-1;0;None within 50 metres ;No physical crossing facilities within 50 metres;Daylight;Fine no high winds;Dry;None;None;Urban;Yes;E01002748;2;1;Driver or rider;Female;27;6;Serious;Not a Pedestrian;Not a Pedestrian;Not car passenger;Not a bus or coach passenger;No / Not applicable;9;Cyclist;Less deprived 40-50%;2;Car;No tow/articulation;Waiting to turn right;On main c'way - not in restricted lane;Not at or within 20 metres of junction;None;None;Did not leave carriageway;None;Offside;1;Not known;Female;27;26 - 35;-1;-1;-1;6;Urban area;6
2019010160504;526486;182328;-0.178096;51.525711;Metropolitan Police;Slight;2;1;30/01/2019;Wednesday;15:40;Westminster;Westminster;B;413;Single carriageway;30 MPH;T or staggered junction;Auto traffic signal;A;5;None within 50 metres ;Pedestrian phase at traffic signal junction;Daylight;Fine no high winds;Dry;None;None;Urban;Yes;E01004728;1;1;Driver or rider;Male;36;7;Slight;Not a Pedestrian;Not a Pedestrian;Not car passenger;Not a bus or coach passenger;No / Not applicable;19;Cyclist;Less deprived 30-40%;1;Van / Goods 3.5 tonnes mgw or under;No tow/articulation;Slowing or stopping;On main c'way - not in restricted lane;Approaching junction or waiting/parked at junction approach;None;None;Did not leave carriageway;None;Back;1;Journey as part of work;Male;36;36 - 45;-1;-1;-1;7;Urban area;7