Accident_Index;Location_Easting_OSGR;Location_Northing_OSGR;Longitude;Latitude;Police_Force;Accident_Severity;Number_of_Vehicles;Number_of_Casualties;Date;Day_of_Week;Time;Local_Authority_(District);Local_Authority_(Highway);1st_Road_Class;1st_Road_Number;Road_Type;Speed_limit;Junction_Detail;Junction_Control;2nd_Road_Class;2nd_Road_Number;Pedestrian_Crossing-Human_Control;Pedestrian_Crossing-Physical_Facilities;Light_Conditions;Weather_Conditions;Road_Surface_Conditions;Special_Conditions_at_Site;Carriageway_Hazards;Urban_or_Rural_Area;Did_Police_Officer_Attend_Scene_of_Accident;LSOA_of_Accident_Location;Vehicle_Reference_x;Casualty_Reference;Casualty_Class;Sex_of_Casualty;Age_of_Casualty;Age_Band_of_Casualty;Casualty_Severity;Pedestrian_Location;Pedestrian_Movement;Car_Passenger;Bus_or_Coach_Passenger;Pedestrian_Road_Maintenance_Worker;Casualty_Type;Casualty_Home_Area_Type;Casualty_IMD_Decile;Vehicle_Reference_y;Vehicle_Type;Towing_and_Articulation;Vehicle_Manoeuvre;Vehicle_Location-Restricted_Lane;Junction_Location;Skidding_and_Overturning;Hit_Object_in_Carriageway;Vehicle_Leaving_Carriageway;Hit_Object_off_Carriageway;1st_Point_of_Impact;Was_Vehicle_Left_Hand_Drive?;Journey_Purpose_of_Driver;Sex_of_Driver;Age_of_Driver;Age_Band_of_Driver;Engine_Capacity_(CC);Propulsion_Code;Age_of_Vehicle;Driver_IMD_Decile;Driver_Home_Area_Type;Vehicle_IMD_Decile
2019010160504;526486;182328;-0.178096;51.525711;Metropolitan Police;Slight;2;1;30/01/2019;Wednesday;15:40;Westminster;Westminster;B;413;Single carriageway;30 MPH;T or staggered junction;Auto traffic signal;A;5;None within 50 metres ;Pedestrian phase at traffic signal junction;Daylight;Fine no high winds;Dry;None;None;Urban;Yes;E01004728;1;1;Driver or rider;Male;36;7;Slight;Not a Pedestrian;Not a Pedestrian;Not car passenger;Not a bus or coach passenger;No / Not applicable;19;Cyclist;Less deprived 30-40%;2;Car;No tow/articulation;Slowing or stopping;On main c'way - not in restricted lane;Approaching junction or waiting/parked at junction approach;None;None;Did not leave carriageway;None;Front;1;Journey as part of work;Male;62;56 - 65;-1;-1;-1;4;Urban area;4
2019010160505;520649;193153;-0.25848;51.624274;Metropolitan Police;Slight;2;1;29/01/2019;Tuesday;09:58;Barnet;Barnet;Unclassified;0;Dual carriageway;50 MPH;Crossroads;Auto traffic signal;Unclassified;0;None within 50 metres ;Footbridge or subway;Daylight;Fine no high winds;Dry;None;None;Urban;No - accident was reported using a self completion  form (self rep only);E01000231;1;1;Driver or rider;Male;44;7;Slight;Not a Pedestrian;Not a Pedestrian;Not car passenger;Not a bus or coach passenger;No / Not applicable;9;Cyclist;Less deprived 30-40%;1;Car;No tow/articulation;Data missing or out of range;Data missing or out of range;Data missing or out of range;Data missing or out of range;Data missing or out of range;Data missing or out of range;Data missing or out of range;Back;-1;Commuting to/from work;Male;44;36 - 45;-1;-1;-1;7;Urban area;7
2019010160505;520649;193153;-0.25848;51.624274;Metropolitan Police;Slight;2;1;29/01/2019;Tuesday;09:58;Barnet;Barnet;Unclassified;0;Dual carriageway;50 MPH;Crossroads;Auto traffic signal;Unclassified;0;None within 50 metres ;Footbridge or subway;Daylight;Fine no high winds;Dry;None;None;Urban;No - accident was reported using a self completion  form (self rep only);E01000231;1;1;Driver or rider;Male;44;7;Slight;Not a Pedestrian;Not a Pedestrian;Not car passenger;Not a bus or coach passenger;No / Not applicable;9;Cyclist;Less deprived 30-40%;2;Car;Data missing or out of range;Data missing or out of range;Data missing or out of range;Data missing or out of range;Data missing or out of range;Data missing or out of range;Data missing or out of range;Data missing or out of range;Front;-1;Not known;Male;-1;Data missing or out of range;-1;-1;-1;6;Urban area;6
2019010160508;513469;184334;-0.365004;51.546502;Metropolitan Police;Slight;2;1;30/01/2019;Wednesday;13:50;Ealing;Ealing;Unclassified;0;Single carriageway;20 MPH;Not at junction or within 20 metres;Data missing or out of range;-1;0;Control by other authorised person;Central refuge;Daylight;Other;Dry;Data missing or out of range;Data missing or out of range;Urban;No - accident was reported using a self completion  form (self rep only);E01001322;1;1;Driver or rider;Male;32;6;Slight;Not a Pedestrian;Not a Pedestrian;Not car passenger;Not a bus or coach passenger;No / Not applicable;3;Cyclist;More deprived 40-50%;1;Motorcycle 125cc and under;No tow/articulation;Data missing or out of range;Data missing or out of range;Not at or within 20 metres of junction;Data missing or out of range;Data missing or out of range;Data missing or out of range;Data missing or out of range;Front;1;Not known;Male;32;26 - 35;-1;-1;-1;5;Urban area;5
2019010160508;513469;184334;-0.365004;51.546502;Metropolitan Police;Slight;2;1;30/01/2019;Wednesday;13:50;Ealing;Ealing;Unclassified;0;Single carriageway;20 MPH;Not at junction or within 20 metres;Data missing or out of range;-1;0;Control by other authorised person;Central refuge;Daylight;Other;Dry;Data missing or out of range;Data missing or out of range;Urban;No - accident was reported using a self completion  form (self rep only);E01001322;1;1;Driver or rider;Male;32;6;Slight;Not a Pedestrian;Not a Pedestrian;Not car passenger;Not a bus or coach passenger;No / Not applicable;3;Cyclist;More deprived 40-50%;2;Car;No tow/articulation;Data missing or out of range;Data missing or out of range;Not at or within 20 metres of junction;Data missing or out of range;Data missing or out of range;Data missing or out of range;Data missing or out of range;Back;-1;Not known;Not known;-1;Data missing or out of range;-1;-1;-1;-1;Data missing or out of range;-1
2019010160510;527404;200283;-0.158353;51.686862;Metropolitan Police;Slight;2;1;30/01/2019;Wednesday;07:30;Enfield;Enfield;Motorway;25;Dual carriageway;70 MPH;Not at junction or within 20 metres;Data missing or out of range;-1;0;None within 50 metres ;No physical crossing facilities within 50 metres;Daylight;Other;Wet or damp;None;None;Rural;No - accident was reported using a self completion  form (self rep only);E01001412;1;1;Driver or rider;Male;29;6;Slight;Not a Pedestrian;Not a Pedestrian;Not car passenger;Not a bus or coach passenger;No / Not applicable;9;Cyclist;Least deprived 10%;1;Car;Data missing or out of range;Data missing or out of range;On main c'way - not in restricted lane;Not at or within 20 metres of junction;Data missing or out of range;Data missing or out of range;Data missing or out of range;Data missing or out of range;Data missing or out of range;-1;Commuting to/from work;Male;29;26 - 35;-1;-1;-1;10;Urban area;10
2019010160510;527404;200283;-0.158353;51.686862;Metropolitan Police;Slight;2;1;30/01/2019;Wednesday;07:30;Enfield;Enfield;Motorway;25;Dual carriageway;70 MPH;Not at junction or within 20 metres;Data missing or out of range;-1;0;None within 50 metres ;No physical crossing facilities within 50 metres;Daylight;Other;Wet or damp;None;None;Rural;No - accident was reported using a self completion  form (self rep only);E01001412;1;1;Driver or rider;Male;29;6;Slight;Not a Pedestrian;Not a Pedestrian;Not car passenger;Not a bus or coach passenger;No / Not applicable;9;Cyclist;Least deprived 10%;2;Goods vehicle - unknown weight;Data missing or out of range;Data missing or out of range;On main c'way - not in restricted lane;Not at or within 20 metres of junction;Data missing or out of range;Data missing or out of range;Data missing or out of range;Data missing or out of range;Data missing or out of range;-1;Not known;Not known;-1;Data missing or out of range;-1;-1;-1;-1;Data missing or out of range;-1
2019010160515;543212;187532;0.064965;51.568481;Metropolitan Police;Slight;1;5;30/01/2019;Wednesday;15:23;Redbridge;Redbridge;A;123;Single carriageway;30 MPH;T or staggered junction;Give way or uncontrolled;Unclassified;0;None within 50 metres ;Data missing or out of range;Daylight;Fine no high winds;Dry;None;Data missing or out of range;Urban;No - accident was reported using a self completion  form (self rep only);E01003690;1;1;Passenger;Female;29;6;Slight;Not a Pedestrian;Not a Pedestrian;Not car passenger;Standing passenger;No / Not applicable;11;Cyclist;More deprived 30-40%;1;Bus or coach (17 or more pass seats);No tow/articulation;Data missing or out of range;Data missing or out of range;Data missing or out of range;Data missing or out of range;Data missing or out of range;Data missing or out of range;Data missing or out of range;Did not impact;-1;Not known;Male;61;56 - 65;-1;-1;-1;7;Urban area;7
2019010160515;543212;187532;0.064965;51.568481;Metropolitan Police;Slight;1;5;30/01/2019;Wednesday;15:23;Redbridge;Redbridge;A;123;Single carriageway;30 MPH;T or staggered junction;Give way or uncontrolled;Unclassified;0;None within 50 metres ;Data missing or out of range;Daylight;Fine no high winds;Dry;None;Data missing or out of range;Urban;No - accident was reported using a self completion  form (self rep only);E01003690;1;2;Passenger;Female;29;6;Slight;Not a Pedestrian;Not a Pedestrian;Not car passenger;Standing passenger;No / Not applicable;11;Cyclist;More deprived 30-40%;1;Bus or coach (17 or more pass seats);No tow/articulation;Data missing or out of range;Data missing or out of range;Data missing or out of range;Data missing or out of range;Data missing or out of range;Data missing or out of range;Data missing or out of range;Did not impact;-1;Not known;Male;61;56 - 65;-1;-1;-1;7;Urban area;7
2019010160515;543212;187532;0.064965;51.568481;Metropolitan Police;Slight;1;5;30/01/2019;Wednesday;15:23;Redbridge;Redbridge;A;123;Single carriageway;30 MPH;T or staggered junction;Give way or uncontrolled;Unclassified;0;None within 50 metres ;Data missing or out of range;Daylight;Fine no high winds;Dry;None;Data missing or out of range;Urban;No - accident was reported using a self completion  form (self rep only);E01003690;1;3;Passenger;Female;29;6;Slight;Not a Pedestrian;Not a Pedestrian;Not car passenger;Standing passenger;No / Not applicable;11;Cyclist;More deprived 10-20%;1;Bus or coach (17 or more pass seats);No tow/articulation;Data missing or out of range;Data missing or out of range;Data missing or out of range;Data missing or out of range;Data missing or out of range;Data missing or out of range;Data missing or out of range;Did not impact;-1;Not known;Male;61;56 - 65;-1;-1;-1;7;Urban area;7
2019010160515;543212;187532;0.064965;51.568481;Metropolitan Police;Slight;1;5;30/01/2019;Wednesday;15:23;Redbridge;Redbridge;A;123;Single carriageway;30 MPH;T or staggered junction;Give way or uncontrolled;Unclassified;0;None within 50 metres ;Data missing or out of range;Daylight;Fine no high winds;Dry;None;Data missing or out of range;Urban;No - accident was reported using a self completion  form (self rep only);E01003690;1;4;Passenger;Male;29;6;Slight;Not a Pedestrian;Not a Pedestrian;Not car passenger;Seated passenger;No / Not applicable;11;Cyclist;More deprived 40-50%;1;Bus or coach (17 or more pass seats);No tow/articulation;Data missing or out of range;Data missing or out of range;Data missing or out of range;Data missing or out of range;Data missing or out of range;Data missing or out of range;Data missing or out of range;Did not impact;-1;Not known;Male;61;56 - 65;-1;-1;-1;7;Urban area;7
2019010160515;543212;187532;0.064965;51.568481;Metropolitan Police;Slight;1;5;30/01/2019;Wednesday;15:23;Redbridge;Redbridge;A;123;Single carriageway;30 MPH;T or staggered junction;Give way or uncontrolled;Unclassified;0;None within 50 metres ;Data missing or out of range;Daylight;Fine no high winds;Dry;None;Data missing or out of range;Urban;No - accident was reported using a self completion  form (self rep only);E01003690;1;5;Passenger;Female;29;6;Slight;Not a Pedestrian;Not a Pedestrian;Not car passenger;Standing passenger;No / Not applicable;11;Cyclist;More deprived 10-20%;1;Bus or coach (17 or more pass seats);No tow/articulation;Data missing or out of range;Data missing or out of range;Data missing or out of range;Data missing or out of range;Data missing or out of range;Data missing or out of range;Data missing or out of range;Did not impact;-1;Not known;Male;61;56 - 65;-1;-1;-1;7;Urban area;7
2019010160517;519268;170455;-0.286097;51.420569;Metropolitan Police;Slight;2;1;30/01/2019;Wednesday;13:50;Richmond upon Thames;Richmond upon Thames;Unclassified;0;Roundabout;20 MPH;Mini-roundabout;Give way or uncontrolled;Unclassified;0;None within 50 metres ;No physical crossing facilities within 50 metres;Daylight;Fine no high winds;Wet or damp;None;None;Rural;Yes;E01003817;2;1;Driver or rider;Male;23;5;Slight;Not a Pedestrian;Not a Pedestrian;Not car passenger;Not a bus or coach passenger;No / Not applicable;1;Cyclist;Most deprived 10%;1;Car;No tow/articulation;Moving off;On main c'way - not in restricted lane;Leaving roundabout;None;None;Did not leave carriageway;None;Offside;1;Journey as part of work;Male;54;46 - 55;-1;-1;-1;-1;Data missing or out of range;-1
2019010160517;519268;170455;-0.286097;51.420569;Metropolitan Police;Slight;2;1;30/01/2019;Wednesday;13:50;Richmond upon Thames;Richmond upon Thames;Unclassified;0;Roundabout;20 MPH;Mini-roundabout;Give way or uncontrolled;Unclassified;0;None within 50 metres ;No physical crossing facilities within 50 metres;Daylight;Fine no high winds;Wet or damp;None;None;Rural;Yes;E01003817;2;1;Driver or rider;Male;23;5;Slight;Not a Pedestrian;Not a Pedestrian;Not car passenger;Not a bus or coach passenger;No / Not applicable;1;Cyclist;Most deprived 10%;2;Pedal cycle;No tow/articulation;Turning right;On main c'way - not in restricted lane;Leaving roundabout;None;None;Did not leave carriageway;None;Front;1;Not known;Male;23;21 - 25;-1;-1;-1;1;Urban area;1
2019010160520;532815;176704;-0.089033;51.473718;Metropolitan Police;Serious;2;1;30/01/2019;Wednesday;17:00;Southwark;Southwark;A;202;Dual carriageway;20 MPH;Other junction;Give way or uncontrolled;Unclassified;0;None within 50 metres ;No physical crossing facilities within 50 metres;Daylight;Fine no high winds;Dry;None;None;Urban;Yes;E01003913;1;1;Driver or rider;Male;24;5;Serious;Not a Pedestrian;Not a Pedestrian;Not car passenger;Not a bus or coach passenger;No / Not applicable;3;Cyclist;More deprived 10-20%;1;Motorcycle 125cc and under;No tow/articulation;Overtaking - nearside;On main c'way - not in restricted lane;Cleared junction or waiting/parked at junction exit;None;None;Did not leave carriageway;None;Front;1;Not known;Male;24;21 - 25;-1;-1;-1;2;Urban area;2
2019010160520;532815;176704;-0.089033;51.473718;Metropolitan Police;Serious;2;1;30/01/2019;Wednesday;17:00;Southwark;Southwark;A;202;Dual carriageway;20 MPH;Other junction;Give way or uncontrolled;Unclassified;0;None within 50 metres ;No physical crossing facilities within 50 metres;Daylight;Fine no high winds;Dry;None;None;Urban;Yes;E01003913;1;1;Driver or rider;Male;24;5;Serious;Not a Pedestrian;Not a Pedestrian;Not car passenger;Not a bus or coach passenger;No / Not applicable;3;Cyclist;More deprived 10-20%;2;Car;No tow/articulation;Turning right;On main c'way - not in restricted lane;Approaching junction or waiting/parked at junction approach;None;None;Did not leave carriageway;None;Offside;1;Journey as part of work;Male;44;36 - 45;-1;-1;-1;3;Urban area;3
2019010160523;528423;178389;-0.151624;51.489874;Metropolitan Police;Slight;3;1;29/01/2019;Tuesday;11:27;Westminster;Westminster;Unclassified;0;Single carriageway;20 MPH;Crossroads;Data missing or out of range;Unclassified;0;None within 50 metres ;No physical crossing facilities within 50 metres;Daylight;Fine no high winds;Dry;None;Other object on road;Urban;No - accident was reported using a self completion  form (self rep only);E01004667;1;1;Driver or rider;Male;26;6;Slight;Not a Pedestrian;Not a Pedestrian;Not car passenger;Not a bus or coach passenger;No / Not applicable;3;Cyclist;More deprived 10-20%;1;Motorcycle 125cc and under;No tow/articulation;Data missing or out of range;Data missing or out of range;Data missing or out of range;Data missing or out of range;Data missing or out of range;Data missing or out of range;Data missing or out of range;Data missing or out of range;1;Not known;Male;26;26 - 35;-1;-1;-1;2;Urban area;2
2019010160523;528423;178389;-0.151624;51.489874;Metropolitan Police;Slight;3;1;29/01/2019;Tuesday;11:27;Westminster;Westminster;Unclassified;0;Single carriageway;20 MPH;Crossroads;Data missing or out of range;Unclassified;0;None within 50 metres ;No physical crossing facilities within 50 metres;Daylight;Fine no high winds;Dry;None;Other object on road;Urban;No - accident was reported using a self completion  form (self rep only);E01004667;1;1;Driver or rider;Male;26;6;Slight;Not a Pedestrian;Not a Pedestrian;Not car passenger;Not a bus or coach passenger;No / Not applicable;3;Cyclist;More deprived 10-20%;2;Car;No tow/articulation;Data missing or out of range;Data missing or out of range;Data missing or out of range;Data missing or out of range;Data missing or out of range;Data missing or out of range;Data missing or out of range;Data missing or out of range;-1;Not known;Not known;-1;Data missing or out of range;-1;-1;-1;-1;Data missing or out of range;-1
2019010160523;528423;178389;-0.151624;51.489874;Metropolitan Police;Slight;3;1;29/01/2019;Tuesday;11:27;Westminster;Westminster;Unclassified;0;Single carriageway;20 MPH;Crossroads;Data missing or out of range;Unclassified;0;None within 50 metres ;No physical crossing facilities within 50 metres;Daylight;Fine no high winds;Dry;None;Other object on road;Urban;No - accident was reported using a self completion  form (self rep only);E01004667;1;1;Driver or rider;Male;26;6;Slight;Not a Pedestrian;Not a Pedestrian;Not car passenger;Not a bus or coach passenger;No / Not applicable;3;Cyclist;More deprived 10-20%;3;Car;Data missing or out of range;Parked;On main c'way - not in restricted lane;Data missing or out of range;None;None;Did not leave carriageway;None;Data missing or out of range;1;Not known;Not known;-1;Data missing or out of range;-1;-1;-1;-1;Data missing or out of range;-1
2019010160527;547482;179191;0.123042;51.492435;Metropolitan Police;Slight;2;1;30/01/2019;Wednesday;11:25;Bexley;Bexley;Unclassified;0;Single carriageway;20 MPH;Data missing or out of range;Data missing or out of range;Unclassified;0;None within 50 metres ;Data missing or out of range;Daylight;Unknown;Wet or damp;None;None;Urban;No - accident was reported using a self completion  form (self rep only);E01000416;1;1;Driver or rider;Female;28;6;Slight;Not a Pedestrian;Not a Pedestrian;Not car passenger;Not a bus or coach passenger;No / Not applicable;9;Cyclist;Less deprived 40-50%;1;Car;No tow/articulation;Data missing or out of range;Data missing or out of range;Data missing or out of range;Data missing or out of range;Data missing or out of range;Data missing or out of range;Data missing or out of range;Back;-1;Commuting to/from work;Female;28;26 - 35;-1;-1;-1;6;Urban area;6
2019010160527;547482;179191;0.123042;51.492435;Metropolitan Police;Slight;2;1;30/01/2019;Wednesday;11:25;Bexley;Bexley;Unclassified;0;Single carriageway;20 MPH;Data missing or out of range;Data missing or out of range;Unclassified;0;None within 50 metres ;Data missing or out of range;Daylight;Unknown;Wet or damp;None;None;Urban;No - accident was reported using a self completion  form (self rep only);E01000416;1;1;Driver or rider;Female;28;6;Slight;Not a Pedestrian;Not a Pedestrian;Not car passenger;Not a bus or coach passenger;No / Not applicable;9;Cyclist;Less deprived 40-50%;2;Car;No tow/articulation;Data missing or out of range;Data missing or out of range;Data missing or out of range;Data missing or out of range;Data missing or out of range;Data missing or out of range;Data missing or out of range;Front;-1;Not known;Not known;-1;Data missing or out of range;-1;-1;-1;4;Urban area;4
2019010160528;535877;168396;-0.048156;51.398332;Metropolitan Police;Slight;1;1;30/01/2019;Wednesday;07:30;Bromley;Bromley;Unclassified;0;Unknown;20 MPH;Data missing or out of range;Data missing or out of range;A;214;None within 50 metres ;Central refuge;Darkness - lighting unknown;Other;Frost or ice;Data missing or out of range;None;Urban;No - accident was reported using a self completion  form (self rep only);E01032568;1;1;Pedestrian;Male;Data missing or out of range;-1;Slight;Unknown or other;Unknown or other;Not car passenger;Not a bus or coach passenger;No / Not applicable;0;-1;Data missing or out of range;1;Car;No tow/articulation;Data missing or out of range;Data missing or out of range;Data missing or out of range;Data missing or out of range;Data missing or out of range;Data missing or out of range;Data missing or out of range;Data missing or out of range;-1;Commuting to/from work;Female;31;26 - 35;-1;-1;-1;6;Urban area;6
2019010160529;542119;187784;0.049308;51.571022;Metropolitan Police;Slight;3;3;30/01/2019;Wednesday;15:00;Redbridge;Redbridge;A;406;Dual carriageway;50 MPH;T or staggered junction;Give way or uncontrolled;Unclassified;0;None within 50 metres ;No physical crossing facilities within 50 metres;Daylight;Fine no high winds;Dry;None;None;Rural;Yes;E01003693;1;1;Driver or rider;Male;37;7;Slight;Not a Pedestrian;Not a Pedestrian;Not car passenger;Not a bus or coach passenger;No / Not applicable;9;Cyclist;Most deprived 10%;1;Car;No tow/articulation;Slowing or stopping;On main c'way - not in restricted lane;Cleared junction or waiting/parked at junction exit;None;None;Did not leave carriageway;None;Back;1;Not known;Male;37;36 - 45;-1;-1;-1;1;Urban area;1
2019010160529;542119;187784;0.049308;51.571022;Metropolitan Police;Slight;3;3;30/01/2019;Wednesday;15:00;Redbridge;Redbridge;A;406;Dual carriageway;50 MPH;T or staggered junction;Give way or uncontrolled;Unclassified;0;None within 50 metres ;No physical crossing facilities within 50 metres;Daylight;Fine no high winds;Dry;None;None;Rural;Yes;E01003693;1;1;Driver or rider;Male;37;7;Slight;Not a Pedestrian;Not a Pedestrian;Not car passenger;Not a bus or coach passenger;No / Not applicable;9;Cyclist;Most deprived 10%;2;Car;No tow/articulation;Slowing or stopping;On main c'way - not in restricted lane;Cleared junction or waiting/parked at junction exit;None;None;Did not leave carriageway;None;Front;1;Commuting to/from work;Female;65;56 - 65;-1;-1;-1;2;Urban area;2
2019010160529;542119;187784;0.049308;51.571022;Metropolitan Police;Slight;3;3;30/01/2019;Wednesday;15:00;Redbridge;Redbridge;A;406;Dual carriageway;50 MPH;T or staggered junction;Give way or uncontrolled;Unclassified;0;None within 50 metres ;No physical crossing facilities within 50 metres;Daylight;Fine no high winds;Dry;None;None;Rural;Yes;E01003693;1;1;Driver or rider;Male;37;7;Slight;Not a Pedestrian;Not a Pedestrian;Not car passenger;Not a bus or coach passenger;No / Not applicable;9;Cyclist;Most deprived 10%;3;Car;No tow/articulation;Slowing or stopping;On main c'way - not in restricted lane;Cleared junction or waiting/parked at junction exit;None;None;Did not leave carriageway;None;Front;1;Commuting to/from work;Male;54;46 - 55;-1;-1;-1;4;Urban area;4
2019010160529;542119;187784;0.049308;51.571022;Metropolitan Police;Slight;3;3;30/01/2019;Wednesday;15:00;Redbridge;Redbridge;A;406;Dual carriageway;50 MPH;T or staggered junction;Give way or uncontrolled;Unclassified;0;None within 50 metres ;No physical crossing facilities within 50 metres;Daylight;Fine no high winds;Dry;None;None;Rural;Yes;E01003693;2;2;Driver or rider;Female;65;9;Slight;Not a Pedestrian;Not a Pedestrian;Not car passenger;Not a bus or coach passenger;No / Not applicable;9;Cyclist;More deprived 10-20%;1;Car;No tow/articulation;Slowing or stopping;On main c'way - not in restricted lane;Cleared junction or waiting/parked at junction exit;None;None;Did not leave carriageway;None;Back;1;Not known;Male;37;36 - 45;-1;-1;-1;1;Urban area;1
2019010160529;542119;187784;0.049308;51.571022;Metropolitan Police;Slight;3;3;30/01/2019;Wednesday;15:00;Redbridge;Redbridge;A;406;Dual carriageway;50 MPH;T or staggered junction;Give way or uncontrolled;Unclassified;0;None within 50 metres ;No physical crossing facilities within 50 metres;Daylight;Fine no high winds;Dry;None;None;Rural;Yes;E01003693;2;2;Driver or rider;Female;65;9;Slight;Not a Pedestrian;Not a Pedestrian;Not car passenger;Not a bus or coach passenger;No / Not applicable;9;Cyclist;More deprived 10-20%;2;Car;No tow/articulation;Slowing or stopping;On main c'way - not in restricted lane;Cleared junction or waiting/parked at junction exit;None;None;Did not leave carriageway;None;Front;1;Commuting to/from work;Female;65;56 - 65;-1;-1;-1;2;Urban area;2
2019010160529;542119;187784;0.049308;51.571022;Metropolitan Police;Slight;3;3;30/01/2019;Wednesday;15:00;Redbridge;Redbridge;A;406;Dual carriageway;50 MPH;T or staggered junction;Give way or uncontrolled;Unclassified;0;None within 50 metres ;No physical crossing facilities within 50 metres;Daylight;Fine no high winds;Dry;None;None;Rural;Yes;E01003693;2;2;Driver or rider;Female;65;9;Slight;Not a Pedestrian;Not a Pedestrian;Not car passenger;Not a bus or coach passenger;No / Not applicable;9;Cyclist;More deprived 10-20%;3;Car;No tow/articulation;Slowing or stopping;On main c'way - not in restricted lane;Cleared junction or waiting/parked at junction exit;None;None;Did not leave carriageway;None;Front;1;Commuting to/from work;Male;54;46 - 55;-1;-1;-1;4;Urban area;4
2019010160529;542119;187784;0.049308;51.571022;Metropolitan Police;Slight;3;3;30/01/2019;Wednesday;15:00;Redbridge;Redbridge;A;406;Dual carriageway;50 MPH;T or staggered junction;Give way or uncontrolled;Unclassified;0;None within 50 metres ;No physical crossing facilities within 50 metres;Daylight;Fine no high winds;Dry;None;None;Rural;Yes;E01003693;3;3;Driver or rider;Male;54;8;Slight;Not a Pedestrian;Not a Pedestrian;Not car passenger;Not a bus or coach passenger;No / Not applicable;9;Cyclist;More deprived 30-40%;1;Car;No tow/articulation;Slowing or stopping;On main c'way - not in restricted lane;Cleared junction or waiting/parked at junction exit;None;None;Did not leave carriageway;None;Back;1;Not known;Male;37;36 - 45;-1;-1;-1;1;Urban area;1
2019010160529;542119;187784;0.049308;51.571022;Metropolitan Police;Slight;3;3;30/01/2019;Wednesday;15:00;Redbridge;Redbridge;A;406;Dual carriageway;50 MPH;T or staggered junction;Give way or uncontrolled;Unclassified;0;None within 50 metres ;No physical crossing facilities within 50 metres;Daylight;Fine no high winds;Dry;None;None;Rural;Yes;E01003693;3;3;Driver or rider;Male;54;8;Slight;Not a Pedestrian;Not a Pedestrian;Not car passenger;Not a bus or coach passenger;No / Not applicable;9;Cyclist;More deprived 30-40%;2;Car;No tow/articulation;Slowing or stopping;On main c'way - not in restricted lane;Cleared junction or waiting/parked at junction exit;None;None;Did not leave carriageway;None;Front;1;Commuting to/from work;Female;65;56 - 65;-1;-1;-1;2;Urban area;2
2019010160529;542119;187784;0.049308;51.571022;Metropolitan Police;Slight;3;3;30/01/2019;Wednesday;15:00;Redbridge;Redbridge;A;406;Dual carriageway;50 MPH;T or staggered junction;Give way or uncontrolled;Unclassified;0;None within 50 metres ;No physical crossing facilities within 50 metres;Daylight;Fine no high winds;Dry;None;None;Rural;Yes;E01003693;3;3;Driver or rider;Male;54;8;Slight;Not a Pedestrian;Not a Pedestrian;Not car passenger;Not a bus or coach passenger;No / Not applicable;9;Cyclist;More deprived 30-40%;3;Car;No tow/articulation;Slowing or stopping;On main c'way - not in restricted lane;Cleared junction or waiting/parked at junction exit;None;None;Did not leave carriageway;None;Front;1;Commuting to/from work;Male;54;46 - 55;-1;-1;-1;4;Urban area;4
2019010160534;534036;181447;-0.069662;51.516054;Metropolitan Police;Slight;1;1;30/01/2019;Wednesday;18:03;Tower Hamlets;Tower Hamlets;A;11;Dual carriageway;30 MPH;Crossroads;Give way or uncontrolled;B;134;None within 50 metres ;Pedestrian phase at traffic signal junction;Darkness - lights lit;Fine no high winds;Wet or damp;None;None;Urban;Yes;E01004309;1;1;Passenger;Male;52;8;Slight;Not a Pedestrian;Not a Pedestrian;Not car passenger;Standing passenger;No / Not applicable;11;Cyclist;More deprived 20-30%;1;Bus or coach (17 or more pass seats);No tow/articulation;Going ahead other;On main c'way - not in restricted lane;Approaching junction or waiting/parked at junction approach;None;None;Did not leave carriageway;None;Did not impact;1;Journey as part of work;Male;47;46 - 55;-1;-1;-1;1;Urban area;1
2019010160538;529091;181048;-0.141035;51.513619;Metropolitan Police;Serious;1;3;30/01/2019;Wednesday;15:30;Westminster;Westminster;A;4201;Dual carriageway;30 MPH;Crossroads;Auto traffic signal;C;0;None within 50 metres ;No physical crossing facilities within 50 metres;Daylight;Fine no high winds;Dry;None;None;Urban;Yes;E01033596;1;1;Driver or rider;Male;18;4;Slight;Not a Pedestrian;Not a Pedestrian;Not car passenger;Not a bus or coach passenger;No / Not applicable;3;Cyclist;More deprived 40-50%;1;Motorcycle 125cc and under;No tow/articulation;Moving off;On main c'way - not in restricted lane;Cleared junction or waiting/parked at junction exit;Skidded;None;Did not leave carriageway;None;Front;1;Not known;Male;18;16 - 20;-1;-1;-1;5;Urban area;5