Accident_Index;Location_Easting_OSGR;Location_Northing_OSGR;Longitude;Latitude;Police_Force;Accident_Severity;Number_of_Vehicles;Number_of_Casualties;Date;Day_of_Week;Time;Local_Authority_(District);Local_Authority_(Highway);1st_Road_Class;1st_Road_Number;Road_Type;Speed_limit;Junction_Detail;Junction_Control;2nd_Road_Class;2nd_Road_Number;Pedestrian_Crossing-Human_Control;Pedestrian_Crossing-Physical_Facilities;Light_Conditions;Weather_Conditions;Road_Surface_Conditions;Special_Conditions_at_Site;Carriageway_Hazards;Urban_or_Rural_Area;Did_Police_Officer_Attend_Scene_of_Accident;LSOA_of_Accident_Location;Vehicle_Reference_x;Casualty_Reference;Casualty_Class;Sex_of_Casualty;Age_of_Casualty;Age_Band_of_Casualty;Casualty_Severity;Pedestrian_Location;Pedestrian_Movement;Car_Passenger;Bus_or_Coach_Passenger;Pedestrian_Road_Maintenance_Worker;Casualty_Type;Casualty_Home_Area_Type;Casualty_IMD_Decile;Vehicle_Reference_y;Vehicle_Type;Towing_and_Articulation;Vehicle_Manoeuvre;Vehicle_Location-Restricted_Lane;Junction_Location;Skidding_and_Overturning;Hit_Object_in_Carriageway;Vehicle_Leaving_Carriageway;Hit_Object_off_Carriageway;1st_Point_of_Impact;Was_Vehicle_Left_Hand_Drive?;Journey_Purpose_of_Driver;Sex_of_Driver;Age_of_Driver;Age_Band_of_Driver;Engine_Capacity_(CC);Propulsion_Code;Age_of_Vehicle;Driver_IMD_Decile;Driver_Home_Area_Type;Vehicle_IMD_Decile
2019010160611;546622;188762;0.114644;51.578657;Metropolitan Police;Slight;2;1;30/01/2019;Wednesday;17:05;Redbridge;Redbridge;B;177;Single carriageway;30 MPH;Not at junction or within 20 metres;Data missing or out of range;-1;0;None within 50 metres ;Central refuge;Darkness - lights lit;Fine no high winds;Dry;None;None;Urban;No - accident was reported using a self completion  form (self rep only);E01003770;1;1;Driver or rider;Female;24;5;Slight;Not a Pedestrian;Not a Pedestrian;Not car passenger;Not a bus or coach passenger;No / Not applicable;9;Cyclist;Less deprived 10-20%;2;Car;No tow/articulation;Data missing or out of range;Data missing or out of range;Not at or within 20 metres of junction;Data missing or out of range;Data missing or out of range;Data missing or out of range;Data missing or out of range;Front;-1;Not known;Not known;-1;Data missing or out of range;-1;-1;-1;-1;Data missing or out of range;-1
2019010160612;521202;184209;-0.253579;51.543774;Metropolitan Police;Slight;2;1;30/01/2019;Wednesday;07:50;Brent;Brent;A;407;Dual carriageway;30 MPH;Other junction;Auto traffic signal;Unclassified;0;None within 50 metres ;Pedestrian phase at traffic signal junction;Daylight;Fine no high winds;Frost or ice;None;None;Urban;Yes;E01000528;1;1;Driver or rider;Female;34;6;Slight;Not a Pedestrian;Not a Pedestrian;Not car passenger;Not a bus or coach passenger;No / Not applicable;9;-1;Data missing or out of range;1;Car;No tow/articulation;Slowing or stopping;On main c'way - not in restricted lane;Approaching junction or waiting/parked at junction approach;Skidded;None;Did not leave carriageway;None;Front;1;Not known;Female;34;26 - 35;-1;-1;-1;-1;Data missing or out of range;-1
2019010160612;521202;184209;-0.253579;51.543774;Metropolitan Police;Slight;2;1;30/01/2019;Wednesday;07:50;Brent;Brent;A;407;Dual carriageway;30 MPH;Other junction;Auto traffic signal;Unclassified;0;None within 50 metres ;Pedestrian phase at traffic signal junction;Daylight;Fine no high winds;Frost or ice;None;None;Urban;Yes;E01000528;1;1;Driver or rider;Female;34;6;Slight;Not a Pedestrian;Not a Pedestrian;Not car passenger;Not a bus or coach passenger;No / Not applicable;9;-1;Data missing or out of range;2;Car;No tow/articulation;Slowing or stopping;On main c'way - not in restricted lane;Approaching junction or waiting/parked at junction approach;None;None;Did not leave carriageway;None;Back;1;Not known;Female;45;36 - 45;-1;-1;-1;4;Urban area;4
2019010160616;530340;177589;-0.124322;51.482247;Metropolitan Police;Slight;2;1;30/01/2019;Wednesday;07:10;Lambeth;Lambeth;A;203;Single carriageway;30 MPH;Not at junction or within 20 metres;Data missing or out of range;-1;0;None within 50 metres ;Pedestrian phase at traffic signal junction;Daylight;Fine no high winds;Wet or damp;Data missing or out of range;None;Urban;No - accident was reported using a self completion  form (self rep only);E01033207;1;1;Driver or rider;Male;23;5;Slight;Not a Pedestrian;Not a Pedestrian;Not car passenger;Not a bus or coach passenger;No / Not applicable;3;Cyclist;More deprived 20-30%;1;Motorcycle 125cc and under;No tow/articulation;Data missing or out of range;Data missing or out of range;Not at or within 20 metres of junction;Data missing or out of range;Data missing or out of range;Data missing or out of range;Data missing or out of range;Data missing or out of range;1;Commuting to/from work;Male;23;21 - 25;-1;-1;-1;3;Urban area;3
2019010160616;530340;177589;-0.124322;51.482247;Metropolitan Police;Slight;2;1;30/01/2019;Wednesday;07:10;Lambeth;Lambeth;A;203;Single carriageway;30 MPH;Not at junction or within 20 metres;Data missing or out of range;-1;0;None within 50 metres ;Pedestrian phase at traffic signal junction;Daylight;Fine no high winds;Wet or damp;Data missing or out of range;None;Urban;No - accident was reported using a self completion  form (self rep only);E01033207;1;1;Driver or rider;Male;23;5;Slight;Not a Pedestrian;Not a Pedestrian;Not car passenger;Not a bus or coach passenger;No / Not applicable;3;Cyclist;More deprived 20-30%;2;Van / Goods 3.5 tonnes mgw or under;No tow/articulation;Data missing or out of range;Data missing or out of range;Not at or within 20 metres of junction;Data missing or out of range;Data missing or out of range;Data missing or out of range;Data missing or out of range;Data missing or out of range;-1;Not known;Not known;-1;Data missing or out of range;-1;-1;-1;4;Rural;4
2019010160618;529703;180578;-0.132393;51.509255;Metropolitan Police;Slight;1;1;17/01/2019;Thursday;02:00;Westminster;Westminster;A;4;Single carriageway;30 MPH;T or staggered junction;Give way or uncontrolled;A;4;Data missing or out of range;Data missing or out of range;Darkness - lighting unknown;Unknown;Data missing or out of range;Data missing or out of range;Data missing or out of range;Urban;No - accident was reported using a self completion  form (self rep only);E01004736;1;1;Pedestrian;Male;66;10;Slight;Unknown or other;Unknown or other;Not car passenger;Not a bus or coach passenger;No / Not applicable;0;Cyclist;More deprived 10-20%;1;Car;Data missing or out of range;Going ahead other;Data missing or out of range;Approaching junction or waiting/parked at junction approach;Data missing or out of range;Data missing or out of range;Did not leave carriageway;None;Front;-1;Not known;Not known;-1;Data missing or out of range;-1;-1;-1;-1;Data missing or out of range;-1
2019010160619;533986;192424;-0.066203;51.614708;Metropolitan Police;Slight;3;1;31/01/2019;Thursday;08:30;Enfield;Enfield;A;406;Dual carriageway;40 MPH;Not at junction or within 20 metres;Data missing or out of range;-1;0;None within 50 metres ;No physical crossing facilities within 50 metres;Darkness - lights lit;Fine no high winds;Dry;None;None;Urban;Yes;E01001425;2;1;Driver or rider;Female;33;6;Slight;Not a Pedestrian;Not a Pedestrian;Not car passenger;Not a bus or coach passenger;No / Not applicable;9;Cyclist;More deprived 30-40%;1;Goods 7.5 tonnes mgw and over;No tow/articulation;Going ahead other;On main c'way - not in restricted lane;Not at or within 20 metres of junction;None;None;Did not leave carriageway;None;Front;1;Journey as part of work;Male;24;21 - 25;-1;-1;-1;2;Urban area;2
2019010160619;533986;192424;-0.066203;51.614708;Metropolitan Police;Slight;3;1;31/01/2019;Thursday;08:30;Enfield;Enfield;A;406;Dual carriageway;40 MPH;Not at junction or within 20 metres;Data missing or out of range;-1;0;None within 50 metres ;No physical crossing facilities within 50 metres;Darkness - lights lit;Fine no high winds;Dry;None;None;Urban;Yes;E01001425;2;1;Driver or rider;Female;33;6;Slight;Not a Pedestrian;Not a Pedestrian;Not car passenger;Not a bus or coach passenger;No / Not applicable;9;Cyclist;More deprived 30-40%;2;Car;No tow/articulation;Going ahead other;On main c'way - not in restricted lane;Not at or within 20 metres of junction;None;None;Did not leave carriageway;None;Back;1;Commuting to/from work;Female;33;26 - 35;-1;-1;-1;4;Urban area;4
2019010160619;533986;192424;-0.066203;51.614708;Metropolitan Police;Slight;3;1;31/01/2019;Thursday;08:30;Enfield;Enfield;A;406;Dual carriageway;40 MPH;Not at junction or within 20 metres;Data missing or out of range;-1;0;None within 50 metres ;No physical crossing facilities within 50 metres;Darkness - lights lit;Fine no high winds;Dry;None;None;Urban;Yes;E01001425;2;1;Driver or rider;Female;33;6;Slight;Not a Pedestrian;Not a Pedestrian;Not car passenger;Not a bus or coach passenger;No / Not applicable;9;Cyclist;More deprived 30-40%;3;Car;No tow/articulation;Going ahead other;On main c'way - not in restricted lane;Not at or within 20 metres of junction;None;None;Did not leave carriageway;None;Back;1;Commuting to/from work;Male;32;26 - 35;-1;-1;-1;2;Urban area;2
2019010160624;548781;187436;0.145218;51.566178;Metropolitan Police;Slight;1;1;31/01/2019;Thursday;08:05;Barking and Dagenham;Barking and Dagenham;A;1112;Single carriageway;30 MPH;T or staggered junction;Give way or uncontrolled;Unclassified;0;None within 50 metres ;No physical crossing facilities within 50 metres;Daylight;Other;Frost or ice;None;None;Urban;Yes;E01000111;1;1;Pedestrian;Female;17;4;Slight;In carriageway, crossing elsewhere;Crossing from offside - masked by  parked or stationary vehicle;Not car passenger;Not a bus or coach passenger;No / Not applicable;0;Cyclist;More deprived 20-30%;1;Car;No tow/articulation;Going ahead other;On main c'way - not in restricted lane;Approaching junction or waiting/parked at junction approach;None;None;Did not leave carriageway;None;Nearside;1;Taking pupil to/from school;Female;30;26 - 35;1590;Petrol;16;2;Urban area;2
2019010160625;541096;190351;0.035587;51.594345;Metropolitan Police;Slight;2;2;31/01/2019;Thursday;09:10;Redbridge;Redbridge;A;406;Dual carriageway;40 MPH;Roundabout;Give way or uncontrolled;A;113;None within 50 metres ;Pelican, puffin, toucan or similar non-junction pedestrian light crossing;Darkness - lights lit;Fine no high winds;Wet or damp;None;None;Urban;Yes;E01003762;1;1;Driver or rider;Female;31;6;Slight;Not a Pedestrian;Not a Pedestrian;Not car passenger;Not a bus or coach passenger;No / Not applicable;9;Cyclist;More deprived 10-20%;1;Car;No tow/articulation;Waiting to go - held up;On main c'way - not in restricted lane;Approaching junction or waiting/parked at junction approach;None;None;Did not leave carriageway;None;Back;1;Not known;Female;31;26 - 35;-1;-1;-1;2;Urban area;2
2019010160625;541096;190351;0.035587;51.594345;Metropolitan Police;Slight;2;2;31/01/2019;Thursday;09:10;Redbridge;Redbridge;A;406;Dual carriageway;40 MPH;Roundabout;Give way or uncontrolled;A;113;None within 50 metres ;Pelican, puffin, toucan or similar non-junction pedestrian light crossing;Darkness - lights lit;Fine no high winds;Wet or damp;None;None;Urban;Yes;E01003762;1;1;Driver or rider;Female;31;6;Slight;Not a Pedestrian;Not a Pedestrian;Not car passenger;Not a bus or coach passenger;No / Not applicable;9;Cyclist;More deprived 10-20%;2;Car;No tow/articulation;Slowing or stopping;On main c'way - not in restricted lane;Approaching junction or waiting/parked at junction approach;None;None;Did not leave carriageway;None;Front;1;Not known;Not known;-1;Data missing or out of range;-1;-1;-1;-1;Data missing or out of range;-1
2019010160625;541096;190351;0.035587;51.594345;Metropolitan Police;Slight;2;2;31/01/2019;Thursday;09:10;Redbridge;Redbridge;A;406;Dual carriageway;40 MPH;Roundabout;Give way or uncontrolled;A;113;None within 50 metres ;Pelican, puffin, toucan or similar non-junction pedestrian light crossing;Darkness - lights lit;Fine no high winds;Wet or damp;None;None;Urban;Yes;E01003762;1;2;Passenger;Male;3;1;Slight;Not a Pedestrian;Not a Pedestrian;Rear seat passenger;Not a bus or coach passenger;No / Not applicable;9;Cyclist;More deprived 10-20%;1;Car;No tow/articulation;Waiting to go - held up;On main c'way - not in restricted lane;Approaching junction or waiting/parked at junction approach;None;None;Did not leave carriageway;None;Back;1;Not known;Female;31;26 - 35;-1;-1;-1;2;Urban area;2
2019010160625;541096;190351;0.035587;51.594345;Metropolitan Police;Slight;2;2;31/01/2019;Thursday;09:10;Redbridge;Redbridge;A;406;Dual carriageway;40 MPH;Roundabout;Give way or uncontrolled;A;113;None within 50 metres ;Pelican, puffin, toucan or similar non-junction pedestrian light crossing;Darkness - lights lit;Fine no high winds;Wet or damp;None;None;Urban;Yes;E01003762;1;2;Passenger;Male;3;1;Slight;Not a Pedestrian;Not a Pedestrian;Rear seat passenger;Not a bus or coach passenger;No / Not applicable;9;Cyclist;More deprived 10-20%;2;Car;No tow/articulation;Slowing or stopping;On main c'way - not in restricted lane;Approaching junction or waiting/parked at junction approach;None;None;Did not leave carriageway;None;Front;1;Not known;Not known;-1;Data missing or out of range;-1;-1;-1;-1;Data missing or out of range;-1
2019010160626;514220;169864;-0.358854;51.416297;Metropolitan Police;Slight;2;1;31/01/2019;Thursday;07:45;Richmond upon Thames;Richmond upon Thames;A;311;Single carriageway;30 MPH;T or staggered junction;Give way or uncontrolled;Unclassified;0;None within 50 metres ;No physical crossing facilities within 50 metres;Daylight;Other;Frost or ice;None;None;Urban;Yes;E01003823;1;1;Driver or rider;Male;37;7;Slight;Not a Pedestrian;Not a Pedestrian;Not car passenger;Not a bus or coach passenger;No / Not applicable;3;Cyclist;Less deprived 30-40%;1;Motorcycle 125cc and under;No tow/articulation;Overtaking static vehicle - offside;On main c'way - not in restricted lane;Approaching junction or waiting/parked at junction approach;None;None;Did not leave carriageway;None;Front;1;Commuting to/from work;Male;37;36 - 45;-1;-1;-1;7;Urban area;7
2019010160626;514220;169864;-0.358854;51.416297;Metropolitan Police;Slight;2;1;31/01/2019;Thursday;07:45;Richmond upon Thames;Richmond upon Thames;A;311;Single carriageway;30 MPH;T or staggered junction;Give way or uncontrolled;Unclassified;0;None within 50 metres ;No physical crossing facilities within 50 metres;Daylight;Other;Frost or ice;None;None;Urban;Yes;E01003823;1;1;Driver or rider;Male;37;7;Slight;Not a Pedestrian;Not a Pedestrian;Not car passenger;Not a bus or coach passenger;No / Not applicable;3;Cyclist;Less deprived 30-40%;2;Van / Goods 3.5 tonnes mgw or under;No tow/articulation;U-turn;On main c'way - not in restricted lane;Approaching junction or waiting/parked at junction approach;None;None;Did not leave carriageway;None;Offside;1;Journey as part of work;Male;33;26 - 35;-1;-1;-1;4;Urban area;4
2019010160627;530874;189614;-0.11217;51.590188;Metropolitan Police;Slight;2;1;31/01/2019;Thursday;08:50;Haringey;Haringey;Unclassified;0;Single carriageway;20 MPH;Not at junction or within 20 metres;Data missing or out of range;-1;0;None within 50 metres ;No physical crossing facilities within 50 metres;Daylight;Other;Frost or ice;None;None;Urban;Yes;E01002030;1;1;Pedestrian;Male;37;7;Slight;In carriageway, not crossing;In carriageway, stationary - not crossing  (standing or playing);Not car passenger;Not a bus or coach passenger;No / Not applicable;0;Cyclist;More deprived 30-40%;1;Car;No tow/articulation;Moving off;On main c'way - not in restricted lane;Not at or within 20 metres of junction;None;Parked vehicle;Did not leave carriageway;None;Front;1;Taking pupil to/from school;Female;29;26 - 35;-1;-1;-1;3;Urban area;3
2019010160627;530874;189614;-0.11217;51.590188;Metropolitan Police;Slight;2;1;31/01/2019;Thursday;08:50;Haringey;Haringey;Unclassified;0;Single carriageway;20 MPH;Not at junction or within 20 metres;Data missing or out of range;-1;0;None within 50 metres ;No physical crossing facilities within 50 metres;Daylight;Other;Frost or ice;None;None;Urban;Yes;E01002030;1;1;Pedestrian;Male;37;7;Slight;In carriageway, not crossing;In carriageway, stationary - not crossing  (standing or playing);Not car passenger;Not a bus or coach passenger;No / Not applicable;0;Cyclist;More deprived 30-40%;2;Car;No tow/articulation;Parked;On main c'way - not in restricted lane;Not at or within 20 metres of junction;None;None;Nearside;None;Back;1;Not known;Not known;-1;Data missing or out of range;-1;-1;-1;-1;Data missing or out of range;-1
2019010160629;530973;179564;-0.114479;51.49985;Metropolitan Police;Serious;2;1;30/01/2019;Wednesday;17:58;Lambeth;Lambeth;A;23;Single carriageway;20 MPH;T or staggered junction;Give way or uncontrolled;Unclassified;0;Data missing or out of range;Pedestrian phase at traffic signal junction;Darkness - lights lit;Fine no high winds;Dry;Road sign or marking defective or obscured;None;Urban;No - accident was reported using a self completion  form (self rep only);E01003013;1;1;Driver or rider;Male;25;5;Serious;Not a Pedestrian;Not a Pedestrian;Not car passenger;Not a bus or coach passenger;No / Not applicable;5;Cyclist;Less deprived 40-50%;1;Motorcycle over 500cc;No tow/articulation;Data missing or out of range;Data missing or out of range;Data missing or out of range;Data missing or out of range;Data missing or out of range;Data missing or out of range;Data missing or out of range;Data missing or out of range;1;Commuting to/from work;Male;25;21 - 25;-1;-1;-1;6;Urban area;6
2019010160629;530973;179564;-0.114479;51.49985;Metropolitan Police;Serious;2;1;30/01/2019;Wednesday;17:58;Lambeth;Lambeth;A;23;Single carriageway;20 MPH;T or staggered junction;Give way or uncontrolled;Unclassified;0;Data missing or out of range;Pedestrian phase at traffic signal junction;Darkness - lights lit;Fine no high winds;Dry;Road sign or marking defective or obscured;None;Urban;No - accident was reported using a self completion  form (self rep only);E01003013;1;1;Driver or rider;Male;25;5;Serious;Not a Pedestrian;Not a Pedestrian;Not car passenger;Not a bus or coach passenger;No / Not applicable;5;Cyclist;Less deprived 40-50%;2;Van / Goods 3.5 tonnes mgw or under;No tow/articulation;Data missing or out of range;Data missing or out of range;Data missing or out of range;Data missing or out of range;Data missing or out of range;Data missing or out of range;Data missing or out of range;Front;-1;Not known;Not known;-1;Data missing or out of range;-1;-1;-1;-1;Data missing or out of range;-1
2019010160631;526567;172007;-0.180624;51.432936;Metropolitan Police;Slight;2;1;31/01/2019;Thursday;08:50;Wandsworth;Wandsworth;A;217;Roundabout;30 MPH;Mini-roundabout;Give way or uncontrolled;C;0;None within 50 metres ;Pelican, puffin, toucan or similar non-junction pedestrian light crossing;Daylight;Fine no high winds;Frost or ice;None;None;Urban;Yes;E01004492;2;1;Driver or rider;Female;48;8;Slight;Not a Pedestrian;Not a Pedestrian;Not car passenger;Not a bus or coach passenger;No / Not applicable;1;Cyclist;More deprived 40-50%;1;Car;No tow/articulation;Going ahead other;On main c'way - not in restricted lane;Entering roundabout;None;None;Did not leave carriageway;None;Front;1;Journey as part of work;Male;34;26 - 35;1998;Petrol;1;6;Urban area;6
2019010160631;526567;172007;-0.180624;51.432936;Metropolitan Police;Slight;2;1;31/01/2019;Thursday;08:50;Wandsworth;Wandsworth;A;217;Roundabout;30 MPH;Mini-roundabout;Give way or uncontrolled;C;0;None within 50 metres ;Pelican, puffin, toucan or similar non-junction pedestrian light crossing;Daylight;Fine no high winds;Frost or ice;None;None;Urban;Yes;E01004492;2;1;Driver or rider;Female;48;8;Slight;Not a Pedestrian;Not a Pedestrian;Not car passenger;Not a bus or coach passenger;No / Not applicable;1;Cyclist;More deprived 40-50%;2;Pedal cycle;No tow/articulation;Turning right;On main c'way - not in restricted lane;Leaving roundabout;None;None;Did not leave carriageway;None;Offside;1;Not known;Female;48;46 - 55;-1;-1;-1;5;Urban area;5
2019010160635;531409;180460;-0.107868;51.507801;Metropolitan Police;Slight;2;1;31/01/2019;Thursday;08:49;Southwark;Southwark;Unclassified;0;Single carriageway;30 MPH;T or staggered junction;Give way or uncontrolled;Unclassified;0;None within 50 metres ;No physical crossing facilities within 50 metres;Daylight;Fine no high winds;Dry;Road surface defective;None;Urban;No - accident was reported using a self completion  form (self rep only);E01003934;1;1;Driver or rider;Male;37;7;Slight;Not a Pedestrian;Not a Pedestrian;Not car passenger;Not a bus or coach passenger;No / Not applicable;1;Cyclist;Less deprived 40-50%;1;Pedal cycle;Data missing or out of range;Data missing or out of range;Data missing or out of range;Data missing or out of range;Data missing or out of range;Data missing or out of range;Data missing or out of range;Data missing or out of range;Data missing or out of range;1;Commuting to/from work;Male;37;36 - 45;-1;-1;-1;6;Urban area;6
2019010160635;531409;180460;-0.107868;51.507801;Metropolitan Police;Slight;2;1;31/01/2019;Thursday;08:49;Southwark;Southwark;Unclassified;0;Single carriageway;30 MPH;T or staggered junction;Give way or uncontrolled;Unclassified;0;None within 50 metres ;No physical crossing facilities within 50 metres;Daylight;Fine no high winds;Dry;Road surface defective;None;Urban;No - accident was reported using a self completion  form (self rep only);E01003934;1;1;Driver or rider;Male;37;7;Slight;Not a Pedestrian;Not a Pedestrian;Not car passenger;Not a bus or coach passenger;No / Not applicable;1;Cyclist;Less deprived 40-50%;2;Car;No tow/articulation;Data missing or out of range;Data missing or out of range;Data missing or out of range;Data missing or out of range;Data missing or out of range;Data missing or out of range;Data missing or out of range;Did not impact;-1;Not known;Not known;-1;Data missing or out of range;-1;-1;-1;-1;Data missing or out of range;-1
2019010160641;525300;182457;-0.195137;51.527134;Metropolitan Police;Slight;2;1;16/01/2019;Wednesday;10:42;Westminster;Westminster;B;413;Unknown;30 MPH;Data missing or out of range;Data missing or out of range;Unclassified;0;Data missing or out of range;Data missing or out of range;Daylight;Unknown;Data missing or out of range;Data missing or out of range;Data missing or out of range;Urban;No - accident was reported using a self completion  form (self rep only);E01004708;1;1;Driver or rider;Female;71;10;Slight;Not a Pedestrian;Not a Pedestrian;Not car passenger;Not a bus or coach passenger;No / Not applicable;9;Cyclist;Less deprived 40-50%;1;Car;Data missing or out of range;Data missing or out of range;Data missing or out of range;Data missing or out of range;Data missing or out of range;Data missing or out of range;Data missing or out of range;Data missing or out of range;Data missing or out of range;-1;Not known;Female;71;66 - 75;-1;-1;-1;6;Urban area;6
2019010160641;525300;182457;-0.195137;51.527134;Metropolitan Police;Slight;2;1;16/01/2019;Wednesday;10:42;Westminster;Westminster;B;413;Unknown;30 MPH;Data missing or out of range;Data missing or out of range;Unclassified;0;Data missing or out of range;Data missing or out of range;Daylight;Unknown;Data missing or out of range;Data missing or out of range;Data missing or out of range;Urban;No - accident was reported using a self completion  form (self rep only);E01004708;1;1;Driver or rider;Female;71;10;Slight;Not a Pedestrian;Not a Pedestrian;Not car passenger;Not a bus or coach passenger;No / Not applicable;9;Cyclist;Less deprived 40-50%;2;Car;Data missing or out of range;Data missing or out of range;Data missing or out of range;Data missing or out of range;Data missing or out of range;Data missing or out of range;Data missing or out of range;Data missing or out of range;Data missing or out of range;-1;Not known;Female;-1;Data missing or out of range;-1;-1;-1;1;Urban area;1
2019010160642;512550;185228;-0.377967;51.554721;Metropolitan Police;Slight;2;1;22/01/2019;Tuesday;12:00;Hillingdon;Hillingdon;C;0;Single carriageway;30 MPH;T or staggered junction;Give way or uncontrolled;C;0;None within 50 metres ;No physical crossing facilities within 50 metres;Daylight;Fine no high winds;Dry;None;None;Urban;No - accident was reported using a self completion  form (self rep only);E01002496;2;1;Driver or rider;Male;Data missing or out of range;-1;Slight;Not a Pedestrian;Not a Pedestrian;Not car passenger;Not a bus or coach passenger;No / Not applicable;1;Cyclist;Less deprived 40-50%;1;Car;No tow/articulation;Moving off;On main c'way - not in restricted lane;Entering main road;None;None;Did not leave carriageway;None;Front;-1;Not known;Female;70;66 - 75;-1;-1;-1;-1;Data missing or out of range;-1
2019010160642;512550;185228;-0.377967;51.554721;Metropolitan Police;Slight;2;1;22/01/2019;Tuesday;12:00;Hillingdon;Hillingdon;C;0;Single carriageway;30 MPH;T or staggered junction;Give way or uncontrolled;C;0;None within 50 metres ;No physical crossing facilities within 50 metres;Daylight;Fine no high winds;Dry;None;None;Urban;No - accident was reported using a self completion  form (self rep only);E01002496;2;1;Driver or rider;Male;Data missing or out of range;-1;Slight;Not a Pedestrian;Not a Pedestrian;Not car passenger;Not a bus or coach passenger;No / Not applicable;1;Cyclist;Less deprived 40-50%;2;Pedal cycle;No tow/articulation;Going ahead other;On main c'way - not in restricted lane;Mid Junction - on roundabout or on main road;Overturned;None;Did not leave carriageway;None;Nearside;1;Not known;Male;-1;Data missing or out of range;-1;-1;-1;6;Urban area;6
2019010160643;519985;180395;-0.272419;51.509755;Metropolitan Police;Slight;2;1;31/01/2019;Thursday;06:46;Ealing;Ealing;Unclassified;0;Single carriageway;20 MPH;T or staggered junction;Give way or uncontrolled;A;4000;None within 50 metres ;Pedestrian phase at traffic signal junction;Daylight;Fine no high winds;Frost or ice;None;None;Urban;Yes;E01001202;2;1;Driver or rider;Male;29;6;Slight;Not a Pedestrian;Not a Pedestrian;Not car passenger;Not a bus or coach passenger;No / Not applicable;1;Cyclist;More deprived 40-50%;1;Car;No tow/articulation;Turning right;On main c'way - not in restricted lane;Entering main road;None;None;Did not leave carriageway;None;Front;1;Not known;Female;38;36 - 45;-1;-1;-1;3;Urban area;3
2019010160643;519985;180395;-0.272419;51.509755;Metropolitan Police;Slight;2;1;31/01/2019;Thursday;06:46;Ealing;Ealing;Unclassified;0;Single carriageway;20 MPH;T or staggered junction;Give way or uncontrolled;A;4000;None within 50 metres ;Pedestrian phase at traffic signal junction;Daylight;Fine no high winds;Frost or ice;None;None;Urban;Yes;E01001202;2;1;Driver or rider;Male;29;6;Slight;Not a Pedestrian;Not a Pedestrian;Not car passenger;Not a bus or coach passenger;No / Not applicable;1;Cyclist;More deprived 40-50%;2;Pedal cycle;No tow/articulation;Going ahead other;On main c'way - not in restricted lane;Approaching junction or waiting/parked at junction approach;None;None;Did not leave carriageway;None;Front;1;Commuting to/from work;Male;29;26 - 35;-1;-1;-1;5;Urban area;5
2019010160648;527675;181199;-0.161375;51.515297;Metropolitan Police;Slight;1;1;31/01/2019;Thursday;08:54;Westminster;Westminster;C;0;Single carriageway;30 MPH;Crossroads;Auto traffic signal;C;0;Control by other authorised person;No physical crossing facilities within 50 metres;Daylight;Fine no high winds;Dry;None;None;Urban;Yes;E01004658;1;1;Pedestrian;Female;11;3;Slight;Crossing on pedestrian crossing facility;Unknown or other;Not car passenger;Not a bus or coach passenger;No / Not applicable;0;Cyclist;Less deprived 30-40%;1;Taxi/Private hire car;No tow/articulation;Turning right;On main c'way - not in restricted lane;Approaching junction or waiting/parked at junction approach;None;None;Did not leave carriageway;None;Front;1;Journey as part of work;Male;58;56 - 65;-1;-1;-1;3;Urban area;3
2019010160649;529327;184390;-0.136409;51.543599;Metropolitan Police;Slight;2;1;31/01/2019;Thursday;10:15;Camden;Camden;A;503;Single carriageway;20 MPH;T or staggered junction;Give way or uncontrolled;Unclassified;0;None within 50 metres ;No physical crossing facilities within 50 metres;Daylight;Fine no high winds;Dry;None;None;Urban;Yes;E01000867;2;1;Driver or rider;Male;30;6;Slight;Not a Pedestrian;Not a Pedestrian;Not car passenger;Not a bus or coach passenger;No / Not applicable;1;Cyclist;More deprived 20-30%;1;Car;No tow/articulation;Turning right;On main c'way - not in restricted lane;Leaving main road;None;None;Did not leave carriageway;None;Nearside;1;Journey as part of work;Female;29;26 - 35;-1;-1;-1;3;Urban area;3
2019010160649;529327;184390;-0.136409;51.543599;Metropolitan Police;Slight;2;1;31/01/2019;Thursday;10:15;Camden;Camden;A;503;Single carriageway;20 MPH;T or staggered junction;Give way or uncontrolled;Unclassified;0;None within 50 metres ;No physical crossing facilities within 50 metres;Daylight;Fine no high winds;Dry;None;None;Urban;Yes;E01000867;2;1;Driver or rider;Male;30;6;Slight;Not a Pedestrian;Not a Pedestrian;Not car passenger;Not a bus or coach passenger;No / Not applicable;1;Cyclist;More deprived 20-30%;2;Pedal cycle;No tow/articulation;Going ahead other;Bus lane;Approaching junction or waiting/parked at junction approach;None;None;Did not leave carriageway;None;Front;1;Commuting to/from work;Male;30;26 - 35;-1;-1;-1;3;Urban area;3