Accident_Index;Location_Easting_OSGR;Location_Northing_OSGR;Longitude;Latitude;Police_Force;Accident_Severity;Number_of_Vehicles;Number_of_Casualties;Date;Day_of_Week;Time;Local_Authority_(District);Local_Authority_(Highway);1st_Road_Class;1st_Road_Number;Road_Type;Speed_limit;Junction_Detail;Junction_Control;2nd_Road_Class;2nd_Road_Number;Pedestrian_Crossing-Human_Control;Pedestrian_Crossing-Physical_Facilities;Light_Conditions;Weather_Conditions;Road_Surface_Conditions;Special_Conditions_at_Site;Carriageway_Hazards;Urban_or_Rural_Area;Did_Police_Officer_Attend_Scene_of_Accident;LSOA_of_Accident_Location;Vehicle_Reference_x;Casualty_Reference;Casualty_Class;Sex_of_Casualty;Age_of_Casualty;Age_Band_of_Casualty;Casualty_Severity;Pedestrian_Location;Pedestrian_Movement;Car_Passenger;Bus_or_Coach_Passenger;Pedestrian_Road_Maintenance_Worker;Casualty_Type;Casualty_Home_Area_Type;Casualty_IMD_Decile;Vehicle_Reference_y;Vehicle_Type;Towing_and_Articulation;Vehicle_Manoeuvre;Vehicle_Location-Restricted_Lane;Junction_Location;Skidding_and_Overturning;Hit_Object_in_Carriageway;Vehicle_Leaving_Carriageway;Hit_Object_off_Carriageway;1st_Point_of_Impact;Was_Vehicle_Left_Hand_Drive?;Journey_Purpose_of_Driver;Sex_of_Driver;Age_of_Driver;Age_Band_of_Driver;Engine_Capacity_(CC);Propulsion_Code;Age_of_Vehicle;Driver_IMD_Decile;Driver_Home_Area_Type;Vehicle_IMD_Decile
2019010160697;551661;181481;0.184177;51.511907;Metropolitan Police;Slight;6;4;30/01/2019;Wednesday;18:23;Havering;Havering;A;13;Dual carriageway;50 MPH;Not at junction or within 20 metres;Data missing or out of range;-1;0;None within 50 metres ;No physical crossing facilities within 50 metres;Darkness - lights lit;Fine + high winds;Wet or damp;None;None;Rural;Yes;E01002344;5;4;Passenger;Male;19;4;Slight;Not a Pedestrian;Not a Pedestrian;Rear seat passenger;Not a bus or coach passenger;No / Not applicable;9;-1;Data missing or out of range;6;Car;No tow/articulation;Going ahead other;On main c'way - not in restricted lane;Not at or within 20 metres of junction;None;None;Did not leave carriageway;None;Front;1;Not known;Female;64;56 - 65;1398;Petrol;3;3;Urban area;3
2019010160699;526379;181487;-0.179939;51.518177;Metropolitan Police;Slight;2;1;25/01/2019;Friday;16:05;Westminster;Westminster;A;4206;Dual carriageway;30 MPH;Data missing or out of range;Data missing or out of range;A;4206;Data missing or out of range;Data missing or out of range;Daylight;Fine no high winds;Dry;None;None;Urban;No - accident was reported using a self completion  form (self rep only);E01004681;1;1;Driver or rider;Male;34;6;Slight;Not a Pedestrian;Not a Pedestrian;Not car passenger;Not a bus or coach passenger;No / Not applicable;8;Cyclist;Less deprived 30-40%;1;Taxi/Private hire car;No tow/articulation;Data missing or out of range;Data missing or out of range;Data missing or out of range;Data missing or out of range;Data missing or out of range;Data missing or out of range;Data missing or out of range;Data missing or out of range;-1;Not known;Male;34;26 - 35;-1;-1;-1;7;Urban area;7
2019010160699;526379;181487;-0.179939;51.518177;Metropolitan Police;Slight;2;1;25/01/2019;Friday;16:05;Westminster;Westminster;A;4206;Dual carriageway;30 MPH;Data missing or out of range;Data missing or out of range;A;4206;Data missing or out of range;Data missing or out of range;Daylight;Fine no high winds;Dry;None;None;Urban;No - accident was reported using a self completion  form (self rep only);E01004681;1;1;Driver or rider;Male;34;6;Slight;Not a Pedestrian;Not a Pedestrian;Not car passenger;Not a bus or coach passenger;No / Not applicable;8;Cyclist;Less deprived 30-40%;2;Car;No tow/articulation;Data missing or out of range;Data missing or out of range;Data missing or out of range;Data missing or out of range;Data missing or out of range;Data missing or out of range;Data missing or out of range;Data missing or out of range;-1;Not known;Not known;-1;Data missing or out of range;-1;-1;-1;-1;Data missing or out of range;-1
2019010160702;537363;176167;-0.023798;51.467807;Metropolitan Police;Slight;2;1;29/01/2019;Tuesday;21:00;Lewisham;Lewisham;A;20;Single carriageway;30 MPH;T or staggered junction;Data missing or out of range;Unclassified;0;None within 50 metres ;Data missing or out of range;Darkness - lights lit;Raining no high winds;Wet or damp;None;None;Urban;No - accident was reported using a self completion  form (self rep only);E01003211;1;1;Driver or rider;Female;31;6;Slight;Not a Pedestrian;Not a Pedestrian;Not car passenger;Not a bus or coach passenger;No / Not applicable;1;Cyclist;More deprived 30-40%;1;Pedal cycle;Data missing or out of range;Data missing or out of range;Data missing or out of range;Data missing or out of range;Data missing or out of range;Data missing or out of range;Data missing or out of range;Data missing or out of range;Data missing or out of range;1;Not known;Female;31;26 - 35;-1;-1;-1;4;Urban area;4
2019010160702;537363;176167;-0.023798;51.467807;Metropolitan Police;Slight;2;1;29/01/2019;Tuesday;21:00;Lewisham;Lewisham;A;20;Single carriageway;30 MPH;T or staggered junction;Data missing or out of range;Unclassified;0;None within 50 metres ;Data missing or out of range;Darkness - lights lit;Raining no high winds;Wet or damp;None;None;Urban;No - accident was reported using a self completion  form (self rep only);E01003211;1;1;Driver or rider;Female;31;6;Slight;Not a Pedestrian;Not a Pedestrian;Not car passenger;Not a bus or coach passenger;No / Not applicable;1;Cyclist;More deprived 30-40%;2;Car;No tow/articulation;Data missing or out of range;Data missing or out of range;Data missing or out of range;Data missing or out of range;Data missing or out of range;Data missing or out of range;Data missing or out of range;Front;-1;Not known;Not known;-1;Data missing or out of range;-1;-1;-1;-1;Data missing or out of range;-1
2019010160703;521285;178528;-0.254337;51.492698;Metropolitan Police;Slight;2;1;31/01/2019;Thursday;14:15;Hounslow;Hounslow;A;315;Single carriageway;30 MPH;T or staggered junction;Give way or uncontrolled;Unclassified;0;None within 50 metres ;No physical crossing facilities within 50 metres;Daylight;Fine no high winds;Dry;None;None;Urban;Yes;E01002570;2;1;Driver or rider;Male;27;6;Slight;Not a Pedestrian;Not a Pedestrian;Not car passenger;Not a bus or coach passenger;No / Not applicable;3;Cyclist;More deprived 20-30%;1;Car;No tow/articulation;Turning left;On main c'way - not in restricted lane;Leaving main road;None;None;Did not leave carriageway;None;Nearside;1;Not known;Male;38;36 - 45;-1;-1;-1;5;Urban area;5
2019010160703;521285;178528;-0.254337;51.492698;Metropolitan Police;Slight;2;1;31/01/2019;Thursday;14:15;Hounslow;Hounslow;A;315;Single carriageway;30 MPH;T or staggered junction;Give way or uncontrolled;Unclassified;0;None within 50 metres ;No physical crossing facilities within 50 metres;Daylight;Fine no high winds;Dry;None;None;Urban;Yes;E01002570;2;1;Driver or rider;Male;27;6;Slight;Not a Pedestrian;Not a Pedestrian;Not car passenger;Not a bus or coach passenger;No / Not applicable;3;Cyclist;More deprived 20-30%;2;Motorcycle 125cc and under;No tow/articulation;Overtaking - nearside;On main c'way - not in restricted lane;Cleared junction or waiting/parked at junction exit;None;None;Did not leave carriageway;None;Offside;1;Journey as part of work;Male;27;26 - 35;-1;-1;-1;3;Urban area;3
2019010160716;527245;181512;-0.167456;51.518207;Metropolitan Police;Slight;1;2;31/01/2019;Thursday;12:20;Westminster;Westminster;A;5;Dual carriageway;30 MPH;Crossroads;Auto traffic signal;A;501;None within 50 metres ;Pelican, puffin, toucan or similar non-junction pedestrian light crossing;Daylight;Fine no high winds;Dry;None;None;Urban;Yes;E01004661;1;1;Pedestrian;Female;17;4;Slight;Crossing on pedestrian crossing facility;Crossing from driver's nearside;Not car passenger;Not a bus or coach passenger;No / Not applicable;0;Cyclist;More deprived 10-20%;1;Car;No tow/articulation;Going ahead other;On main c'way - not in restricted lane;Approaching junction or waiting/parked at junction approach;None;None;Did not leave carriageway;None;Nearside;1;Not known;Female;-1;Data missing or out of range;-1;-1;-1;3;Urban area;3
2019010160716;527245;181512;-0.167456;51.518207;Metropolitan Police;Slight;1;2;31/01/2019;Thursday;12:20;Westminster;Westminster;A;5;Dual carriageway;30 MPH;Crossroads;Auto traffic signal;A;501;None within 50 metres ;Pelican, puffin, toucan or similar non-junction pedestrian light crossing;Daylight;Fine no high winds;Dry;None;None;Urban;Yes;E01004661;1;2;Pedestrian;Female;17;4;Slight;Crossing on pedestrian crossing facility;Crossing from driver's nearside;Not car passenger;Not a bus or coach passenger;No / Not applicable;0;Cyclist;More deprived 30-40%;1;Car;No tow/articulation;Going ahead other;On main c'way - not in restricted lane;Approaching junction or waiting/parked at junction approach;None;None;Did not leave carriageway;None;Nearside;1;Not known;Female;-1;Data missing or out of range;-1;-1;-1;3;Urban area;3
2019010160729;527723;168824;-0.165149;51.404071;Metropolitan Police;Fatal;1;1;31/01/2019;Thursday;13:12;Merton;Merton;A;217;Single carriageway;30 MPH;T or staggered junction;Give way or uncontrolled;Unclassified;0;None within 50 metres ;Pelican, puffin, toucan or similar non-junction pedestrian light crossing;Daylight;Fine no high winds;Dry;None;None;Urban;Yes;E01003379;1;1;Pedestrian;Male;18;4;Fatal;In carriageway, crossing elsewhere;Crossing from driver's nearside;Not car passenger;Not a bus or coach passenger;No / Not applicable;0;-1;Data missing or out of range;1;Bus or coach (17 or more pass seats);No tow/articulation;Going ahead other;Bus lane;Approaching junction or waiting/parked at junction approach;Skidded;None;Did not leave carriageway;None;Front;1;Not known;Male;62;56 - 65;9360;Heavy oil;8;2;Urban area;2
2019010160732;536924;173302;-0.031222;51.442167;Metropolitan Police;Slight;1;1;29/01/2019;Tuesday;16:00;Lewisham;Lewisham;A;205;Single carriageway;30 MPH;T or staggered junction;Give way or uncontrolled;Unclassified;0;None within 50 metres ;No physical crossing facilities within 50 metres;Daylight;Raining no high winds;Wet or damp;None;None;Urban;No - accident was reported using a self completion  form (self rep only);E01003321;1;1;Driver or rider;Male;40;7;Slight;Not a Pedestrian;Not a Pedestrian;Not car passenger;Not a bus or coach passenger;No / Not applicable;9;Cyclist;Less deprived 40-50%;1;Car;No tow/articulation;Data missing or out of range;Data missing or out of range;Data missing or out of range;Data missing or out of range;Data missing or out of range;Data missing or out of range;Data missing or out of range;Back;-1;Not known;Male;40;36 - 45;-1;-1;-1;6;Urban area;6
2019010160738;527279;184024;-0.166059;51.540775;Metropolitan Police;Slight;2;1;31/01/2019;Thursday;13:00;Camden;Camden;Unclassified;0;Dual carriageway;30 MPH;Other junction;Stop sign;Unclassified;0;Data missing or out of range;Data missing or out of range;Daylight;Fine no high winds;Dry;Data missing or out of range;Previous accident;Urban;No - accident was reported using a self completion  form (self rep only);E01000967;1;1;Driver or rider;Male;28;6;Slight;Not a Pedestrian;Not a Pedestrian;Not car passenger;Not a bus or coach passenger;No / Not applicable;3;Cyclist;More deprived 30-40%;1;Motorcycle 125cc and under;No tow/articulation;Data missing or out of range;Data missing or out of range;Data missing or out of range;Data missing or out of range;Data missing or out of range;Data missing or out of range;Data missing or out of range;Back;1;Commuting to/from work;Male;28;26 - 35;-1;-1;-1;4;Urban area;4
2019010160738;527279;184024;-0.166059;51.540775;Metropolitan Police;Slight;2;1;31/01/2019;Thursday;13:00;Camden;Camden;Unclassified;0;Dual carriageway;30 MPH;Other junction;Stop sign;Unclassified;0;Data missing or out of range;Data missing or out of range;Daylight;Fine no high winds;Dry;Data missing or out of range;Previous accident;Urban;No - accident was reported using a self completion  form (self rep only);E01000967;1;1;Driver or rider;Male;28;6;Slight;Not a Pedestrian;Not a Pedestrian;Not car passenger;Not a bus or coach passenger;No / Not applicable;3;Cyclist;More deprived 30-40%;2;Car;Data missing or out of range;Data missing or out of range;Data missing or out of range;Data missing or out of range;Data missing or out of range;Data missing or out of range;Data missing or out of range;Data missing or out of range;Front;-1;Not known;Not known;50;46 - 55;-1;-1;-1;7;Urban area;7
2019010160745;525068;177500;-0.200237;51.482636;Metropolitan Police;Serious;1;1;31/01/2019;Thursday;14:40;Hammersmith and Fulham;Hammersmith and Fulham;B;317;Single carriageway;20 MPH;Other junction;Give way or uncontrolled;Unclassified;0;None within 50 metres ;Zebra;Daylight;Fine no high winds;Dry;None;None;Urban;Yes;E01001884;1;1;Passenger;Female;72;10;Serious;Not a Pedestrian;Not a Pedestrian;Front seat passenger;Not a bus or coach passenger;No / Not applicable;9;-1;Data missing or out of range;1;Car;No tow/articulation;Reversing;On lay-by or hard shoulder;Approaching junction or waiting/parked at junction approach;None;None;Did not leave carriageway;None;Back;1;Not known;Male;66;66 - 75;-1;-1;-1;-1;Data missing or out of range;-1
2019010160747;533240;176719;-0.082911;51.473753;Metropolitan Police;Slight;2;1;31/01/2019;Thursday;16:20;Southwark;Southwark;A;202;Single carriageway;20 MPH;T or staggered junction;Data missing or out of range;Unclassified;0;None within 50 metres ;Pedestrian phase at traffic signal junction;Daylight;Fine no high winds;Dry;None;None;Urban;No - accident was reported using a self completion  form (self rep only);E01003914;1;1;Driver or rider;Male;28;6;Slight;Not a Pedestrian;Not a Pedestrian;Not car passenger;Not a bus or coach passenger;No / Not applicable;1;Cyclist;More deprived 30-40%;1;Pedal cycle;Data missing or out of range;Data missing or out of range;Data missing or out of range;Data missing or out of range;Data missing or out of range;Data missing or out of range;Data missing or out of range;Data missing or out of range;Back;1;Commuting to/from work;Male;28;26 - 35;-1;-1;-1;4;Urban area;4
2019010160747;533240;176719;-0.082911;51.473753;Metropolitan Police;Slight;2;1;31/01/2019;Thursday;16:20;Southwark;Southwark;A;202;Single carriageway;20 MPH;T or staggered junction;Data missing or out of range;Unclassified;0;None within 50 metres ;Pedestrian phase at traffic signal junction;Daylight;Fine no high winds;Dry;None;None;Urban;No - accident was reported using a self completion  form (self rep only);E01003914;1;1;Driver or rider;Male;28;6;Slight;Not a Pedestrian;Not a Pedestrian;Not car passenger;Not a bus or coach passenger;No / Not applicable;1;Cyclist;More deprived 30-40%;2;Car;No tow/articulation;Data missing or out of range;Data missing or out of range;Data missing or out of range;Data missing or out of range;Data missing or out of range;Data missing or out of range;Data missing or out of range;Front;-1;Not known;Not known;-1;Data missing or out of range;-1;-1;-1;2;Urban area;2
2019010160751;532633;184843;-0.088592;51.546903;Metropolitan Police;Serious;2;1;31/01/2019;Thursday;14:39;Islington;Islington;A;1199;Dual carriageway;20 MPH;Other junction;Stop sign;Unclassified;0;None within 50 metres ;No physical crossing facilities within 50 metres;Daylight;Fine no high winds;Dry;None;None;Urban;Yes;E01002776;1;1;Driver or rider;Male;15;3;Serious;Not a Pedestrian;Not a Pedestrian;Not car passenger;Not a bus or coach passenger;No / Not applicable;3;Cyclist;More deprived 40-50%;1;Motorcycle 125cc and under;No tow/articulation;Moving off;On main c'way - not in restricted lane;Approaching junction or waiting/parked at junction approach;None;None;Nearside;None;Front;1;Not known;Male;15;11 - 15;-1;-1;-1;5;Urban area;5
2019010160751;532633;184843;-0.088592;51.546903;Metropolitan Police;Serious;2;1;31/01/2019;Thursday;14:39;Islington;Islington;A;1199;Dual carriageway;20 MPH;Other junction;Stop sign;Unclassified;0;None within 50 metres ;No physical crossing facilities within 50 metres;Daylight;Fine no high winds;Dry;None;None;Urban;Yes;E01002776;1;1;Driver or rider;Male;15;3;Serious;Not a Pedestrian;Not a Pedestrian;Not car passenger;Not a bus or coach passenger;No / Not applicable;3;Cyclist;More deprived 40-50%;2;Goods 7.5 tonnes mgw and over;No tow/articulation;Going ahead other;On main c'way - not in restricted lane;Approaching junction or waiting/parked at junction approach;None;None;Did not leave carriageway;None;Nearside;1;Journey as part of work;Male;48;46 - 55;-1;-1;-1;3;Urban area;3
2019010160752;519337;178302;-0.28246;51.491081;Metropolitan Police;Slight;2;1;31/01/2019;Thursday;10:50;Hounslow;Hounslow;A;315;Roundabout;30 MPH;Roundabout;Auto traffic signal;A;205;Data missing or out of range;Pedestrian phase at traffic signal junction;Daylight;Fine no high winds;Wet or damp;None;None;Urban;No - accident was reported using a self completion  form (self rep only);E01002580;1;1;Driver or rider;Female;51;8;Slight;Not a Pedestrian;Not a Pedestrian;Not car passenger;Not a bus or coach passenger;No / Not applicable;9;Cyclist;Less deprived 40-50%;1;Car;No tow/articulation;Data missing or out of range;Data missing or out of range;Data missing or out of range;Data missing or out of range;Data missing or out of range;Data missing or out of range;Data missing or out of range;Back;-1;Not known;Female;51;46 - 55;-1;-1;-1;6;Urban area;6
2019010160752;519337;178302;-0.28246;51.491081;Metropolitan Police;Slight;2;1;31/01/2019;Thursday;10:50;Hounslow;Hounslow;A;315;Roundabout;30 MPH;Roundabout;Auto traffic signal;A;205;Data missing or out of range;Pedestrian phase at traffic signal junction;Daylight;Fine no high winds;Wet or damp;None;None;Urban;No - accident was reported using a self completion  form (self rep only);E01002580;1;1;Driver or rider;Female;51;8;Slight;Not a Pedestrian;Not a Pedestrian;Not car passenger;Not a bus or coach passenger;No / Not applicable;9;Cyclist;Less deprived 40-50%;2;Car;No tow/articulation;Data missing or out of range;Data missing or out of range;Data missing or out of range;Data missing or out of range;Data missing or out of range;Data missing or out of range;Data missing or out of range;Data missing or out of range;-1;Not known;Not known;-1;Data missing or out of range;-1;-1;-1;4;Urban area;4
2019010160761;526277;182465;-0.181058;51.526989;Metropolitan Police;Slight;2;1;30/01/2019;Wednesday;16:30;Westminster;Westminster;Unclassified;0;Single carriageway;30 MPH;Not at junction or within 20 metres;Data missing or out of range;-1;0;Data missing or out of range;Data missing or out of range;Daylight;Fine no high winds;Dry;None;None;Urban;No - accident was reported using a self completion  form (self rep only);E01004701;1;1;Driver or rider;Male;33;6;Slight;Not a Pedestrian;Not a Pedestrian;Not car passenger;Not a bus or coach passenger;No / Not applicable;9;Cyclist;More deprived 10-20%;1;Car;No tow/articulation;Waiting to go - held up;On main c'way - not in restricted lane;Not at or within 20 metres of junction;Data missing or out of range;Data missing or out of range;Did not leave carriageway;None;Back;-1;Not known;Male;33;26 - 35;-1;-1;-1;2;Urban area;2
2019010160761;526277;182465;-0.181058;51.526989;Metropolitan Police;Slight;2;1;30/01/2019;Wednesday;16:30;Westminster;Westminster;Unclassified;0;Single carriageway;30 MPH;Not at junction or within 20 metres;Data missing or out of range;-1;0;Data missing or out of range;Data missing or out of range;Daylight;Fine no high winds;Dry;None;None;Urban;No - accident was reported using a self completion  form (self rep only);E01004701;1;1;Driver or rider;Male;33;6;Slight;Not a Pedestrian;Not a Pedestrian;Not car passenger;Not a bus or coach passenger;No / Not applicable;9;Cyclist;More deprived 10-20%;2;Car;No tow/articulation;Slowing or stopping;On main c'way - not in restricted lane;Not at or within 20 metres of junction;None;None;Did not leave carriageway;None;Front;-1;Not known;Not known;-1;Data missing or out of range;-1;-1;-1;-1;Data missing or out of range;-1
2019010160763;525119;176379;-0.199899;51.47255;Metropolitan Police;Slight;1;1;29/01/2019;Tuesday;19:30;Hammersmith and Fulham;Hammersmith and Fulham;A;308;Dual carriageway;20 MPH;Not at junction or within 20 metres;Data missing or out of range;-1;0;None within 50 metres ;Zebra;Darkness - lights lit;Raining no high winds;Wet or damp;None;None;Urban;Yes;E01001925;1;1;Pedestrian;Female;53;8;Slight;Crossing on pedestrian crossing facility;Crossing from driver's nearside;Not car passenger;Not a bus or coach passenger;No / Not applicable;0;Cyclist;More deprived 10-20%;1;Van / Goods 3.5 tonnes mgw or under;No tow/articulation;Slowing or stopping;On main c'way - not in restricted lane;Not at or within 20 metres of junction;None;None;Did not leave carriageway;None;Did not impact;1;Not known;Male;44;36 - 45;-1;-1;-1;6;Urban area;6
2019010160766;533677;189080;-0.071936;51.584732;Metropolitan Police;Slight;1;1;31/01/2019;Thursday;17:32;Haringey;Haringey;A;10;Dual carriageway;30 MPH;Not at junction or within 20 metres;Data missing or out of range;-1;0;None within 50 metres ;Pelican, puffin, toucan or similar non-junction pedestrian light crossing;Darkness - lights lit;Fine no high winds;Dry;None;None;Urban;Yes;E01002069;1;1;Pedestrian;Female;50;8;Slight;Crossing on pedestrian crossing facility;Crossing from driver's nearside;Not car passenger;Not a bus or coach passenger;No / Not applicable;0;Cyclist;More deprived 10-20%;1;Car;No tow/articulation;Going ahead other;On main c'way - not in restricted lane;Not at or within 20 metres of junction;None;None;Offside on to central reservation;None;Front;1;Not known;Male;25;21 - 25;-1;-1;-1;2;Urban area;2
2019010160769;517782;185075;-0.302585;51.55228;Metropolitan Police;Slight;2;1;31/01/2019;Thursday;14:30;Brent;Brent;A;404;Slip road;30 MPH;T or staggered junction;Auto traffic signal;Unclassified;0;Data missing or out of range;Data missing or out of range;Daylight;Fog or mist;Wet or damp;None;None;Urban;No - accident was reported using a self completion  form (self rep only);E01000610;1;1;Driver or rider;Male;43;7;Slight;Not a Pedestrian;Not a Pedestrian;Not car passenger;Not a bus or coach passenger;No / Not applicable;9;Cyclist;More deprived 30-40%;1;Car;No tow/articulation;Data missing or out of range;Data missing or out of range;Data missing or out of range;Data missing or out of range;Data missing or out of range;Data missing or out of range;Data missing or out of range;Data missing or out of range;-1;Not known;Male;43;36 - 45;-1;-1;-1;4;Urban area;4
2019010160769;517782;185075;-0.302585;51.55228;Metropolitan Police;Slight;2;1;31/01/2019;Thursday;14:30;Brent;Brent;A;404;Slip road;30 MPH;T or staggered junction;Auto traffic signal;Unclassified;0;Data missing or out of range;Data missing or out of range;Daylight;Fog or mist;Wet or damp;None;None;Urban;No - accident was reported using a self completion  form (self rep only);E01000610;1;1;Driver or rider;Male;43;7;Slight;Not a Pedestrian;Not a Pedestrian;Not car passenger;Not a bus or coach passenger;No / Not applicable;9;Cyclist;More deprived 30-40%;2;Car;Data missing or out of range;Data missing or out of range;Data missing or out of range;Data missing or out of range;Data missing or out of range;Data missing or out of range;Data missing or out of range;Data missing or out of range;Front;-1;Not known;Not known;-1;Data missing or out of range;-1;-1;-1;3;Urban area;3
2019010160774;504044;176801;-0.503096;51.480608;Metropolitan Police;Slight;2;2;31/01/2019;Thursday;14:50;Hillingdon;Hillingdon;Motorway;25;Dual carriageway;70 MPH;Slip road;Give way or uncontrolled;Unclassified;0;None within 50 metres ;No physical crossing facilities within 50 metres;Daylight;Fine no high winds;Dry;None;None;Urban;Yes;E01002444;1;1;Driver or rider;Male;50;8;Slight;Not a Pedestrian;Not a Pedestrian;Not car passenger;Not a bus or coach passenger;No / Not applicable;19;Cyclist;More deprived 20-30%;1;Van / Goods 3.5 tonnes mgw or under;No tow/articulation;Going ahead other;On main c'way - not in restricted lane;Cleared junction or waiting/parked at junction exit;None;None;Did not leave carriageway;None;Back;1;Not known;Male;50;46 - 55;-1;-1;-1;3;Urban area;3
2019010160774;504044;176801;-0.503096;51.480608;Metropolitan Police;Slight;2;2;31/01/2019;Thursday;14:50;Hillingdon;Hillingdon;Motorway;25;Dual carriageway;70 MPH;Slip road;Give way or uncontrolled;Unclassified;0;None within 50 metres ;No physical crossing facilities within 50 metres;Daylight;Fine no high winds;Dry;None;None;Urban;Yes;E01002444;1;1;Driver or rider;Male;50;8;Slight;Not a Pedestrian;Not a Pedestrian;Not car passenger;Not a bus or coach passenger;No / Not applicable;19;Cyclist;More deprived 20-30%;2;Goods 7.5 tonnes mgw and over;Articulated vehicle;Going ahead other;On main c'way - not in restricted lane;Cleared junction or waiting/parked at junction exit;None;None;Did not leave carriageway;None;Front;2;Journey as part of work;Male;42;36 - 45;-1;-1;-1;-1;Data missing or out of range;-1
2019010160774;504044;176801;-0.503096;51.480608;Metropolitan Police;Slight;2;2;31/01/2019;Thursday;14:50;Hillingdon;Hillingdon;Motorway;25;Dual carriageway;70 MPH;Slip road;Give way or uncontrolled;Unclassified;0;None within 50 metres ;No physical crossing facilities within 50 metres;Daylight;Fine no high winds;Dry;None;None;Urban;Yes;E01002444;1;2;Passenger;Male;23;5;Slight;Not a Pedestrian;Not a Pedestrian;Not car passenger;Not a bus or coach passenger;No / Not applicable;19;Cyclist;More deprived 20-30%;1;Van / Goods 3.5 tonnes mgw or under;No tow/articulation;Going ahead other;On main c'way - not in restricted lane;Cleared junction or waiting/parked at junction exit;None;None;Did not leave carriageway;None;Back;1;Not known;Male;50;46 - 55;-1;-1;-1;3;Urban area;3
2019010160774;504044;176801;-0.503096;51.480608;Metropolitan Police;Slight;2;2;31/01/2019;Thursday;14:50;Hillingdon;Hillingdon;Motorway;25;Dual carriageway;70 MPH;Slip road;Give way or uncontrolled;Unclassified;0;None within 50 metres ;No physical crossing facilities within 50 metres;Daylight;Fine no high winds;Dry;None;None;Urban;Yes;E01002444;1;2;Passenger;Male;23;5;Slight;Not a Pedestrian;Not a Pedestrian;Not car passenger;Not a bus or coach passenger;No / Not applicable;19;Cyclist;More deprived 20-30%;2;Goods 7.5 tonnes mgw and over;Articulated vehicle;Going ahead other;On main c'way - not in restricted lane;Cleared junction or waiting/parked at junction exit;None;None;Did not leave carriageway;None;Front;2;Journey as part of work;Male;42;36 - 45;-1;-1;-1;-1;Data missing or out of range;-1
2019010160776;524232;166261;-0.216208;51.381811;Metropolitan Police;Slight;1;1;25/01/2019;Friday;19:40;Sutton;Sutton;A;24;Single carriageway;30 MPH;T or staggered junction;Give way or uncontrolled;Unclassified;0;None within 50 metres ;Data missing or out of range;Darkness - lights lit;Fine no high winds;Wet or damp;None;None;Urban;No - accident was reported using a self completion  form (self rep only);E01004134;1;1;Driver or rider;Male;24;5;Slight;Not a Pedestrian;Not a Pedestrian;Not car passenger;Not a bus or coach passenger;No / Not applicable;3;Cyclist;Less deprived 10-20%;1;Motorcycle 125cc and under;No tow/articulation;Data missing or out of range;Data missing or out of range;Data missing or out of range;Data missing or out of range;Data missing or out of range;Data missing or out of range;Data missing or out of range;Front;1;Not known;Male;24;21 - 25;-1;-1;-1;9;Urban area;9
2019010160777;549087;184556;0.148411;51.54022;Metropolitan Police;Slight;2;1;31/01/2019;Thursday;16:21;Barking and Dagenham;Barking and Dagenham;C;0;Single carriageway;30 MPH;More than 4 arms (not roundabout);Auto traffic signal;A;1240;None within 50 metres ;Pelican, puffin, toucan or similar non-junction pedestrian light crossing;Daylight;Fine no high winds;Dry;None;None;Urban;Yes;E01000085;1;1;Driver or rider;Male;30;6;Slight;Not a Pedestrian;Not a Pedestrian;Not car passenger;Not a bus or coach passenger;No / Not applicable;1;Cyclist;Most deprived 10%;1;Pedal cycle;No tow/articulation;Waiting to go - held up;On main c'way - not in restricted lane;Approaching junction or waiting/parked at junction approach;None;None;Did not leave carriageway;None;Front;1;Commuting to/from work;Male;30;26 - 35;-1;-1;-1;1;Urban area;1
2019010160777;549087;184556;0.148411;51.54022;Metropolitan Police;Slight;2;1;31/01/2019;Thursday;16:21;Barking and Dagenham;Barking and Dagenham;C;0;Single carriageway;30 MPH;More than 4 arms (not roundabout);Auto traffic signal;A;1240;None within 50 metres ;Pelican, puffin, toucan or similar non-junction pedestrian light crossing;Daylight;Fine no high winds;Dry;None;None;Urban;Yes;E01000085;1;1;Driver or rider;Male;30;6;Slight;Not a Pedestrian;Not a Pedestrian;Not car passenger;Not a bus or coach passenger;No / Not applicable;1;Cyclist;Most deprived 10%;2;Van / Goods 3.5 tonnes mgw or under;No tow/articulation;Waiting to go - held up;On main c'way - not in restricted lane;Approaching junction or waiting/parked at junction approach;None;None;Did not leave carriageway;None;Front;1;Not known;Not known;-1;Data missing or out of range;-1;-1;-1;-1;Data missing or out of range;-1
2019010160779;520722;189364;-0.258728;51.590206;Metropolitan Police;Slight;2;1;31/01/2019;Thursday;15:35;Brent;Brent;Unclassified;0;Single carriageway;30 MPH;Other junction;Give way or uncontrolled;Unclassified;0;None within 50 metres ;No physical crossing facilities within 50 metres;Daylight;Fine no high winds;Dry;None;None;Urban;Yes;E01000588;2;1;Driver or rider;Male;41;7;Slight;Not a Pedestrian;Not a Pedestrian;Not car passenger;Not a bus or coach passenger;No / Not applicable;19;-1;Data missing or out of range;1;Car;No tow/articulation;Turning left;On main c'way - not in restricted lane;Approaching junction or waiting/parked at junction approach;None;Parked vehicle;Did not leave carriageway;None;Front;1;Not known;Female;39;36 - 45;-1;-1;-1;4;Urban area;4