Accident_Index;Location_Easting_OSGR;Location_Northing_OSGR;Longitude;Latitude;Police_Force;Accident_Severity;Number_of_Vehicles;Number_of_Casualties;Date;Day_of_Week;Time;Local_Authority_(District);Local_Authority_(Highway);1st_Road_Class;1st_Road_Number;Road_Type;Speed_limit;Junction_Detail;Junction_Control;2nd_Road_Class;2nd_Road_Number;Pedestrian_Crossing-Human_Control;Pedestrian_Crossing-Physical_Facilities;Light_Conditions;Weather_Conditions;Road_Surface_Conditions;Special_Conditions_at_Site;Carriageway_Hazards;Urban_or_Rural_Area;Did_Police_Officer_Attend_Scene_of_Accident;LSOA_of_Accident_Location;Vehicle_Reference_x;Casualty_Reference;Casualty_Class;Sex_of_Casualty;Age_of_Casualty;Age_Band_of_Casualty;Casualty_Severity;Pedestrian_Location;Pedestrian_Movement;Car_Passenger;Bus_or_Coach_Passenger;Pedestrian_Road_Maintenance_Worker;Casualty_Type;Casualty_Home_Area_Type;Casualty_IMD_Decile;Vehicle_Reference_y;Vehicle_Type;Towing_and_Articulation;Vehicle_Manoeuvre;Vehicle_Location-Restricted_Lane;Junction_Location;Skidding_and_Overturning;Hit_Object_in_Carriageway;Vehicle_Leaving_Carriageway;Hit_Object_off_Carriageway;1st_Point_of_Impact;Was_Vehicle_Left_Hand_Drive?;Journey_Purpose_of_Driver;Sex_of_Driver;Age_of_Driver;Age_Band_of_Driver;Engine_Capacity_(CC);Propulsion_Code;Age_of_Vehicle;Driver_IMD_Decile;Driver_Home_Area_Type;Vehicle_IMD_Decile
2019010160779;520722;189364;-0.258728;51.590206;Metropolitan Police;Slight;2;1;31/01/2019;Thursday;15:35;Brent;Brent;Unclassified;0;Single carriageway;30 MPH;Other junction;Give way or uncontrolled;Unclassified;0;None within 50 metres ;No physical crossing facilities within 50 metres;Daylight;Fine no high winds;Dry;None;None;Urban;Yes;E01000588;2;1;Driver or rider;Male;41;7;Slight;Not a Pedestrian;Not a Pedestrian;Not car passenger;Not a bus or coach passenger;No / Not applicable;19;-1;Data missing or out of range;2;Van / Goods 3.5 tonnes mgw or under;Other tow;Going ahead other;On main c'way - not in restricted lane;Mid Junction - on roundabout or on main road;None;None;Did not leave carriageway;None;Did not impact;1;Journey as part of work;Male;41;36 - 45;-1;-1;-1;-1;Data missing or out of range;-1
2019010160780;535060;185665;-0.053297;51.553714;Metropolitan Police;Slight;2;1;31/01/2019;Thursday;20:37;Hackney;Hackney;A;107;Single carriageway;20 MPH;T or staggered junction;Give way or uncontrolled;Unclassified;0;None within 50 metres ;No physical crossing facilities within 50 metres;Darkness - lights lit;Raining no high winds;Wet or damp;None;None;Urban;Yes;E01001795;2;1;Driver or rider;Male;57;9;Slight;Not a Pedestrian;Not a Pedestrian;Not car passenger;Not a bus or coach passenger;No / Not applicable;1;Cyclist;Most deprived 10%;1;Car;No tow/articulation;Going ahead other;Bus lane;Cleared junction or waiting/parked at junction exit;None;None;Did not leave carriageway;None;Nearside;1;Not known;Female;21;21 - 25;-1;-1;-1;2;Urban area;2
2019010160780;535060;185665;-0.053297;51.553714;Metropolitan Police;Slight;2;1;31/01/2019;Thursday;20:37;Hackney;Hackney;A;107;Single carriageway;20 MPH;T or staggered junction;Give way or uncontrolled;Unclassified;0;None within 50 metres ;No physical crossing facilities within 50 metres;Darkness - lights lit;Raining no high winds;Wet or damp;None;None;Urban;Yes;E01001795;2;1;Driver or rider;Male;57;9;Slight;Not a Pedestrian;Not a Pedestrian;Not car passenger;Not a bus or coach passenger;No / Not applicable;1;Cyclist;Most deprived 10%;2;Pedal cycle;No tow/articulation;Going ahead other;On main c'way - not in restricted lane;Approaching junction or waiting/parked at junction approach;None;None;Did not leave carriageway;None;Front;1;Not known;Male;57;56 - 65;-1;-1;-1;1;Urban area;1
2019010160785;525834;193712;-0.183415;51.628163;Metropolitan Police;Serious;2;2;31/01/2019;Thursday;19:50;Barnet;Barnet;Unclassified;0;Single carriageway;30 MPH;Other junction;Give way or uncontrolled;Unclassified;0;None within 50 metres ;No physical crossing facilities within 50 metres;Darkness - lights lit;Snowing no high winds;Frost or ice;None;None;Urban;Yes;E01000282;1;1;Driver or rider;Male;25;5;Serious;Not a Pedestrian;Not a Pedestrian;Not car passenger;Not a bus or coach passenger;No / Not applicable;9;Cyclist;Less deprived 30-40%;1;Car;No tow/articulation;U-turn;On main c'way - not in restricted lane;Approaching junction or waiting/parked at junction approach;None;None;Did not leave carriageway;None;Front;1;Not known;Male;25;21 - 25;-1;-1;-1;7;Urban area;7
2019010160785;525834;193712;-0.183415;51.628163;Metropolitan Police;Serious;2;2;31/01/2019;Thursday;19:50;Barnet;Barnet;Unclassified;0;Single carriageway;30 MPH;Other junction;Give way or uncontrolled;Unclassified;0;None within 50 metres ;No physical crossing facilities within 50 metres;Darkness - lights lit;Snowing no high winds;Frost or ice;None;None;Urban;Yes;E01000282;1;1;Driver or rider;Male;25;5;Serious;Not a Pedestrian;Not a Pedestrian;Not car passenger;Not a bus or coach passenger;No / Not applicable;9;Cyclist;Less deprived 30-40%;2;Car;No tow/articulation;U-turn;On main c'way - not in restricted lane;Cleared junction or waiting/parked at junction exit;None;None;Did not leave carriageway;None;Offside;1;Not known;Female;34;26 - 35;-1;-1;-1;1;Urban area;1
2019010160785;525834;193712;-0.183415;51.628163;Metropolitan Police;Serious;2;2;31/01/2019;Thursday;19:50;Barnet;Barnet;Unclassified;0;Single carriageway;30 MPH;Other junction;Give way or uncontrolled;Unclassified;0;None within 50 metres ;No physical crossing facilities within 50 metres;Darkness - lights lit;Snowing no high winds;Frost or ice;None;None;Urban;Yes;E01000282;2;2;Driver or rider;Female;34;6;Serious;Not a Pedestrian;Not a Pedestrian;Not car passenger;Not a bus or coach passenger;No / Not applicable;9;Cyclist;Most deprived 10%;1;Car;No tow/articulation;U-turn;On main c'way - not in restricted lane;Approaching junction or waiting/parked at junction approach;None;None;Did not leave carriageway;None;Front;1;Not known;Male;25;21 - 25;-1;-1;-1;7;Urban area;7
2019010160785;525834;193712;-0.183415;51.628163;Metropolitan Police;Serious;2;2;31/01/2019;Thursday;19:50;Barnet;Barnet;Unclassified;0;Single carriageway;30 MPH;Other junction;Give way or uncontrolled;Unclassified;0;None within 50 metres ;No physical crossing facilities within 50 metres;Darkness - lights lit;Snowing no high winds;Frost or ice;None;None;Urban;Yes;E01000282;2;2;Driver or rider;Female;34;6;Serious;Not a Pedestrian;Not a Pedestrian;Not car passenger;Not a bus or coach passenger;No / Not applicable;9;Cyclist;Most deprived 10%;2;Car;No tow/articulation;U-turn;On main c'way - not in restricted lane;Cleared junction or waiting/parked at junction exit;None;None;Did not leave carriageway;None;Offside;1;Not known;Female;34;26 - 35;-1;-1;-1;1;Urban area;1
2019010160788;539331;188469;0.009378;51.577873;Metropolitan Police;Serious;2;1;31/01/2019;Thursday;19:25;Waltham Forest;Waltham Forest;A;114;Single carriageway;40 MPH;T or staggered junction;Give way or uncontrolled;Unclassified;0;Control by other authorised person;Pelican, puffin, toucan or similar non-junction pedestrian light crossing;Darkness - lights lit;Fine + high winds;Wet or damp;None;Other object on road;Rural;Yes;E01004366;2;1;Driver or rider;Male;36;7;Serious;Not a Pedestrian;Not a Pedestrian;Not car passenger;Not a bus or coach passenger;No / Not applicable;2;Cyclist;More deprived 20-30%;1;Car;No tow/articulation;Turning right;On main c'way - not in restricted lane;Approaching junction or waiting/parked at junction approach;None;None;Did not leave carriageway;None;Front;1;Not known;Male;61;56 - 65;-1;-1;-1;5;Urban area;5
2019010160788;539331;188469;0.009378;51.577873;Metropolitan Police;Serious;2;1;31/01/2019;Thursday;19:25;Waltham Forest;Waltham Forest;A;114;Single carriageway;40 MPH;T or staggered junction;Give way or uncontrolled;Unclassified;0;Control by other authorised person;Pelican, puffin, toucan or similar non-junction pedestrian light crossing;Darkness - lights lit;Fine + high winds;Wet or damp;None;Other object on road;Rural;Yes;E01004366;2;1;Driver or rider;Male;36;7;Serious;Not a Pedestrian;Not a Pedestrian;Not car passenger;Not a bus or coach passenger;No / Not applicable;2;Cyclist;More deprived 20-30%;2;Motorcycle 50cc and under;No tow/articulation;Going ahead other;On main c'way - not in restricted lane;Approaching junction or waiting/parked at junction approach;None;None;Did not leave carriageway;None;Front;1;Not known;Male;36;36 - 45;-1;-1;-1;3;Urban area;3
2019010160794;532178;168272;-0.101344;51.398091;Metropolitan Police;Slight;2;1;31/01/2019;Thursday;06:40;Croydon;Croydon;B;266;Roundabout;20 MPH;Roundabout;Give way or uncontrolled;C;0;Data missing or out of range;Zebra;Darkness - lights lit;Fine no high winds;Dry;None;None;Urban;No - accident was reported using a self completion  form (self rep only);E01001000;1;1;Driver or rider;Female;57;9;Slight;Not a Pedestrian;Not a Pedestrian;Not car passenger;Not a bus or coach passenger;No / Not applicable;9;Cyclist;More deprived 30-40%;1;Car;No tow/articulation;Data missing or out of range;Data missing or out of range;Data missing or out of range;Data missing or out of range;Data missing or out of range;Data missing or out of range;Data missing or out of range;Nearside;-1;Commuting to/from work;Female;57;56 - 65;-1;-1;-1;4;Urban area;4
2019010160794;532178;168272;-0.101344;51.398091;Metropolitan Police;Slight;2;1;31/01/2019;Thursday;06:40;Croydon;Croydon;B;266;Roundabout;20 MPH;Roundabout;Give way or uncontrolled;C;0;Data missing or out of range;Zebra;Darkness - lights lit;Fine no high winds;Dry;None;None;Urban;No - accident was reported using a self completion  form (self rep only);E01001000;1;1;Driver or rider;Female;57;9;Slight;Not a Pedestrian;Not a Pedestrian;Not car passenger;Not a bus or coach passenger;No / Not applicable;9;Cyclist;More deprived 30-40%;2;Car;No tow/articulation;Data missing or out of range;Data missing or out of range;Data missing or out of range;Data missing or out of range;Data missing or out of range;Data missing or out of range;Data missing or out of range;Data missing or out of range;-1;Not known;Not known;-1;Data missing or out of range;-1;-1;-1;-1;Data missing or out of range;-1
2019010160799;522425;179376;-0.23763;51.500074;Metropolitan Police;Slight;1;1;31/01/2019;Thursday;23:15;Hammersmith and Fulham;Hammersmith and Fulham;A;402;Single carriageway;30 MPH;Mini-roundabout;Give way or uncontrolled;B;408;None within 50 metres ;Zebra;Darkness - lights lit;Snowing no high winds;Snow;None;None;Urban;Yes;E01001858;1;1;Pedestrian;Male;23;5;Slight;Crossing on pedestrian crossing facility;Crossing from driver's offside;Not car passenger;Not a bus or coach passenger;No / Not applicable;0;Cyclist;More deprived 40-50%;1;Car;No tow/articulation;Going ahead other;On main c'way - not in restricted lane;Cleared junction or waiting/parked at junction exit;Skidded;None;Did not leave carriageway;None;Front;1;Commuting to/from work;Male;57;56 - 65;-1;-1;-1;7;Urban area;7
2019010160802;536072;189061;-0.037396;51.583988;Metropolitan Police;Slight;2;1;31/01/2019;Thursday;19:40;Waltham Forest;Waltham Forest;A;1006;Single carriageway;20 MPH;T or staggered junction;Data missing or out of range;Unclassified;0;None within 50 metres ;Zebra;Daylight;Fine no high winds;Wet or damp;None;None;Urban;No - accident was reported using a self completion  form (self rep only);E01004391;1;1;Driver or rider;Male;27;6;Slight;Not a Pedestrian;Not a Pedestrian;Not car passenger;Not a bus or coach passenger;No / Not applicable;1;Cyclist;More deprived 20-30%;1;Pedal cycle;Data missing or out of range;Data missing or out of range;Data missing or out of range;Data missing or out of range;Data missing or out of range;Data missing or out of range;Data missing or out of range;Data missing or out of range;Front;1;Commuting to/from work;Male;27;26 - 35;-1;-1;-1;3;Urban area;3
2019010160802;536072;189061;-0.037396;51.583988;Metropolitan Police;Slight;2;1;31/01/2019;Thursday;19:40;Waltham Forest;Waltham Forest;A;1006;Single carriageway;20 MPH;T or staggered junction;Data missing or out of range;Unclassified;0;None within 50 metres ;Zebra;Daylight;Fine no high winds;Wet or damp;None;None;Urban;No - accident was reported using a self completion  form (self rep only);E01004391;1;1;Driver or rider;Male;27;6;Slight;Not a Pedestrian;Not a Pedestrian;Not car passenger;Not a bus or coach passenger;No / Not applicable;1;Cyclist;More deprived 20-30%;2;Car;No tow/articulation;Data missing or out of range;Data missing or out of range;Data missing or out of range;Data missing or out of range;Data missing or out of range;Data missing or out of range;Data missing or out of range;Data missing or out of range;-1;Not known;Not known;26;26 - 35;-1;-1;-1;4;Urban area;4
2019010160805;535962;195070;-0.036654;51.638011;Metropolitan Police;Slight;2;1;31/01/2019;Thursday;22:10;Enfield;Enfield;A;1055;Single carriageway;40 MPH;T or staggered junction;Auto traffic signal;C;0;None within 50 metres ;No physical crossing facilities within 50 metres;Darkness - lights lit;Fine no high winds;Wet or damp;None;None;Rural;Yes;E01001477;1;1;Passenger;Female;26;6;Slight;Not a Pedestrian;Not a Pedestrian;Front seat passenger;Not a bus or coach passenger;No / Not applicable;9;Cyclist;More deprived 30-40%;1;Car;No tow/articulation;Going ahead other;On main c'way - not in restricted lane;Cleared junction or waiting/parked at junction exit;None;None;Did not leave carriageway;None;Offside;1;Not known;Male;26;26 - 35;-1;-1;-1;4;Urban area;4
2019010160805;535962;195070;-0.036654;51.638011;Metropolitan Police;Slight;2;1;31/01/2019;Thursday;22:10;Enfield;Enfield;A;1055;Single carriageway;40 MPH;T or staggered junction;Auto traffic signal;C;0;None within 50 metres ;No physical crossing facilities within 50 metres;Darkness - lights lit;Fine no high winds;Wet or damp;None;None;Rural;Yes;E01001477;1;1;Passenger;Female;26;6;Slight;Not a Pedestrian;Not a Pedestrian;Front seat passenger;Not a bus or coach passenger;No / Not applicable;9;Cyclist;More deprived 30-40%;2;Car;No tow/articulation;Overtaking moving vehicle - offside;On main c'way - not in restricted lane;Mid Junction - on roundabout or on main road;None;None;Did not leave carriageway;None;Nearside;1;Not known;Not known;38;36 - 45;-1;-1;-1;3;Urban area;3
2019010160811;531321;177851;-0.110106;51.484375;Metropolitan Police;Slight;2;1;05/01/2019;Saturday;21:08;Lambeth;Lambeth;A;3;Single carriageway;20 MPH;T or staggered junction;Auto traffic signal;A;23;None within 50 metres ;Pedestrian phase at traffic signal junction;Darkness - lights lit;Unknown;Data missing or out of range;Data missing or out of range;None;Urban;No - accident was reported using a self completion  form (self rep only);E01003099;1;1;Driver or rider;Female;29;6;Slight;Not a Pedestrian;Not a Pedestrian;Not car passenger;Not a bus or coach passenger;No / Not applicable;9;Cyclist;Most deprived 10%;1;Car;No tow/articulation;Changing lane to right;On main c'way - not in restricted lane;Approaching junction or waiting/parked at junction approach;None;None;Did not leave carriageway;None;Back;1;Not known;Female;29;26 - 35;-1;-1;-1;1;Urban area;1
2019010160811;531321;177851;-0.110106;51.484375;Metropolitan Police;Slight;2;1;05/01/2019;Saturday;21:08;Lambeth;Lambeth;A;3;Single carriageway;20 MPH;T or staggered junction;Auto traffic signal;A;23;None within 50 metres ;Pedestrian phase at traffic signal junction;Darkness - lights lit;Unknown;Data missing or out of range;Data missing or out of range;None;Urban;No - accident was reported using a self completion  form (self rep only);E01003099;1;1;Driver or rider;Female;29;6;Slight;Not a Pedestrian;Not a Pedestrian;Not car passenger;Not a bus or coach passenger;No / Not applicable;9;Cyclist;Most deprived 10%;2;Car;No tow/articulation;Going ahead other;On main c'way - not in restricted lane;Approaching junction or waiting/parked at junction approach;None;None;Did not leave carriageway;None;Front;-1;Not known;Not known;-1;Data missing or out of range;-1;-1;-1;-1;Data missing or out of range;-1
2019010160813;537492;182903;-0.019318;51.528308;Metropolitan Police;Slight;1;1;01/02/2019;Friday;00:50;Tower Hamlets;Tower Hamlets;A;11;Single carriageway;30 MPH;More than 4 arms (not roundabout);Auto traffic signal;B;142;None within 50 metres ;Pedestrian phase at traffic signal junction;Darkness - lighting unknown;Snowing no high winds;Wet or damp;None;None;Urban;Yes;E01004225;1;1;Pedestrian;Male;29;6;Slight;Crossing elsewhere within 50m. of pedestrian crossing;Crossing from driver's offside;Not car passenger;Not a bus or coach passenger;No / Not applicable;0;Cyclist;Most deprived 10%;1;Bus or coach (17 or more pass seats);No tow/articulation;Turning left;Bus lane;Leaving main road;None;None;Did not leave carriageway;None;Front;1;Journey as part of work;Male;44;36 - 45;-1;-1;-1;2;Urban area;2
2019010160814;531546;186858;-0.103506;51.565265;Metropolitan Police;Slight;1;2;31/01/2019;Thursday;11:15;Hackney;Hackney;A;503;Single carriageway;20 MPH;T or staggered junction;Auto traffic signal;Unclassified;0;None within 50 metres ;Data missing or out of range;Daylight;Fine no high winds;Dry;None;None;Urban;No - accident was reported using a self completion  form (self rep only);E01001718;1;1;Driver or rider;Male;34;6;Slight;Not a Pedestrian;Not a Pedestrian;Not car passenger;Not a bus or coach passenger;No / Not applicable;3;Cyclist;Less deprived 10-20%;1;Motorcycle 125cc and under;No tow/articulation;Data missing or out of range;Data missing or out of range;Data missing or out of range;Data missing or out of range;Data missing or out of range;Data missing or out of range;Data missing or out of range;Front;1;Not known;Male;34;26 - 35;-1;-1;-1;9;Urban area;9
2019010160814;531546;186858;-0.103506;51.565265;Metropolitan Police;Slight;1;2;31/01/2019;Thursday;11:15;Hackney;Hackney;A;503;Single carriageway;20 MPH;T or staggered junction;Auto traffic signal;Unclassified;0;None within 50 metres ;Data missing or out of range;Daylight;Fine no high winds;Dry;None;None;Urban;No - accident was reported using a self completion  form (self rep only);E01001718;1;2;Pedestrian;Male;27;6;Slight;Unknown or other;Unknown or other;Not car passenger;Not a bus or coach passenger;No / Not applicable;0;Cyclist;More deprived 10-20%;1;Motorcycle 125cc and under;No tow/articulation;Data missing or out of range;Data missing or out of range;Data missing or out of range;Data missing or out of range;Data missing or out of range;Data missing or out of range;Data missing or out of range;Front;1;Not known;Male;34;26 - 35;-1;-1;-1;9;Urban area;9
2019010160815;531872;175777;-0.102948;51.465608;Metropolitan Police;Slight;2;1;31/01/2019;Thursday;22:15;Lambeth;Lambeth;A;2217;Single carriageway;30 MPH;Crossroads;Auto traffic signal;B;222;None within 50 metres ;Pedestrian phase at traffic signal junction;Darkness - lighting unknown;Snowing no high winds;Wet or damp;Data missing or out of range;None;Urban;No - accident was reported using a self completion  form (self rep only);E01003051;1;1;Driver or rider;Male;50;8;Slight;Not a Pedestrian;Not a Pedestrian;Not car passenger;Not a bus or coach passenger;No / Not applicable;8;Cyclist;More deprived 10-20%;1;Taxi/Private hire car;No tow/articulation;Data missing or out of range;Data missing or out of range;Data missing or out of range;Data missing or out of range;Data missing or out of range;Data missing or out of range;Data missing or out of range;Front;-1;Not known;Male;50;46 - 55;-1;-1;-1;2;Urban area;2
2019010160815;531872;175777;-0.102948;51.465608;Metropolitan Police;Slight;2;1;31/01/2019;Thursday;22:15;Lambeth;Lambeth;A;2217;Single carriageway;30 MPH;Crossroads;Auto traffic signal;B;222;None within 50 metres ;Pedestrian phase at traffic signal junction;Darkness - lighting unknown;Snowing no high winds;Wet or damp;Data missing or out of range;None;Urban;No - accident was reported using a self completion  form (self rep only);E01003051;1;1;Driver or rider;Male;50;8;Slight;Not a Pedestrian;Not a Pedestrian;Not car passenger;Not a bus or coach passenger;No / Not applicable;8;Cyclist;More deprived 10-20%;2;Car;Data missing or out of range;Data missing or out of range;Data missing or out of range;Data missing or out of range;Data missing or out of range;Data missing or out of range;Data missing or out of range;Data missing or out of range;Data missing or out of range;-1;Not known;Not known;-1;Data missing or out of range;-1;-1;-1;-1;Data missing or out of range;-1
2019010160816;538701;173120;-0.005741;51.4401;Metropolitan Police;Slight;4;1;01/02/2019;Friday;00:55;Lewisham;Lewisham;Unclassified;0;Single carriageway;20 MPH;Not at junction or within 20 metres;Data missing or out of range;-1;0;None within 50 metres ;No physical crossing facilities within 50 metres;Darkness - lights lit;Snowing no high winds;Snow;None;None;Urban;Yes;E01003217;1;1;Driver or rider;Female;23;5;Slight;Not a Pedestrian;Not a Pedestrian;Not car passenger;Not a bus or coach passenger;No / Not applicable;9;Cyclist;More deprived 40-50%;1;Car;No tow/articulation;Going ahead other;On main c'way - not in restricted lane;Not at or within 20 metres of junction;Skidded;Parked vehicle;Did not leave carriageway;None;Front;1;Not known;Female;23;21 - 25;-1;-1;-1;5;Urban area;5
2019010160816;538701;173120;-0.005741;51.4401;Metropolitan Police;Slight;4;1;01/02/2019;Friday;00:55;Lewisham;Lewisham;Unclassified;0;Single carriageway;20 MPH;Not at junction or within 20 metres;Data missing or out of range;-1;0;None within 50 metres ;No physical crossing facilities within 50 metres;Darkness - lights lit;Snowing no high winds;Snow;None;None;Urban;Yes;E01003217;1;1;Driver or rider;Female;23;5;Slight;Not a Pedestrian;Not a Pedestrian;Not car passenger;Not a bus or coach passenger;No / Not applicable;9;Cyclist;More deprived 40-50%;2;Car;No tow/articulation;Parked;On main c'way - not in restricted lane;Not at or within 20 metres of junction;None;None;Did not leave carriageway;None;Front;1;Not known;Not known;-1;Data missing or out of range;-1;-1;-1;-1;Data missing or out of range;-1
2019010160816;538701;173120;-0.005741;51.4401;Metropolitan Police;Slight;4;1;01/02/2019;Friday;00:55;Lewisham;Lewisham;Unclassified;0;Single carriageway;20 MPH;Not at junction or within 20 metres;Data missing or out of range;-1;0;None within 50 metres ;No physical crossing facilities within 50 metres;Darkness - lights lit;Snowing no high winds;Snow;None;None;Urban;Yes;E01003217;1;1;Driver or rider;Female;23;5;Slight;Not a Pedestrian;Not a Pedestrian;Not car passenger;Not a bus or coach passenger;No / Not applicable;9;Cyclist;More deprived 40-50%;3;Car;No tow/articulation;Parked;On main c'way - not in restricted lane;Not at or within 20 metres of junction;None;None;Did not leave carriageway;None;Back;1;Not known;Not known;-1;Data missing or out of range;-1;-1;-1;-1;Data missing or out of range;-1
2019010160816;538701;173120;-0.005741;51.4401;Metropolitan Police;Slight;4;1;01/02/2019;Friday;00:55;Lewisham;Lewisham;Unclassified;0;Single carriageway;20 MPH;Not at junction or within 20 metres;Data missing or out of range;-1;0;None within 50 metres ;No physical crossing facilities within 50 metres;Darkness - lights lit;Snowing no high winds;Snow;None;None;Urban;Yes;E01003217;1;1;Driver or rider;Female;23;5;Slight;Not a Pedestrian;Not a Pedestrian;Not car passenger;Not a bus or coach passenger;No / Not applicable;9;Cyclist;More deprived 40-50%;4;Car;No tow/articulation;Parked;On main c'way - not in restricted lane;Not at or within 20 metres of junction;None;None;Did not leave carriageway;None;Nearside;1;Not known;Not known;-1;Data missing or out of range;-1;-1;-1;-1;Data missing or out of range;-1
2019010160817;530722;177236;-0.118955;51.478986;Metropolitan Police;Slight;2;1;01/02/2019;Friday;00:10;Lambeth;Lambeth;Unclassified;0;Single carriageway;20 MPH;Crossroads;Give way or uncontrolled;Unclassified;0;None within 50 metres ;No physical crossing facilities within 50 metres;Darkness - lights lit;Snowing no high winds;Wet or damp;None;None;Urban;Yes;E01003098;1;1;Driver or rider;Male;29;6;Slight;Not a Pedestrian;Not a Pedestrian;Not car passenger;Not a bus or coach passenger;No / Not applicable;3;Cyclist;Less deprived 40-50%;1;Motorcycle 125cc and under;No tow/articulation;Going ahead other;On main c'way - not in restricted lane;Mid Junction - on roundabout or on main road;None;None;Did not leave carriageway;None;Offside;1;Not known;Male;29;26 - 35;-1;-1;-1;6;Urban area;6
2019010160817;530722;177236;-0.118955;51.478986;Metropolitan Police;Slight;2;1;01/02/2019;Friday;00:10;Lambeth;Lambeth;Unclassified;0;Single carriageway;20 MPH;Crossroads;Give way or uncontrolled;Unclassified;0;None within 50 metres ;No physical crossing facilities within 50 metres;Darkness - lights lit;Snowing no high winds;Wet or damp;None;None;Urban;Yes;E01003098;1;1;Driver or rider;Male;29;6;Slight;Not a Pedestrian;Not a Pedestrian;Not car passenger;Not a bus or coach passenger;No / Not applicable;3;Cyclist;Less deprived 40-50%;2;Car;No tow/articulation;Going ahead other;On main c'way - not in restricted lane;Mid Junction - on roundabout or on main road;None;None;Did not leave carriageway;None;Front;1;Not known;Not known;-1;Data missing or out of range;-1;-1;-1;-1;Data missing or out of range;-1
2019010160819;545551;167861;0.09059;51.391128;Metropolitan Police;Slight;2;1;31/01/2019;Thursday;22:56;Bromley;Bromley;C;0;Roundabout;30 MPH;Roundabout;Give way or uncontrolled;A;208;None within 50 metres ;No physical crossing facilities within 50 metres;Darkness - lights lit;Snowing no high winds;Snow;None;None;Urban;Yes;E01000815;2;1;Driver or rider;Female;25;5;Slight;Not a Pedestrian;Not a Pedestrian;Not car passenger;Not a bus or coach passenger;No / Not applicable;9;Cyclist;More deprived 30-40%;1;Car;No tow/articulation;Going ahead other;On main c'way - not in restricted lane;Entering roundabout;Skidded;None;Did not leave carriageway;None;Front;1;Not known;Male;71;66 - 75;-1;-1;-1;10;Urban area;10
2019010160819;545551;167861;0.09059;51.391128;Metropolitan Police;Slight;2;1;31/01/2019;Thursday;22:56;Bromley;Bromley;C;0;Roundabout;30 MPH;Roundabout;Give way or uncontrolled;A;208;None within 50 metres ;No physical crossing facilities within 50 metres;Darkness - lights lit;Snowing no high winds;Snow;None;None;Urban;Yes;E01000815;2;1;Driver or rider;Female;25;5;Slight;Not a Pedestrian;Not a Pedestrian;Not car passenger;Not a bus or coach passenger;No / Not applicable;9;Cyclist;More deprived 30-40%;2;Car;No tow/articulation;Going ahead other;On main c'way - not in restricted lane;Mid Junction - on roundabout or on main road;None;None;Did not leave carriageway;None;Nearside;1;Not known;Female;25;21 - 25;-1;-1;-1;4;Urban area;4
2019010160824;534610;186811;-0.059346;51.56412;Metropolitan Police;Slight;2;1;01/02/2019;Friday;06:45;Hackney;Hackney;A;107;Dual carriageway;20 MPH;Not at junction or within 20 metres;Data missing or out of range;-1;0;None within 50 metres ;No physical crossing facilities within 50 metres;Darkness - lights lit;Snowing + high winds;Snow;None;None;Urban;Yes;E01001722;2;1;Driver or rider;Male;48;8;Slight;Not a Pedestrian;Not a Pedestrian;Not car passenger;Not a bus or coach passenger;No / Not applicable;1;Cyclist;More deprived 20-30%;1;Van / Goods 3.5 tonnes mgw or under;No tow/articulation;Moving off;On main c'way - not in restricted lane;Not at or within 20 metres of junction;None;None;Did not leave carriageway;None;Nearside;1;Commuting to/from work;Male;35;26 - 35;-1;-1;-1;2;Urban area;2
2019010160824;534610;186811;-0.059346;51.56412;Metropolitan Police;Slight;2;1;01/02/2019;Friday;06:45;Hackney;Hackney;A;107;Dual carriageway;20 MPH;Not at junction or within 20 metres;Data missing or out of range;-1;0;None within 50 metres ;No physical crossing facilities within 50 metres;Darkness - lights lit;Snowing + high winds;Snow;None;None;Urban;Yes;E01001722;2;1;Driver or rider;Male;48;8;Slight;Not a Pedestrian;Not a Pedestrian;Not car passenger;Not a bus or coach passenger;No / Not applicable;1;Cyclist;More deprived 20-30%;2;Pedal cycle;No tow/articulation;Moving off;On main c'way - not in restricted lane;Not at or within 20 metres of junction;Skidded;None;Did not leave carriageway;None;Front;1;Journey as part of work;Male;48;46 - 55;-1;-1;-1;3;Urban area;3
2019010160826;534202;176888;-0.069004;51.475045;Metropolitan Police;Slight;1;1;23/01/2019;Wednesday;09:00;Southwark;Southwark;B;215;Single carriageway;30 MPH;T or staggered junction;Give way or uncontrolled;Unclassified;0;Data missing or out of range;Data missing or out of range;Daylight;Unknown;Data missing or out of range;None;None;Urban;No - accident was reported using a self completion  form (self rep only);E01004010;1;1;Pedestrian;Female;33;6;Slight;On footway or verge;Unknown or other;Not car passenger;Not a bus or coach passenger;No / Not applicable;0;Cyclist;More deprived 10-20%;1;Car;No tow/articulation;Reversing;On main c'way - not in restricted lane;Approaching junction or waiting/parked at junction approach;None;None;Did not leave carriageway;None;Data missing or out of range;-1;Not known;Female;-1;Data missing or out of range;-1;-1;-1;3;Urban area;3