Accident_Index;Location_Easting_OSGR;Location_Northing_OSGR;Longitude;Latitude;Police_Force;Accident_Severity;Number_of_Vehicles;Number_of_Casualties;Date;Day_of_Week;Time;Local_Authority_(District);Local_Authority_(Highway);1st_Road_Class;1st_Road_Number;Road_Type;Speed_limit;Junction_Detail;Junction_Control;2nd_Road_Class;2nd_Road_Number;Pedestrian_Crossing-Human_Control;Pedestrian_Crossing-Physical_Facilities;Light_Conditions;Weather_Conditions;Road_Surface_Conditions;Special_Conditions_at_Site;Carriageway_Hazards;Urban_or_Rural_Area;Did_Police_Officer_Attend_Scene_of_Accident;LSOA_of_Accident_Location;Vehicle_Reference_x;Casualty_Reference;Casualty_Class;Sex_of_Casualty;Age_of_Casualty;Age_Band_of_Casualty;Casualty_Severity;Pedestrian_Location;Pedestrian_Movement;Car_Passenger;Bus_or_Coach_Passenger;Pedestrian_Road_Maintenance_Worker;Casualty_Type;Casualty_Home_Area_Type;Casualty_IMD_Decile;Vehicle_Reference_y;Vehicle_Type;Towing_and_Articulation;Vehicle_Manoeuvre;Vehicle_Location-Restricted_Lane;Junction_Location;Skidding_and_Overturning;Hit_Object_in_Carriageway;Vehicle_Leaving_Carriageway;Hit_Object_off_Carriageway;1st_Point_of_Impact;Was_Vehicle_Left_Hand_Drive?;Journey_Purpose_of_Driver;Sex_of_Driver;Age_of_Driver;Age_Band_of_Driver;Engine_Capacity_(CC);Propulsion_Code;Age_of_Vehicle;Driver_IMD_Decile;Driver_Home_Area_Type;Vehicle_IMD_Decile
2019010160827;512984;186064;-0.371441;51.562148;Metropolitan Police;Slight;1;1;16/01/2019;Wednesday;15:26;Harrow;Harrow;C;0;Single carriageway;30 MPH;Data missing or out of range;Data missing or out of range;Unclassified;0;Data missing or out of range;Data missing or out of range;Daylight;Raining no high winds;Wet or damp;None;None;Urban;No - accident was reported using a self completion  form (self rep only);E01002215;1;1;Pedestrian;Male;14;3;Slight;Unknown or other;Unknown or other;Not car passenger;Not a bus or coach passenger;No / Not applicable;0;Cyclist;More deprived 40-50%;1;Car;No tow/articulation;Going ahead other;Data missing or out of range;Data missing or out of range;Data missing or out of range;None;Did not leave carriageway;None;Data missing or out of range;-1;Not known;Not known;-1;Data missing or out of range;-1;-1;-1;-1;Data missing or out of range;-1
2019010160834;548957;178190;0.14385;51.483054;Metropolitan Police;Slight;4;1;31/01/2019;Thursday;18:10;Bexley;Bexley;C;0;One way street;30 MPH;Not at junction or within 20 metres;Data missing or out of range;-1;0;None within 50 metres ;Zebra;Darkness - lights lit;Fine no high winds;Data missing or out of range;None;None;Urban;No - accident was reported using a self completion  form (self rep only);E01000333;1;1;Driver or rider;Male;35;6;Slight;Not a Pedestrian;Not a Pedestrian;Not car passenger;Not a bus or coach passenger;No / Not applicable;9;Cyclist;More deprived 40-50%;1;Car;No tow/articulation;Going ahead other;Data missing or out of range;Not at or within 20 metres of junction;Data missing or out of range;Data missing or out of range;Data missing or out of range;Data missing or out of range;Back;-1;Commuting to/from work;Male;35;26 - 35;-1;-1;-1;5;Urban area;5
2019010160834;548957;178190;0.14385;51.483054;Metropolitan Police;Slight;4;1;31/01/2019;Thursday;18:10;Bexley;Bexley;C;0;One way street;30 MPH;Not at junction or within 20 metres;Data missing or out of range;-1;0;None within 50 metres ;Zebra;Darkness - lights lit;Fine no high winds;Data missing or out of range;None;None;Urban;No - accident was reported using a self completion  form (self rep only);E01000333;1;1;Driver or rider;Male;35;6;Slight;Not a Pedestrian;Not a Pedestrian;Not car passenger;Not a bus or coach passenger;No / Not applicable;9;Cyclist;More deprived 40-50%;2;Car;No tow/articulation;Going ahead other;Data missing or out of range;Not at or within 20 metres of junction;Data missing or out of range;Data missing or out of range;Data missing or out of range;Data missing or out of range;Back;-1;Not known;Male;35;26 - 35;-1;-1;-1;5;Urban area;5
2019010160834;548957;178190;0.14385;51.483054;Metropolitan Police;Slight;4;1;31/01/2019;Thursday;18:10;Bexley;Bexley;C;0;One way street;30 MPH;Not at junction or within 20 metres;Data missing or out of range;-1;0;None within 50 metres ;Zebra;Darkness - lights lit;Fine no high winds;Data missing or out of range;None;None;Urban;No - accident was reported using a self completion  form (self rep only);E01000333;1;1;Driver or rider;Male;35;6;Slight;Not a Pedestrian;Not a Pedestrian;Not car passenger;Not a bus or coach passenger;No / Not applicable;9;Cyclist;More deprived 40-50%;3;Car;No tow/articulation;Going ahead other;Data missing or out of range;Not at or within 20 metres of junction;Data missing or out of range;Data missing or out of range;Data missing or out of range;Data missing or out of range;Back;-1;Not known;Female;-1;Data missing or out of range;-1;-1;-1;-1;Data missing or out of range;-1
2019010160834;548957;178190;0.14385;51.483054;Metropolitan Police;Slight;4;1;31/01/2019;Thursday;18:10;Bexley;Bexley;C;0;One way street;30 MPH;Not at junction or within 20 metres;Data missing or out of range;-1;0;None within 50 metres ;Zebra;Darkness - lights lit;Fine no high winds;Data missing or out of range;None;None;Urban;No - accident was reported using a self completion  form (self rep only);E01000333;1;1;Driver or rider;Male;35;6;Slight;Not a Pedestrian;Not a Pedestrian;Not car passenger;Not a bus or coach passenger;No / Not applicable;9;Cyclist;More deprived 40-50%;4;Car;No tow/articulation;Going ahead other;Data missing or out of range;Not at or within 20 metres of junction;Data missing or out of range;Data missing or out of range;Data missing or out of range;Data missing or out of range;Back;-1;Not known;Not known;-1;Data missing or out of range;-1;-1;-1;-1;Data missing or out of range;-1
2019010160835;544490;188295;0.083705;51.575011;Metropolitan Police;Slight;1;1;01/02/2019;Friday;08:52;Redbridge;Redbridge;C;0;Single carriageway;30 MPH;Not at junction or within 20 metres;Data missing or out of range;-1;0;None within 50 metres ;Pelican, puffin, toucan or similar non-junction pedestrian light crossing;Daylight;Raining no high winds;Wet or damp;None;None;Urban;Yes;E01003645;1;1;Pedestrian;Male;9;2;Slight;Crossing on pedestrian crossing facility;Crossing from driver's offside;Not car passenger;Not a bus or coach passenger;No / Not applicable;0;Cyclist;Less deprived 40-50%;1;Car;No tow/articulation;Waiting to go - held up;On main c'way - not in restricted lane;Not at or within 20 metres of junction;None;None;Did not leave carriageway;None;Front;1;Not known;Male;49;46 - 55;1329;Petrol;5;-1;Data missing or out of range;-1
2019010160841;525560;186423;-0.189977;51.562719;Metropolitan Police;Slight;2;1;01/02/2019;Friday;07:28;Camden;Camden;C;0;Single carriageway;20 MPH;T or staggered junction;Give way or uncontrolled;C;0;None within 50 metres ;No physical crossing facilities within 50 metres;Daylight;Snowing no high winds;Snow;None;Vehicle load on road;Urban;Yes;E01000884;1;1;Driver or rider;Male;31;6;Slight;Not a Pedestrian;Not a Pedestrian;Not car passenger;Not a bus or coach passenger;No / Not applicable;9;Cyclist;Most deprived 10%;1;Car;No tow/articulation;Waiting to go - held up;On main c'way - not in restricted lane;Approaching junction or waiting/parked at junction approach;None;None;Did not leave carriageway;None;Offside;1;Not known;Male;31;26 - 35;-1;-1;-1;1;Urban area;1
2019010160841;525560;186423;-0.189977;51.562719;Metropolitan Police;Slight;2;1;01/02/2019;Friday;07:28;Camden;Camden;C;0;Single carriageway;20 MPH;T or staggered junction;Give way or uncontrolled;C;0;None within 50 metres ;No physical crossing facilities within 50 metres;Daylight;Snowing no high winds;Snow;None;Vehicle load on road;Urban;Yes;E01000884;1;1;Driver or rider;Male;31;6;Slight;Not a Pedestrian;Not a Pedestrian;Not car passenger;Not a bus or coach passenger;No / Not applicable;9;Cyclist;Most deprived 10%;2;Goods vehicle - unknown weight;No tow/articulation;Waiting to go - held up;On main c'way - not in restricted lane;Approaching junction or waiting/parked at junction approach;Skidded;None;Did not leave carriageway;None;Nearside;1;Not known;Male;29;26 - 35;-1;-1;-1;2;Urban area;2
2019010160842;527482;168459;-0.168743;51.400845;Metropolitan Police;Slight;2;1;28/01/2019;Monday;05:34;Merton;Merton;A;217;Single carriageway;20 MPH;Data missing or out of range;Auto traffic signal;A;239;None within 50 metres ;No physical crossing facilities within 50 metres;Darkness - lights unlit;Fine no high winds;Dry;None;None;Urban;No - accident was reported using a self completion  form (self rep only);E01003374;1;1;Driver or rider;Male;45;7;Slight;Not a Pedestrian;Not a Pedestrian;Not car passenger;Not a bus or coach passenger;No / Not applicable;9;Cyclist;Less deprived 40-50%;1;Car;No tow/articulation;Data missing or out of range;Data missing or out of range;Data missing or out of range;Data missing or out of range;Data missing or out of range;Data missing or out of range;Data missing or out of range;Data missing or out of range;-1;Commuting to/from work;Male;45;36 - 45;-1;-1;-1;6;Urban area;6
2019010160842;527482;168459;-0.168743;51.400845;Metropolitan Police;Slight;2;1;28/01/2019;Monday;05:34;Merton;Merton;A;217;Single carriageway;20 MPH;Data missing or out of range;Auto traffic signal;A;239;None within 50 metres ;No physical crossing facilities within 50 metres;Darkness - lights unlit;Fine no high winds;Dry;None;None;Urban;No - accident was reported using a self completion  form (self rep only);E01003374;1;1;Driver or rider;Male;45;7;Slight;Not a Pedestrian;Not a Pedestrian;Not car passenger;Not a bus or coach passenger;No / Not applicable;9;Cyclist;Less deprived 40-50%;2;Car;No tow/articulation;Overtaking static vehicle - offside;Data missing or out of range;Data missing or out of range;Data missing or out of range;Data missing or out of range;Data missing or out of range;Data missing or out of range;Data missing or out of range;-1;Not known;Not known;-1;Data missing or out of range;-1;-1;-1;-1;Data missing or out of range;-1
2019010160852;524386;192202;-0.204859;51.614915;Metropolitan Police;Serious;2;2;01/02/2019;Friday;08:15;Barnet;Barnet;Unclassified;0;Dual carriageway;30 MPH;T or staggered junction;Give way or uncontrolled;Unclassified;0;None within 50 metres ;No physical crossing facilities within 50 metres;Daylight;Snowing no high winds;Snow;None;None;Urban;Yes;E01000262;1;1;Driver or rider;Female;37;7;Serious;Not a Pedestrian;Not a Pedestrian;Not car passenger;Not a bus or coach passenger;No / Not applicable;9;Cyclist;Least deprived 10%;1;Car;No tow/articulation;Slowing or stopping;On main c'way - not in restricted lane;Cleared junction or waiting/parked at junction exit;Skidded;None;Did not leave carriageway;None;Front;1;Journey as part of work;Female;37;36 - 45;-1;-1;-1;10;Urban area;10
2019010160852;524386;192202;-0.204859;51.614915;Metropolitan Police;Serious;2;2;01/02/2019;Friday;08:15;Barnet;Barnet;Unclassified;0;Dual carriageway;30 MPH;T or staggered junction;Give way or uncontrolled;Unclassified;0;None within 50 metres ;No physical crossing facilities within 50 metres;Daylight;Snowing no high winds;Snow;None;None;Urban;Yes;E01000262;1;1;Driver or rider;Female;37;7;Serious;Not a Pedestrian;Not a Pedestrian;Not car passenger;Not a bus or coach passenger;No / Not applicable;9;Cyclist;Least deprived 10%;2;Car;No tow/articulation;Moving off;On main c'way - not in restricted lane;Cleared junction or waiting/parked at junction exit;None;None;Did not leave carriageway;None;Offside;1;Taking pupil to/from school;Male;52;46 - 55;-1;-1;-1;6;Urban area;6
2019010160852;524386;192202;-0.204859;51.614915;Metropolitan Police;Serious;2;2;01/02/2019;Friday;08:15;Barnet;Barnet;Unclassified;0;Dual carriageway;30 MPH;T or staggered junction;Give way or uncontrolled;Unclassified;0;None within 50 metres ;No physical crossing facilities within 50 metres;Daylight;Snowing no high winds;Snow;None;None;Urban;Yes;E01000262;2;2;Passenger;Female;15;3;Slight;Not a Pedestrian;Not a Pedestrian;Rear seat passenger;Not a bus or coach passenger;No / Not applicable;9;Cyclist;Less deprived 40-50%;1;Car;No tow/articulation;Slowing or stopping;On main c'way - not in restricted lane;Cleared junction or waiting/parked at junction exit;Skidded;None;Did not leave carriageway;None;Front;1;Journey as part of work;Female;37;36 - 45;-1;-1;-1;10;Urban area;10
2019010160852;524386;192202;-0.204859;51.614915;Metropolitan Police;Serious;2;2;01/02/2019;Friday;08:15;Barnet;Barnet;Unclassified;0;Dual carriageway;30 MPH;T or staggered junction;Give way or uncontrolled;Unclassified;0;None within 50 metres ;No physical crossing facilities within 50 metres;Daylight;Snowing no high winds;Snow;None;None;Urban;Yes;E01000262;2;2;Passenger;Female;15;3;Slight;Not a Pedestrian;Not a Pedestrian;Rear seat passenger;Not a bus or coach passenger;No / Not applicable;9;Cyclist;Less deprived 40-50%;2;Car;No tow/articulation;Moving off;On main c'way - not in restricted lane;Cleared junction or waiting/parked at junction exit;None;None;Did not leave carriageway;None;Offside;1;Taking pupil to/from school;Male;52;46 - 55;-1;-1;-1;6;Urban area;6
2019010160855;530110;181440;-0.126214;51.516908;Metropolitan Police;Slight;2;1;31/01/2019;Thursday;11:00;Camden;Camden;A;40;Unknown;30 MPH;Crossroads;Auto traffic signal;A;401;None within 50 metres ;Data missing or out of range;Daylight;Fine no high winds;Data missing or out of range;None;None;Urban;No - accident was reported using a self completion  form (self rep only);E01000919;1;1;Driver or rider;Male;49;8;Slight;Not a Pedestrian;Not a Pedestrian;Not car passenger;Not a bus or coach passenger;No / Not applicable;9;Cyclist;More deprived 20-30%;1;Car;No tow/articulation;Data missing or out of range;Data missing or out of range;Data missing or out of range;Data missing or out of range;Data missing or out of range;Data missing or out of range;Data missing or out of range;Back;-1;Not known;Male;49;46 - 55;-1;-1;-1;3;Urban area;3
2019010160855;530110;181440;-0.126214;51.516908;Metropolitan Police;Slight;2;1;31/01/2019;Thursday;11:00;Camden;Camden;A;40;Unknown;30 MPH;Crossroads;Auto traffic signal;A;401;None within 50 metres ;Data missing or out of range;Daylight;Fine no high winds;Data missing or out of range;None;None;Urban;No - accident was reported using a self completion  form (self rep only);E01000919;1;1;Driver or rider;Male;49;8;Slight;Not a Pedestrian;Not a Pedestrian;Not car passenger;Not a bus or coach passenger;No / Not applicable;9;Cyclist;More deprived 20-30%;2;Goods vehicle - unknown weight;Data missing or out of range;Data missing or out of range;Data missing or out of range;Data missing or out of range;Data missing or out of range;Data missing or out of range;Data missing or out of range;Data missing or out of range;Back;-1;Not known;Not known;41;36 - 45;-1;-1;-1;5;Urban area;5
2019010160866;519774;175780;-0.277023;51.468321;Metropolitan Police;Slight;2;1;31/01/2019;Thursday;17:00;Richmond upon Thames;Richmond upon Thames;A;205;Single carriageway;30 MPH;T or staggered junction;Give way or uncontrolled;Unclassified;0;None within 50 metres ;Pedestrian phase at traffic signal junction;Darkness - lighting unknown;Fine no high winds;Dry;None;None;Urban;No - accident was reported using a self completion  form (self rep only);E01003865;1;1;Driver or rider;Male;44;7;Slight;Not a Pedestrian;Not a Pedestrian;Not car passenger;Not a bus or coach passenger;No / Not applicable;9;Cyclist;Less deprived 30-40%;1;Car;No tow/articulation;Waiting to turn right;Data missing or out of range;Approaching junction or waiting/parked at junction approach;Data missing or out of range;Data missing or out of range;Data missing or out of range;Data missing or out of range;Back;1;Commuting to/from work;Male;44;36 - 45;-1;-1;-1;7;Urban area;7
2019010160866;519774;175780;-0.277023;51.468321;Metropolitan Police;Slight;2;1;31/01/2019;Thursday;17:00;Richmond upon Thames;Richmond upon Thames;A;205;Single carriageway;30 MPH;T or staggered junction;Give way or uncontrolled;Unclassified;0;None within 50 metres ;Pedestrian phase at traffic signal junction;Darkness - lighting unknown;Fine no high winds;Dry;None;None;Urban;No - accident was reported using a self completion  form (self rep only);E01003865;1;1;Driver or rider;Male;44;7;Slight;Not a Pedestrian;Not a Pedestrian;Not car passenger;Not a bus or coach passenger;No / Not applicable;9;Cyclist;Less deprived 30-40%;2;Car;No tow/articulation;Going ahead other;Data missing or out of range;Approaching junction or waiting/parked at junction approach;Data missing or out of range;Data missing or out of range;Data missing or out of range;Data missing or out of range;Front;1;Not known;Female;24;21 - 25;-1;-1;-1;9;Urban area;9
2019010160867;529274;183398;-0.137537;51.534696;Metropolitan Police;Serious;1;1;01/02/2019;Friday;22:52;Camden;Camden;B;512;One way street;30 MPH;T or staggered junction;Give way or uncontrolled;B;512;None within 50 metres ;Zebra;Daylight;Raining no high winds;Wet or damp;None;None;Urban;Yes;E01000947;1;1;Pedestrian;Female;65;9;Serious;Crossing on pedestrian crossing facility;Crossing from driver's offside;Not car passenger;Not a bus or coach passenger;No / Not applicable;0;Cyclist;More deprived 10-20%;1;Van / Goods 3.5 tonnes mgw or under;No tow/articulation;Turning right;On main c'way - not in restricted lane;Entering from slip road;None;None;Did not leave carriageway;None;Front;1;Journey as part of work;Male;33;26 - 35;-1;-1;-1;6;Urban area;6
2019010160868;514876;183188;-0.345096;51.535918;Metropolitan Police;Slight;1;3;01/02/2019;Friday;08:12;Ealing;Ealing;A;40;Dual carriageway;40 MPH;Slip road;Data missing or out of range;A;4127;None within 50 metres ;No physical crossing facilities within 50 metres;Daylight;Raining no high winds;Wet or damp;None;None;Urban;No - accident was reported using a self completion  form (self rep only);E01001266;1;1;Driver or rider;Female;26;6;Slight;Not a Pedestrian;Not a Pedestrian;Not car passenger;Not a bus or coach passenger;No / Not applicable;9;Cyclist;More deprived 10-20%;1;Car;No tow/articulation;Data missing or out of range;Data missing or out of range;Data missing or out of range;Data missing or out of range;Data missing or out of range;Data missing or out of range;Data missing or out of range;Back;-1;Not known;Female;26;26 - 35;-1;-1;-1;2;Urban area;2
2019010160868;514876;183188;-0.345096;51.535918;Metropolitan Police;Slight;1;3;01/02/2019;Friday;08:12;Ealing;Ealing;A;40;Dual carriageway;40 MPH;Slip road;Data missing or out of range;A;4127;None within 50 metres ;No physical crossing facilities within 50 metres;Daylight;Raining no high winds;Wet or damp;None;None;Urban;No - accident was reported using a self completion  form (self rep only);E01001266;1;2;Passenger;Female;Data missing or out of range;-1;Slight;Not a Pedestrian;Not a Pedestrian;Rear seat passenger;Not a bus or coach passenger;No / Not applicable;9;Cyclist;More deprived 10-20%;1;Car;No tow/articulation;Data missing or out of range;Data missing or out of range;Data missing or out of range;Data missing or out of range;Data missing or out of range;Data missing or out of range;Data missing or out of range;Back;-1;Not known;Female;26;26 - 35;-1;-1;-1;2;Urban area;2
2019010160868;514876;183188;-0.345096;51.535918;Metropolitan Police;Slight;1;3;01/02/2019;Friday;08:12;Ealing;Ealing;A;40;Dual carriageway;40 MPH;Slip road;Data missing or out of range;A;4127;None within 50 metres ;No physical crossing facilities within 50 metres;Daylight;Raining no high winds;Wet or damp;None;None;Urban;No - accident was reported using a self completion  form (self rep only);E01001266;1;3;Passenger;Male;Data missing or out of range;-1;Slight;Not a Pedestrian;Not a Pedestrian;Rear seat passenger;Not a bus or coach passenger;No / Not applicable;9;Cyclist;More deprived 10-20%;1;Car;No tow/articulation;Data missing or out of range;Data missing or out of range;Data missing or out of range;Data missing or out of range;Data missing or out of range;Data missing or out of range;Data missing or out of range;Back;-1;Not known;Female;26;26 - 35;-1;-1;-1;2;Urban area;2
2019010160869;531748;178536;-0.103704;51.490431;Metropolitan Police;Serious;2;1;01/02/2019;Friday;12:10;Southwark;Southwark;A;3;Single carriageway;30 MPH;T or staggered junction;Give way or uncontrolled;Unclassified;0;None within 50 metres ;No physical crossing facilities within 50 metres;Daylight;Raining no high winds;Wet or damp;None;None;Urban;Yes;E01003995;2;1;Driver or rider;Male;45;7;Serious;Not a Pedestrian;Not a Pedestrian;Not car passenger;Not a bus or coach passenger;No / Not applicable;1;Cyclist;Less deprived 40-50%;1;Taxi/Private hire car;No tow/articulation;Turning right;On main c'way - not in restricted lane;Approaching junction or waiting/parked at junction approach;None;None;Did not leave carriageway;None;Front;1;Not known;Male;46;46 - 55;-1;-1;-1;2;Urban area;2
2019010160869;531748;178536;-0.103704;51.490431;Metropolitan Police;Serious;2;1;01/02/2019;Friday;12:10;Southwark;Southwark;A;3;Single carriageway;30 MPH;T or staggered junction;Give way or uncontrolled;Unclassified;0;None within 50 metres ;No physical crossing facilities within 50 metres;Daylight;Raining no high winds;Wet or damp;None;None;Urban;Yes;E01003995;2;1;Driver or rider;Male;45;7;Serious;Not a Pedestrian;Not a Pedestrian;Not car passenger;Not a bus or coach passenger;No / Not applicable;1;Cyclist;Less deprived 40-50%;2;Pedal cycle;No tow/articulation;Going ahead other;On main c'way - not in restricted lane;Approaching junction or waiting/parked at junction approach;None;None;Did not leave carriageway;None;Front;1;Not known;Male;45;36 - 45;-1;-1;-1;6;Urban area;6
2019010160876;541775;178846;0.040752;51.490793;Metropolitan Police;Slight;1;1;31/01/2019;Thursday;17:55;Greenwich;Greenwich;A;206;Dual carriageway;30 MPH;T or staggered junction;Give way or uncontrolled;Unclassified;0;None within 50 metres ;Pelican, puffin, toucan or similar non-junction pedestrian light crossing;Darkness - lights lit;Fine no high winds;Dry;None;None;Urban;Yes;E01001709;1;1;Pedestrian;Female;18;4;Slight;Crossing on pedestrian crossing facility;Crossing from driver's nearside;Not car passenger;Not a bus or coach passenger;No / Not applicable;0;Cyclist;Less deprived 40-50%;1;Motorcycle 50cc and under;No tow/articulation;Going ahead other;On main c'way - not in restricted lane;Cleared junction or waiting/parked at junction exit;None;None;Did not leave carriageway;None;Front;1;Not known;Not known;-1;Data missing or out of range;-1;-1;-1;-1;Data missing or out of range;-1
2019010160877;530936;165851;-0.120079;51.376622;Metropolitan Police;Slight;2;1;01/02/2019;Friday;12:45;Croydon;Croydon;A;23;Dual carriageway;30 MPH;T or staggered junction;Auto traffic signal;Unclassified;0;None within 50 metres ;No physical crossing facilities within 50 metres;Daylight;Raining no high winds;Wet or damp;None;None;Urban;Yes;E01001010;1;1;Passenger;Female;21;5;Slight;Not a Pedestrian;Not a Pedestrian;Front seat passenger;Not a bus or coach passenger;No / Not applicable;9;Cyclist;More deprived 10-20%;1;Car;No tow/articulation;Turning right;On main c'way - not in restricted lane;Leaving main road;None;None;Did not leave carriageway;None;Front;1;Not known;Female;25;21 - 25;-1;-1;-1;2;Urban area;2
2019010160877;530936;165851;-0.120079;51.376622;Metropolitan Police;Slight;2;1;01/02/2019;Friday;12:45;Croydon;Croydon;A;23;Dual carriageway;30 MPH;T or staggered junction;Auto traffic signal;Unclassified;0;None within 50 metres ;No physical crossing facilities within 50 metres;Daylight;Raining no high winds;Wet or damp;None;None;Urban;Yes;E01001010;1;1;Passenger;Female;21;5;Slight;Not a Pedestrian;Not a Pedestrian;Front seat passenger;Not a bus or coach passenger;No / Not applicable;9;Cyclist;More deprived 10-20%;2;Car;No tow/articulation;Going ahead other;On main c'way - not in restricted lane;Mid Junction - on roundabout or on main road;None;None;Did not leave carriageway;None;Front;1;Not known;Male;36;36 - 45;-1;-1;-1;3;Data missing or out of range;3
2019010160879;526593;175997;-0.178824;51.46879;Metropolitan Police;Serious;2;1;01/02/2019;Friday;10:16;Wandsworth;Wandsworth;Unclassified;0;Single carriageway;30 MPH;Private drive or entrance;Give way or uncontrolled;Unclassified;0;None within 50 metres ;No physical crossing facilities within 50 metres;Daylight;Raining no high winds;Wet or damp;None;None;Urban;Yes;E01033099;2;1;Driver or rider;Female;23;5;Serious;Not a Pedestrian;Not a Pedestrian;Not car passenger;Not a bus or coach passenger;No / Not applicable;1;-1;Data missing or out of range;1;Goods 7.5 tonnes mgw and over;No tow/articulation;Going ahead other;On main c'way - not in restricted lane;Approaching junction or waiting/parked at junction approach;None;None;Did not leave carriageway;None;Nearside;1;Journey as part of work;Male;59;56 - 65;12777;Heavy oil;8;7;Urban area;7
2019010160879;526593;175997;-0.178824;51.46879;Metropolitan Police;Serious;2;1;01/02/2019;Friday;10:16;Wandsworth;Wandsworth;Unclassified;0;Single carriageway;30 MPH;Private drive or entrance;Give way or uncontrolled;Unclassified;0;None within 50 metres ;No physical crossing facilities within 50 metres;Daylight;Raining no high winds;Wet or damp;None;None;Urban;Yes;E01033099;2;1;Driver or rider;Female;23;5;Serious;Not a Pedestrian;Not a Pedestrian;Not car passenger;Not a bus or coach passenger;No / Not applicable;1;-1;Data missing or out of range;2;Pedal cycle;No tow/articulation;Overtaking - nearside;On main c'way - not in restricted lane;Entering main road;None;None;Did not leave carriageway;None;Front;1;Not known;Female;23;21 - 25;-1;-1;-1;-1;Data missing or out of range;-1
2019010160882;518749;189574;-0.287125;51.592512;Metropolitan Police;Slight;2;1;01/02/2019;Friday;05:45;Harrow;Harrow;A;4140;Dual carriageway;30 MPH;More than 4 arms (not roundabout);Auto traffic signal;C;0;None within 50 metres ;Pedestrian phase at traffic signal junction;Daylight;Snowing no high winds;Snow;None;None;Urban;Yes;E01000589;1;1;Driver or rider;Male;22;5;Slight;Not a Pedestrian;Not a Pedestrian;Not car passenger;Not a bus or coach passenger;No / Not applicable;9;-1;Data missing or out of range;1;Car;No tow/articulation;Going ahead other;On main c'way - not in restricted lane;Mid Junction - on roundabout or on main road;None;None;Did not leave carriageway;None;Front;1;Commuting to/from work;Male;22;21 - 25;-1;-1;-1;-1;Data missing or out of range;-1
2019010160882;518749;189574;-0.287125;51.592512;Metropolitan Police;Slight;2;1;01/02/2019;Friday;05:45;Harrow;Harrow;A;4140;Dual carriageway;30 MPH;More than 4 arms (not roundabout);Auto traffic signal;C;0;None within 50 metres ;Pedestrian phase at traffic signal junction;Daylight;Snowing no high winds;Snow;None;None;Urban;Yes;E01000589;1;1;Driver or rider;Male;22;5;Slight;Not a Pedestrian;Not a Pedestrian;Not car passenger;Not a bus or coach passenger;No / Not applicable;9;-1;Data missing or out of range;2;Car;No tow/articulation;Turning right;On main c'way - not in restricted lane;Leaving main road;None;None;Did not leave carriageway;None;Nearside;1;Not known;Male;60;56 - 65;-1;-1;-1;-1;Data missing or out of range;-1
2019010160883;526756;182553;-0.174125;51.527672;Metropolitan Police;Slight;2;1;30/01/2019;Wednesday;13:30;Westminster;Westminster;A;5205;Single carriageway;30 MPH;Data missing or out of range;Data missing or out of range;B;507;Data missing or out of range;Data missing or out of range;Daylight;Fine no high winds;Dry;Data missing or out of range;Data missing or out of range;Urban;No - accident was reported using a self completion  form (self rep only);E01004728;1;1;Driver or rider;Male;30;6;Slight;Not a Pedestrian;Not a Pedestrian;Not car passenger;Not a bus or coach passenger;No / Not applicable;1;-1;Data missing or out of range;1;Pedal cycle;Data missing or out of range;Data missing or out of range;Data missing or out of range;Data missing or out of range;Data missing or out of range;Data missing or out of range;Data missing or out of range;Data missing or out of range;Front;1;Not known;Male;30;26 - 35;-1;-1;-1;-1;Data missing or out of range;-1
2019010160883;526756;182553;-0.174125;51.527672;Metropolitan Police;Slight;2;1;30/01/2019;Wednesday;13:30;Westminster;Westminster;A;5205;Single carriageway;30 MPH;Data missing or out of range;Data missing or out of range;B;507;Data missing or out of range;Data missing or out of range;Daylight;Fine no high winds;Dry;Data missing or out of range;Data missing or out of range;Urban;No - accident was reported using a self completion  form (self rep only);E01004728;1;1;Driver or rider;Male;30;6;Slight;Not a Pedestrian;Not a Pedestrian;Not car passenger;Not a bus or coach passenger;No / Not applicable;1;-1;Data missing or out of range;2;Car;No tow/articulation;Data missing or out of range;Data missing or out of range;Data missing or out of range;Data missing or out of range;Data missing or out of range;Data missing or out of range;Data missing or out of range;Front;-1;Not known;Not known;-1;Data missing or out of range;-1;-1;-1;7;Urban area;7
2019010160898;532859;180107;-0.08712;51.50429;Metropolitan Police;Slight;1;1;26/01/2019;Saturday;00:45;Southwark;Southwark;A;200;Single carriageway;30 MPH;Not at junction or within 20 metres;Data missing or out of range;-1;0;None within 50 metres ;Pedestrian phase at traffic signal junction;Darkness - lights lit;Fine no high winds;Dry;None;None;Urban;No - accident was reported using a self completion  form (self rep only);E01003981;1;1;Pedestrian;Male;25;5;Slight;Crossing on pedestrian crossing facility;Crossing from driver's nearside;Not car passenger;Not a bus or coach passenger;No / Not applicable;0;Cyclist;More deprived 20-30%;1;Car;Data missing or out of range;Data missing or out of range;On main c'way - not in restricted lane;Not at or within 20 metres of junction;None;None;Did not leave carriageway;None;Nearside;-1;Not known;Not known;-1;Data missing or out of range;-1;-1;-1;-1;Data missing or out of range;-1