Accident_Index;Location_Easting_OSGR;Location_Northing_OSGR;Longitude;Latitude;Police_Force;Accident_Severity;Number_of_Vehicles;Number_of_Casualties;Date;Day_of_Week;Time;Local_Authority_(District);Local_Authority_(Highway);1st_Road_Class;1st_Road_Number;Road_Type;Speed_limit;Junction_Detail;Junction_Control;2nd_Road_Class;2nd_Road_Number;Pedestrian_Crossing-Human_Control;Pedestrian_Crossing-Physical_Facilities;Light_Conditions;Weather_Conditions;Road_Surface_Conditions;Special_Conditions_at_Site;Carriageway_Hazards;Urban_or_Rural_Area;Did_Police_Officer_Attend_Scene_of_Accident;LSOA_of_Accident_Location;Vehicle_Reference_x;Casualty_Reference;Casualty_Class;Sex_of_Casualty;Age_of_Casualty;Age_Band_of_Casualty;Casualty_Severity;Pedestrian_Location;Pedestrian_Movement;Car_Passenger;Bus_or_Coach_Passenger;Pedestrian_Road_Maintenance_Worker;Casualty_Type;Casualty_Home_Area_Type;Casualty_IMD_Decile;Vehicle_Reference_y;Vehicle_Type;Towing_and_Articulation;Vehicle_Manoeuvre;Vehicle_Location-Restricted_Lane;Junction_Location;Skidding_and_Overturning;Hit_Object_in_Carriageway;Vehicle_Leaving_Carriageway;Hit_Object_off_Carriageway;1st_Point_of_Impact;Was_Vehicle_Left_Hand_Drive?;Journey_Purpose_of_Driver;Sex_of_Driver;Age_of_Driver;Age_Band_of_Driver;Engine_Capacity_(CC);Propulsion_Code;Age_of_Vehicle;Driver_IMD_Decile;Driver_Home_Area_Type;Vehicle_IMD_Decile
2019010160969;521942;178683;-0.244825;51.49395;Metropolitan Police;Slight;2;1;01/02/2019;Friday;20:55;Hammersmith and Fulham;Hammersmith and Fulham;A;402;Single carriageway;30 MPH;Not at junction or within 20 metres;Data missing or out of range;-1;0;None within 50 metres ;Pelican, puffin, toucan or similar non-junction pedestrian light crossing;Darkness - lights lit;Snowing no high winds;Wet or damp;None;None;Urban;Yes;E01001933;2;1;Driver or rider;Male;27;6;Slight;Not a Pedestrian;Not a Pedestrian;Not car passenger;Not a bus or coach passenger;No / Not applicable;3;Cyclist;More deprived 20-30%;2;Motorcycle 125cc and under;No tow/articulation;Going ahead other;On main c'way - not in restricted lane;Not at or within 20 metres of junction;None;None;Did not leave carriageway;None;Did not impact;1;Journey as part of work;Male;27;26 - 35;-1;-1;-1;3;Urban area;3
2019010160972;539437;187277;0.010434;51.567135;Metropolitan Police;Slight;2;1;01/02/2019;Friday;18:30;Waltham Forest;Waltham Forest;A;11;Single carriageway;20 MPH;T or staggered junction;Give way or uncontrolled;Unclassified;0;Control by other authorised person;Pelican, puffin, toucan or similar non-junction pedestrian light crossing;Darkness - lights lit;Snowing no high winds;Wet or damp;None;None;Urban;Yes;E01004440;1;1;Driver or rider;Male;26;6;Slight;Not a Pedestrian;Not a Pedestrian;Not car passenger;Not a bus or coach passenger;No / Not applicable;4;Cyclist;More deprived 10-20%;1;Motorcycle over 125cc and up to 500cc;No tow/articulation;Waiting to turn right;On main c'way - not in restricted lane;Approaching junction or waiting/parked at junction approach;Skidded and overturned;None;Did not leave carriageway;None;Back;1;Journey as part of work;Male;26;26 - 35;-1;-1;-1;2;Urban area;2
2019010160972;539437;187277;0.010434;51.567135;Metropolitan Police;Slight;2;1;01/02/2019;Friday;18:30;Waltham Forest;Waltham Forest;A;11;Single carriageway;20 MPH;T or staggered junction;Give way or uncontrolled;Unclassified;0;Control by other authorised person;Pelican, puffin, toucan or similar non-junction pedestrian light crossing;Darkness - lights lit;Snowing no high winds;Wet or damp;None;None;Urban;Yes;E01004440;1;1;Driver or rider;Male;26;6;Slight;Not a Pedestrian;Not a Pedestrian;Not car passenger;Not a bus or coach passenger;No / Not applicable;4;Cyclist;More deprived 10-20%;2;Car;No tow/articulation;Going ahead other;On main c'way - not in restricted lane;Mid Junction - on roundabout or on main road;None;None;Did not leave carriageway;None;Front;1;Not known;Not known;-1;Data missing or out of range;-1;-1;-1;-1;Data missing or out of range;-1
2019010160973;529528;175237;-0.13687;51.461296;Metropolitan Police;Slight;2;1;01/02/2019;Friday;12:14;Lambeth;Lambeth;A;2217;Single carriageway;30 MPH;T or staggered junction;Give way or uncontrolled;Unclassified;0;None within 50 metres ;No physical crossing facilities within 50 metres;Darkness - lights lit;Snowing no high winds;Wet or damp;None;None;Urban;Yes;E01003032;2;1;Driver or rider;Male;51;8;Slight;Not a Pedestrian;Not a Pedestrian;Not car passenger;Not a bus or coach passenger;No / Not applicable;1;Cyclist;More deprived 40-50%;1;Van / Goods 3.5 tonnes mgw or under;No tow/articulation;Slowing or stopping;On main c'way - not in restricted lane;Approaching junction or waiting/parked at junction approach;None;None;Did not leave carriageway;None;Did not impact;1;Not known;Male;52;46 - 55;-1;-1;-1;2;Urban area;2
2019010160973;529528;175237;-0.13687;51.461296;Metropolitan Police;Slight;2;1;01/02/2019;Friday;12:14;Lambeth;Lambeth;A;2217;Single carriageway;30 MPH;T or staggered junction;Give way or uncontrolled;Unclassified;0;None within 50 metres ;No physical crossing facilities within 50 metres;Darkness - lights lit;Snowing no high winds;Wet or damp;None;None;Urban;Yes;E01003032;2;1;Driver or rider;Male;51;8;Slight;Not a Pedestrian;Not a Pedestrian;Not car passenger;Not a bus or coach passenger;No / Not applicable;1;Cyclist;More deprived 40-50%;2;Pedal cycle;No tow/articulation;Moving off;On main c'way - not in restricted lane;Approaching junction or waiting/parked at junction approach;None;None;Did not leave carriageway;None;Front;1;Not known;Male;51;46 - 55;-1;-1;-1;5;Urban area;5
2019010160974;525967;181694;-0.1858;51.520129;Metropolitan Police;Slight;2;1;01/02/2019;Friday;13:50;Westminster;Westminster;Unclassified;0;Single carriageway;30 MPH;T or staggered junction;Give way or uncontrolled;Unclassified;0;None within 50 metres ;No physical crossing facilities within 50 metres;Darkness - lights lit;Snowing no high winds;Snow;None;None;Urban;No - accident was reported using a self completion  form (self rep only);E01004757;1;1;Driver or rider;Male;48;8;Slight;Not a Pedestrian;Not a Pedestrian;Not car passenger;Not a bus or coach passenger;No / Not applicable;9;Cyclist;Most deprived 10%;1;Car;No tow/articulation;Going ahead other;Data missing or out of range;Data missing or out of range;Data missing or out of range;Data missing or out of range;Data missing or out of range;Data missing or out of range;Back;-1;Not known;Male;48;46 - 55;-1;-1;-1;1;Urban area;1
2019010160974;525967;181694;-0.1858;51.520129;Metropolitan Police;Slight;2;1;01/02/2019;Friday;13:50;Westminster;Westminster;Unclassified;0;Single carriageway;30 MPH;T or staggered junction;Give way or uncontrolled;Unclassified;0;None within 50 metres ;No physical crossing facilities within 50 metres;Darkness - lights lit;Snowing no high winds;Snow;None;None;Urban;No - accident was reported using a self completion  form (self rep only);E01004757;1;1;Driver or rider;Male;48;8;Slight;Not a Pedestrian;Not a Pedestrian;Not car passenger;Not a bus or coach passenger;No / Not applicable;9;Cyclist;Most deprived 10%;2;Car;No tow/articulation;Data missing or out of range;Data missing or out of range;Data missing or out of range;Data missing or out of range;Data missing or out of range;Data missing or out of range;Data missing or out of range;Front;-1;Not known;Male;27;26 - 35;-1;-1;-1;1;Urban area;1
2019010160975;530702;179647;-0.118351;51.500658;Metropolitan Police;Slight;1;1;01/02/2019;Friday;17:16;Lambeth;Lambeth;A;302;Roundabout;30 MPH;T or staggered junction;Auto traffic signal;Unclassified;0;None within 50 metres ;Pelican, puffin, toucan or similar non-junction pedestrian light crossing;Darkness - lights lit;Raining no high winds;Wet or damp;None;None;Urban;Yes;E01003013;1;1;Pedestrian;Female;88;11;Slight;Crossing on pedestrian crossing facility;Crossing from driver's offside;Not car passenger;Not a bus or coach passenger;No / Not applicable;0;-1;Data missing or out of range;1;Car;No tow/articulation;Slowing or stopping;On main c'way - not in restricted lane;Leaving roundabout;None;None;Did not leave carriageway;None;Did not impact;1;Commuting to/from work;Male;42;36 - 45;-1;-1;-1;6;Urban area;6
2019010160976;521484;181578;-0.250422;51.520067;Metropolitan Police;Slight;2;1;01/02/2019;Friday;19:15;Ealing;Ealing;C;0;Single carriageway;30 MPH;T or staggered junction;Give way or uncontrolled;C;0;None within 50 metres ;No physical crossing facilities within 50 metres;Darkness - lights lit;Snowing no high winds;Wet or damp;Roadworks;Other object on road;Urban;Yes;E01001240;2;1;Driver or rider;Male;Data missing or out of range;-1;Slight;Not a Pedestrian;Not a Pedestrian;Not car passenger;Not a bus or coach passenger;No / Not applicable;3;-1;Data missing or out of range;1;Car;No tow/articulation;Going ahead other;On main c'way - not in restricted lane;Approaching junction or waiting/parked at junction approach;None;Road works;Did not leave carriageway;None;Front;1;Not known;Female;75;66 - 75;-1;-1;-1;3;Urban area;3
2019010160976;521484;181578;-0.250422;51.520067;Metropolitan Police;Slight;2;1;01/02/2019;Friday;19:15;Ealing;Ealing;C;0;Single carriageway;30 MPH;T or staggered junction;Give way or uncontrolled;C;0;None within 50 metres ;No physical crossing facilities within 50 metres;Darkness - lights lit;Snowing no high winds;Wet or damp;Roadworks;Other object on road;Urban;Yes;E01001240;2;1;Driver or rider;Male;Data missing or out of range;-1;Slight;Not a Pedestrian;Not a Pedestrian;Not car passenger;Not a bus or coach passenger;No / Not applicable;3;-1;Data missing or out of range;2;Motorcycle 125cc and under;No tow/articulation;Going ahead other;On main c'way - not in restricted lane;Approaching junction or waiting/parked at junction approach;None;Road works;Did not leave carriageway;None;Front;1;Journey as part of work;Male;-1;Data missing or out of range;-1;-1;-1;-1;Data missing or out of range;-1
2019010160977;527703;171893;-0.164332;51.431657;Metropolitan Police;Serious;2;1;01/02/2019;Friday;18:42;Wandsworth;Wandsworth;A;24;Single carriageway;30 MPH;T or staggered junction;Give way or uncontrolled;Unclassified;0;None within 50 metres ;Pelican, puffin, toucan or similar non-junction pedestrian light crossing;Darkness - lights lit;Snowing no high winds;Wet or damp;None;None;Urban;Yes;E01004612;2;1;Driver or rider;Male;28;6;Serious;Not a Pedestrian;Not a Pedestrian;Not car passenger;Not a bus or coach passenger;No / Not applicable;4;Cyclist;Less deprived 10-20%;1;Car;No tow/articulation;Turning right;On main c'way - not in restricted lane;Entering main road;None;None;Did not leave carriageway;None;Nearside;1;Not known;Female;24;21 - 25;-1;-1;-1;3;Urban area;3
2019010160977;527703;171893;-0.164332;51.431657;Metropolitan Police;Serious;2;1;01/02/2019;Friday;18:42;Wandsworth;Wandsworth;A;24;Single carriageway;30 MPH;T or staggered junction;Give way or uncontrolled;Unclassified;0;None within 50 metres ;Pelican, puffin, toucan or similar non-junction pedestrian light crossing;Darkness - lights lit;Snowing no high winds;Wet or damp;None;None;Urban;Yes;E01004612;2;1;Driver or rider;Male;28;6;Serious;Not a Pedestrian;Not a Pedestrian;Not car passenger;Not a bus or coach passenger;No / Not applicable;4;Cyclist;Less deprived 10-20%;2;Motorcycle over 125cc and up to 500cc;No tow/articulation;Going ahead other;On main c'way - not in restricted lane;Approaching junction or waiting/parked at junction approach;Overturned;None;Did not leave carriageway;None;Front;1;Not known;Male;28;26 - 35;-1;-1;-1;9;Urban area;9
2019010160978;520410;193519;-0.261805;51.627615;Metropolitan Police;Serious;1;1;01/02/2019;Friday;05:10;Barnet;Barnet;Motorway;1;Dual carriageway;70 MPH;Slip road;Give way or uncontrolled;Unclassified;0;None within 50 metres ;Pelican, puffin, toucan or similar non-junction pedestrian light crossing;Darkness - lights lit;Snowing no high winds;Snow;None;None;Rural;Yes;E01000231;1;1;Driver or rider;Male;35;6;Serious;Not a Pedestrian;Not a Pedestrian;Not car passenger;Not a bus or coach passenger;No / Not applicable;9;Cyclist;More deprived 10-20%;1;Car;No tow/articulation;Going ahead left-hand bend;On main c'way - not in restricted lane;Cleared junction or waiting/parked at junction exit;Skidded;None;Offside on to centrl res + rebounded;Central crash barrier;Front;1;Journey as part of work;Male;35;26 - 35;-1;-1;-1;2;Urban area;2
2019010160981;525797;180855;-0.188548;51.512626;Metropolitan Police;Slight;1;1;01/02/2019;Friday;21:10;Westminster;Westminster;Unclassified;0;Single carriageway;30 MPH;Not at junction or within 20 metres;Data missing or out of range;-1;0;None within 50 metres ;Zebra;Darkness - lights lit;Snowing no high winds;Wet or damp;None;None;Urban;Yes;E01004699;1;1;Pedestrian;Male;63;9;Slight;Crossing elsewhere within 50m. of pedestrian crossing;Unknown or other;Not car passenger;Not a bus or coach passenger;No / Not applicable;0;Cyclist;More deprived 30-40%;1;Motorcycle 125cc and under;No tow/articulation;Going ahead other;On main c'way - not in restricted lane;Not at or within 20 metres of junction;None;None;Did not leave carriageway;None;Front;1;Not known;Male;23;21 - 25;-1;-1;-1;2;Urban area;2
2019010160984;549029;176772;0.144288;51.470294;Metropolitan Police;Slight;2;2;01/02/2019;Friday;12:52;Bexley;Bexley;C;0;Single carriageway;30 MPH;Other junction;Give way or uncontrolled;Unclassified;0;None within 50 metres ;No physical crossing facilities within 50 metres;Darkness - lights lit;Raining no high winds;Wet or damp;None;None;Urban;Yes;E01000436;1;1;Driver or rider;Male;27;6;Slight;Not a Pedestrian;Not a Pedestrian;Not car passenger;Not a bus or coach passenger;No / Not applicable;9;Cyclist;Less deprived 40-50%;1;Car;No tow/articulation;Going ahead other;On main c'way - not in restricted lane;Approaching junction or waiting/parked at junction approach;Skidded;None;Did not leave carriageway;None;Front;1;Journey as part of work;Male;27;26 - 35;-1;-1;-1;6;Urban area;6
2019010160984;549029;176772;0.144288;51.470294;Metropolitan Police;Slight;2;2;01/02/2019;Friday;12:52;Bexley;Bexley;C;0;Single carriageway;30 MPH;Other junction;Give way or uncontrolled;Unclassified;0;None within 50 metres ;No physical crossing facilities within 50 metres;Darkness - lights lit;Raining no high winds;Wet or damp;None;None;Urban;Yes;E01000436;1;1;Driver or rider;Male;27;6;Slight;Not a Pedestrian;Not a Pedestrian;Not car passenger;Not a bus or coach passenger;No / Not applicable;9;Cyclist;Less deprived 40-50%;2;Car;No tow/articulation;Turning right;On main c'way - not in restricted lane;Entering main road;None;None;Did not leave carriageway;None;Did not impact;1;Not known;Female;63;56 - 65;-1;-1;-1;-1;Data missing or out of range;-1
2019010160984;549029;176772;0.144288;51.470294;Metropolitan Police;Slight;2;2;01/02/2019;Friday;12:52;Bexley;Bexley;C;0;Single carriageway;30 MPH;Other junction;Give way or uncontrolled;Unclassified;0;None within 50 metres ;No physical crossing facilities within 50 metres;Darkness - lights lit;Raining no high winds;Wet or damp;None;None;Urban;Yes;E01000436;1;2;Passenger;Female;25;5;Slight;Not a Pedestrian;Not a Pedestrian;Front seat passenger;Not a bus or coach passenger;No / Not applicable;9;Cyclist;Less deprived 40-50%;1;Car;No tow/articulation;Going ahead other;On main c'way - not in restricted lane;Approaching junction or waiting/parked at junction approach;Skidded;None;Did not leave carriageway;None;Front;1;Journey as part of work;Male;27;26 - 35;-1;-1;-1;6;Urban area;6
2019010160984;549029;176772;0.144288;51.470294;Metropolitan Police;Slight;2;2;01/02/2019;Friday;12:52;Bexley;Bexley;C;0;Single carriageway;30 MPH;Other junction;Give way or uncontrolled;Unclassified;0;None within 50 metres ;No physical crossing facilities within 50 metres;Darkness - lights lit;Raining no high winds;Wet or damp;None;None;Urban;Yes;E01000436;1;2;Passenger;Female;25;5;Slight;Not a Pedestrian;Not a Pedestrian;Front seat passenger;Not a bus or coach passenger;No / Not applicable;9;Cyclist;Less deprived 40-50%;2;Car;No tow/articulation;Turning right;On main c'way - not in restricted lane;Entering main road;None;None;Did not leave carriageway;None;Did not impact;1;Not known;Female;63;56 - 65;-1;-1;-1;-1;Data missing or out of range;-1
2019010160990;530503;176506;-0.122376;51.472477;Metropolitan Police;Slight;1;1;01/02/2019;Friday;18:18;Lambeth;Lambeth;A;3;Dual carriageway;30 MPH;T or staggered junction;Auto traffic signal;A;203;None within 50 metres ;Pedestrian phase at traffic signal junction;Darkness - lights lit;Snowing no high winds;Wet or damp;None;None;Urban;Yes;E01003126;1;1;Pedestrian;Male;81;11;Slight;Crossing on pedestrian crossing facility;Crossing from driver's nearside;Not car passenger;Not a bus or coach passenger;No / Not applicable;0;Cyclist;More deprived 10-20%;1;Car;No tow/articulation;Turning right;On main c'way - not in restricted lane;Cleared junction or waiting/parked at junction exit;None;None;Did not leave carriageway;None;Front;1;Journey as part of work;Male;36;36 - 45;-1;-1;-1;1;Urban area;1
2019010160991;550758;182915;0.171786;51.525032;Metropolitan Police;Slight;2;1;01/02/2019;Friday;18:30;Havering;Havering;A;1306;One way street;30 MPH;Other junction;Data missing or out of range;Unclassified;0;None within 50 metres ;Pedestrian phase at traffic signal junction;Darkness - lighting unknown;Raining no high winds;Wet or damp;None;None;Urban;No - accident was reported using a self completion  form (self rep only);E01002368;1;1;Driver or rider;Male;28;6;Slight;Not a Pedestrian;Not a Pedestrian;Not car passenger;Not a bus or coach passenger;No / Not applicable;9;Cyclist;Less deprived 10-20%;1;Car;No tow/articulation;Data missing or out of range;Data missing or out of range;Data missing or out of range;Data missing or out of range;Data missing or out of range;Data missing or out of range;Data missing or out of range;Back;-1;Not known;Male;28;26 - 35;-1;-1;-1;9;Urban area;9
2019010160991;550758;182915;0.171786;51.525032;Metropolitan Police;Slight;2;1;01/02/2019;Friday;18:30;Havering;Havering;A;1306;One way street;30 MPH;Other junction;Data missing or out of range;Unclassified;0;None within 50 metres ;Pedestrian phase at traffic signal junction;Darkness - lighting unknown;Raining no high winds;Wet or damp;None;None;Urban;No - accident was reported using a self completion  form (self rep only);E01002368;1;1;Driver or rider;Male;28;6;Slight;Not a Pedestrian;Not a Pedestrian;Not car passenger;Not a bus or coach passenger;No / Not applicable;9;Cyclist;Less deprived 10-20%;2;Car;No tow/articulation;Data missing or out of range;Data missing or out of range;Data missing or out of range;Data missing or out of range;Data missing or out of range;Data missing or out of range;Data missing or out of range;Back;-1;Not known;Not known;47;46 - 55;-1;-1;-1;5;Urban area;5
2019010160992;531115;180050;-0.112254;51.504184;Metropolitan Police;Slight;2;1;01/02/2019;Friday;18:20;Lambeth;Lambeth;A;301;Unknown;30 MPH;Roundabout;Auto traffic signal;A;301;Data missing or out of range;Pedestrian phase at traffic signal junction;Darkness - lights lit;Raining no high winds;Wet or damp;None;None;Urban;No - accident was reported using a self completion  form (self rep only);E01003016;1;1;Driver or rider;Male;25;5;Slight;Not a Pedestrian;Not a Pedestrian;Not car passenger;Not a bus or coach passenger;No / Not applicable;1;-1;Data missing or out of range;1;Pedal cycle;Data missing or out of range;Data missing or out of range;Data missing or out of range;Approaching junction or waiting/parked at junction approach;Data missing or out of range;Data missing or out of range;Data missing or out of range;Data missing or out of range;Front;1;Not known;Male;25;21 - 25;-1;-1;-1;-1;Data missing or out of range;-1
2019010160992;531115;180050;-0.112254;51.504184;Metropolitan Police;Slight;2;1;01/02/2019;Friday;18:20;Lambeth;Lambeth;A;301;Unknown;30 MPH;Roundabout;Auto traffic signal;A;301;Data missing or out of range;Pedestrian phase at traffic signal junction;Darkness - lights lit;Raining no high winds;Wet or damp;None;None;Urban;No - accident was reported using a self completion  form (self rep only);E01003016;1;1;Driver or rider;Male;25;5;Slight;Not a Pedestrian;Not a Pedestrian;Not car passenger;Not a bus or coach passenger;No / Not applicable;1;-1;Data missing or out of range;2;Taxi/Private hire car;No tow/articulation;Data missing or out of range;Data missing or out of range;Approaching junction or waiting/parked at junction approach;Data missing or out of range;Data missing or out of range;Data missing or out of range;Data missing or out of range;Data missing or out of range;-1;Not known;Not known;-1;Data missing or out of range;-1;-1;-1;-1;Data missing or out of range;-1
2019010160993;541458;183227;0.037946;51.53024;Metropolitan Police;Slight;2;1;01/02/2019;Friday;20:20;Newham;Newham;C;0;Single carriageway;30 MPH;Crossroads;Auto traffic signal;A;124;None within 50 metres ;Pedestrian phase at traffic signal junction;Darkness - lighting unknown;Raining no high winds;Wet or damp;None;None;Urban;No - accident was reported using a self completion  form (self rep only);E01003492;1;1;Driver or rider;Male;36;7;Slight;Not a Pedestrian;Not a Pedestrian;Not car passenger;Not a bus or coach passenger;No / Not applicable;9;Cyclist;Less deprived 40-50%;1;Car;No tow/articulation;Data missing or out of range;Data missing or out of range;Approaching junction or waiting/parked at junction approach;Data missing or out of range;Data missing or out of range;Data missing or out of range;Data missing or out of range;Data missing or out of range;-1;Not known;Male;36;36 - 45;-1;-1;-1;6;Urban area;6
2019010160993;541458;183227;0.037946;51.53024;Metropolitan Police;Slight;2;1;01/02/2019;Friday;20:20;Newham;Newham;C;0;Single carriageway;30 MPH;Crossroads;Auto traffic signal;A;124;None within 50 metres ;Pedestrian phase at traffic signal junction;Darkness - lighting unknown;Raining no high winds;Wet or damp;None;None;Urban;No - accident was reported using a self completion  form (self rep only);E01003492;1;1;Driver or rider;Male;36;7;Slight;Not a Pedestrian;Not a Pedestrian;Not car passenger;Not a bus or coach passenger;No / Not applicable;9;Cyclist;Less deprived 40-50%;2;Car;Data missing or out of range;Going ahead other;On main c'way - not in restricted lane;Approaching junction or waiting/parked at junction approach;Data missing or out of range;None;Did not leave carriageway;None;Data missing or out of range;-1;Not known;Not known;-1;Data missing or out of range;-1;-1;-1;1;Urban area;1
2019010160996;534288;168628;-0.070896;51.400795;Metropolitan Police;Slight;2;1;01/02/2019;Friday;21:30;Croydon;Croydon;B;233;Dual carriageway;20 MPH;T or staggered junction;Give way or uncontrolled;Unclassified;0;None within 50 metres ;No physical crossing facilities within 50 metres;Darkness - lights lit;Snowing no high winds;Snow;None;None;Urban;Yes;E01001145;1;1;Driver or rider;Female;49;8;Slight;Not a Pedestrian;Not a Pedestrian;Not car passenger;Not a bus or coach passenger;No / Not applicable;9;Cyclist;More deprived 20-30%;1;Car;No tow/articulation;Going ahead right-hand bend;On main c'way - not in restricted lane;Approaching junction or waiting/parked at junction approach;Skidded;None;Did not leave carriageway;None;Offside;1;Not known;Female;49;46 - 55;-1;-1;-1;3;Urban area;3
2019010160996;534288;168628;-0.070896;51.400795;Metropolitan Police;Slight;2;1;01/02/2019;Friday;21:30;Croydon;Croydon;B;233;Dual carriageway;20 MPH;T or staggered junction;Give way or uncontrolled;Unclassified;0;None within 50 metres ;No physical crossing facilities within 50 metres;Darkness - lights lit;Snowing no high winds;Snow;None;None;Urban;Yes;E01001145;1;1;Driver or rider;Female;49;8;Slight;Not a Pedestrian;Not a Pedestrian;Not car passenger;Not a bus or coach passenger;No / Not applicable;9;Cyclist;More deprived 20-30%;2;Car;No tow/articulation;Going ahead other;On main c'way - not in restricted lane;Not at or within 20 metres of junction;None;None;Did not leave carriageway;None;Nearside;1;Not known;Not known;-1;Data missing or out of range;-1;-1;-1;-1;Data missing or out of range;-1
2019010161001;535361;172908;-0.053848;51.439002;Metropolitan Police;Slight;1;2;01/02/2019;Friday;23:12;Lewisham;Lewisham;A;2216;Single carriageway;20 MPH;T or staggered junction;Auto traffic signal;A;205;None within 50 metres ;Pedestrian phase at traffic signal junction;Darkness - lights lit;Snowing no high winds;Wet or damp;None;None;Urban;Yes;E01003255;1;1;Driver or rider;Male;23;5;Slight;Not a Pedestrian;Not a Pedestrian;Not car passenger;Not a bus or coach passenger;No / Not applicable;3;Cyclist;More deprived 10-20%;1;Motorcycle 125cc and under;No tow/articulation;Going ahead right-hand bend;On main c'way - not in restricted lane;Cleared junction or waiting/parked at junction exit;None;None;Did not leave carriageway;None;Front;1;Not known;Male;23;21 - 25;-1;-1;-1;2;Urban area;2
2019010161001;535361;172908;-0.053848;51.439002;Metropolitan Police;Slight;1;2;01/02/2019;Friday;23:12;Lewisham;Lewisham;A;2216;Single carriageway;20 MPH;T or staggered junction;Auto traffic signal;A;205;None within 50 metres ;Pedestrian phase at traffic signal junction;Darkness - lights lit;Snowing no high winds;Wet or damp;None;None;Urban;Yes;E01003255;1;2;Pedestrian;Male;55;8;Slight;Crossing on pedestrian crossing facility;Crossing from driver's offside;Not car passenger;Not a bus or coach passenger;No / Not applicable;0;Cyclist;More deprived 30-40%;1;Motorcycle 125cc and under;No tow/articulation;Going ahead right-hand bend;On main c'way - not in restricted lane;Cleared junction or waiting/parked at junction exit;None;None;Did not leave carriageway;None;Front;1;Not known;Male;23;21 - 25;-1;-1;-1;2;Urban area;2
2019010161003;533572;193827;-0.071644;51.627414;Metropolitan Police;Slight;4;2;01/02/2019;Friday;22:24;Enfield;Enfield;B;154;Single carriageway;30 MPH;Not at junction or within 20 metres;Data missing or out of range;-1;0;None within 50 metres ;No physical crossing facilities within 50 metres;Darkness - lights lit;Snowing no high winds;Wet or damp;None;None;Urban;Yes;E01001461;1;1;Driver or rider;Female;45;7;Slight;Not a Pedestrian;Not a Pedestrian;Not car passenger;Not a bus or coach passenger;No / Not applicable;9;Cyclist;More deprived 30-40%;1;Car;No tow/articulation;Going ahead other;On main c'way - not in restricted lane;Not at or within 20 metres of junction;None;Parked vehicle;Did not leave carriageway;None;Front;1;Not known;Female;45;36 - 45;-1;-1;-1;4;Urban area;4
2019010161003;533572;193827;-0.071644;51.627414;Metropolitan Police;Slight;4;2;01/02/2019;Friday;22:24;Enfield;Enfield;B;154;Single carriageway;30 MPH;Not at junction or within 20 metres;Data missing or out of range;-1;0;None within 50 metres ;No physical crossing facilities within 50 metres;Darkness - lights lit;Snowing no high winds;Wet or damp;None;None;Urban;Yes;E01001461;1;1;Driver or rider;Female;45;7;Slight;Not a Pedestrian;Not a Pedestrian;Not car passenger;Not a bus or coach passenger;No / Not applicable;9;Cyclist;More deprived 30-40%;2;Taxi/Private hire car;No tow/articulation;Going ahead other;On main c'way - not in restricted lane;Not at or within 20 metres of junction;None;None;Did not leave carriageway;None;Front;1;Journey as part of work;Male;58;56 - 65;-1;-1;-1;2;Urban area;2
2019010161003;533572;193827;-0.071644;51.627414;Metropolitan Police;Slight;4;2;01/02/2019;Friday;22:24;Enfield;Enfield;B;154;Single carriageway;30 MPH;Not at junction or within 20 metres;Data missing or out of range;-1;0;None within 50 metres ;No physical crossing facilities within 50 metres;Darkness - lights lit;Snowing no high winds;Wet or damp;None;None;Urban;Yes;E01001461;1;1;Driver or rider;Female;45;7;Slight;Not a Pedestrian;Not a Pedestrian;Not car passenger;Not a bus or coach passenger;No / Not applicable;9;Cyclist;More deprived 30-40%;3;Car;No tow/articulation;Parked;On main c'way - not in restricted lane;Not at or within 20 metres of junction;None;Parked vehicle;Did not leave carriageway;None;Offside;1;Not known;Not known;-1;Data missing or out of range;-1;-1;-1;-1;Data missing or out of range;-1
2019010161003;533572;193827;-0.071644;51.627414;Metropolitan Police;Slight;4;2;01/02/2019;Friday;22:24;Enfield;Enfield;B;154;Single carriageway;30 MPH;Not at junction or within 20 metres;Data missing or out of range;-1;0;None within 50 metres ;No physical crossing facilities within 50 metres;Darkness - lights lit;Snowing no high winds;Wet or damp;None;None;Urban;Yes;E01001461;1;1;Driver or rider;Female;45;7;Slight;Not a Pedestrian;Not a Pedestrian;Not car passenger;Not a bus or coach passenger;No / Not applicable;9;Cyclist;More deprived 30-40%;4;Car;No tow/articulation;Parked;On main c'way - not in restricted lane;Not at or within 20 metres of junction;None;Parked vehicle;Did not leave carriageway;None;Offside;1;Not known;Not known;-1;Data missing or out of range;-1;-1;-1;-1;Data missing or out of range;-1