Accident_Index;Location_Easting_OSGR;Location_Northing_OSGR;Longitude;Latitude;Police_Force;Accident_Severity;Number_of_Vehicles;Number_of_Casualties;Date;Day_of_Week;Time;Local_Authority_(District);Local_Authority_(Highway);1st_Road_Class;1st_Road_Number;Road_Type;Speed_limit;Junction_Detail;Junction_Control;2nd_Road_Class;2nd_Road_Number;Pedestrian_Crossing-Human_Control;Pedestrian_Crossing-Physical_Facilities;Light_Conditions;Weather_Conditions;Road_Surface_Conditions;Special_Conditions_at_Site;Carriageway_Hazards;Urban_or_Rural_Area;Did_Police_Officer_Attend_Scene_of_Accident;LSOA_of_Accident_Location;Vehicle_Reference_x;Casualty_Reference;Casualty_Class;Sex_of_Casualty;Age_of_Casualty;Age_Band_of_Casualty;Casualty_Severity;Pedestrian_Location;Pedestrian_Movement;Car_Passenger;Bus_or_Coach_Passenger;Pedestrian_Road_Maintenance_Worker;Casualty_Type;Casualty_Home_Area_Type;Casualty_IMD_Decile;Vehicle_Reference_y;Vehicle_Type;Towing_and_Articulation;Vehicle_Manoeuvre;Vehicle_Location-Restricted_Lane;Junction_Location;Skidding_and_Overturning;Hit_Object_in_Carriageway;Vehicle_Leaving_Carriageway;Hit_Object_off_Carriageway;1st_Point_of_Impact;Was_Vehicle_Left_Hand_Drive?;Journey_Purpose_of_Driver;Sex_of_Driver;Age_of_Driver;Age_Band_of_Driver;Engine_Capacity_(CC);Propulsion_Code;Age_of_Vehicle;Driver_IMD_Decile;Driver_Home_Area_Type;Vehicle_IMD_Decile
2019010161003;533572;193827;-0.071644;51.627414;Metropolitan Police;Slight;4;2;01/02/2019;Friday;22:24;Enfield;Enfield;B;154;Single carriageway;30 MPH;Not at junction or within 20 metres;Data missing or out of range;-1;0;None within 50 metres ;No physical crossing facilities within 50 metres;Darkness - lights lit;Snowing no high winds;Wet or damp;None;None;Urban;Yes;E01001461;1;2;Passenger;Male;17;4;Slight;Not a Pedestrian;Not a Pedestrian;Front seat passenger;Not a bus or coach passenger;No / Not applicable;9;Cyclist;More deprived 30-40%;1;Car;No tow/articulation;Going ahead other;On main c'way - not in restricted lane;Not at or within 20 metres of junction;None;Parked vehicle;Did not leave carriageway;None;Front;1;Not known;Female;45;36 - 45;-1;-1;-1;4;Urban area;4
2019010161003;533572;193827;-0.071644;51.627414;Metropolitan Police;Slight;4;2;01/02/2019;Friday;22:24;Enfield;Enfield;B;154;Single carriageway;30 MPH;Not at junction or within 20 metres;Data missing or out of range;-1;0;None within 50 metres ;No physical crossing facilities within 50 metres;Darkness - lights lit;Snowing no high winds;Wet or damp;None;None;Urban;Yes;E01001461;1;2;Passenger;Male;17;4;Slight;Not a Pedestrian;Not a Pedestrian;Front seat passenger;Not a bus or coach passenger;No / Not applicable;9;Cyclist;More deprived 30-40%;2;Taxi/Private hire car;No tow/articulation;Going ahead other;On main c'way - not in restricted lane;Not at or within 20 metres of junction;None;None;Did not leave carriageway;None;Front;1;Journey as part of work;Male;58;56 - 65;-1;-1;-1;2;Urban area;2
2019010161003;533572;193827;-0.071644;51.627414;Metropolitan Police;Slight;4;2;01/02/2019;Friday;22:24;Enfield;Enfield;B;154;Single carriageway;30 MPH;Not at junction or within 20 metres;Data missing or out of range;-1;0;None within 50 metres ;No physical crossing facilities within 50 metres;Darkness - lights lit;Snowing no high winds;Wet or damp;None;None;Urban;Yes;E01001461;1;2;Passenger;Male;17;4;Slight;Not a Pedestrian;Not a Pedestrian;Front seat passenger;Not a bus or coach passenger;No / Not applicable;9;Cyclist;More deprived 30-40%;3;Car;No tow/articulation;Parked;On main c'way - not in restricted lane;Not at or within 20 metres of junction;None;Parked vehicle;Did not leave carriageway;None;Offside;1;Not known;Not known;-1;Data missing or out of range;-1;-1;-1;-1;Data missing or out of range;-1
2019010161003;533572;193827;-0.071644;51.627414;Metropolitan Police;Slight;4;2;01/02/2019;Friday;22:24;Enfield;Enfield;B;154;Single carriageway;30 MPH;Not at junction or within 20 metres;Data missing or out of range;-1;0;None within 50 metres ;No physical crossing facilities within 50 metres;Darkness - lights lit;Snowing no high winds;Wet or damp;None;None;Urban;Yes;E01001461;1;2;Passenger;Male;17;4;Slight;Not a Pedestrian;Not a Pedestrian;Front seat passenger;Not a bus or coach passenger;No / Not applicable;9;Cyclist;More deprived 30-40%;4;Car;No tow/articulation;Parked;On main c'way - not in restricted lane;Not at or within 20 metres of junction;None;Parked vehicle;Did not leave carriageway;None;Offside;1;Not known;Not known;-1;Data missing or out of range;-1;-1;-1;-1;Data missing or out of range;-1
2019010161005;529350;189254;-0.134289;51.587305;Metropolitan Police;Slight;1;1;02/02/2019;Saturday;01:15;Haringey;Haringey;A;504;Single carriageway;20 MPH;Other junction;Auto traffic signal;A;1201;Control by other authorised person;Pelican, puffin, toucan or similar non-junction pedestrian light crossing;Darkness - lights lit;Raining + high winds;Wet or damp;None;None;Urban;Yes;E01002019;1;1;Pedestrian;Female;17;4;Slight;In carriageway, crossing elsewhere;Unknown or other;Not car passenger;Not a bus or coach passenger;No / Not applicable;0;Cyclist;More deprived 10-20%;1;Car;No tow/articulation;Moving off;On main c'way - not in restricted lane;Approaching junction or waiting/parked at junction approach;None;None;Did not leave carriageway;None;Nearside;1;Commuting to/from work;Male;49;46 - 55;-1;-1;-1;2;Urban area;2
2019010161011;548343;178082;0.134969;51.482245;Metropolitan Police;Slight;3;1;01/02/2019;Friday;23:30;Bexley;Bexley;A;206;Single carriageway;30 MPH;Not at junction or within 20 metres;Data missing or out of range;-1;0;None within 50 metres ;No physical crossing facilities within 50 metres;Darkness - lights lit;Snowing no high winds;Snow;None;None;Urban;Yes;E01000417;1;1;Passenger;Male;24;5;Slight;Not a Pedestrian;Not a Pedestrian;Front seat passenger;Not a bus or coach passenger;No / Not applicable;9;-1;Data missing or out of range;1;Car;No tow/articulation;Going ahead right-hand bend;On main c'way - not in restricted lane;Not at or within 20 metres of junction;Skidded;None;Did not leave carriageway;None;Front;1;Not known;Female;27;26 - 35;1560;Heavy oil;6;4;Urban area;4
2019010161011;548343;178082;0.134969;51.482245;Metropolitan Police;Slight;3;1;01/02/2019;Friday;23:30;Bexley;Bexley;A;206;Single carriageway;30 MPH;Not at junction or within 20 metres;Data missing or out of range;-1;0;None within 50 metres ;No physical crossing facilities within 50 metres;Darkness - lights lit;Snowing no high winds;Snow;None;None;Urban;Yes;E01000417;1;1;Passenger;Male;24;5;Slight;Not a Pedestrian;Not a Pedestrian;Front seat passenger;Not a bus or coach passenger;No / Not applicable;9;-1;Data missing or out of range;2;Car;No tow/articulation;Parked;On main c'way - not in restricted lane;Not at or within 20 metres of junction;None;None;Did not leave carriageway;None;Offside;1;Not known;Not known;-1;Data missing or out of range;1242;Petrol;4;-1;Data missing or out of range;-1
2019010161011;548343;178082;0.134969;51.482245;Metropolitan Police;Slight;3;1;01/02/2019;Friday;23:30;Bexley;Bexley;A;206;Single carriageway;30 MPH;Not at junction or within 20 metres;Data missing or out of range;-1;0;None within 50 metres ;No physical crossing facilities within 50 metres;Darkness - lights lit;Snowing no high winds;Snow;None;None;Urban;Yes;E01000417;1;1;Passenger;Male;24;5;Slight;Not a Pedestrian;Not a Pedestrian;Front seat passenger;Not a bus or coach passenger;No / Not applicable;9;-1;Data missing or out of range;3;Van / Goods 3.5 tonnes mgw or under;No tow/articulation;Parked;On main c'way - not in restricted lane;Not at or within 20 metres of junction;None;None;Did not leave carriageway;None;Back;1;Not known;Not known;-1;Data missing or out of range;2402;Heavy oil;8;-1;Data missing or out of range;-1
2019010161014;531575;186889;-0.103077;51.565537;Metropolitan Police;Serious;1;1;02/02/2019;Saturday;05:47;Hackney;Hackney;A;503;Dual carriageway;20 MPH;T or staggered junction;Give way or uncontrolled;Unclassified;0;None within 50 metres ;No physical crossing facilities within 50 metres;Darkness - lights lit;Fine no high winds;Wet or damp;None;None;Urban;Yes;E01001718;1;1;Pedestrian;Male;27;6;Serious;In carriageway, crossing elsewhere;Crossing from driver's offside;Not car passenger;Not a bus or coach passenger;No / Not applicable;0;-1;Data missing or out of range;1;Car;No tow/articulation;Going ahead other;On main c'way - not in restricted lane;Approaching junction or waiting/parked at junction approach;None;None;Did not leave carriageway;None;Front;1;Not known;Not known;-1;Data missing or out of range;1390;Petrol;13;-1;Data missing or out of range;-1
2019010161020;520178;182619;-0.268882;51.529702;Metropolitan Police;Slight;2;1;02/02/2019;Saturday;07:40;Ealing;Ealing;B;4492;Single carriageway;30 MPH;T or staggered junction;Auto traffic signal;C;0;None within 50 metres ;Pedestrian phase at traffic signal junction;Daylight;Fine no high winds;Dry;None;None;Urban;Yes;E01001247;2;1;Driver or rider;Male;56;9;Slight;Not a Pedestrian;Not a Pedestrian;Not car passenger;Not a bus or coach passenger;No / Not applicable;9;Cyclist;More deprived 40-50%;1;Car;No tow/articulation;Going ahead other;On main c'way - not in restricted lane;Approaching junction or waiting/parked at junction approach;None;None;Did not leave carriageway;None;Front;1;Not known;Male;19;16 - 20;-1;-1;-1;-1;Data missing or out of range;-1
2019010161020;520178;182619;-0.268882;51.529702;Metropolitan Police;Slight;2;1;02/02/2019;Saturday;07:40;Ealing;Ealing;B;4492;Single carriageway;30 MPH;T or staggered junction;Auto traffic signal;C;0;None within 50 metres ;Pedestrian phase at traffic signal junction;Daylight;Fine no high winds;Dry;None;None;Urban;Yes;E01001247;2;1;Driver or rider;Male;56;9;Slight;Not a Pedestrian;Not a Pedestrian;Not car passenger;Not a bus or coach passenger;No / Not applicable;9;Cyclist;More deprived 40-50%;2;Car;No tow/articulation;Turning right;On main c'way - not in restricted lane;Approaching junction or waiting/parked at junction approach;None;None;Did not leave carriageway;None;Front;1;Commuting to/from work;Male;56;56 - 65;-1;-1;-1;5;Urban area;5
2019010161022;532122;176011;-0.099264;51.467653;Metropolitan Police;Slight;3;2;01/02/2019;Friday;21:10;Lambeth;Lambeth;A;2217;Single carriageway;20 MPH;T or staggered junction;Give way or uncontrolled;Unclassified;0;None within 50 metres ;No physical crossing facilities within 50 metres;Darkness - lights lit;Raining no high winds;Wet or damp;None;None;Urban;Yes;E01003077;1;1;Driver or rider;Male;24;5;Slight;Not a Pedestrian;Not a Pedestrian;Not car passenger;Not a bus or coach passenger;No / Not applicable;9;Cyclist;Most deprived 10%;1;Car;No tow/articulation;Moving off;On main c'way - not in restricted lane;Cleared junction or waiting/parked at junction exit;None;Parked vehicle;Did not leave carriageway;None;Offside;1;Not known;Male;24;21 - 25;-1;-1;-1;1;Urban area;1
2019010161022;532122;176011;-0.099264;51.467653;Metropolitan Police;Slight;3;2;01/02/2019;Friday;21:10;Lambeth;Lambeth;A;2217;Single carriageway;20 MPH;T or staggered junction;Give way or uncontrolled;Unclassified;0;None within 50 metres ;No physical crossing facilities within 50 metres;Darkness - lights lit;Raining no high winds;Wet or damp;None;None;Urban;Yes;E01003077;1;1;Driver or rider;Male;24;5;Slight;Not a Pedestrian;Not a Pedestrian;Not car passenger;Not a bus or coach passenger;No / Not applicable;9;Cyclist;Most deprived 10%;2;Car;No tow/articulation;Overtaking static vehicle - offside;On main c'way - not in restricted lane;Cleared junction or waiting/parked at junction exit;None;None;Did not leave carriageway;None;Nearside;1;Journey as part of work;Male;51;46 - 55;-1;-1;-1;-1;Data missing or out of range;-1
2019010161022;532122;176011;-0.099264;51.467653;Metropolitan Police;Slight;3;2;01/02/2019;Friday;21:10;Lambeth;Lambeth;A;2217;Single carriageway;20 MPH;T or staggered junction;Give way or uncontrolled;Unclassified;0;None within 50 metres ;No physical crossing facilities within 50 metres;Darkness - lights lit;Raining no high winds;Wet or damp;None;None;Urban;Yes;E01003077;1;1;Driver or rider;Male;24;5;Slight;Not a Pedestrian;Not a Pedestrian;Not car passenger;Not a bus or coach passenger;No / Not applicable;9;Cyclist;Most deprived 10%;3;Car;No tow/articulation;Parked;On main c'way - not in restricted lane;Cleared junction or waiting/parked at junction exit;None;None;Did not leave carriageway;None;Offside;1;Not known;Not known;-1;Data missing or out of range;-1;-1;-1;-1;Data missing or out of range;-1
2019010161022;532122;176011;-0.099264;51.467653;Metropolitan Police;Slight;3;2;01/02/2019;Friday;21:10;Lambeth;Lambeth;A;2217;Single carriageway;20 MPH;T or staggered junction;Give way or uncontrolled;Unclassified;0;None within 50 metres ;No physical crossing facilities within 50 metres;Darkness - lights lit;Raining no high winds;Wet or damp;None;None;Urban;Yes;E01003077;2;2;Driver or rider;Male;51;8;Slight;Not a Pedestrian;Not a Pedestrian;Not car passenger;Not a bus or coach passenger;No / Not applicable;9;-1;Data missing or out of range;1;Car;No tow/articulation;Moving off;On main c'way - not in restricted lane;Cleared junction or waiting/parked at junction exit;None;Parked vehicle;Did not leave carriageway;None;Offside;1;Not known;Male;24;21 - 25;-1;-1;-1;1;Urban area;1
2019010161022;532122;176011;-0.099264;51.467653;Metropolitan Police;Slight;3;2;01/02/2019;Friday;21:10;Lambeth;Lambeth;A;2217;Single carriageway;20 MPH;T or staggered junction;Give way or uncontrolled;Unclassified;0;None within 50 metres ;No physical crossing facilities within 50 metres;Darkness - lights lit;Raining no high winds;Wet or damp;None;None;Urban;Yes;E01003077;2;2;Driver or rider;Male;51;8;Slight;Not a Pedestrian;Not a Pedestrian;Not car passenger;Not a bus or coach passenger;No / Not applicable;9;-1;Data missing or out of range;2;Car;No tow/articulation;Overtaking static vehicle - offside;On main c'way - not in restricted lane;Cleared junction or waiting/parked at junction exit;None;None;Did not leave carriageway;None;Nearside;1;Journey as part of work;Male;51;46 - 55;-1;-1;-1;-1;Data missing or out of range;-1
2019010161022;532122;176011;-0.099264;51.467653;Metropolitan Police;Slight;3;2;01/02/2019;Friday;21:10;Lambeth;Lambeth;A;2217;Single carriageway;20 MPH;T or staggered junction;Give way or uncontrolled;Unclassified;0;None within 50 metres ;No physical crossing facilities within 50 metres;Darkness - lights lit;Raining no high winds;Wet or damp;None;None;Urban;Yes;E01003077;2;2;Driver or rider;Male;51;8;Slight;Not a Pedestrian;Not a Pedestrian;Not car passenger;Not a bus or coach passenger;No / Not applicable;9;-1;Data missing or out of range;3;Car;No tow/articulation;Parked;On main c'way - not in restricted lane;Cleared junction or waiting/parked at junction exit;None;None;Did not leave carriageway;None;Offside;1;Not known;Not known;-1;Data missing or out of range;-1;-1;-1;-1;Data missing or out of range;-1
2019010161023;553436;182239;0.210064;51.518238;Metropolitan Police;Serious;2;1;02/02/2019;Saturday;00:51;Havering;Havering;A;1306;Single carriageway;40 MPH;Crossroads;Give way or uncontrolled;Unclassified;0;None within 50 metres ;No physical crossing facilities within 50 metres;Darkness - lights lit;Fine no high winds;Wet or damp;None;None;Urban;Yes;E01002344;1;1;Driver or rider;Male;42;7;Serious;Not a Pedestrian;Not a Pedestrian;Not car passenger;Not a bus or coach passenger;No / Not applicable;20;Cyclist;More deprived 10-20%;1;Goods over 3.5t. and under 7.5t;No tow/articulation;Going ahead other;On main c'way - not in restricted lane;Approaching junction or waiting/parked at junction approach;None;None;Offside;Entered ditch;Offside;1;Not known;Male;42;36 - 45;2998;Heavy oil;8;2;Urban area;2
2019010161023;553436;182239;0.210064;51.518238;Metropolitan Police;Serious;2;1;02/02/2019;Saturday;00:51;Havering;Havering;A;1306;Single carriageway;40 MPH;Crossroads;Give way or uncontrolled;Unclassified;0;None within 50 metres ;No physical crossing facilities within 50 metres;Darkness - lights lit;Fine no high winds;Wet or damp;None;None;Urban;Yes;E01002344;1;1;Driver or rider;Male;42;7;Serious;Not a Pedestrian;Not a Pedestrian;Not car passenger;Not a bus or coach passenger;No / Not applicable;20;Cyclist;More deprived 10-20%;2;Car;No tow/articulation;Turning right;On main c'way - not in restricted lane;Mid Junction - on roundabout or on main road;Overturned;None;Did not leave carriageway;None;Nearside;1;Not known;Male;33;26 - 35;2179;Heavy oil;4;4;Small town;4
2019010161026;529609;182803;-0.132929;51.529272;Metropolitan Police;Serious;2;1;02/02/2019;Saturday;10:56;Camden;Camden;A;4200;Dual carriageway;20 MPH;Not at junction or within 20 metres;Data missing or out of range;-1;0;None within 50 metres ;No physical crossing facilities within 50 metres;Darkness - lights lit;Fine no high winds;Frost or ice;None;None;Urban;Yes;E01000945;2;1;Passenger;Male;30;6;Serious;Not a Pedestrian;Not a Pedestrian;Rear seat passenger;Not a bus or coach passenger;No / Not applicable;9;Cyclist;More deprived 20-30%;1;Car;No tow/articulation;Going ahead other;On main c'way - not in restricted lane;Not at or within 20 metres of junction;None;Parked vehicle;Did not leave carriageway;None;Front;1;Not known;Not known;-1;Data missing or out of range;-1;-1;-1;-1;Data missing or out of range;-1
2019010161026;529609;182803;-0.132929;51.529272;Metropolitan Police;Serious;2;1;02/02/2019;Saturday;10:56;Camden;Camden;A;4200;Dual carriageway;20 MPH;Not at junction or within 20 metres;Data missing or out of range;-1;0;None within 50 metres ;No physical crossing facilities within 50 metres;Darkness - lights lit;Fine no high winds;Frost or ice;None;None;Urban;Yes;E01000945;2;1;Passenger;Male;30;6;Serious;Not a Pedestrian;Not a Pedestrian;Rear seat passenger;Not a bus or coach passenger;No / Not applicable;9;Cyclist;More deprived 20-30%;2;Car;No tow/articulation;Waiting to go - held up;Bus lane;Not at or within 20 metres of junction;None;None;Did not leave carriageway;None;Offside;1;Journey as part of work;Male;35;26 - 35;-1;-1;-1;5;Urban area;5
2019010161028;506774;176727;-0.46382;51.479434;Metropolitan Police;Slight;1;1;02/02/2019;Saturday;05:55;Hillingdon;Hillingdon;Unclassified;0;Unknown;20 MPH;Data missing or out of range;Data missing or out of range;Unclassified;0;Data missing or out of range;Data missing or out of range;Daylight;Unknown;Dry;None;Other object on road;Urban;No - accident was reported using a self completion  form (self rep only);E01002444;1;1;Driver or rider;Male;42;7;Slight;Not a Pedestrian;Not a Pedestrian;Not car passenger;Not a bus or coach passenger;No / Not applicable;8;Cyclist;More deprived 40-50%;1;Taxi/Private hire car;No tow/articulation;Data missing or out of range;Data missing or out of range;Data missing or out of range;Data missing or out of range;Data missing or out of range;Data missing or out of range;Data missing or out of range;Back;-1;Not known;Male;42;36 - 45;-1;-1;-1;5;Urban area;5
2019010161034;512608;183956;-0.377537;51.543277;Metropolitan Police;Slight;2;1;02/02/2019;Saturday;08:00;Ealing;Ealing;A;40;Dual carriageway;40 MPH;Roundabout;Give way or uncontrolled;A;40;None within 50 metres ;No physical crossing facilities within 50 metres;Daylight;Fine no high winds;Wet or damp;None;None;Urban;No - accident was reported using a self completion  form (self rep only);E01001321;1;1;Driver or rider;Female;59;9;Slight;Not a Pedestrian;Not a Pedestrian;Not car passenger;Not a bus or coach passenger;No / Not applicable;9;Cyclist;Less deprived 20-30%;1;Car;No tow/articulation;Data missing or out of range;Data missing or out of range;Data missing or out of range;Data missing or out of range;Data missing or out of range;Data missing or out of range;Data missing or out of range;Back;-1;Commuting to/from work;Female;59;56 - 65;-1;-1;-1;8;Urban area;8
2019010161034;512608;183956;-0.377537;51.543277;Metropolitan Police;Slight;2;1;02/02/2019;Saturday;08:00;Ealing;Ealing;A;40;Dual carriageway;40 MPH;Roundabout;Give way or uncontrolled;A;40;None within 50 metres ;No physical crossing facilities within 50 metres;Daylight;Fine no high winds;Wet or damp;None;None;Urban;No - accident was reported using a self completion  form (self rep only);E01001321;1;1;Driver or rider;Female;59;9;Slight;Not a Pedestrian;Not a Pedestrian;Not car passenger;Not a bus or coach passenger;No / Not applicable;9;Cyclist;Less deprived 20-30%;2;Car;No tow/articulation;Data missing or out of range;Data missing or out of range;Data missing or out of range;Data missing or out of range;Data missing or out of range;Data missing or out of range;Data missing or out of range;Front;-1;Not known;Not known;-1;Data missing or out of range;-1;-1;-1;-1;Data missing or out of range;-1
2019010161039;528511;173296;-0.152206;51.444084;Metropolitan Police;Slight;1;1;31/01/2019;Thursday;15:40;Wandsworth;Wandsworth;A;24;Single carriageway;20 MPH;Not at junction or within 20 metres;Data missing or out of range;-1;0;None within 50 metres ;Data missing or out of range;Daylight;Fine no high winds;Data missing or out of range;Data missing or out of range;Data missing or out of range;Urban;No - accident was reported using a self completion  form (self rep only);E01004474;1;1;Pedestrian;Female;83;11;Slight;Unknown or other;Unknown or other;Not car passenger;Not a bus or coach passenger;No / Not applicable;0;Cyclist;Less deprived 20-30%;1;Car;No tow/articulation;Data missing or out of range;Data missing or out of range;Not at or within 20 metres of junction;Data missing or out of range;Data missing or out of range;Data missing or out of range;Data missing or out of range;Front;-1;Not known;Not known;-1;Data missing or out of range;-1;-1;-1;-1;Data missing or out of range;-1
2019010161040;536606;175413;-0.034981;51.461215;Metropolitan Police;Serious;1;1;01/02/2019;Friday;23:40;Lewisham;Lewisham;B;218;Dual carriageway;30 MPH;Crossroads;Data missing or out of range;Unclassified;0;None within 50 metres ;Zebra;Darkness - lights lit;Snowing no high winds;Snow;None;None;Urban;No - accident was reported using a self completion  form (self rep only);E01003214;1;1;Pedestrian;Male;23;5;Serious;Crossing on pedestrian crossing facility;Crossing from driver's nearside;Not car passenger;Not a bus or coach passenger;No / Not applicable;0;Cyclist;More deprived 30-40%;1;Car;No tow/articulation;Data missing or out of range;Data missing or out of range;Data missing or out of range;Data missing or out of range;Data missing or out of range;Data missing or out of range;Data missing or out of range;Front;-1;Not known;Not known;42;36 - 45;-1;-1;-1;-1;Data missing or out of range;-1
2019010161041;543423;179235;0.064632;51.493873;Metropolitan Police;Slight;2;1;02/02/2019;Saturday;19:30;Greenwich;Greenwich;A;206;Dual carriageway;30 MPH;Not at junction or within 20 metres;Data missing or out of range;-1;0;None within 50 metres ;No physical crossing facilities within 50 metres;Daylight;Fine no high winds;Wet or damp;None;None;Urban;Yes;E01033736;1;1;Driver or rider;Male;40;7;Slight;Not a Pedestrian;Not a Pedestrian;Not car passenger;Not a bus or coach passenger;No / Not applicable;9;Cyclist;More deprived 40-50%;1;Car;No tow/articulation;Going ahead other;On main c'way - not in restricted lane;Not at or within 20 metres of junction;None;Kerb;Offside on to central reservation;Road sign or traffic signal;Front;1;Not known;Male;40;36 - 45;-1;-1;-1;5;Urban area;5
2019010161041;543423;179235;0.064632;51.493873;Metropolitan Police;Slight;2;1;02/02/2019;Saturday;19:30;Greenwich;Greenwich;A;206;Dual carriageway;30 MPH;Not at junction or within 20 metres;Data missing or out of range;-1;0;None within 50 metres ;No physical crossing facilities within 50 metres;Daylight;Fine no high winds;Wet or damp;None;None;Urban;Yes;E01033736;1;1;Driver or rider;Male;40;7;Slight;Not a Pedestrian;Not a Pedestrian;Not car passenger;Not a bus or coach passenger;No / Not applicable;9;Cyclist;More deprived 40-50%;2;Car;No tow/articulation;Going ahead other;On main c'way - not in restricted lane;Not at or within 20 metres of junction;None;None;Did not leave carriageway;None;Offside;1;Not known;Female;25;21 - 25;-1;-1;-1;7;Urban area;7
2019010161046;520276;187375;-0.265844;51.572425;Metropolitan Police;Slight;2;1;02/02/2019;Saturday;10:56;Brent;Brent;Unclassified;0;Single carriageway;30 MPH;Not at junction or within 20 metres;Data missing or out of range;-1;0;None within 50 metres ;No physical crossing facilities within 50 metres;Daylight;Fine no high winds;Wet or damp;None;None;Urban;Yes;E01000623;1;1;Driver or rider;Female;25;5;Slight;Not a Pedestrian;Not a Pedestrian;Not car passenger;Not a bus or coach passenger;No / Not applicable;9;Cyclist;Less deprived 40-50%;1;Car;No tow/articulation;Going ahead other;On main c'way - not in restricted lane;Not at or within 20 metres of junction;None;None;Did not leave carriageway;None;Front;1;Not known;Female;25;21 - 25;-1;-1;-1;6;Urban area;6
2019010161046;520276;187375;-0.265844;51.572425;Metropolitan Police;Slight;2;1;02/02/2019;Saturday;10:56;Brent;Brent;Unclassified;0;Single carriageway;30 MPH;Not at junction or within 20 metres;Data missing or out of range;-1;0;None within 50 metres ;No physical crossing facilities within 50 metres;Daylight;Fine no high winds;Wet or damp;None;None;Urban;Yes;E01000623;1;1;Driver or rider;Female;25;5;Slight;Not a Pedestrian;Not a Pedestrian;Not car passenger;Not a bus or coach passenger;No / Not applicable;9;Cyclist;Less deprived 40-50%;2;Car;No tow/articulation;Going ahead other;On main c'way - not in restricted lane;Not at or within 20 metres of junction;None;None;Did not leave carriageway;None;Front;1;Not known;Male;18;16 - 20;-1;-1;-1;5;Urban area;5
2019010161049;527313;183542;-0.165743;51.536435;Metropolitan Police;Slight;2;1;02/02/2019;Saturday;20:40;Camden;Camden;B;525;Dual carriageway;30 MPH;Other junction;Give way or uncontrolled;Unclassified;0;None within 50 metres ;No physical crossing facilities within 50 metres;Daylight;Fine no high winds;Dry;None;None;Urban;Yes;E01000967;1;1;Driver or rider;Male;50;8;Slight;Not a Pedestrian;Not a Pedestrian;Not car passenger;Not a bus or coach passenger;No / Not applicable;9;Cyclist;More deprived 20-30%;1;Car;No tow/articulation;Going ahead other;On main c'way - not in restricted lane;Cleared junction or waiting/parked at junction exit;None;None;Did not leave carriageway;None;Back;1;Journey as part of work;Male;50;46 - 55;-1;-1;-1;3;Urban area;3
2019010161049;527313;183542;-0.165743;51.536435;Metropolitan Police;Slight;2;1;02/02/2019;Saturday;20:40;Camden;Camden;B;525;Dual carriageway;30 MPH;Other junction;Give way or uncontrolled;Unclassified;0;None within 50 metres ;No physical crossing facilities within 50 metres;Daylight;Fine no high winds;Dry;None;None;Urban;Yes;E01000967;1;1;Driver or rider;Male;50;8;Slight;Not a Pedestrian;Not a Pedestrian;Not car passenger;Not a bus or coach passenger;No / Not applicable;9;Cyclist;More deprived 20-30%;2;Taxi/Private hire car;No tow/articulation;Going ahead other;On main c'way - not in restricted lane;Cleared junction or waiting/parked at junction exit;None;None;Did not leave carriageway;None;Front;1;Not known;Male;69;66 - 75;-1;-1;-1;3;Urban area;3
2019010161050;553690;192205;0.218073;51.607711;Metropolitan Police;Slight;1;1;02/02/2019;Saturday;19:50;Havering;Havering;C;0;Single carriageway;30 MPH;Not at junction or within 20 metres;Data missing or out of range;-1;0;None within 50 metres ;No physical crossing facilities within 50 metres;Daylight;Fine no high winds;Dry;None;None;Urban;Yes;E01002280;1;1;Pedestrian;Male;11;3;Slight;In carriageway, crossing elsewhere;Crossing from nearside - masked by parked or stationary vehicle;Not car passenger;Not a bus or coach passenger;No / Not applicable;0;Cyclist;Most deprived 10%;1;Car;No tow/articulation;Going ahead other;On main c'way - not in restricted lane;Not at or within 20 metres of junction;None;None;Did not leave carriageway;None;Front;1;Not known;Male;70;66 - 75;-1;-1;-1;1;Urban area;1
2019010161055;529320;176121;-0.13954;51.469288;Metropolitan Police;Slight;1;1;02/02/2019;Saturday;10:30;Lambeth;Lambeth;Unclassified;0;Single carriageway;20 MPH;Not at junction or within 20 metres;Data missing or out of range;-1;0;None within 50 metres ;No physical crossing facilities within 50 metres;Daylight;Fine no high winds;Wet or damp;None;None;Urban;Yes;E01003034;1;1;Pedestrian;Male;54;8;Slight;In carriageway, not crossing;In carriageway, stationary - not crossing  (standing or playing);Not car passenger;Not a bus or coach passenger;No / Not applicable;0;Motorcycle 125cc and under rider or passenger;Less deprived 30-40%;1;Car;No tow/articulation;Moving off;On main c'way - not in restricted lane;Not at or within 20 metres of junction;None;None;Did not leave carriageway;None;Front;1;Not known;Male;46;46 - 55;-1;-1;-1;10;Urban area;10
2019010161056;515637;191851;-0.331279;51.613624;Metropolitan Police;Serious;1;1;02/02/2019;Saturday;11:00;Harrow;Harrow;A;410;Dual carriageway;30 MPH;Mini-roundabout;Give way or uncontrolled;C;0;Control by other authorised person;Zebra;Daylight;Fine no high winds;Dry;None;None;Urban;Yes;E01002227;1;1;Pedestrian;Female;61;9;Serious;Crossing on pedestrian crossing facility;Crossing from driver's offside;Not car passenger;Not a bus or coach passenger;No / Not applicable;0;Cyclist;More deprived 10-20%;1;Car;No tow/articulation;Going ahead other;On main c'way - not in restricted lane;Leaving roundabout;None;None;Did not leave carriageway;None;Front;1;Not known;Female;86;Over 75;-1;-1;-1;10;Urban area;10