Accident_Index;Location_Easting_OSGR;Location_Northing_OSGR;Longitude;Latitude;Police_Force;Accident_Severity;Number_of_Vehicles;Number_of_Casualties;Date;Day_of_Week;Time;Local_Authority_(District);Local_Authority_(Highway);1st_Road_Class;1st_Road_Number;Road_Type;Speed_limit;Junction_Detail;Junction_Control;2nd_Road_Class;2nd_Road_Number;Pedestrian_Crossing-Human_Control;Pedestrian_Crossing-Physical_Facilities;Light_Conditions;Weather_Conditions;Road_Surface_Conditions;Special_Conditions_at_Site;Carriageway_Hazards;Urban_or_Rural_Area;Did_Police_Officer_Attend_Scene_of_Accident;LSOA_of_Accident_Location;Vehicle_Reference_x;Casualty_Reference;Casualty_Class;Sex_of_Casualty;Age_of_Casualty;Age_Band_of_Casualty;Casualty_Severity;Pedestrian_Location;Pedestrian_Movement;Car_Passenger;Bus_or_Coach_Passenger;Pedestrian_Road_Maintenance_Worker;Casualty_Type;Casualty_Home_Area_Type;Casualty_IMD_Decile;Vehicle_Reference_y;Vehicle_Type;Towing_and_Articulation;Vehicle_Manoeuvre;Vehicle_Location-Restricted_Lane;Junction_Location;Skidding_and_Overturning;Hit_Object_in_Carriageway;Vehicle_Leaving_Carriageway;Hit_Object_off_Carriageway;1st_Point_of_Impact;Was_Vehicle_Left_Hand_Drive?;Journey_Purpose_of_Driver;Sex_of_Driver;Age_of_Driver;Age_Band_of_Driver;Engine_Capacity_(CC);Propulsion_Code;Age_of_Vehicle;Driver_IMD_Decile;Driver_Home_Area_Type;Vehicle_IMD_Decile
2019010161059;521649;167158;-0.253;51.390432;Metropolitan Police;Slight;2;1;02/02/2019;Saturday;10:50;Kingston upon Thames;Kingston upon Thames;A;2043;Dual carriageway;30 MPH;T or staggered junction;Give way or uncontrolled;C;0;None within 50 metres ;Zebra;Daylight;Fine no high winds;Dry;None;Vehicle load on road;Urban;Yes;E01002982;2;1;Driver or rider;Female;20;4;Slight;Not a Pedestrian;Not a Pedestrian;Not car passenger;Not a bus or coach passenger;No / Not applicable;3;Cyclist;Less deprived 10-20%;1;Car;No tow/articulation;Turning right;On main c'way - not in restricted lane;Mid Junction - on roundabout or on main road;None;None;Did not leave carriageway;None;Offside;1;Not known;Male;42;36 - 45;2685;Heavy oil;17;3;Urban area;3
2019010161059;521649;167158;-0.253;51.390432;Metropolitan Police;Slight;2;1;02/02/2019;Saturday;10:50;Kingston upon Thames;Kingston upon Thames;A;2043;Dual carriageway;30 MPH;T or staggered junction;Give way or uncontrolled;C;0;None within 50 metres ;Zebra;Daylight;Fine no high winds;Dry;None;Vehicle load on road;Urban;Yes;E01002982;2;1;Driver or rider;Female;20;4;Slight;Not a Pedestrian;Not a Pedestrian;Not car passenger;Not a bus or coach passenger;No / Not applicable;3;Cyclist;Less deprived 10-20%;2;Motorcycle 125cc and under;No tow/articulation;Overtaking static vehicle - offside;On main c'way - not in restricted lane;Mid Junction - on roundabout or on main road;None;None;Did not leave carriageway;None;Front;1;Commuting to/from work;Female;20;16 - 20;125;Petrol;1;9;Urban area;9
2019010161064;531070;190293;-0.109089;51.596245;Metropolitan Police;Slight;2;1;02/02/2019;Saturday;10:10;Haringey;Haringey;A;105;Single carriageway;20 MPH;T or staggered junction;Give way or uncontrolled;Unclassified;0;None within 50 metres ;No physical crossing facilities within 50 metres;Daylight;Fine no high winds;Wet or damp;None;None;Urban;Yes;E01002029;1;1;Driver or rider;Male;23;5;Slight;Not a Pedestrian;Not a Pedestrian;Not car passenger;Not a bus or coach passenger;No / Not applicable;1;Cyclist;More deprived 30-40%;1;Pedal cycle;No tow/articulation;Going ahead other;On main c'way - not in restricted lane;Approaching junction or waiting/parked at junction approach;None;None;Did not leave carriageway;None;Front;1;Not known;Male;23;21 - 25;-1;-1;-1;4;Urban area;4
2019010161064;531070;190293;-0.109089;51.596245;Metropolitan Police;Slight;2;1;02/02/2019;Saturday;10:10;Haringey;Haringey;A;105;Single carriageway;20 MPH;T or staggered junction;Give way or uncontrolled;Unclassified;0;None within 50 metres ;No physical crossing facilities within 50 metres;Daylight;Fine no high winds;Wet or damp;None;None;Urban;Yes;E01002029;1;1;Driver or rider;Male;23;5;Slight;Not a Pedestrian;Not a Pedestrian;Not car passenger;Not a bus or coach passenger;No / Not applicable;1;Cyclist;More deprived 30-40%;2;Van / Goods 3.5 tonnes mgw or under;No tow/articulation;Turning right;On main c'way - not in restricted lane;Mid Junction - on roundabout or on main road;None;None;Did not leave carriageway;None;Front;1;Not known;Not known;-1;Data missing or out of range;-1;-1;-1;-1;Data missing or out of range;-1
2019010161068;543897;188452;0.075218;51.576573;Metropolitan Police;Slight;2;1;02/02/2019;Saturday;11:35;Redbridge;Redbridge;Unclassified;0;Roundabout;30 MPH;Mini-roundabout;Give way or uncontrolled;Unclassified;0;None within 50 metres ;No physical crossing facilities within 50 metres;Daylight;Fine no high winds;Dry;None;None;Urban;Yes;E01003647;2;1;Passenger;Male;8;2;Slight;Not a Pedestrian;Not a Pedestrian;Rear seat passenger;Not a bus or coach passenger;No / Not applicable;9;Cyclist;Less deprived 40-50%;1;Car;No tow/articulation;Going ahead other;On main c'way - not in restricted lane;Approaching junction or waiting/parked at junction approach;None;None;Did not leave carriageway;None;Front;1;Not known;Male;68;66 - 75;-1;-1;-1;6;Urban area;6
2019010161068;543897;188452;0.075218;51.576573;Metropolitan Police;Slight;2;1;02/02/2019;Saturday;11:35;Redbridge;Redbridge;Unclassified;0;Roundabout;30 MPH;Mini-roundabout;Give way or uncontrolled;Unclassified;0;None within 50 metres ;No physical crossing facilities within 50 metres;Daylight;Fine no high winds;Dry;None;None;Urban;Yes;E01003647;2;1;Passenger;Male;8;2;Slight;Not a Pedestrian;Not a Pedestrian;Rear seat passenger;Not a bus or coach passenger;No / Not applicable;9;Cyclist;Less deprived 40-50%;2;Car;No tow/articulation;Going ahead other;On main c'way - not in restricted lane;Mid Junction - on roundabout or on main road;None;None;Did not leave carriageway;None;Nearside;1;Not known;Male;50;46 - 55;-1;-1;-1;6;Urban area;6
2019010161069;546381;172530;0.104437;51.432868;Metropolitan Police;Slight;2;1;02/02/2019;Saturday;20:40;Bexley;Bexley;C;0;Single carriageway;30 MPH;T or staggered junction;Give way or uncontrolled;Unclassified;0;None within 50 metres ;Zebra;Daylight;Other;Dry;None;None;Urban;Yes;E01000462;1;1;Driver or rider;Female;21;5;Slight;Not a Pedestrian;Not a Pedestrian;Not car passenger;Not a bus or coach passenger;No / Not applicable;9;Cyclist;More deprived 10-20%;1;Car;No tow/articulation;Turning right;On main c'way - not in restricted lane;Approaching junction or waiting/parked at junction approach;None;None;Did not leave carriageway;None;Offside;1;Not known;Female;21;21 - 25;-1;-1;-1;2;Urban area;2
2019010161069;546381;172530;0.104437;51.432868;Metropolitan Police;Slight;2;1;02/02/2019;Saturday;20:40;Bexley;Bexley;C;0;Single carriageway;30 MPH;T or staggered junction;Give way or uncontrolled;Unclassified;0;None within 50 metres ;Zebra;Daylight;Other;Dry;None;None;Urban;Yes;E01000462;1;1;Driver or rider;Female;21;5;Slight;Not a Pedestrian;Not a Pedestrian;Not car passenger;Not a bus or coach passenger;No / Not applicable;9;Cyclist;More deprived 10-20%;2;Car;No tow/articulation;Turning right;On main c'way - not in restricted lane;Approaching junction or waiting/parked at junction approach;None;None;Did not leave carriageway;None;Front;1;Not known;Male;46;46 - 55;-1;-1;-1;2;Urban area;2
2019010161072;518517;182819;-0.292748;51.53185;Metropolitan Police;Slight;2;1;02/02/2019;Saturday;01:25;Ealing;Ealing;A;406;Dual carriageway;40 MPH;Roundabout;Auto traffic signal;A;406;None within 50 metres ;No physical crossing facilities within 50 metres;Daylight;Fine no high winds;Dry;None;None;Urban;Yes;E01001277;1;1;Passenger;Female;52;8;Slight;Not a Pedestrian;Not a Pedestrian;Front seat passenger;Not a bus or coach passenger;No / Not applicable;9;Cyclist;Most deprived 10%;1;Car;No tow/articulation;Going ahead left-hand bend;On main c'way - not in restricted lane;Leaving roundabout;None;None;Did not leave carriageway;None;Offside;1;Not known;Male;28;26 - 35;-1;-1;-1;8;Urban area;8
2019010161072;518517;182819;-0.292748;51.53185;Metropolitan Police;Slight;2;1;02/02/2019;Saturday;01:25;Ealing;Ealing;A;406;Dual carriageway;40 MPH;Roundabout;Auto traffic signal;A;406;None within 50 metres ;No physical crossing facilities within 50 metres;Daylight;Fine no high winds;Dry;None;None;Urban;Yes;E01001277;1;1;Passenger;Female;52;8;Slight;Not a Pedestrian;Not a Pedestrian;Front seat passenger;Not a bus or coach passenger;No / Not applicable;9;Cyclist;Most deprived 10%;2;Car;No tow/articulation;Going ahead left-hand bend;On main c'way - not in restricted lane;Leaving roundabout;None;None;Offside on to central reservation;Central crash barrier;Nearside;1;Not known;Male;57;56 - 65;-1;-1;-1;1;Urban area;1
2019010161076;528915;179780;-0.144033;51.502263;Metropolitan Police;Serious;1;1;02/02/2019;Saturday;21:36;Westminster;Westminster;C;0;Single carriageway;30 MPH;Other junction;Give way or uncontrolled;Unclassified;0;None within 50 metres ;No physical crossing facilities within 50 metres;Daylight;Fine no high winds;Wet or damp;None;None;Urban;Yes;E01004736;1;1;Pedestrian;Female;31;6;Serious;On footway or verge;Unknown or other;Not car passenger;Not a bus or coach passenger;No / Not applicable;0;-1;Data missing or out of range;1;Pedal cycle;No tow/articulation;Going ahead other;Cycleway or shared use footway (not part of  main carriageway);Cleared junction or waiting/parked at junction exit;Skidded and overturned;None;Did not leave carriageway;None;Back;1;Commuting to/from work;Male;27;26 - 35;-1;-1;-1;7;Urban area;7
2019010161077;514244;181135;-0.354869;51.517594;Metropolitan Police;Slight;2;1;02/02/2019;Saturday;13:04;Ealing;Ealing;A;4127;Single carriageway;30 MPH;T or staggered junction;Give way or uncontrolled;Unclassified;0;None within 50 metres ;Pelican, puffin, toucan or similar non-junction pedestrian light crossing;Daylight;Fine no high winds;Dry;None;None;Urban;Yes;E01001218;1;1;Passenger;Female;60;9;Slight;Not a Pedestrian;Not a Pedestrian;Not car passenger;Standing passenger;No / Not applicable;11;Cyclist;More deprived 40-50%;1;Bus or coach (17 or more pass seats);No tow/articulation;Going ahead other;On main c'way - not in restricted lane;Approaching junction or waiting/parked at junction approach;None;Parked vehicle;Did not leave carriageway;None;Offside;1;Not known;Male;41;36 - 45;-1;-1;-1;4;Urban area;4
2019010161077;514244;181135;-0.354869;51.517594;Metropolitan Police;Slight;2;1;02/02/2019;Saturday;13:04;Ealing;Ealing;A;4127;Single carriageway;30 MPH;T or staggered junction;Give way or uncontrolled;Unclassified;0;None within 50 metres ;Pelican, puffin, toucan or similar non-junction pedestrian light crossing;Daylight;Fine no high winds;Dry;None;None;Urban;Yes;E01001218;1;1;Passenger;Female;60;9;Slight;Not a Pedestrian;Not a Pedestrian;Not car passenger;Standing passenger;No / Not applicable;11;Cyclist;More deprived 40-50%;2;Car;No tow/articulation;Turning right;On main c'way - not in restricted lane;Entering main road;None;None;Did not leave carriageway;None;Front;1;Not known;Male;35;26 - 35;-1;-1;-1;2;Urban area;2
2019010161080;532547;163896;-0.097673;51.358679;Metropolitan Police;Slight;2;1;02/02/2019;Saturday;12:51;Croydon;Croydon;Unclassified;0;Single carriageway;30 MPH;T or staggered junction;Data missing or out of range;A;235;None within 50 metres ;Zebra;Daylight;Fine no high winds;Dry;None;None;Urban;No - accident was reported using a self completion  form (self rep only);E01001037;1;1;Driver or rider;Male;52;8;Slight;Not a Pedestrian;Not a Pedestrian;Not car passenger;Not a bus or coach passenger;No / Not applicable;9;Cyclist;Least deprived 10%;1;Car;No tow/articulation;Data missing or out of range;Data missing or out of range;Cleared junction or waiting/parked at junction exit;Data missing or out of range;Data missing or out of range;Data missing or out of range;Data missing or out of range;Back;1;Not known;Male;52;46 - 55;-1;-1;-1;10;Urban area;10
2019010161080;532547;163896;-0.097673;51.358679;Metropolitan Police;Slight;2;1;02/02/2019;Saturday;12:51;Croydon;Croydon;Unclassified;0;Single carriageway;30 MPH;T or staggered junction;Data missing or out of range;A;235;None within 50 metres ;Zebra;Daylight;Fine no high winds;Dry;None;None;Urban;No - accident was reported using a self completion  form (self rep only);E01001037;1;1;Driver or rider;Male;52;8;Slight;Not a Pedestrian;Not a Pedestrian;Not car passenger;Not a bus or coach passenger;No / Not applicable;9;Cyclist;Least deprived 10%;2;Car;No tow/articulation;Data missing or out of range;Data missing or out of range;Cleared junction or waiting/parked at junction exit;None;None;Did not leave carriageway;None;Back;1;Not known;Not known;-1;Data missing or out of range;-1;-1;-1;-1;Data missing or out of range;-1
2019010161081;556653;186694;0.258372;51.557382;Metropolitan Police;Slight;2;2;02/02/2019;Saturday;00:22;Havering;Havering;B;187;Single carriageway;30 MPH;T or staggered junction;Give way or uncontrolled;Unclassified;0;None within 50 metres ;No physical crossing facilities within 50 metres;Daylight;Fine no high winds;Dry;None;None;Urban;Yes;E01002384;1;1;Driver or rider;Male;52;8;Slight;Not a Pedestrian;Not a Pedestrian;Not car passenger;Not a bus or coach passenger;No / Not applicable;9;Cyclist;More deprived 20-30%;1;Car;No tow/articulation;Turning right;On main c'way - not in restricted lane;Mid Junction - on roundabout or on main road;None;None;Did not leave carriageway;None;Offside;1;Not known;Male;52;46 - 55;-1;-1;-1;3;Urban area;3
2019010161081;556653;186694;0.258372;51.557382;Metropolitan Police;Slight;2;2;02/02/2019;Saturday;00:22;Havering;Havering;B;187;Single carriageway;30 MPH;T or staggered junction;Give way or uncontrolled;Unclassified;0;None within 50 metres ;No physical crossing facilities within 50 metres;Daylight;Fine no high winds;Dry;None;None;Urban;Yes;E01002384;1;1;Driver or rider;Male;52;8;Slight;Not a Pedestrian;Not a Pedestrian;Not car passenger;Not a bus or coach passenger;No / Not applicable;9;Cyclist;More deprived 20-30%;2;Van / Goods 3.5 tonnes mgw or under;No tow/articulation;Going ahead other;On main c'way - not in restricted lane;Approaching junction or waiting/parked at junction approach;None;None;Did not leave carriageway;None;Front;1;Not known;Female;25;21 - 25;-1;-1;-1;8;Rural;8
2019010161081;556653;186694;0.258372;51.557382;Metropolitan Police;Slight;2;2;02/02/2019;Saturday;00:22;Havering;Havering;B;187;Single carriageway;30 MPH;T or staggered junction;Give way or uncontrolled;Unclassified;0;None within 50 metres ;No physical crossing facilities within 50 metres;Daylight;Fine no high winds;Dry;None;None;Urban;Yes;E01002384;2;2;Driver or rider;Female;25;5;Slight;Not a Pedestrian;Not a Pedestrian;Not car passenger;Not a bus or coach passenger;No / Not applicable;19;Motorcycle 125cc and under rider or passenger;Less deprived 20-30%;1;Car;No tow/articulation;Turning right;On main c'way - not in restricted lane;Mid Junction - on roundabout or on main road;None;None;Did not leave carriageway;None;Offside;1;Not known;Male;52;46 - 55;-1;-1;-1;3;Urban area;3
2019010161081;556653;186694;0.258372;51.557382;Metropolitan Police;Slight;2;2;02/02/2019;Saturday;00:22;Havering;Havering;B;187;Single carriageway;30 MPH;T or staggered junction;Give way or uncontrolled;Unclassified;0;None within 50 metres ;No physical crossing facilities within 50 metres;Daylight;Fine no high winds;Dry;None;None;Urban;Yes;E01002384;2;2;Driver or rider;Female;25;5;Slight;Not a Pedestrian;Not a Pedestrian;Not car passenger;Not a bus or coach passenger;No / Not applicable;19;Motorcycle 125cc and under rider or passenger;Less deprived 20-30%;2;Van / Goods 3.5 tonnes mgw or under;No tow/articulation;Going ahead other;On main c'way - not in restricted lane;Approaching junction or waiting/parked at junction approach;None;None;Did not leave carriageway;None;Front;1;Not known;Female;25;21 - 25;-1;-1;-1;8;Rural;8
2019010161082;507636;182518;-0.449646;51.531322;Metropolitan Police;Slight;2;1;02/02/2019;Saturday;02:10;Hillingdon;Hillingdon;A;4020;Dual carriageway;40 MPH;T or staggered junction;Give way or uncontrolled;Unclassified;0;None within 50 metres ;No physical crossing facilities within 50 metres;Daylight;Fine no high winds;Wet or damp;None;None;Urban;Yes;E01002457;1;1;Driver or rider;Male;24;5;Slight;Not a Pedestrian;Not a Pedestrian;Not car passenger;Not a bus or coach passenger;No / Not applicable;9;Cyclist;More deprived 40-50%;1;Car;No tow/articulation;Going ahead other;On main c'way - not in restricted lane;Approaching junction or waiting/parked at junction approach;None;None;Nearside;Lamp post;Back;1;Not known;Male;24;21 - 25;-1;-1;-1;5;Urban area;5
2019010161082;507636;182518;-0.449646;51.531322;Metropolitan Police;Slight;2;1;02/02/2019;Saturday;02:10;Hillingdon;Hillingdon;A;4020;Dual carriageway;40 MPH;T or staggered junction;Give way or uncontrolled;Unclassified;0;None within 50 metres ;No physical crossing facilities within 50 metres;Daylight;Fine no high winds;Wet or damp;None;None;Urban;Yes;E01002457;1;1;Driver or rider;Male;24;5;Slight;Not a Pedestrian;Not a Pedestrian;Not car passenger;Not a bus or coach passenger;No / Not applicable;9;Cyclist;More deprived 40-50%;2;Car;No tow/articulation;Going ahead other;On main c'way - not in restricted lane;Approaching junction or waiting/parked at junction approach;None;None;Did not leave carriageway;None;Front;1;Not known;Male;63;56 - 65;-1;-1;-1;-1;Data missing or out of range;-1
2019010161086;537236;179865;-0.024188;51.501069;Metropolitan Police;Slight;4;1;02/02/2019;Saturday;11:44;Tower Hamlets;Tower Hamlets;Unclassified;0;Single carriageway;20 MPH;T or staggered junction;Give way or uncontrolled;Unclassified;0;None within 50 metres ;No physical crossing facilities within 50 metres;Daylight;Fine no high winds;Dry;None;None;Urban;Yes;E01032782;1;1;Driver or rider;Male;32;6;Slight;Not a Pedestrian;Not a Pedestrian;Not car passenger;Not a bus or coach passenger;No / Not applicable;19;-1;Data missing or out of range;1;Van / Goods 3.5 tonnes mgw or under;No tow/articulation;Going ahead other;On main c'way - not in restricted lane;Approaching junction or waiting/parked at junction approach;None;None;Did not leave carriageway;None;Front;1;Journey as part of work;Male;32;26 - 35;-1;-1;-1;-1;Data missing or out of range;-1
2019010161086;537236;179865;-0.024188;51.501069;Metropolitan Police;Slight;4;1;02/02/2019;Saturday;11:44;Tower Hamlets;Tower Hamlets;Unclassified;0;Single carriageway;20 MPH;T or staggered junction;Give way or uncontrolled;Unclassified;0;None within 50 metres ;No physical crossing facilities within 50 metres;Daylight;Fine no high winds;Dry;None;None;Urban;Yes;E01032782;1;1;Driver or rider;Male;32;6;Slight;Not a Pedestrian;Not a Pedestrian;Not car passenger;Not a bus or coach passenger;No / Not applicable;19;-1;Data missing or out of range;2;Car;No tow/articulation;Turning right;On main c'way - not in restricted lane;Mid Junction - on roundabout or on main road;None;None;Did not leave carriageway;None;Front;1;Not known;Male;31;26 - 35;-1;-1;-1;4;Urban area;4
2019010161086;537236;179865;-0.024188;51.501069;Metropolitan Police;Slight;4;1;02/02/2019;Saturday;11:44;Tower Hamlets;Tower Hamlets;Unclassified;0;Single carriageway;20 MPH;T or staggered junction;Give way or uncontrolled;Unclassified;0;None within 50 metres ;No physical crossing facilities within 50 metres;Daylight;Fine no high winds;Dry;None;None;Urban;Yes;E01032782;1;1;Driver or rider;Male;32;6;Slight;Not a Pedestrian;Not a Pedestrian;Not car passenger;Not a bus or coach passenger;No / Not applicable;19;-1;Data missing or out of range;3;Car;No tow/articulation;Parked;On main c'way - not in restricted lane;Approaching junction or waiting/parked at junction approach;None;None;Did not leave carriageway;None;Front;1;Not known;Not known;-1;Data missing or out of range;-1;-1;-1;-1;Data missing or out of range;-1
2019010161086;537236;179865;-0.024188;51.501069;Metropolitan Police;Slight;4;1;02/02/2019;Saturday;11:44;Tower Hamlets;Tower Hamlets;Unclassified;0;Single carriageway;20 MPH;T or staggered junction;Give way or uncontrolled;Unclassified;0;None within 50 metres ;No physical crossing facilities within 50 metres;Daylight;Fine no high winds;Dry;None;None;Urban;Yes;E01032782;1;1;Driver or rider;Male;32;6;Slight;Not a Pedestrian;Not a Pedestrian;Not car passenger;Not a bus or coach passenger;No / Not applicable;19;-1;Data missing or out of range;4;Car;No tow/articulation;Parked;On main c'way - not in restricted lane;Approaching junction or waiting/parked at junction approach;None;None;Did not leave carriageway;None;Front;1;Not known;Not known;-1;Data missing or out of range;-1;-1;-1;-1;Data missing or out of range;-1
2019010161090;533313;178602;-0.081151;51.490658;Metropolitan Police;Slight;1;1;01/02/2019;Friday;07:25;Southwark;Southwark;A;2;Dual carriageway;30 MPH;T or staggered junction;Auto traffic signal;C;0;None within 50 metres ;Pedestrian phase at traffic signal junction;Darkness - lights lit;Fine no high winds;Frost or ice;None;None;Urban;No - accident was reported using a self completion  form (self rep only);E01003966;1;1;Pedestrian;Female;11;3;Slight;Crossing on pedestrian crossing facility;Crossing from driver's nearside;Not car passenger;Not a bus or coach passenger;No / Not applicable;0;Cyclist;Most deprived 10%;1;Car;No tow/articulation;Data missing or out of range;Data missing or out of range;Data missing or out of range;Data missing or out of range;Data missing or out of range;Data missing or out of range;Data missing or out of range;Data missing or out of range;-1;Not known;Not known;-1;Data missing or out of range;-1;-1;-1;-1;Data missing or out of range;-1
2019010161092;507882;182338;-0.446156;51.529657;Metropolitan Police;Slight;2;1;02/02/2019;Saturday;23:10;Hillingdon;Hillingdon;Unclassified;0;Dual carriageway;40 MPH;T or staggered junction;Give way or uncontrolled;A;4020;None within 50 metres ;Pelican, puffin, toucan or similar non-junction pedestrian light crossing;Daylight;Fine no high winds;Dry;None;None;Urban;Yes;E01002455;1;1;Driver or rider;Male;49;8;Slight;Not a Pedestrian;Not a Pedestrian;Not car passenger;Not a bus or coach passenger;No / Not applicable;11;-1;More deprived 40-50%;1;Bus or coach (17 or more pass seats);No tow/articulation;Moving off;On main c'way - not in restricted lane;Approaching junction or waiting/parked at junction approach;None;None;Did not leave carriageway;None;Front;1;Journey as part of work;Male;49;46 - 55;-1;-1;-1;5;Data missing or out of range;5
2019010161092;507882;182338;-0.446156;51.529657;Metropolitan Police;Slight;2;1;02/02/2019;Saturday;23:10;Hillingdon;Hillingdon;Unclassified;0;Dual carriageway;40 MPH;T or staggered junction;Give way or uncontrolled;A;4020;None within 50 metres ;Pelican, puffin, toucan or similar non-junction pedestrian light crossing;Daylight;Fine no high winds;Dry;None;None;Urban;Yes;E01002455;1;1;Driver or rider;Male;49;8;Slight;Not a Pedestrian;Not a Pedestrian;Not car passenger;Not a bus or coach passenger;No / Not applicable;11;-1;More deprived 40-50%;2;Car;No tow/articulation;Turning left;On main c'way - not in restricted lane;Approaching junction or waiting/parked at junction approach;None;None;Did not leave carriageway;None;Offside;1;Not known;Not known;-1;Data missing or out of range;-1;-1;-1;-1;Data missing or out of range;-1
2019010161096;533086;183588;-0.082537;51.535518;Metropolitan Police;Slight;2;1;02/02/2019;Saturday;15:20;Hackney;Hackney;C;0;Dual carriageway;20 MPH;Crossroads;Give way or uncontrolled;C;0;None within 50 metres ;Zebra;Daylight;Fine no high winds;Dry;None;None;Urban;Yes;E01001752;1;1;Passenger;Female;16;4;Slight;Not a Pedestrian;Not a Pedestrian;Rear seat passenger;Not a bus or coach passenger;No / Not applicable;9;Cyclist;More deprived 20-30%;1;Car;No tow/articulation;Going ahead other;On main c'way - not in restricted lane;Mid Junction - on roundabout or on main road;Skidded;None;Did not leave carriageway;None;Nearside;1;Not known;Male;48;46 - 55;-1;-1;-1;7;Urban area;7
2019010161096;533086;183588;-0.082537;51.535518;Metropolitan Police;Slight;2;1;02/02/2019;Saturday;15:20;Hackney;Hackney;C;0;Dual carriageway;20 MPH;Crossroads;Give way or uncontrolled;C;0;None within 50 metres ;Zebra;Daylight;Fine no high winds;Dry;None;None;Urban;Yes;E01001752;1;1;Passenger;Female;16;4;Slight;Not a Pedestrian;Not a Pedestrian;Rear seat passenger;Not a bus or coach passenger;No / Not applicable;9;Cyclist;More deprived 20-30%;2;Car;No tow/articulation;Going ahead other;On main c'way - not in restricted lane;Cleared junction or waiting/parked at junction exit;None;None;Did not leave carriageway;None;Front;1;Not known;Female;54;46 - 55;-1;-1;-1;5;Rural;5
2019010161097;528050;171213;-0.159588;51.425468;Metropolitan Police;Slight;2;1;02/02/2019;Saturday;06:38;Wandsworth;Wandsworth;C;0;Single carriageway;20 MPH;Crossroads;Give way or uncontrolled;Unclassified;0;None within 50 metres ;No physical crossing facilities within 50 metres;Daylight;Fine no high winds;Dry;None;None;Urban;Yes;E01004527;1;1;Driver or rider;Male;23;5;Slight;Not a Pedestrian;Not a Pedestrian;Not car passenger;Not a bus or coach passenger;No / Not applicable;9;Cyclist;Less deprived 40-50%;1;Car;No tow/articulation;Going ahead other;On main c'way - not in restricted lane;Approaching junction or waiting/parked at junction approach;None;None;Did not leave carriageway;None;Front;1;Not known;Male;23;21 - 25;-1;-1;-1;6;Urban area;6
2019010161097;528050;171213;-0.159588;51.425468;Metropolitan Police;Slight;2;1;02/02/2019;Saturday;06:38;Wandsworth;Wandsworth;C;0;Single carriageway;20 MPH;Crossroads;Give way or uncontrolled;Unclassified;0;None within 50 metres ;No physical crossing facilities within 50 metres;Daylight;Fine no high winds;Dry;None;None;Urban;Yes;E01004527;1;1;Driver or rider;Male;23;5;Slight;Not a Pedestrian;Not a Pedestrian;Not car passenger;Not a bus or coach passenger;No / Not applicable;9;Cyclist;Less deprived 40-50%;2;Car;No tow/articulation;Waiting to turn left;On main c'way - not in restricted lane;Approaching junction or waiting/parked at junction approach;None;None;Did not leave carriageway;None;Front;1;Not known;Male;19;16 - 20;-1;-1;-1;2;Urban area;2
2019010161104;528651;173255;-0.150207;51.443684;Metropolitan Police;Slight;1;1;01/02/2019;Friday;14:00;Wandsworth;Wandsworth;B;242;Single carriageway;30 MPH;Data missing or out of range;Data missing or out of range;Unclassified;0;None within 50 metres ;Data missing or out of range;Darkness - lighting unknown;Snowing no high winds;Wet or damp;None;None;Urban;No - accident was reported using a self completion  form (self rep only);E01004474;1;1;Pedestrian;Female;24;5;Slight;Crossing on pedestrian crossing facility;Crossing from driver's offside;Not car passenger;Not a bus or coach passenger;No / Not applicable;0;Cyclist;More deprived 40-50%;1;Car;No tow/articulation;Data missing or out of range;Data missing or out of range;Data missing or out of range;Data missing or out of range;Data missing or out of range;Data missing or out of range;Data missing or out of range;Front;-1;Not known;Not known;-1;Data missing or out of range;-1;-1;-1;-1;Data missing or out of range;-1
2019010161105;540173;190330;0.022263;51.594386;Metropolitan Police;Slight;1;1;02/02/2019;Saturday;15:00;Redbridge;Redbridge;A;11;Single carriageway;30 MPH;Not at junction or within 20 metres;Data missing or out of range;-1;0;None within 50 metres ;Pelican, puffin, toucan or similar non-junction pedestrian light crossing;Daylight;Fine no high winds;Dry;None;None;Urban;Yes;E01003674;1;1;Pedestrian;Female;42;7;Slight;In centre of carriageway - not on refuge, island or central reservation;In carriageway, stationary - not crossing  (standing or playing);Not car passenger;Not a bus or coach passenger;No / Not applicable;0;Cyclist;Least deprived 10%;1;Car;No tow/articulation;Overtaking static vehicle - offside;On main c'way - not in restricted lane;Not at or within 20 metres of junction;None;None;Did not leave carriageway;None;Nearside;1;Not known;Female;44;36 - 45;2993;Heavy oil;15;5;Urban area;5
2019010161107;534600;182667;-0.061073;51.526883;Metropolitan Police;Slight;1;1;01/02/2019;Friday;20:10;Tower Hamlets;Tower Hamlets;A;1209;Single carriageway;20 MPH;Other junction;Data missing or out of range;Unclassified;0;None within 50 metres ;Data missing or out of range;Darkness - lights lit;Raining no high winds;Wet or damp;None;None;Urban;No - accident was reported using a self completion  form (self rep only);E01004203;1;1;Driver or rider;Male;21;5;Slight;Not a Pedestrian;Not a Pedestrian;Not car passenger;Not a bus or coach passenger;No / Not applicable;1;Cyclist;More deprived 10-20%;1;Pedal cycle;Data missing or out of range;Data missing or out of range;Data missing or out of range;Data missing or out of range;Data missing or out of range;Data missing or out of range;Data missing or out of range;Data missing or out of range;Front;1;Not known;Male;21;21 - 25;-1;-1;-1;2;Urban area;2
2019010161109;529245;182300;-0.138358;51.524835;Metropolitan Police;Slight;1;1;01/02/2019;Friday;06:45;Camden;Camden;A;400;Unknown;30 MPH;Data missing or out of range;Auto traffic signal;A;400;Data missing or out of range;Pedestrian phase at traffic signal junction;Daylight;Snowing no high winds;Wet or damp;None;Data missing or out of range;Urban;No - accident was reported using a self completion  form (self rep only);E01000854;1;1;Pedestrian;Female;56;9;Slight;Crossing on pedestrian crossing facility;Crossing from driver's nearside;Not car passenger;Not a bus or coach passenger;No / Not applicable;0;Cyclist;More deprived 10-20%;1;Car;No tow/articulation;Data missing or out of range;Data missing or out of range;Data missing or out of range;Data missing or out of range;Data missing or out of range;Data missing or out of range;Data missing or out of range;Data missing or out of range;-1;Not known;Not known;-1;Data missing or out of range;-1;-1;-1;-1;Data missing or out of range;-1