Accident_Index;Location_Easting_OSGR;Location_Northing_OSGR;Longitude;Latitude;Police_Force;Accident_Severity;Number_of_Vehicles;Number_of_Casualties;Date;Day_of_Week;Time;Local_Authority_(District);Local_Authority_(Highway);1st_Road_Class;1st_Road_Number;Road_Type;Speed_limit;Junction_Detail;Junction_Control;2nd_Road_Class;2nd_Road_Number;Pedestrian_Crossing-Human_Control;Pedestrian_Crossing-Physical_Facilities;Light_Conditions;Weather_Conditions;Road_Surface_Conditions;Special_Conditions_at_Site;Carriageway_Hazards;Urban_or_Rural_Area;Did_Police_Officer_Attend_Scene_of_Accident;LSOA_of_Accident_Location;Vehicle_Reference_x;Casualty_Reference;Casualty_Class;Sex_of_Casualty;Age_of_Casualty;Age_Band_of_Casualty;Casualty_Severity;Pedestrian_Location;Pedestrian_Movement;Car_Passenger;Bus_or_Coach_Passenger;Pedestrian_Road_Maintenance_Worker;Casualty_Type;Casualty_Home_Area_Type;Casualty_IMD_Decile;Vehicle_Reference_y;Vehicle_Type;Towing_and_Articulation;Vehicle_Manoeuvre;Vehicle_Location-Restricted_Lane;Junction_Location;Skidding_and_Overturning;Hit_Object_in_Carriageway;Vehicle_Leaving_Carriageway;Hit_Object_off_Carriageway;1st_Point_of_Impact;Was_Vehicle_Left_Hand_Drive?;Journey_Purpose_of_Driver;Sex_of_Driver;Age_of_Driver;Age_Band_of_Driver;Engine_Capacity_(CC);Propulsion_Code;Age_of_Vehicle;Driver_IMD_Decile;Driver_Home_Area_Type;Vehicle_IMD_Decile
2019010161115;538365;190955;-0.003575;51.600449;Metropolitan Police;Serious;2;1;02/02/2019;Saturday;15:35;Waltham Forest;Waltham Forest;A;406;Single carriageway;40 MPH;Not at junction or within 20 metres;Data missing or out of range;-1;0;None within 50 metres ;No physical crossing facilities within 50 metres;Daylight;Fine + high winds;Dry;None;None;Urban;Yes;E01004343;2;1;Driver or rider;Male;20;4;Serious;Not a Pedestrian;Not a Pedestrian;Not car passenger;Not a bus or coach passenger;No / Not applicable;3;Cyclist;More deprived 10-20%;1;Car;No tow/articulation;Changing lane to left;On main c'way - not in restricted lane;Not at or within 20 metres of junction;None;None;Did not leave carriageway;None;Nearside;1;Not known;Male;41;36 - 45;-1;-1;-1;2;Urban area;2
2019010161115;538365;190955;-0.003575;51.600449;Metropolitan Police;Serious;2;1;02/02/2019;Saturday;15:35;Waltham Forest;Waltham Forest;A;406;Single carriageway;40 MPH;Not at junction or within 20 metres;Data missing or out of range;-1;0;None within 50 metres ;No physical crossing facilities within 50 metres;Daylight;Fine + high winds;Dry;None;None;Urban;Yes;E01004343;2;1;Driver or rider;Male;20;4;Serious;Not a Pedestrian;Not a Pedestrian;Not car passenger;Not a bus or coach passenger;No / Not applicable;3;Cyclist;More deprived 10-20%;2;Motorcycle 125cc and under;No tow/articulation;Going ahead other;On main c'way - not in restricted lane;Not at or within 20 metres of junction;Skidded;None;Offside and rebounded;Other permanent object;Offside;1;Not known;Male;20;16 - 20;-1;-1;-1;2;Urban area;2
2019010161119;530979;180281;-0.114127;51.506292;Metropolitan Police;Slight;2;1;02/02/2019;Saturday;05:00;Lambeth;Lambeth;Unclassified;0;Single carriageway;20 MPH;T or staggered junction;Give way or uncontrolled;Unclassified;0;None within 50 metres ;No physical crossing facilities within 50 metres;Daylight;Fine no high winds;Dry;None;None;Urban;Yes;E01003016;2;1;Driver or rider;Male;47;8;Slight;Not a Pedestrian;Not a Pedestrian;Not car passenger;Not a bus or coach passenger;No / Not applicable;3;Cyclist;More deprived 30-40%;1;Car;No tow/articulation;Turning right;On main c'way - not in restricted lane;Leaving main road;None;None;Did not leave carriageway;None;Front;1;Not known;Male;64;56 - 65;-1;-1;-1;-1;Data missing or out of range;-1
2019010161119;530979;180281;-0.114127;51.506292;Metropolitan Police;Slight;2;1;02/02/2019;Saturday;05:00;Lambeth;Lambeth;Unclassified;0;Single carriageway;20 MPH;T or staggered junction;Give way or uncontrolled;Unclassified;0;None within 50 metres ;No physical crossing facilities within 50 metres;Daylight;Fine no high winds;Dry;None;None;Urban;Yes;E01003016;2;1;Driver or rider;Male;47;8;Slight;Not a Pedestrian;Not a Pedestrian;Not car passenger;Not a bus or coach passenger;No / Not applicable;3;Cyclist;More deprived 30-40%;2;Motorcycle 125cc and under;No tow/articulation;Going ahead other;On main c'way - not in restricted lane;Approaching junction or waiting/parked at junction approach;None;None;Did not leave carriageway;None;Front;1;Journey as part of work;Male;47;46 - 55;-1;-1;-1;4;Urban area;4
2019010161122;532409;178822;-0.094082;51.492847;Metropolitan Police;Slight;2;1;01/02/2019;Friday;19:15;Southwark;Southwark;B;240;Single carriageway;20 MPH;T or staggered junction;Data missing or out of range;C;0;None within 50 metres ;No physical crossing facilities within 50 metres;Daylight;Raining no high winds;Wet or damp;None;None;Urban;No - accident was reported using a self completion  form (self rep only);E01032722;1;1;Driver or rider;Female;24;5;Slight;Not a Pedestrian;Not a Pedestrian;Not car passenger;Not a bus or coach passenger;No / Not applicable;1;Cyclist;More deprived 10-20%;1;Pedal cycle;Data missing or out of range;Data missing or out of range;Data missing or out of range;Data missing or out of range;Data missing or out of range;Data missing or out of range;Data missing or out of range;Data missing or out of range;Front;1;Commuting to/from work;Female;24;21 - 25;-1;-1;-1;2;Urban area;2
2019010161122;532409;178822;-0.094082;51.492847;Metropolitan Police;Slight;2;1;01/02/2019;Friday;19:15;Southwark;Southwark;B;240;Single carriageway;20 MPH;T or staggered junction;Data missing or out of range;C;0;None within 50 metres ;No physical crossing facilities within 50 metres;Daylight;Raining no high winds;Wet or damp;None;None;Urban;No - accident was reported using a self completion  form (self rep only);E01032722;1;1;Driver or rider;Female;24;5;Slight;Not a Pedestrian;Not a Pedestrian;Not car passenger;Not a bus or coach passenger;No / Not applicable;1;Cyclist;More deprived 10-20%;2;Car;No tow/articulation;Data missing or out of range;Data missing or out of range;Data missing or out of range;Data missing or out of range;Data missing or out of range;Data missing or out of range;Data missing or out of range;Front;-1;Not known;Male;-1;Data missing or out of range;-1;-1;-1;1;Urban area;1
2019010161124;525406;183635;-0.193191;51.537698;Metropolitan Police;Slight;2;2;02/02/2019;Saturday;16:44;Camden;Camden;A;5;Single carriageway;30 MPH;T or staggered junction;Give way or uncontrolled;Unclassified;0;None within 50 metres ;Zebra;Daylight;Fine no high winds;Wet or damp;None;None;Urban;Yes;E01000548;1;1;Passenger;Male;62;9;Slight;Not a Pedestrian;Not a Pedestrian;Not car passenger;Standing passenger;No / Not applicable;11;Cyclist;Most deprived 10%;1;Bus or coach (17 or more pass seats);No tow/articulation;Moving off;Bus lane;Approaching junction or waiting/parked at junction approach;None;None;Did not leave carriageway;None;Front;1;Journey as part of work;Male;51;46 - 55;5132;Heavy oil;2;6;Urban area;6
2019010161124;525406;183635;-0.193191;51.537698;Metropolitan Police;Slight;2;2;02/02/2019;Saturday;16:44;Camden;Camden;A;5;Single carriageway;30 MPH;T or staggered junction;Give way or uncontrolled;Unclassified;0;None within 50 metres ;Zebra;Daylight;Fine no high winds;Wet or damp;None;None;Urban;Yes;E01000548;1;1;Passenger;Male;62;9;Slight;Not a Pedestrian;Not a Pedestrian;Not car passenger;Standing passenger;No / Not applicable;11;Cyclist;Most deprived 10%;2;Car;No tow/articulation;Turning left;Bus lane;Approaching junction or waiting/parked at junction approach;None;None;Offside;None;Front;1;Not known;Male;43;36 - 45;1299;Petrol;15;1;Urban area;1
2019010161124;525406;183635;-0.193191;51.537698;Metropolitan Police;Slight;2;2;02/02/2019;Saturday;16:44;Camden;Camden;A;5;Single carriageway;30 MPH;T or staggered junction;Give way or uncontrolled;Unclassified;0;None within 50 metres ;Zebra;Daylight;Fine no high winds;Wet or damp;None;None;Urban;Yes;E01000548;1;2;Passenger;Female;88;11;Slight;Not a Pedestrian;Not a Pedestrian;Not car passenger;Seated passenger;No / Not applicable;11;Cyclist;More deprived 10-20%;1;Bus or coach (17 or more pass seats);No tow/articulation;Moving off;Bus lane;Approaching junction or waiting/parked at junction approach;None;None;Did not leave carriageway;None;Front;1;Journey as part of work;Male;51;46 - 55;5132;Heavy oil;2;6;Urban area;6
2019010161124;525406;183635;-0.193191;51.537698;Metropolitan Police;Slight;2;2;02/02/2019;Saturday;16:44;Camden;Camden;A;5;Single carriageway;30 MPH;T or staggered junction;Give way or uncontrolled;Unclassified;0;None within 50 metres ;Zebra;Daylight;Fine no high winds;Wet or damp;None;None;Urban;Yes;E01000548;1;2;Passenger;Female;88;11;Slight;Not a Pedestrian;Not a Pedestrian;Not car passenger;Seated passenger;No / Not applicable;11;Cyclist;More deprived 10-20%;2;Car;No tow/articulation;Turning left;Bus lane;Approaching junction or waiting/parked at junction approach;None;None;Offside;None;Front;1;Not known;Male;43;36 - 45;1299;Petrol;15;1;Urban area;1
2019010161125;528023;172346;-0.159567;51.435656;Metropolitan Police;Slight;2;2;02/02/2019;Saturday;16:00;Wandsworth;Wandsworth;A;24;Single carriageway;30 MPH;Crossroads;Auto traffic signal;A;24;None within 50 metres ;Pelican, puffin, toucan or similar non-junction pedestrian light crossing;Daylight;Fine no high winds;Dry;None;None;Urban;Yes;E01004481;1;1;Driver or rider;Female;39;7;Slight;Not a Pedestrian;Not a Pedestrian;Not car passenger;Not a bus or coach passenger;No / Not applicable;9;-1;Data missing or out of range;1;Car;No tow/articulation;Going ahead other;On main c'way - not in restricted lane;Approaching junction or waiting/parked at junction approach;None;None;Did not leave carriageway;None;Nearside;1;Not known;Female;39;36 - 45;-1;-1;-1;-1;Data missing or out of range;-1
2019010161125;528023;172346;-0.159567;51.435656;Metropolitan Police;Slight;2;2;02/02/2019;Saturday;16:00;Wandsworth;Wandsworth;A;24;Single carriageway;30 MPH;Crossroads;Auto traffic signal;A;24;None within 50 metres ;Pelican, puffin, toucan or similar non-junction pedestrian light crossing;Daylight;Fine no high winds;Dry;None;None;Urban;Yes;E01004481;1;1;Driver or rider;Female;39;7;Slight;Not a Pedestrian;Not a Pedestrian;Not car passenger;Not a bus or coach passenger;No / Not applicable;9;-1;Data missing or out of range;2;Other vehicle;No tow/articulation;Going ahead other;On main c'way - not in restricted lane;Cleared junction or waiting/parked at junction exit;None;None;Did not leave carriageway;None;Offside;1;Journey as part of work;Male;28;26 - 35;-1;-1;-1;2;Urban area;2
2019010161125;528023;172346;-0.159567;51.435656;Metropolitan Police;Slight;2;2;02/02/2019;Saturday;16:00;Wandsworth;Wandsworth;A;24;Single carriageway;30 MPH;Crossroads;Auto traffic signal;A;24;None within 50 metres ;Pelican, puffin, toucan or similar non-junction pedestrian light crossing;Daylight;Fine no high winds;Dry;None;None;Urban;Yes;E01004481;2;2;Driver or rider;Male;28;6;Slight;Not a Pedestrian;Not a Pedestrian;Not car passenger;Not a bus or coach passenger;No / Not applicable;90;Cyclist;More deprived 10-20%;1;Car;No tow/articulation;Going ahead other;On main c'way - not in restricted lane;Approaching junction or waiting/parked at junction approach;None;None;Did not leave carriageway;None;Nearside;1;Not known;Female;39;36 - 45;-1;-1;-1;-1;Data missing or out of range;-1
2019010161125;528023;172346;-0.159567;51.435656;Metropolitan Police;Slight;2;2;02/02/2019;Saturday;16:00;Wandsworth;Wandsworth;A;24;Single carriageway;30 MPH;Crossroads;Auto traffic signal;A;24;None within 50 metres ;Pelican, puffin, toucan or similar non-junction pedestrian light crossing;Daylight;Fine no high winds;Dry;None;None;Urban;Yes;E01004481;2;2;Driver or rider;Male;28;6;Slight;Not a Pedestrian;Not a Pedestrian;Not car passenger;Not a bus or coach passenger;No / Not applicable;90;Cyclist;More deprived 10-20%;2;Other vehicle;No tow/articulation;Going ahead other;On main c'way - not in restricted lane;Cleared junction or waiting/parked at junction exit;None;None;Did not leave carriageway;None;Offside;1;Journey as part of work;Male;28;26 - 35;-1;-1;-1;2;Urban area;2
2019010161128;529685;181602;-0.132276;51.518461;Metropolitan Police;Slight;1;1;02/02/2019;Saturday;14:00;Camden;Camden;A;400;One way street;20 MPH;T or staggered junction;Auto traffic signal;B;506;None within 50 metres ;Pelican, puffin, toucan or similar non-junction pedestrian light crossing;Darkness - lights lit;Fine no high winds;Dry;Roadworks;None;Urban;Yes;E01000850;1;1;Driver or rider;Male;42;7;Slight;Not a Pedestrian;Not a Pedestrian;Not car passenger;Not a bus or coach passenger;No / Not applicable;2;Cyclist;More deprived 10-20%;1;Motorcycle 50cc and under;No tow/articulation;Going ahead other;On main c'way - not in restricted lane;Approaching junction or waiting/parked at junction approach;Overturned;None;Did not leave carriageway;None;Front;1;Not known;Male;42;36 - 45;-1;-1;-1;2;Urban area;2
2019010161129;531429;182061;-0.106983;51.522184;Metropolitan Police;Slight;2;1;31/01/2019;Thursday;08:50;Islington;Islington;A;201;Single carriageway;20 MPH;Crossroads;Data missing or out of range;A;5201;None within 50 metres ;Pedestrian phase at traffic signal junction;Daylight;Fine no high winds;Wet or damp;None;None;Urban;No - accident was reported using a self completion  form (self rep only);E01002724;1;1;Driver or rider;Male;26;6;Slight;Not a Pedestrian;Not a Pedestrian;Not car passenger;Not a bus or coach passenger;No / Not applicable;1;Cyclist;Most deprived 10%;1;Pedal cycle;Data missing or out of range;Data missing or out of range;Data missing or out of range;Data missing or out of range;Data missing or out of range;Data missing or out of range;Data missing or out of range;Data missing or out of range;Data missing or out of range;1;Commuting to/from work;Male;26;26 - 35;-1;-1;-1;1;Urban area;1
2019010161129;531429;182061;-0.106983;51.522184;Metropolitan Police;Slight;2;1;31/01/2019;Thursday;08:50;Islington;Islington;A;201;Single carriageway;20 MPH;Crossroads;Data missing or out of range;A;5201;None within 50 metres ;Pedestrian phase at traffic signal junction;Daylight;Fine no high winds;Wet or damp;None;None;Urban;No - accident was reported using a self completion  form (self rep only);E01002724;1;1;Driver or rider;Male;26;6;Slight;Not a Pedestrian;Not a Pedestrian;Not car passenger;Not a bus or coach passenger;No / Not applicable;1;Cyclist;Most deprived 10%;2;Van / Goods 3.5 tonnes mgw or under;No tow/articulation;Data missing or out of range;Data missing or out of range;Data missing or out of range;Data missing or out of range;Data missing or out of range;Data missing or out of range;Data missing or out of range;Front;-1;Not known;Not known;-1;Data missing or out of range;-1;-1;-1;3;Urban area;3
2019010161130;529989;185809;-0.126344;51.556199;Metropolitan Police;Slight;2;1;02/02/2019;Saturday;11:40;Islington;Islington;Unclassified;0;Dual carriageway;20 MPH;Not at junction or within 20 metres;Data missing or out of range;-1;0;Data missing or out of range;Data missing or out of range;Darkness - lighting unknown;Unknown;Dry;Data missing or out of range;None;Urban;No - accident was reported using a self completion  form (self rep only);E01002788;1;1;Driver or rider;Female;24;5;Slight;Not a Pedestrian;Not a Pedestrian;Not car passenger;Not a bus or coach passenger;No / Not applicable;1;Cyclist;More deprived 10-20%;1;Pedal cycle;Data missing or out of range;Data missing or out of range;Data missing or out of range;Not at or within 20 metres of junction;Data missing or out of range;Data missing or out of range;Data missing or out of range;Data missing or out of range;Data missing or out of range;1;Not known;Female;24;21 - 25;-1;-1;-1;2;Urban area;2
2019010161130;529989;185809;-0.126344;51.556199;Metropolitan Police;Slight;2;1;02/02/2019;Saturday;11:40;Islington;Islington;Unclassified;0;Dual carriageway;20 MPH;Not at junction or within 20 metres;Data missing or out of range;-1;0;Data missing or out of range;Data missing or out of range;Darkness - lighting unknown;Unknown;Dry;Data missing or out of range;None;Urban;No - accident was reported using a self completion  form (self rep only);E01002788;1;1;Driver or rider;Female;24;5;Slight;Not a Pedestrian;Not a Pedestrian;Not car passenger;Not a bus or coach passenger;No / Not applicable;1;Cyclist;More deprived 10-20%;2;Van / Goods 3.5 tonnes mgw or under;Data missing or out of range;Data missing or out of range;Data missing or out of range;Not at or within 20 metres of junction;Data missing or out of range;Data missing or out of range;Data missing or out of range;Data missing or out of range;Data missing or out of range;-1;Not known;Not known;-1;Data missing or out of range;-1;-1;-1;-1;Data missing or out of range;-1
2019010161131;538937;184395;0.002088;51.541361;Metropolitan Police;Serious;2;1;01/02/2019;Friday;22:10;Newham;Newham;A;11;Unknown;20 MPH;Slip road;Give way or uncontrolled;A;112;Data missing or out of range;Data missing or out of range;Darkness - no lighting;Raining no high winds;Wet or damp;None;None;Urban;No - accident was reported using a self completion  form (self rep only);E01003617;2;1;Pedestrian;Male;28;6;Serious;Unknown or other;Unknown or other;Not car passenger;Not a bus or coach passenger;No / Not applicable;0;Cyclist;More deprived 40-50%;1;Car;No tow/articulation;Data missing or out of range;Data missing or out of range;Approaching junction or waiting/parked at junction approach;Data missing or out of range;Data missing or out of range;Data missing or out of range;Data missing or out of range;Front;-1;Not known;Male;30;26 - 35;1497;Hybrid electric;16;3;Urban area;3
2019010161131;538937;184395;0.002088;51.541361;Metropolitan Police;Serious;2;1;01/02/2019;Friday;22:10;Newham;Newham;A;11;Unknown;20 MPH;Slip road;Give way or uncontrolled;A;112;Data missing or out of range;Data missing or out of range;Darkness - no lighting;Raining no high winds;Wet or damp;None;None;Urban;No - accident was reported using a self completion  form (self rep only);E01003617;2;1;Pedestrian;Male;28;6;Serious;Unknown or other;Unknown or other;Not car passenger;Not a bus or coach passenger;No / Not applicable;0;Cyclist;More deprived 40-50%;2;Car;Data missing or out of range;Data missing or out of range;Data missing or out of range;Approaching junction or waiting/parked at junction approach;Data missing or out of range;Data missing or out of range;Data missing or out of range;Data missing or out of range;Data missing or out of range;-1;Not known;Not known;-1;Data missing or out of range;-1;-1;-1;-1;Data missing or out of range;-1
2019010161132;513621;185576;-0.362413;51.557635;Metropolitan Police;Slight;2;1;02/02/2019;Saturday;16:50;Ealing;Ealing;A;312;Single carriageway;30 MPH;T or staggered junction;Auto traffic signal;A;4090;Data missing or out of range;No physical crossing facilities within 50 metres;Daylight;Fine no high winds;Dry;None;None;Urban;No - accident was reported using a self completion  form (self rep only);E01002221;1;1;Driver or rider;Male;52;8;Slight;Not a Pedestrian;Not a Pedestrian;Not car passenger;Not a bus or coach passenger;No / Not applicable;1;Cyclist;More deprived 20-30%;1;Pedal cycle;Data missing or out of range;Data missing or out of range;Data missing or out of range;Data missing or out of range;Data missing or out of range;Data missing or out of range;Data missing or out of range;Data missing or out of range;Data missing or out of range;1;Not known;Male;52;46 - 55;-1;-1;-1;3;Urban area;3
2019010161132;513621;185576;-0.362413;51.557635;Metropolitan Police;Slight;2;1;02/02/2019;Saturday;16:50;Ealing;Ealing;A;312;Single carriageway;30 MPH;T or staggered junction;Auto traffic signal;A;4090;Data missing or out of range;No physical crossing facilities within 50 metres;Daylight;Fine no high winds;Dry;None;None;Urban;No - accident was reported using a self completion  form (self rep only);E01002221;1;1;Driver or rider;Male;52;8;Slight;Not a Pedestrian;Not a Pedestrian;Not car passenger;Not a bus or coach passenger;No / Not applicable;1;Cyclist;More deprived 20-30%;2;Car;No tow/articulation;Data missing or out of range;Data missing or out of range;Data missing or out of range;Data missing or out of range;Data missing or out of range;Data missing or out of range;Data missing or out of range;Front;-1;Not known;Not known;55;46 - 55;-1;-1;-1;6;Urban area;6
2019010161138;540482;188161;0.025854;51.574819;Metropolitan Police;Slight;2;1;01/02/2019;Friday;18:24;Redbridge;Redbridge;C;0;Single carriageway;30 MPH;T or staggered junction;Give way or uncontrolled;Unclassified;0;None within 50 metres ;No physical crossing facilities within 50 metres;Darkness - lights lit;Snowing no high winds;Wet or damp;None;None;Urban;Yes;E01003789;2;1;Driver or rider;Male;31;6;Slight;Not a Pedestrian;Not a Pedestrian;Not car passenger;Not a bus or coach passenger;No / Not applicable;4;Cyclist;More deprived 30-40%;1;Car;No tow/articulation;Turning right;On main c'way - not in restricted lane;Entering main road;None;None;Did not leave carriageway;None;Offside;1;Commuting to/from work;Male;45;36 - 45;998;Petrol;3;2;Urban area;2
2019010161138;540482;188161;0.025854;51.574819;Metropolitan Police;Slight;2;1;01/02/2019;Friday;18:24;Redbridge;Redbridge;C;0;Single carriageway;30 MPH;T or staggered junction;Give way or uncontrolled;Unclassified;0;None within 50 metres ;No physical crossing facilities within 50 metres;Darkness - lights lit;Snowing no high winds;Wet or damp;None;None;Urban;Yes;E01003789;2;1;Driver or rider;Male;31;6;Slight;Not a Pedestrian;Not a Pedestrian;Not car passenger;Not a bus or coach passenger;No / Not applicable;4;Cyclist;More deprived 30-40%;2;Motorcycle over 125cc and up to 500cc;No tow/articulation;Overtaking static vehicle - offside;On main c'way - not in restricted lane;Approaching junction or waiting/parked at junction approach;None;None;Did not leave carriageway;None;Front;1;Journey as part of work;Male;31;26 - 35;125;Petrol;5;4;Urban area;4
2019010161139;530540;188338;-0.117463;51.578799;Metropolitan Police;Serious;2;1;02/02/2019;Saturday;17:23;Haringey;Haringey;Unclassified;0;Single carriageway;20 MPH;T or staggered junction;Give way or uncontrolled;Unclassified;0;None within 50 metres ;No physical crossing facilities within 50 metres;Darkness - lights lit;Fine no high winds;Wet or damp;None;None;Urban;Yes;E01001986;1;1;Passenger;Female;3;1;Serious;Not a Pedestrian;Not a Pedestrian;Rear seat passenger;Not a bus or coach passenger;No / Not applicable;9;Cyclist;More deprived 30-40%;1;Car;No tow/articulation;Going ahead other;On main c'way - not in restricted lane;Approaching junction or waiting/parked at junction approach;None;None;Did not leave carriageway;None;Offside;1;Not known;Female;53;46 - 55;-1;-1;-1;4;Urban area;4
2019010161139;530540;188338;-0.117463;51.578799;Metropolitan Police;Serious;2;1;02/02/2019;Saturday;17:23;Haringey;Haringey;Unclassified;0;Single carriageway;20 MPH;T or staggered junction;Give way or uncontrolled;Unclassified;0;None within 50 metres ;No physical crossing facilities within 50 metres;Darkness - lights lit;Fine no high winds;Wet or damp;None;None;Urban;Yes;E01001986;1;1;Passenger;Female;3;1;Serious;Not a Pedestrian;Not a Pedestrian;Rear seat passenger;Not a bus or coach passenger;No / Not applicable;9;Cyclist;More deprived 30-40%;2;Car;No tow/articulation;Turning left;On main c'way - not in restricted lane;Cleared junction or waiting/parked at junction exit;None;None;Did not leave carriageway;None;Front;1;Not known;Male;23;21 - 25;-1;-1;-1;1;Urban area;1
2019010161140;537530;190946;-0.015627;51.600572;Metropolitan Police;Slight;2;1;02/02/2019;Saturday;08:30;Waltham Forest;Waltham Forest;A;406;Single carriageway;50 MPH;Roundabout;Auto traffic signal;A;112;None within 50 metres ;No physical crossing facilities within 50 metres;Daylight;Fine no high winds;Dry;None;None;Urban;Yes;E01004344;1;1;Driver or rider;Male;35;6;Slight;Not a Pedestrian;Not a Pedestrian;Not car passenger;Not a bus or coach passenger;No / Not applicable;19;Cyclist;More deprived 10-20%;1;Van / Goods 3.5 tonnes mgw or under;No tow/articulation;Going ahead other;On main c'way - not in restricted lane;Entering roundabout;None;None;Did not leave carriageway;None;Offside;1;Commuting to/from work;Male;35;26 - 35;-1;-1;-1;2;Urban area;2
2019010161140;537530;190946;-0.015627;51.600572;Metropolitan Police;Slight;2;1;02/02/2019;Saturday;08:30;Waltham Forest;Waltham Forest;A;406;Single carriageway;50 MPH;Roundabout;Auto traffic signal;A;112;None within 50 metres ;No physical crossing facilities within 50 metres;Daylight;Fine no high winds;Dry;None;None;Urban;Yes;E01004344;1;1;Driver or rider;Male;35;6;Slight;Not a Pedestrian;Not a Pedestrian;Not car passenger;Not a bus or coach passenger;No / Not applicable;19;Cyclist;More deprived 10-20%;2;Van / Goods 3.5 tonnes mgw or under;No tow/articulation;Going ahead other;On main c'way - not in restricted lane;Entering roundabout;None;None;Did not leave carriageway;None;Front;1;Not known;Not known;-1;Data missing or out of range;-1;-1;-1;-1;Data missing or out of range;-1
2019010161142;523121;178897;-0.227775;51.495618;Metropolitan Police;Slight;2;1;02/02/2019;Saturday;08:25;Hammersmith and Fulham;Hammersmith and Fulham;Unclassified;0;Single carriageway;20 MPH;T or staggered junction;Give way or uncontrolled;Unclassified;0;Data missing or out of range;Data missing or out of range;Daylight;Fine no high winds;Wet or damp;None;None;Urban;No - accident was reported using a self completion  form (self rep only);E01001898;1;1;Driver or rider;Female;30;6;Slight;Not a Pedestrian;Not a Pedestrian;Not car passenger;Not a bus or coach passenger;No / Not applicable;9;Cyclist;More deprived 10-20%;1;Car;No tow/articulation;Data missing or out of range;Data missing or out of range;Data missing or out of range;Data missing or out of range;Data missing or out of range;Data missing or out of range;Data missing or out of range;Front;-1;Not known;Female;30;26 - 35;-1;-1;-1;2;Urban area;2
2019010161142;523121;178897;-0.227775;51.495618;Metropolitan Police;Slight;2;1;02/02/2019;Saturday;08:25;Hammersmith and Fulham;Hammersmith and Fulham;Unclassified;0;Single carriageway;20 MPH;T or staggered junction;Give way or uncontrolled;Unclassified;0;Data missing or out of range;Data missing or out of range;Daylight;Fine no high winds;Wet or damp;None;None;Urban;No - accident was reported using a self completion  form (self rep only);E01001898;1;1;Driver or rider;Female;30;6;Slight;Not a Pedestrian;Not a Pedestrian;Not car passenger;Not a bus or coach passenger;No / Not applicable;9;Cyclist;More deprived 10-20%;2;Car;No tow/articulation;Data missing or out of range;Data missing or out of range;Data missing or out of range;Data missing or out of range;Data missing or out of range;Data missing or out of range;Data missing or out of range;Front;-1;Not known;Male;26;26 - 35;-1;-1;-1;2;Urban area;2
2019010161144;543432;185753;0.067413;51.55244;Metropolitan Police;Slight;4;5;02/02/2019;Saturday;19:20;Newham;Newham;A;406;Dual carriageway;50 MPH;Not at junction or within 20 metres;Data missing or out of range;-1;0;None within 50 metres ;No physical crossing facilities within 50 metres;Darkness - lights lit;Fine no high winds;Dry;None;None;Urban;Yes;E01003577;2;1;Driver or rider;Male;34;6;Slight;Not a Pedestrian;Not a Pedestrian;Not car passenger;Not a bus or coach passenger;No / Not applicable;9;Cyclist;Most deprived 10%;1;Car;No tow/articulation;Waiting to go - held up;On main c'way - not in restricted lane;Not at or within 20 metres of junction;None;None;Did not leave carriageway;None;Back;1;Not known;Female;65;56 - 65;-1;-1;-1;4;Urban area;4
2019010161144;543432;185753;0.067413;51.55244;Metropolitan Police;Slight;4;5;02/02/2019;Saturday;19:20;Newham;Newham;A;406;Dual carriageway;50 MPH;Not at junction or within 20 metres;Data missing or out of range;-1;0;None within 50 metres ;No physical crossing facilities within 50 metres;Darkness - lights lit;Fine no high winds;Dry;None;None;Urban;Yes;E01003577;2;1;Driver or rider;Male;34;6;Slight;Not a Pedestrian;Not a Pedestrian;Not car passenger;Not a bus or coach passenger;No / Not applicable;9;Cyclist;Most deprived 10%;2;Car;No tow/articulation;Slowing or stopping;On main c'way - not in restricted lane;Not at or within 20 metres of junction;None;None;Did not leave carriageway;None;Back;1;Not known;Male;34;26 - 35;-1;-1;-1;1;Urban area;1
2019010161144;543432;185753;0.067413;51.55244;Metropolitan Police;Slight;4;5;02/02/2019;Saturday;19:20;Newham;Newham;A;406;Dual carriageway;50 MPH;Not at junction or within 20 metres;Data missing or out of range;-1;0;None within 50 metres ;No physical crossing facilities within 50 metres;Darkness - lights lit;Fine no high winds;Dry;None;None;Urban;Yes;E01003577;2;1;Driver or rider;Male;34;6;Slight;Not a Pedestrian;Not a Pedestrian;Not car passenger;Not a bus or coach passenger;No / Not applicable;9;Cyclist;Most deprived 10%;3;Car;No tow/articulation;Slowing or stopping;On main c'way - not in restricted lane;Not at or within 20 metres of junction;None;None;Did not leave carriageway;None;Back;1;Not known;Male;31;26 - 35;-1;-1;-1;6;Urban area;6