Accident_Index;Location_Easting_OSGR;Location_Northing_OSGR;Longitude;Latitude;Police_Force;Accident_Severity;Number_of_Vehicles;Number_of_Casualties;Date;Day_of_Week;Time;Local_Authority_(District);Local_Authority_(Highway);1st_Road_Class;1st_Road_Number;Road_Type;Speed_limit;Junction_Detail;Junction_Control;2nd_Road_Class;2nd_Road_Number;Pedestrian_Crossing-Human_Control;Pedestrian_Crossing-Physical_Facilities;Light_Conditions;Weather_Conditions;Road_Surface_Conditions;Special_Conditions_at_Site;Carriageway_Hazards;Urban_or_Rural_Area;Did_Police_Officer_Attend_Scene_of_Accident;LSOA_of_Accident_Location;Vehicle_Reference_x;Casualty_Reference;Casualty_Class;Sex_of_Casualty;Age_of_Casualty;Age_Band_of_Casualty;Casualty_Severity;Pedestrian_Location;Pedestrian_Movement;Car_Passenger;Bus_or_Coach_Passenger;Pedestrian_Road_Maintenance_Worker;Casualty_Type;Casualty_Home_Area_Type;Casualty_IMD_Decile;Vehicle_Reference_y;Vehicle_Type;Towing_and_Articulation;Vehicle_Manoeuvre;Vehicle_Location-Restricted_Lane;Junction_Location;Skidding_and_Overturning;Hit_Object_in_Carriageway;Vehicle_Leaving_Carriageway;Hit_Object_off_Carriageway;1st_Point_of_Impact;Was_Vehicle_Left_Hand_Drive?;Journey_Purpose_of_Driver;Sex_of_Driver;Age_of_Driver;Age_Band_of_Driver;Engine_Capacity_(CC);Propulsion_Code;Age_of_Vehicle;Driver_IMD_Decile;Driver_Home_Area_Type;Vehicle_IMD_Decile
2019010161159;528593;189484;-0.145126;51.589545;Metropolitan Police;Slight;2;1;01/02/2019;Friday;08:30;Haringey;Haringey;B;550;Roundabout;20 MPH;Mini-roundabout;Give way or uncontrolled;A;504;None within 50 metres ;Data missing or out of range;Daylight;Snowing no high winds;Wet or damp;None;None;Urban;No - accident was reported using a self completion  form (self rep only);E01002022;1;1;Driver or rider;Male;34;6;Slight;Not a Pedestrian;Not a Pedestrian;Not car passenger;Not a bus or coach passenger;No / Not applicable;3;Cyclist;Less deprived 30-40%;2;Taxi/Private hire car;No tow/articulation;Data missing or out of range;Data missing or out of range;Data missing or out of range;Data missing or out of range;Data missing or out of range;Data missing or out of range;Data missing or out of range;Front;-1;Not known;Not known;-1;Data missing or out of range;-1;-1;-1;5;Urban area;5
2019010161163;530744;164162;-0.123457;51.361487;Metropolitan Police;Slight;2;1;02/02/2019;Saturday;18:05;Sutton;Sutton;B;271;Single carriageway;30 MPH;T or staggered junction;Give way or uncontrolled;Unclassified;0;None within 50 metres ;No physical crossing facilities within 50 metres;Darkness - lights lit;Fine no high winds;Dry;None;None;Urban;Yes;E01004086;2;1;Driver or rider;Male;21;5;Slight;Not a Pedestrian;Not a Pedestrian;Not car passenger;Not a bus or coach passenger;No / Not applicable;4;-1;Data missing or out of range;1;Car;No tow/articulation;Turning right;On main c'way - not in restricted lane;Mid Junction - on roundabout or on main road;None;None;Did not leave carriageway;None;Offside;1;Not known;Male;41;36 - 45;-1;-1;-1;9;Rural;9
2019010161163;530744;164162;-0.123457;51.361487;Metropolitan Police;Slight;2;1;02/02/2019;Saturday;18:05;Sutton;Sutton;B;271;Single carriageway;30 MPH;T or staggered junction;Give way or uncontrolled;Unclassified;0;None within 50 metres ;No physical crossing facilities within 50 metres;Darkness - lights lit;Fine no high winds;Dry;None;None;Urban;Yes;E01004086;2;1;Driver or rider;Male;21;5;Slight;Not a Pedestrian;Not a Pedestrian;Not car passenger;Not a bus or coach passenger;No / Not applicable;4;-1;Data missing or out of range;2;Motorcycle over 125cc and up to 500cc;No tow/articulation;Going ahead other;On main c'way - not in restricted lane;Mid Junction - on roundabout or on main road;None;None;Did not leave carriageway;None;Front;1;Not known;Male;21;21 - 25;-1;-1;-1;-1;Data missing or out of range;-1
2019010161164;529053;178919;-0.142361;51.494494;Metropolitan Police;Slight;1;1;02/02/2019;Saturday;18:00;Westminster;Westminster;A;202;One way street;30 MPH;Crossroads;Auto traffic signal;C;0;None within 50 metres ;Pedestrian phase at traffic signal junction;Darkness - lights lit;Fine no high winds;Dry;Auto signal part defective;None;Urban;Yes;E01004749;1;1;Passenger;Female;88;11;Slight;Not a Pedestrian;Not a Pedestrian;Not car passenger;Seated passenger;No / Not applicable;11;Cyclist;Most deprived 10%;1;Bus or coach (17 or more pass seats);No tow/articulation;Going ahead other;On main c'way - not in restricted lane;Mid Junction - on roundabout or on main road;None;None;Did not leave carriageway;None;Did not impact;1;Journey as part of work;Male;29;26 - 35;-1;-1;-1;4;Urban area;4
2019010161166;546041;174509;0.100365;51.450738;Metropolitan Police;Slight;2;2;02/02/2019;Saturday;15:12;Bexley;Bexley;A;210;One way street;30 MPH;Other junction;Give way or uncontrolled;Unclassified;0;None within 50 metres ;No physical crossing facilities within 50 metres;Darkness - lights lit;Fine no high winds;Dry;None;None;Urban;Yes;E01000343;1;1;Driver or rider;Male;35;6;Slight;Not a Pedestrian;Not a Pedestrian;Not car passenger;Not a bus or coach passenger;No / Not applicable;2;Cyclist;More deprived 20-30%;1;Motorcycle 50cc and under;No tow/articulation;Turning left;On main c'way - not in restricted lane;Leaving main road;None;None;Did not leave carriageway;None;Front;1;Journey as part of work;Male;35;26 - 35;-1;-1;-1;3;Urban area;3
2019010161166;546041;174509;0.100365;51.450738;Metropolitan Police;Slight;2;2;02/02/2019;Saturday;15:12;Bexley;Bexley;A;210;One way street;30 MPH;Other junction;Give way or uncontrolled;Unclassified;0;None within 50 metres ;No physical crossing facilities within 50 metres;Darkness - lights lit;Fine no high winds;Dry;None;None;Urban;Yes;E01000343;1;1;Driver or rider;Male;35;6;Slight;Not a Pedestrian;Not a Pedestrian;Not car passenger;Not a bus or coach passenger;No / Not applicable;2;Cyclist;More deprived 20-30%;2;Car;No tow/articulation;Turning right;On main c'way - not in restricted lane;Leaving main road;None;None;Did not leave carriageway;None;Front;1;Not known;Female;40;36 - 45;-1;-1;-1;4;Data missing or out of range;4
2019010161166;546041;174509;0.100365;51.450738;Metropolitan Police;Slight;2;2;02/02/2019;Saturday;15:12;Bexley;Bexley;A;210;One way street;30 MPH;Other junction;Give way or uncontrolled;Unclassified;0;None within 50 metres ;No physical crossing facilities within 50 metres;Darkness - lights lit;Fine no high winds;Dry;None;None;Urban;Yes;E01000343;2;2;Driver or rider;Female;40;7;Slight;Not a Pedestrian;Not a Pedestrian;Not car passenger;Not a bus or coach passenger;No / Not applicable;9;-1;More deprived 30-40%;1;Motorcycle 50cc and under;No tow/articulation;Turning left;On main c'way - not in restricted lane;Leaving main road;None;None;Did not leave carriageway;None;Front;1;Journey as part of work;Male;35;26 - 35;-1;-1;-1;3;Urban area;3
2019010161166;546041;174509;0.100365;51.450738;Metropolitan Police;Slight;2;2;02/02/2019;Saturday;15:12;Bexley;Bexley;A;210;One way street;30 MPH;Other junction;Give way or uncontrolled;Unclassified;0;None within 50 metres ;No physical crossing facilities within 50 metres;Darkness - lights lit;Fine no high winds;Dry;None;None;Urban;Yes;E01000343;2;2;Driver or rider;Female;40;7;Slight;Not a Pedestrian;Not a Pedestrian;Not car passenger;Not a bus or coach passenger;No / Not applicable;9;-1;More deprived 30-40%;2;Car;No tow/articulation;Turning right;On main c'way - not in restricted lane;Leaving main road;None;None;Did not leave carriageway;None;Front;1;Not known;Female;40;36 - 45;-1;-1;-1;4;Data missing or out of range;4
2019010161171;508233;176926;-0.442757;51.480945;Metropolitan Police;Slight;1;1;02/02/2019;Saturday;18:54;Hillingdon;Hillingdon;A;4;Single carriageway;40 MPH;Not at junction or within 20 metres;Data missing or out of range;-1;0;None within 50 metres ;Pedestrian phase at traffic signal junction;Darkness - lights lit;Fine no high winds;Dry;None;None;Urban;Yes;E01002447;1;1;Pedestrian;Female;29;6;Slight;In centre of carriageway - not on refuge, island or central reservation;Crossing from driver's nearside;Not car passenger;Not a bus or coach passenger;No / Not applicable;0;-1;Data missing or out of range;1;Car;No tow/articulation;Going ahead other;On main c'way - not in restricted lane;Not at or within 20 metres of junction;Skidded;None;Did not leave carriageway;None;Front;1;Not known;Male;38;36 - 45;-1;-1;-1;3;Urban area;3
2019010161173;537799;169439;-0.020141;51.407241;Metropolitan Police;Slight;2;1;02/02/2019;Saturday;21:00;Bromley;Bromley;A;222;Single carriageway;30 MPH;Crossroads;Auto traffic signal;B;230;None within 50 metres ;Pedestrian phase at traffic signal junction;Darkness - lights lit;Fine no high winds;Dry;None;None;Urban;Yes;E01000772;1;1;Driver or rider;Male;61;9;Slight;Not a Pedestrian;Not a Pedestrian;Not car passenger;Not a bus or coach passenger;No / Not applicable;9;Cyclist;More deprived 30-40%;1;Car;No tow/articulation;Going ahead other;On main c'way - not in restricted lane;Mid Junction - on roundabout or on main road;None;None;Did not leave carriageway;None;Offside;1;Not known;Male;61;56 - 65;-1;-1;-1;4;Urban area;4
2019010161173;537799;169439;-0.020141;51.407241;Metropolitan Police;Slight;2;1;02/02/2019;Saturday;21:00;Bromley;Bromley;A;222;Single carriageway;30 MPH;Crossroads;Auto traffic signal;B;230;None within 50 metres ;Pedestrian phase at traffic signal junction;Darkness - lights lit;Fine no high winds;Dry;None;None;Urban;Yes;E01000772;1;1;Driver or rider;Male;61;9;Slight;Not a Pedestrian;Not a Pedestrian;Not car passenger;Not a bus or coach passenger;No / Not applicable;9;Cyclist;More deprived 30-40%;2;Car;No tow/articulation;Turning right;On main c'way - not in restricted lane;Mid Junction - on roundabout or on main road;None;None;Did not leave carriageway;None;Front;1;Not known;Male;61;56 - 65;-1;-1;-1;3;Urban area;3
2019010161177;512312;176533;-0.384166;51.476618;Metropolitan Police;Slight;2;2;02/02/2019;Saturday;22:06;Hounslow;Hounslow;C;0;Single carriageway;30 MPH;Crossroads;Auto traffic signal;A;4;None within 50 metres ;Pedestrian phase at traffic signal junction;Darkness - lights lit;Fine no high winds;Dry;None;None;Urban;No - accident was reported using a self completion  form (self rep only);E01002623;1;1;Driver or rider;Female;30;6;Slight;Not a Pedestrian;Not a Pedestrian;Not car passenger;Not a bus or coach passenger;No / Not applicable;9;Cyclist;Less deprived 10-20%;1;Car;No tow/articulation;Waiting to go - held up;On main c'way - not in restricted lane;Mid Junction - on roundabout or on main road;Skidded;None;Did not leave carriageway;None;Back;-1;Not known;Female;30;26 - 35;-1;-1;-1;9;Urban area;9
2019010161177;512312;176533;-0.384166;51.476618;Metropolitan Police;Slight;2;2;02/02/2019;Saturday;22:06;Hounslow;Hounslow;C;0;Single carriageway;30 MPH;Crossroads;Auto traffic signal;A;4;None within 50 metres ;Pedestrian phase at traffic signal junction;Darkness - lights lit;Fine no high winds;Dry;None;None;Urban;No - accident was reported using a self completion  form (self rep only);E01002623;1;1;Driver or rider;Female;30;6;Slight;Not a Pedestrian;Not a Pedestrian;Not car passenger;Not a bus or coach passenger;No / Not applicable;9;Cyclist;Less deprived 10-20%;2;Car;No tow/articulation;Waiting to go - held up;On main c'way - not in restricted lane;Mid Junction - on roundabout or on main road;None;None;Did not leave carriageway;None;Data missing or out of range;-1;Not known;Not known;-1;Data missing or out of range;-1;-1;-1;-1;Data missing or out of range;-1
2019010161177;512312;176533;-0.384166;51.476618;Metropolitan Police;Slight;2;2;02/02/2019;Saturday;22:06;Hounslow;Hounslow;C;0;Single carriageway;30 MPH;Crossroads;Auto traffic signal;A;4;None within 50 metres ;Pedestrian phase at traffic signal junction;Darkness - lights lit;Fine no high winds;Dry;None;None;Urban;No - accident was reported using a self completion  form (self rep only);E01002623;1;2;Passenger;Male;Data missing or out of range;-1;Slight;Not a Pedestrian;Not a Pedestrian;Front seat passenger;Not a bus or coach passenger;No / Not applicable;9;Cyclist;Less deprived 10-20%;1;Car;No tow/articulation;Waiting to go - held up;On main c'way - not in restricted lane;Mid Junction - on roundabout or on main road;Skidded;None;Did not leave carriageway;None;Back;-1;Not known;Female;30;26 - 35;-1;-1;-1;9;Urban area;9
2019010161177;512312;176533;-0.384166;51.476618;Metropolitan Police;Slight;2;2;02/02/2019;Saturday;22:06;Hounslow;Hounslow;C;0;Single carriageway;30 MPH;Crossroads;Auto traffic signal;A;4;None within 50 metres ;Pedestrian phase at traffic signal junction;Darkness - lights lit;Fine no high winds;Dry;None;None;Urban;No - accident was reported using a self completion  form (self rep only);E01002623;1;2;Passenger;Male;Data missing or out of range;-1;Slight;Not a Pedestrian;Not a Pedestrian;Front seat passenger;Not a bus or coach passenger;No / Not applicable;9;Cyclist;Less deprived 10-20%;2;Car;No tow/articulation;Waiting to go - held up;On main c'way - not in restricted lane;Mid Junction - on roundabout or on main road;None;None;Did not leave carriageway;None;Data missing or out of range;-1;Not known;Not known;-1;Data missing or out of range;-1;-1;-1;-1;Data missing or out of range;-1
2019010161179;539130;185383;0.005259;51.550192;Metropolitan Police;Slight;2;1;02/02/2019;Saturday;20:40;Newham;Newham;A;11;Dual carriageway;30 MPH;Crossroads;Give way or uncontrolled;A;112;None within 50 metres ;No physical crossing facilities within 50 metres;Darkness - lighting unknown;Fine no high winds;Dry;None;None;Urban;Yes;E01003615;1;1;Driver or rider;Male;23;5;Slight;Not a Pedestrian;Not a Pedestrian;Not car passenger;Not a bus or coach passenger;No / Not applicable;23;Cyclist;More deprived 10-20%;1;Electric motorcycle;No tow/articulation;Going ahead other;On main c'way - not in restricted lane;Approaching junction or waiting/parked at junction approach;None;None;Did not leave carriageway;None;Did not impact;1;Not known;Male;23;21 - 25;-1;-1;-1;2;Urban area;2
2019010161179;539130;185383;0.005259;51.550192;Metropolitan Police;Slight;2;1;02/02/2019;Saturday;20:40;Newham;Newham;A;11;Dual carriageway;30 MPH;Crossroads;Give way or uncontrolled;A;112;None within 50 metres ;No physical crossing facilities within 50 metres;Darkness - lighting unknown;Fine no high winds;Dry;None;None;Urban;Yes;E01003615;1;1;Driver or rider;Male;23;5;Slight;Not a Pedestrian;Not a Pedestrian;Not car passenger;Not a bus or coach passenger;No / Not applicable;23;Cyclist;More deprived 10-20%;2;Car;No tow/articulation;Going ahead other;On main c'way - not in restricted lane;Mid Junction - on roundabout or on main road;None;None;Did not leave carriageway;None;Front;1;Not known;Not known;-1;Data missing or out of range;-1;-1;-1;-1;Data missing or out of range;-1
2019010161180;522991;189391;-0.225981;51.589959;Metropolitan Police;Serious;1;1;03/02/2019;Sunday;00:50;Barnet;Barnet;A;504;Single carriageway;30 MPH;T or staggered junction;Give way or uncontrolled;Unclassified;0;None within 50 metres ;Pelican, puffin, toucan or similar non-junction pedestrian light crossing;Darkness - lights lit;Fine no high winds;Dry;None;None;Urban;Yes;E01000244;1;1;Pedestrian;Male;27;6;Serious;In carriageway, crossing elsewhere;Crossing from driver's offside;Not car passenger;Not a bus or coach passenger;No / Not applicable;0;Cyclist;More deprived 20-30%;1;Car;No tow/articulation;Going ahead other;On main c'way - not in restricted lane;Approaching junction or waiting/parked at junction approach;None;None;Did not leave carriageway;None;Front;1;Not known;Male;22;21 - 25;1595;Petrol;3;8;Urban area;8
2019010161181;539119;185333;0.005081;51.549745;Metropolitan Police;Slight;2;3;02/02/2019;Saturday;19:04;Newham;Newham;A;11;Single carriageway;30 MPH;Crossroads;Auto traffic signal;A;112;None within 50 metres ;Zebra;Darkness - lights lit;Fine no high winds;Dry;None;None;Urban;Yes;E01003615;1;1;Passenger;Female;42;7;Slight;Not a Pedestrian;Not a Pedestrian;Front seat passenger;Not a bus or coach passenger;No / Not applicable;8;Cyclist;More deprived 20-30%;1;Taxi/Private hire car;No tow/articulation;U-turn;On main c'way - not in restricted lane;Entering main road;None;None;Did not leave carriageway;None;Nearside;1;Journey as part of work;Male;52;46 - 55;-1;-1;-1;3;Urban area;3
2019010161181;539119;185333;0.005081;51.549745;Metropolitan Police;Slight;2;3;02/02/2019;Saturday;19:04;Newham;Newham;A;11;Single carriageway;30 MPH;Crossroads;Auto traffic signal;A;112;None within 50 metres ;Zebra;Darkness - lights lit;Fine no high winds;Dry;None;None;Urban;Yes;E01003615;1;1;Passenger;Female;42;7;Slight;Not a Pedestrian;Not a Pedestrian;Front seat passenger;Not a bus or coach passenger;No / Not applicable;8;Cyclist;More deprived 20-30%;2;Car;No tow/articulation;Going ahead other;On main c'way - not in restricted lane;Not at or within 20 metres of junction;None;None;Did not leave carriageway;None;Front;1;Not known;Not known;-1;Data missing or out of range;-1;-1;-1;-1;Data missing or out of range;-1
2019010161181;539119;185333;0.005081;51.549745;Metropolitan Police;Slight;2;3;02/02/2019;Saturday;19:04;Newham;Newham;A;11;Single carriageway;30 MPH;Crossroads;Auto traffic signal;A;112;None within 50 metres ;Zebra;Darkness - lights lit;Fine no high winds;Dry;None;None;Urban;Yes;E01003615;1;2;Passenger;Female;43;7;Slight;Not a Pedestrian;Not a Pedestrian;Rear seat passenger;Not a bus or coach passenger;No / Not applicable;8;Cyclist;More deprived 20-30%;1;Taxi/Private hire car;No tow/articulation;U-turn;On main c'way - not in restricted lane;Entering main road;None;None;Did not leave carriageway;None;Nearside;1;Journey as part of work;Male;52;46 - 55;-1;-1;-1;3;Urban area;3
2019010161181;539119;185333;0.005081;51.549745;Metropolitan Police;Slight;2;3;02/02/2019;Saturday;19:04;Newham;Newham;A;11;Single carriageway;30 MPH;Crossroads;Auto traffic signal;A;112;None within 50 metres ;Zebra;Darkness - lights lit;Fine no high winds;Dry;None;None;Urban;Yes;E01003615;1;2;Passenger;Female;43;7;Slight;Not a Pedestrian;Not a Pedestrian;Rear seat passenger;Not a bus or coach passenger;No / Not applicable;8;Cyclist;More deprived 20-30%;2;Car;No tow/articulation;Going ahead other;On main c'way - not in restricted lane;Not at or within 20 metres of junction;None;None;Did not leave carriageway;None;Front;1;Not known;Not known;-1;Data missing or out of range;-1;-1;-1;-1;Data missing or out of range;-1
2019010161181;539119;185333;0.005081;51.549745;Metropolitan Police;Slight;2;3;02/02/2019;Saturday;19:04;Newham;Newham;A;11;Single carriageway;30 MPH;Crossroads;Auto traffic signal;A;112;None within 50 metres ;Zebra;Darkness - lights lit;Fine no high winds;Dry;None;None;Urban;Yes;E01003615;1;3;Passenger;Female;3;1;Slight;Not a Pedestrian;Not a Pedestrian;Rear seat passenger;Not a bus or coach passenger;No / Not applicable;8;Cyclist;More deprived 20-30%;1;Taxi/Private hire car;No tow/articulation;U-turn;On main c'way - not in restricted lane;Entering main road;None;None;Did not leave carriageway;None;Nearside;1;Journey as part of work;Male;52;46 - 55;-1;-1;-1;3;Urban area;3
2019010161181;539119;185333;0.005081;51.549745;Metropolitan Police;Slight;2;3;02/02/2019;Saturday;19:04;Newham;Newham;A;11;Single carriageway;30 MPH;Crossroads;Auto traffic signal;A;112;None within 50 metres ;Zebra;Darkness - lights lit;Fine no high winds;Dry;None;None;Urban;Yes;E01003615;1;3;Passenger;Female;3;1;Slight;Not a Pedestrian;Not a Pedestrian;Rear seat passenger;Not a bus or coach passenger;No / Not applicable;8;Cyclist;More deprived 20-30%;2;Car;No tow/articulation;Going ahead other;On main c'way - not in restricted lane;Not at or within 20 metres of junction;None;None;Did not leave carriageway;None;Front;1;Not known;Not known;-1;Data missing or out of range;-1;-1;-1;-1;Data missing or out of range;-1
2019010161183;534792;159926;-0.06695;51.322474;Metropolitan Police;Slight;3;1;02/02/2019;Saturday;22:37;Croydon;Croydon;B;269;Single carriageway;30 MPH;T or staggered junction;Give way or uncontrolled;Unclassified;0;None within 50 metres ;No physical crossing facilities within 50 metres;Darkness - lights lit;Fine no high winds;Wet or damp;None;None;Urban;Yes;E01001106;1;1;Driver or rider;Female;47;8;Slight;Not a Pedestrian;Not a Pedestrian;Not car passenger;Not a bus or coach passenger;No / Not applicable;9;Cyclist;More deprived 30-40%;1;Car;No tow/articulation;Going ahead other;On main c'way - not in restricted lane;Approaching junction or waiting/parked at junction approach;None;None;Did not leave carriageway;None;Front;1;Not known;Female;47;46 - 55;-1;-1;-1;4;Urban area;4
2019010161183;534792;159926;-0.06695;51.322474;Metropolitan Police;Slight;3;1;02/02/2019;Saturday;22:37;Croydon;Croydon;B;269;Single carriageway;30 MPH;T or staggered junction;Give way or uncontrolled;Unclassified;0;None within 50 metres ;No physical crossing facilities within 50 metres;Darkness - lights lit;Fine no high winds;Wet or damp;None;None;Urban;Yes;E01001106;1;1;Driver or rider;Female;47;8;Slight;Not a Pedestrian;Not a Pedestrian;Not car passenger;Not a bus or coach passenger;No / Not applicable;9;Cyclist;More deprived 30-40%;2;Car;No tow/articulation;Going ahead other;On main c'way - not in restricted lane;Approaching junction or waiting/parked at junction approach;None;None;Did not leave carriageway;None;Front;1;Not known;Male;20;16 - 20;-1;-1;-1;5;Urban area;5
2019010161183;534792;159926;-0.06695;51.322474;Metropolitan Police;Slight;3;1;02/02/2019;Saturday;22:37;Croydon;Croydon;B;269;Single carriageway;30 MPH;T or staggered junction;Give way or uncontrolled;Unclassified;0;None within 50 metres ;No physical crossing facilities within 50 metres;Darkness - lights lit;Fine no high winds;Wet or damp;None;None;Urban;Yes;E01001106;1;1;Driver or rider;Female;47;8;Slight;Not a Pedestrian;Not a Pedestrian;Not car passenger;Not a bus or coach passenger;No / Not applicable;9;Cyclist;More deprived 30-40%;3;Car;No tow/articulation;Parked;On main c'way - not in restricted lane;Approaching junction or waiting/parked at junction approach;None;None;Did not leave carriageway;None;Offside;1;Not known;Not known;-1;Data missing or out of range;-1;-1;-1;-1;Data missing or out of range;-1
2019010161190;516654;174496;-0.322343;51.457432;Metropolitan Police;Slight;1;1;02/02/2019;Saturday;23:40;Richmond upon Thames;Richmond upon Thames;A;3004;Roundabout;40 MPH;Roundabout;Auto traffic signal;A;316;Control by other authorised person;Pedestrian phase at traffic signal junction;Darkness - lights lit;Fine no high winds;Dry;None;None;Urban;Yes;E01003872;1;1;Passenger;Female;23;5;Slight;Not a Pedestrian;Not a Pedestrian;Front seat passenger;Not a bus or coach passenger;No / Not applicable;9;Cyclist;Less deprived 30-40%;1;Car;No tow/articulation;Going ahead other;On main c'way - not in restricted lane;Mid Junction - on roundabout or on main road;None;None;Nearside;Near/Offside crash barrier;Front;1;Not known;Male;24;21 - 25;1984;Petrol;1;10;Urban area;10
2019010161192;519058;178128;-0.286535;51.489576;Metropolitan Police;Slight;1;1;03/02/2019;Sunday;03:20;Hounslow;Hounslow;C;0;One way street;30 MPH;T or staggered junction;Auto traffic signal;A;205;None within 50 metres ;Pelican, puffin, toucan or similar non-junction pedestrian light crossing;Darkness - lights lit;Fine no high winds;Dry;None;None;Urban;Yes;E01002580;1;1;Passenger;Male;65;9;Slight;Not a Pedestrian;Not a Pedestrian;Not car passenger;Seated passenger;No / Not applicable;11;Cyclist;More deprived 30-40%;1;Bus or coach (17 or more pass seats);No tow/articulation;Going ahead other;On main c'way - not in restricted lane;Cleared junction or waiting/parked at junction exit;None;None;Did not leave carriageway;None;Did not impact;1;Journey as part of work;Not known;19;16 - 20;-1;-1;-1;-1;Data missing or out of range;-1
2019010161193;531477;189660;-0.103454;51.590461;Metropolitan Police;Slight;2;1;02/02/2019;Saturday;23:45;Haringey;Haringey;A;105;Single carriageway;20 MPH;More than 4 arms (not roundabout);Auto traffic signal;A;1080;None within 50 metres ;Pedestrian phase at traffic signal junction;Darkness - lights lit;Fine no high winds;Dry;None;None;Urban;Yes;E01002031;2;1;Passenger;Female;29;6;Slight;Not a Pedestrian;Not a Pedestrian;Rear seat passenger;Not a bus or coach passenger;No / Not applicable;9;-1;Data missing or out of range;1;Car;No tow/articulation;Turning right;On main c'way - not in restricted lane;Mid Junction - on roundabout or on main road;None;None;Did not leave carriageway;None;Front;1;Commuting to/from work;Male;56;56 - 65;-1;-1;-1;1;Urban area;1
2019010161193;531477;189660;-0.103454;51.590461;Metropolitan Police;Slight;2;1;02/02/2019;Saturday;23:45;Haringey;Haringey;A;105;Single carriageway;20 MPH;More than 4 arms (not roundabout);Auto traffic signal;A;1080;None within 50 metres ;Pedestrian phase at traffic signal junction;Darkness - lights lit;Fine no high winds;Dry;None;None;Urban;Yes;E01002031;2;1;Passenger;Female;29;6;Slight;Not a Pedestrian;Not a Pedestrian;Rear seat passenger;Not a bus or coach passenger;No / Not applicable;9;-1;Data missing or out of range;2;Car;No tow/articulation;Going ahead other;On main c'way - not in restricted lane;Mid Junction - on roundabout or on main road;None;None;Did not leave carriageway;None;Front;1;Not known;Female;30;26 - 35;-1;-1;-1;2;Urban area;2
2019010161198;533367;182542;-0.078884;51.526052;Metropolitan Police;Slight;1;1;03/02/2019;Sunday;04:50;Hackney;Hackney;Unclassified;0;Unknown;20 MPH;Not at junction or within 20 metres;Data missing or out of range;-1;0;None within 50 metres ;No physical crossing facilities within 50 metres;Darkness - lights lit;Fine no high winds;Dry;None;None;Urban;No - accident was reported using a self completion  form (self rep only);E01033708;1;1;Pedestrian;Female;26;6;Slight;On footway or verge;Unknown or other;Not car passenger;Not a bus or coach passenger;No / Not applicable;0;Cyclist;More deprived 30-40%;1;Car;No tow/articulation;Data missing or out of range;Data missing or out of range;Not at or within 20 metres of junction;Data missing or out of range;Data missing or out of range;Data missing or out of range;Data missing or out of range;Data missing or out of range;-1;Not known;Male;27;26 - 35;-1;-1;-1;8;Urban area;8
2019010161200;531189;179195;-0.111507;51.496483;Metropolitan Police;Serious;2;4;03/02/2019;Sunday;02:16;Lambeth;Lambeth;A;3203;Dual carriageway;30 MPH;Crossroads;Auto traffic signal;A;23;None within 50 metres ;Pedestrian phase at traffic signal junction;Darkness - lights lit;Other;Frost or ice;None;None;Urban;Yes;E01003014;1;1;Driver or rider;Male;48;8;Slight;Not a Pedestrian;Not a Pedestrian;Not car passenger;Not a bus or coach passenger;No / Not applicable;8;Cyclist;More deprived 20-30%;1;Taxi/Private hire car;No tow/articulation;Going ahead other;On main c'way - not in restricted lane;Mid Junction - on roundabout or on main road;None;None;Did not leave carriageway;None;Nearside;1;Not known;Male;48;46 - 55;1797;Hybrid electric;9;3;Urban area;3
2019010161200;531189;179195;-0.111507;51.496483;Metropolitan Police;Serious;2;4;03/02/2019;Sunday;02:16;Lambeth;Lambeth;A;3203;Dual carriageway;30 MPH;Crossroads;Auto traffic signal;A;23;None within 50 metres ;Pedestrian phase at traffic signal junction;Darkness - lights lit;Other;Frost or ice;None;None;Urban;Yes;E01003014;1;1;Driver or rider;Male;48;8;Slight;Not a Pedestrian;Not a Pedestrian;Not car passenger;Not a bus or coach passenger;No / Not applicable;8;Cyclist;More deprived 20-30%;2;Car;No tow/articulation;Going ahead other;On main c'way - not in restricted lane;Mid Junction - on roundabout or on main road;None;None;Did not leave carriageway;None;Front;1;Not known;Male;19;16 - 20;1995;Heavy oil;5;-1;Data missing or out of range;-1
2019010161200;531189;179195;-0.111507;51.496483;Metropolitan Police;Serious;2;4;03/02/2019;Sunday;02:16;Lambeth;Lambeth;A;3203;Dual carriageway;30 MPH;Crossroads;Auto traffic signal;A;23;None within 50 metres ;Pedestrian phase at traffic signal junction;Darkness - lights lit;Other;Frost or ice;None;None;Urban;Yes;E01003014;1;2;Passenger;Female;24;5;Slight;Not a Pedestrian;Not a Pedestrian;Rear seat passenger;Not a bus or coach passenger;No / Not applicable;8;Cyclist;Less deprived 30-40%;1;Taxi/Private hire car;No tow/articulation;Going ahead other;On main c'way - not in restricted lane;Mid Junction - on roundabout or on main road;None;None;Did not leave carriageway;None;Nearside;1;Not known;Male;48;46 - 55;1797;Hybrid electric;9;3;Urban area;3
2019010161200;531189;179195;-0.111507;51.496483;Metropolitan Police;Serious;2;4;03/02/2019;Sunday;02:16;Lambeth;Lambeth;A;3203;Dual carriageway;30 MPH;Crossroads;Auto traffic signal;A;23;None within 50 metres ;Pedestrian phase at traffic signal junction;Darkness - lights lit;Other;Frost or ice;None;None;Urban;Yes;E01003014;1;2;Passenger;Female;24;5;Slight;Not a Pedestrian;Not a Pedestrian;Rear seat passenger;Not a bus or coach passenger;No / Not applicable;8;Cyclist;Less deprived 30-40%;2;Car;No tow/articulation;Going ahead other;On main c'way - not in restricted lane;Mid Junction - on roundabout or on main road;None;None;Did not leave carriageway;None;Front;1;Not known;Male;19;16 - 20;1995;Heavy oil;5;-1;Data missing or out of range;-1
2019010161200;531189;179195;-0.111507;51.496483;Metropolitan Police;Serious;2;4;03/02/2019;Sunday;02:16;Lambeth;Lambeth;A;3203;Dual carriageway;30 MPH;Crossroads;Auto traffic signal;A;23;None within 50 metres ;Pedestrian phase at traffic signal junction;Darkness - lights lit;Other;Frost or ice;None;None;Urban;Yes;E01003014;1;3;Passenger;Female;26;6;Serious;Not a Pedestrian;Not a Pedestrian;Rear seat passenger;Not a bus or coach passenger;No / Not applicable;8;Cyclist;Less deprived 40-50%;1;Taxi/Private hire car;No tow/articulation;Going ahead other;On main c'way - not in restricted lane;Mid Junction - on roundabout or on main road;None;None;Did not leave carriageway;None;Nearside;1;Not known;Male;48;46 - 55;1797;Hybrid electric;9;3;Urban area;3