Accident_Index;Location_Easting_OSGR;Location_Northing_OSGR;Longitude;Latitude;Police_Force;Accident_Severity;Number_of_Vehicles;Number_of_Casualties;Date;Day_of_Week;Time;Local_Authority_(District);Local_Authority_(Highway);1st_Road_Class;1st_Road_Number;Road_Type;Speed_limit;Junction_Detail;Junction_Control;2nd_Road_Class;2nd_Road_Number;Pedestrian_Crossing-Human_Control;Pedestrian_Crossing-Physical_Facilities;Light_Conditions;Weather_Conditions;Road_Surface_Conditions;Special_Conditions_at_Site;Carriageway_Hazards;Urban_or_Rural_Area;Did_Police_Officer_Attend_Scene_of_Accident;LSOA_of_Accident_Location;Vehicle_Reference_x;Casualty_Reference;Casualty_Class;Sex_of_Casualty;Age_of_Casualty;Age_Band_of_Casualty;Casualty_Severity;Pedestrian_Location;Pedestrian_Movement;Car_Passenger;Bus_or_Coach_Passenger;Pedestrian_Road_Maintenance_Worker;Casualty_Type;Casualty_Home_Area_Type;Casualty_IMD_Decile;Vehicle_Reference_y;Vehicle_Type;Towing_and_Articulation;Vehicle_Manoeuvre;Vehicle_Location-Restricted_Lane;Junction_Location;Skidding_and_Overturning;Hit_Object_in_Carriageway;Vehicle_Leaving_Carriageway;Hit_Object_off_Carriageway;1st_Point_of_Impact;Was_Vehicle_Left_Hand_Drive?;Journey_Purpose_of_Driver;Sex_of_Driver;Age_of_Driver;Age_Band_of_Driver;Engine_Capacity_(CC);Propulsion_Code;Age_of_Vehicle;Driver_IMD_Decile;Driver_Home_Area_Type;Vehicle_IMD_Decile
2019010161303;529361;183156;-0.136372;51.532501;Metropolitan Police;Slight;2;1;03/02/2019;Sunday;18:43;Camden;Camden;A;4200;Dual carriageway;20 MPH;T or staggered junction;Give way or uncontrolled;Unclassified;0;None within 50 metres ;No physical crossing facilities within 50 metres;Darkness - lights lit;Fine no high winds;Dry;None;None;Urban;Yes;E01000954;1;1;Passenger;Female;22;5;Slight;Not a Pedestrian;Not a Pedestrian;Front seat passenger;Not a bus or coach passenger;No / Not applicable;9;Cyclist;More deprived 40-50%;1;Car;No tow/articulation;Going ahead other;On main c'way - not in restricted lane;Approaching junction or waiting/parked at junction approach;None;None;Did not leave carriageway;None;Front;1;Not known;Male;21;21 - 25;-1;-1;-1;8;Urban area;8
2019010161303;529361;183156;-0.136372;51.532501;Metropolitan Police;Slight;2;1;03/02/2019;Sunday;18:43;Camden;Camden;A;4200;Dual carriageway;20 MPH;T or staggered junction;Give way or uncontrolled;Unclassified;0;None within 50 metres ;No physical crossing facilities within 50 metres;Darkness - lights lit;Fine no high winds;Dry;None;None;Urban;Yes;E01000954;1;1;Passenger;Female;22;5;Slight;Not a Pedestrian;Not a Pedestrian;Front seat passenger;Not a bus or coach passenger;No / Not applicable;9;Cyclist;More deprived 40-50%;2;Car;No tow/articulation;Going ahead right-hand bend;On main c'way - not in restricted lane;Entering main road;None;None;Did not leave carriageway;None;Offside;1;Not known;Male;25;21 - 25;-1;-1;-1;9;Rural;9
2019010161305;514667;186906;-0.346897;51.569377;Metropolitan Police;Slight;2;1;03/02/2019;Sunday;17:43;Harrow;Harrow;A;312;Single carriageway;30 MPH;Data missing or out of range;Data missing or out of range;A;312;None within 50 metres ;No physical crossing facilities within 50 metres;Darkness - lights lit;Fine no high winds;Wet or damp;None;None;Urban;No - accident was reported using a self completion  form (self rep only);E01002132;1;1;Driver or rider;Female;24;5;Slight;Not a Pedestrian;Not a Pedestrian;Not car passenger;Not a bus or coach passenger;No / Not applicable;9;Cyclist;More deprived 20-30%;1;Car;No tow/articulation;Going ahead other;On main c'way - not in restricted lane;Data missing or out of range;None;None;Did not leave carriageway;None;Back;1;Not known;Female;24;21 - 25;-1;-1;-1;3;Urban area;3
2019010161305;514667;186906;-0.346897;51.569377;Metropolitan Police;Slight;2;1;03/02/2019;Sunday;17:43;Harrow;Harrow;A;312;Single carriageway;30 MPH;Data missing or out of range;Data missing or out of range;A;312;None within 50 metres ;No physical crossing facilities within 50 metres;Darkness - lights lit;Fine no high winds;Wet or damp;None;None;Urban;No - accident was reported using a self completion  form (self rep only);E01002132;1;1;Driver or rider;Female;24;5;Slight;Not a Pedestrian;Not a Pedestrian;Not car passenger;Not a bus or coach passenger;No / Not applicable;9;Cyclist;More deprived 20-30%;2;Car;No tow/articulation;Data missing or out of range;On main c'way - not in restricted lane;Data missing or out of range;None;None;Did not leave carriageway;None;Front;-1;Not known;Female;64;56 - 65;-1;-1;-1;7;Urban area;7
2019010161308;529280;163801;-0.144604;51.358577;Metropolitan Police;Serious;3;1;03/02/2019;Sunday;19:43;Sutton;Sutton;B;271;Single carriageway;30 MPH;T or staggered junction;Give way or uncontrolled;Unclassified;0;None within 50 metres ;No physical crossing facilities within 50 metres;Darkness - lights lit;Fine no high winds;Dry;None;None;Urban;Yes;E01004178;2;1;Passenger;Female;20;4;Serious;Not a Pedestrian;Not a Pedestrian;Rear seat passenger;Not a bus or coach passenger;No / Not applicable;9;Cyclist;Less deprived 20-30%;1;Car;No tow/articulation;Going ahead other;On main c'way - not in restricted lane;Approaching junction or waiting/parked at junction approach;None;None;Did not leave carriageway;None;Back;1;Not known;Female;57;56 - 65;-1;-1;-1;4;Urban area;4
2019010161308;529280;163801;-0.144604;51.358577;Metropolitan Police;Serious;3;1;03/02/2019;Sunday;19:43;Sutton;Sutton;B;271;Single carriageway;30 MPH;T or staggered junction;Give way or uncontrolled;Unclassified;0;None within 50 metres ;No physical crossing facilities within 50 metres;Darkness - lights lit;Fine no high winds;Dry;None;None;Urban;Yes;E01004178;2;1;Passenger;Female;20;4;Serious;Not a Pedestrian;Not a Pedestrian;Rear seat passenger;Not a bus or coach passenger;No / Not applicable;9;Cyclist;Less deprived 20-30%;2;Car;No tow/articulation;Going ahead other;On main c'way - not in restricted lane;Approaching junction or waiting/parked at junction approach;None;None;Did not leave carriageway;None;Front;1;Journey as part of work;Male;49;46 - 55;-1;-1;-1;1;Urban area;1
2019010161308;529280;163801;-0.144604;51.358577;Metropolitan Police;Serious;3;1;03/02/2019;Sunday;19:43;Sutton;Sutton;B;271;Single carriageway;30 MPH;T or staggered junction;Give way or uncontrolled;Unclassified;0;None within 50 metres ;No physical crossing facilities within 50 metres;Darkness - lights lit;Fine no high winds;Dry;None;None;Urban;Yes;E01004178;2;1;Passenger;Female;20;4;Serious;Not a Pedestrian;Not a Pedestrian;Rear seat passenger;Not a bus or coach passenger;No / Not applicable;9;Cyclist;Less deprived 20-30%;3;Car;No tow/articulation;Going ahead other;On main c'way - not in restricted lane;Approaching junction or waiting/parked at junction approach;None;None;Did not leave carriageway;None;Front;1;Not known;Female;26;26 - 35;-1;-1;-1;5;Urban area;5
2019010161310;523641;165317;-0.225024;51.373456;Metropolitan Police;Serious;2;4;03/02/2019;Sunday;15:45;Sutton;Sutton;A;24;Single carriageway;30 MPH;T or staggered junction;Auto traffic signal;Unclassified;0;None within 50 metres ;Pedestrian phase at traffic signal junction;Daylight;Fine no high winds;Dry;None;None;Urban;Yes;E01004118;1;1;Passenger;Female;22;5;Slight;Not a Pedestrian;Not a Pedestrian;Front seat passenger;Not a bus or coach passenger;No / Not applicable;9;Cyclist;More deprived 10-20%;1;Car;No tow/articulation;Turning right;On main c'way - not in restricted lane;Leaving main road;None;Bollard or refuge;Offside;Near/Offside crash barrier;Nearside;1;Not known;Male;24;21 - 25;-1;-1;-1;8;Urban area;8
2019010161310;523641;165317;-0.225024;51.373456;Metropolitan Police;Serious;2;4;03/02/2019;Sunday;15:45;Sutton;Sutton;A;24;Single carriageway;30 MPH;T or staggered junction;Auto traffic signal;Unclassified;0;None within 50 metres ;Pedestrian phase at traffic signal junction;Daylight;Fine no high winds;Dry;None;None;Urban;Yes;E01004118;1;1;Passenger;Female;22;5;Slight;Not a Pedestrian;Not a Pedestrian;Front seat passenger;Not a bus or coach passenger;No / Not applicable;9;Cyclist;More deprived 10-20%;2;Car;No tow/articulation;Going ahead other;On main c'way - not in restricted lane;Approaching junction or waiting/parked at junction approach;None;None;Did not leave carriageway;None;Front;1;Not known;Female;38;36 - 45;-1;-1;-1;8;Urban area;8
2019010161310;523641;165317;-0.225024;51.373456;Metropolitan Police;Serious;2;4;03/02/2019;Sunday;15:45;Sutton;Sutton;A;24;Single carriageway;30 MPH;T or staggered junction;Auto traffic signal;Unclassified;0;None within 50 metres ;Pedestrian phase at traffic signal junction;Daylight;Fine no high winds;Dry;None;None;Urban;Yes;E01004118;2;2;Driver or rider;Female;38;7;Serious;Not a Pedestrian;Not a Pedestrian;Not car passenger;Not a bus or coach passenger;No / Not applicable;9;Cyclist;Less deprived 20-30%;1;Car;No tow/articulation;Turning right;On main c'way - not in restricted lane;Leaving main road;None;Bollard or refuge;Offside;Near/Offside crash barrier;Nearside;1;Not known;Male;24;21 - 25;-1;-1;-1;8;Urban area;8
2019010161310;523641;165317;-0.225024;51.373456;Metropolitan Police;Serious;2;4;03/02/2019;Sunday;15:45;Sutton;Sutton;A;24;Single carriageway;30 MPH;T or staggered junction;Auto traffic signal;Unclassified;0;None within 50 metres ;Pedestrian phase at traffic signal junction;Daylight;Fine no high winds;Dry;None;None;Urban;Yes;E01004118;2;2;Driver or rider;Female;38;7;Serious;Not a Pedestrian;Not a Pedestrian;Not car passenger;Not a bus or coach passenger;No / Not applicable;9;Cyclist;Less deprived 20-30%;2;Car;No tow/articulation;Going ahead other;On main c'way - not in restricted lane;Approaching junction or waiting/parked at junction approach;None;None;Did not leave carriageway;None;Front;1;Not known;Female;38;36 - 45;-1;-1;-1;8;Urban area;8
2019010161310;523641;165317;-0.225024;51.373456;Metropolitan Police;Serious;2;4;03/02/2019;Sunday;15:45;Sutton;Sutton;A;24;Single carriageway;30 MPH;T or staggered junction;Auto traffic signal;Unclassified;0;None within 50 metres ;Pedestrian phase at traffic signal junction;Daylight;Fine no high winds;Dry;None;None;Urban;Yes;E01004118;2;3;Passenger;Male;15;3;Slight;Not a Pedestrian;Not a Pedestrian;Rear seat passenger;Not a bus or coach passenger;No / Not applicable;9;Cyclist;Less deprived 20-30%;1;Car;No tow/articulation;Turning right;On main c'way - not in restricted lane;Leaving main road;None;Bollard or refuge;Offside;Near/Offside crash barrier;Nearside;1;Not known;Male;24;21 - 25;-1;-1;-1;8;Urban area;8
2019010161310;523641;165317;-0.225024;51.373456;Metropolitan Police;Serious;2;4;03/02/2019;Sunday;15:45;Sutton;Sutton;A;24;Single carriageway;30 MPH;T or staggered junction;Auto traffic signal;Unclassified;0;None within 50 metres ;Pedestrian phase at traffic signal junction;Daylight;Fine no high winds;Dry;None;None;Urban;Yes;E01004118;2;3;Passenger;Male;15;3;Slight;Not a Pedestrian;Not a Pedestrian;Rear seat passenger;Not a bus or coach passenger;No / Not applicable;9;Cyclist;Less deprived 20-30%;2;Car;No tow/articulation;Going ahead other;On main c'way - not in restricted lane;Approaching junction or waiting/parked at junction approach;None;None;Did not leave carriageway;None;Front;1;Not known;Female;38;36 - 45;-1;-1;-1;8;Urban area;8
2019010161310;523641;165317;-0.225024;51.373456;Metropolitan Police;Serious;2;4;03/02/2019;Sunday;15:45;Sutton;Sutton;A;24;Single carriageway;30 MPH;T or staggered junction;Auto traffic signal;Unclassified;0;None within 50 metres ;Pedestrian phase at traffic signal junction;Daylight;Fine no high winds;Dry;None;None;Urban;Yes;E01004118;2;4;Passenger;Female;12;3;Slight;Not a Pedestrian;Not a Pedestrian;Front seat passenger;Not a bus or coach passenger;No / Not applicable;9;Cyclist;Less deprived 20-30%;1;Car;No tow/articulation;Turning right;On main c'way - not in restricted lane;Leaving main road;None;Bollard or refuge;Offside;Near/Offside crash barrier;Nearside;1;Not known;Male;24;21 - 25;-1;-1;-1;8;Urban area;8
2019010161310;523641;165317;-0.225024;51.373456;Metropolitan Police;Serious;2;4;03/02/2019;Sunday;15:45;Sutton;Sutton;A;24;Single carriageway;30 MPH;T or staggered junction;Auto traffic signal;Unclassified;0;None within 50 metres ;Pedestrian phase at traffic signal junction;Daylight;Fine no high winds;Dry;None;None;Urban;Yes;E01004118;2;4;Passenger;Female;12;3;Slight;Not a Pedestrian;Not a Pedestrian;Front seat passenger;Not a bus or coach passenger;No / Not applicable;9;Cyclist;Less deprived 20-30%;2;Car;No tow/articulation;Going ahead other;On main c'way - not in restricted lane;Approaching junction or waiting/parked at junction approach;None;None;Did not leave carriageway;None;Front;1;Not known;Female;38;36 - 45;-1;-1;-1;8;Urban area;8
2019010161311;530995;177324;-0.114993;51.479714;Metropolitan Police;Slight;2;2;03/02/2019;Sunday;04:50;Lambeth;Lambeth;A;3;Single carriageway;30 MPH;T or staggered junction;Authorised person;B;301;None within 50 metres ;No physical crossing facilities within 50 metres;Daylight;Fine no high winds;Dry;None;None;Urban;Yes;E01003100;1;1;Driver or rider;Male;51;8;Slight;Not a Pedestrian;Not a Pedestrian;Not car passenger;Not a bus or coach passenger;No / Not applicable;9;Cyclist;Less deprived 10-20%;1;Car;No tow/articulation;Going ahead other;On main c'way - not in restricted lane;Approaching junction or waiting/parked at junction approach;None;Parked vehicle;Did not leave carriageway;None;Front;1;Not known;Male;51;46 - 55;-1;-1;-1;9;Urban area;9
2019010161311;530995;177324;-0.114993;51.479714;Metropolitan Police;Slight;2;2;03/02/2019;Sunday;04:50;Lambeth;Lambeth;A;3;Single carriageway;30 MPH;T or staggered junction;Authorised person;B;301;None within 50 metres ;No physical crossing facilities within 50 metres;Daylight;Fine no high winds;Dry;None;None;Urban;Yes;E01003100;1;1;Driver or rider;Male;51;8;Slight;Not a Pedestrian;Not a Pedestrian;Not car passenger;Not a bus or coach passenger;No / Not applicable;9;Cyclist;Less deprived 10-20%;2;Car;No tow/articulation;Going ahead other;On main c'way - not in restricted lane;Approaching junction or waiting/parked at junction approach;None;None;Did not leave carriageway;None;Front;1;Not known;Male;36;36 - 45;-1;-1;-1;-1;Data missing or out of range;-1
2019010161311;530995;177324;-0.114993;51.479714;Metropolitan Police;Slight;2;2;03/02/2019;Sunday;04:50;Lambeth;Lambeth;A;3;Single carriageway;30 MPH;T or staggered junction;Authorised person;B;301;None within 50 metres ;No physical crossing facilities within 50 metres;Daylight;Fine no high winds;Dry;None;None;Urban;Yes;E01003100;2;2;Driver or rider;Male;36;7;Slight;Not a Pedestrian;Not a Pedestrian;Not car passenger;Not a bus or coach passenger;No / Not applicable;9;-1;Data missing or out of range;1;Car;No tow/articulation;Going ahead other;On main c'way - not in restricted lane;Approaching junction or waiting/parked at junction approach;None;Parked vehicle;Did not leave carriageway;None;Front;1;Not known;Male;51;46 - 55;-1;-1;-1;9;Urban area;9
2019010161311;530995;177324;-0.114993;51.479714;Metropolitan Police;Slight;2;2;03/02/2019;Sunday;04:50;Lambeth;Lambeth;A;3;Single carriageway;30 MPH;T or staggered junction;Authorised person;B;301;None within 50 metres ;No physical crossing facilities within 50 metres;Daylight;Fine no high winds;Dry;None;None;Urban;Yes;E01003100;2;2;Driver or rider;Male;36;7;Slight;Not a Pedestrian;Not a Pedestrian;Not car passenger;Not a bus or coach passenger;No / Not applicable;9;-1;Data missing or out of range;2;Car;No tow/articulation;Going ahead other;On main c'way - not in restricted lane;Approaching junction or waiting/parked at junction approach;None;None;Did not leave carriageway;None;Front;1;Not known;Male;36;36 - 45;-1;-1;-1;-1;Data missing or out of range;-1
2019010161312;519950;181407;-0.272579;51.518858;Metropolitan Police;Serious;2;4;03/02/2019;Sunday;18:01;Ealing;Ealing;C;0;Single carriageway;20 MPH;Crossroads;Give way or uncontrolled;Unclassified;0;None within 50 metres ;Central refuge;Darkness - lights lit;Fine no high winds;Dry;None;None;Urban;Yes;E01001195;1;1;Driver or rider;Male;53;8;Slight;Not a Pedestrian;Not a Pedestrian;Not car passenger;Not a bus or coach passenger;No / Not applicable;9;Cyclist;More deprived 10-20%;1;Car;No tow/articulation;Going ahead other;On main c'way - not in restricted lane;Cleared junction or waiting/parked at junction exit;None;None;Did not leave carriageway;None;Front;1;Journey as part of work;Male;53;46 - 55;-1;-1;-1;2;Urban area;2
2019010161312;519950;181407;-0.272579;51.518858;Metropolitan Police;Serious;2;4;03/02/2019;Sunday;18:01;Ealing;Ealing;C;0;Single carriageway;20 MPH;Crossroads;Give way or uncontrolled;Unclassified;0;None within 50 metres ;Central refuge;Darkness - lights lit;Fine no high winds;Dry;None;None;Urban;Yes;E01001195;1;1;Driver or rider;Male;53;8;Slight;Not a Pedestrian;Not a Pedestrian;Not car passenger;Not a bus or coach passenger;No / Not applicable;9;Cyclist;More deprived 10-20%;2;Car;No tow/articulation;Overtaking static vehicle - offside;On main c'way - not in restricted lane;Approaching junction or waiting/parked at junction approach;None;None;Did not leave carriageway;None;Front;1;Not known;Male;39;36 - 45;-1;-1;-1;4;Urban area;4
2019010161312;519950;181407;-0.272579;51.518858;Metropolitan Police;Serious;2;4;03/02/2019;Sunday;18:01;Ealing;Ealing;C;0;Single carriageway;20 MPH;Crossroads;Give way or uncontrolled;Unclassified;0;None within 50 metres ;Central refuge;Darkness - lights lit;Fine no high winds;Dry;None;None;Urban;Yes;E01001195;1;2;Passenger;Male;59;9;Serious;Not a Pedestrian;Not a Pedestrian;Rear seat passenger;Not a bus or coach passenger;No / Not applicable;9;-1;Data missing or out of range;1;Car;No tow/articulation;Going ahead other;On main c'way - not in restricted lane;Cleared junction or waiting/parked at junction exit;None;None;Did not leave carriageway;None;Front;1;Journey as part of work;Male;53;46 - 55;-1;-1;-1;2;Urban area;2
2019010161312;519950;181407;-0.272579;51.518858;Metropolitan Police;Serious;2;4;03/02/2019;Sunday;18:01;Ealing;Ealing;C;0;Single carriageway;20 MPH;Crossroads;Give way or uncontrolled;Unclassified;0;None within 50 metres ;Central refuge;Darkness - lights lit;Fine no high winds;Dry;None;None;Urban;Yes;E01001195;1;2;Passenger;Male;59;9;Serious;Not a Pedestrian;Not a Pedestrian;Rear seat passenger;Not a bus or coach passenger;No / Not applicable;9;-1;Data missing or out of range;2;Car;No tow/articulation;Overtaking static vehicle - offside;On main c'way - not in restricted lane;Approaching junction or waiting/parked at junction approach;None;None;Did not leave carriageway;None;Front;1;Not known;Male;39;36 - 45;-1;-1;-1;4;Urban area;4
2019010161312;519950;181407;-0.272579;51.518858;Metropolitan Police;Serious;2;4;03/02/2019;Sunday;18:01;Ealing;Ealing;C;0;Single carriageway;20 MPH;Crossroads;Give way or uncontrolled;Unclassified;0;None within 50 metres ;Central refuge;Darkness - lights lit;Fine no high winds;Dry;None;None;Urban;Yes;E01001195;2;3;Driver or rider;Male;39;7;Slight;Not a Pedestrian;Not a Pedestrian;Not car passenger;Not a bus or coach passenger;No / Not applicable;9;Cyclist;More deprived 30-40%;1;Car;No tow/articulation;Going ahead other;On main c'way - not in restricted lane;Cleared junction or waiting/parked at junction exit;None;None;Did not leave carriageway;None;Front;1;Journey as part of work;Male;53;46 - 55;-1;-1;-1;2;Urban area;2
2019010161312;519950;181407;-0.272579;51.518858;Metropolitan Police;Serious;2;4;03/02/2019;Sunday;18:01;Ealing;Ealing;C;0;Single carriageway;20 MPH;Crossroads;Give way or uncontrolled;Unclassified;0;None within 50 metres ;Central refuge;Darkness - lights lit;Fine no high winds;Dry;None;None;Urban;Yes;E01001195;2;3;Driver or rider;Male;39;7;Slight;Not a Pedestrian;Not a Pedestrian;Not car passenger;Not a bus or coach passenger;No / Not applicable;9;Cyclist;More deprived 30-40%;2;Car;No tow/articulation;Overtaking static vehicle - offside;On main c'way - not in restricted lane;Approaching junction or waiting/parked at junction approach;None;None;Did not leave carriageway;None;Front;1;Not known;Male;39;36 - 45;-1;-1;-1;4;Urban area;4
2019010161312;519950;181407;-0.272579;51.518858;Metropolitan Police;Serious;2;4;03/02/2019;Sunday;18:01;Ealing;Ealing;C;0;Single carriageway;20 MPH;Crossroads;Give way or uncontrolled;Unclassified;0;None within 50 metres ;Central refuge;Darkness - lights lit;Fine no high winds;Dry;None;None;Urban;Yes;E01001195;2;4;Passenger;Male;9;2;Slight;Not a Pedestrian;Not a Pedestrian;Front seat passenger;Not a bus or coach passenger;No / Not applicable;9;Cyclist;More deprived 30-40%;1;Car;No tow/articulation;Going ahead other;On main c'way - not in restricted lane;Cleared junction or waiting/parked at junction exit;None;None;Did not leave carriageway;None;Front;1;Journey as part of work;Male;53;46 - 55;-1;-1;-1;2;Urban area;2
2019010161312;519950;181407;-0.272579;51.518858;Metropolitan Police;Serious;2;4;03/02/2019;Sunday;18:01;Ealing;Ealing;C;0;Single carriageway;20 MPH;Crossroads;Give way or uncontrolled;Unclassified;0;None within 50 metres ;Central refuge;Darkness - lights lit;Fine no high winds;Dry;None;None;Urban;Yes;E01001195;2;4;Passenger;Male;9;2;Slight;Not a Pedestrian;Not a Pedestrian;Front seat passenger;Not a bus or coach passenger;No / Not applicable;9;Cyclist;More deprived 30-40%;2;Car;No tow/articulation;Overtaking static vehicle - offside;On main c'way - not in restricted lane;Approaching junction or waiting/parked at junction approach;None;None;Did not leave carriageway;None;Front;1;Not known;Male;39;36 - 45;-1;-1;-1;4;Urban area;4
2019010161314;531516;178157;-0.107185;51.487079;Metropolitan Police;Serious;2;1;03/02/2019;Sunday;12:00;Lambeth;Lambeth;A;3;Dual carriageway;30 MPH;T or staggered junction;Give way or uncontrolled;Unclassified;0;None within 50 metres ;No physical crossing facilities within 50 metres;Darkness - lights lit;Fine no high winds;Dry;None;None;Urban;Yes;E01003106;1;1;Driver or rider;Female;36;7;Serious;Not a Pedestrian;Not a Pedestrian;Not car passenger;Not a bus or coach passenger;No / Not applicable;9;Cyclist;Most deprived 10%;1;Car;No tow/articulation;Going ahead other;On main c'way - not in restricted lane;Approaching junction or waiting/parked at junction approach;None;None;Did not leave carriageway;None;Front;1;Not known;Female;36;36 - 45;-1;-1;-1;1;Urban area;1
2019010161314;531516;178157;-0.107185;51.487079;Metropolitan Police;Serious;2;1;03/02/2019;Sunday;12:00;Lambeth;Lambeth;A;3;Dual carriageway;30 MPH;T or staggered junction;Give way or uncontrolled;Unclassified;0;None within 50 metres ;No physical crossing facilities within 50 metres;Darkness - lights lit;Fine no high winds;Dry;None;None;Urban;Yes;E01003106;1;1;Driver or rider;Female;36;7;Serious;Not a Pedestrian;Not a Pedestrian;Not car passenger;Not a bus or coach passenger;No / Not applicable;9;Cyclist;Most deprived 10%;2;Van / Goods 3.5 tonnes mgw or under;No tow/articulation;Turning left;On main c'way - not in restricted lane;Entering main road;None;None;Did not leave carriageway;None;Offside;1;Journey as part of work;Male;25;21 - 25;-1;-1;-1;1;Urban area;1
2019010161317;534321;196741;-0.059711;51.653422;Metropolitan Police;Slight;2;1;03/02/2019;Sunday;15:20;Enfield;Enfield;A;10;Dual carriageway;40 MPH;T or staggered junction;Auto traffic signal;A;10;None within 50 metres ;No physical crossing facilities within 50 metres;Darkness - lights lit;Fine no high winds;Wet or damp;None;None;Urban;Yes;E01001513;1;1;Driver or rider;Male;57;9;Slight;Not a Pedestrian;Not a Pedestrian;Not car passenger;Not a bus or coach passenger;No / Not applicable;9;Cyclist;Most deprived 10%;1;Car;No tow/articulation;Waiting to go - held up;On main c'way - not in restricted lane;Approaching junction or waiting/parked at junction approach;None;None;Did not leave carriageway;None;Offside;1;Not known;Male;57;56 - 65;-1;-1;-1;1;Urban area;1
2019010161317;534321;196741;-0.059711;51.653422;Metropolitan Police;Slight;2;1;03/02/2019;Sunday;15:20;Enfield;Enfield;A;10;Dual carriageway;40 MPH;T or staggered junction;Auto traffic signal;A;10;None within 50 metres ;No physical crossing facilities within 50 metres;Darkness - lights lit;Fine no high winds;Wet or damp;None;None;Urban;Yes;E01001513;1;1;Driver or rider;Male;57;9;Slight;Not a Pedestrian;Not a Pedestrian;Not car passenger;Not a bus or coach passenger;No / Not applicable;9;Cyclist;Most deprived 10%;2;Car;No tow/articulation;Slowing or stopping;On main c'way - not in restricted lane;Approaching junction or waiting/parked at junction approach;None;Parked vehicle;Did not leave carriageway;None;Front;1;Not known;Male;64;56 - 65;-1;-1;-1;2;Urban area;2
2019010161318;537456;191274;-0.016567;51.603538;Metropolitan Police;Slight;3;1;03/02/2019;Sunday;20:00;Waltham Forest;Waltham Forest;A;112;Single carriageway;30 MPH;Not at junction or within 20 metres;Data missing or out of range;-1;0;None within 50 metres ;No physical crossing facilities within 50 metres;Darkness - lights lit;Fine no high winds;Dry;None;None;Urban;Yes;E01004455;3;1;Driver or rider;Male;43;7;Slight;Not a Pedestrian;Not a Pedestrian;Not car passenger;Not a bus or coach passenger;No / Not applicable;9;Cyclist;More deprived 20-30%;1;Car;No tow/articulation;Going ahead other;On main c'way - not in restricted lane;Not at or within 20 metres of junction;None;None;Did not leave carriageway;None;Front;1;Not known;Male;57;56 - 65;2171;Petrol;15;4;Urban area;4
2019010161318;537456;191274;-0.016567;51.603538;Metropolitan Police;Slight;3;1;03/02/2019;Sunday;20:00;Waltham Forest;Waltham Forest;A;112;Single carriageway;30 MPH;Not at junction or within 20 metres;Data missing or out of range;-1;0;None within 50 metres ;No physical crossing facilities within 50 metres;Darkness - lights lit;Fine no high winds;Dry;None;None;Urban;Yes;E01004455;3;1;Driver or rider;Male;43;7;Slight;Not a Pedestrian;Not a Pedestrian;Not car passenger;Not a bus or coach passenger;No / Not applicable;9;Cyclist;More deprived 20-30%;2;Car;No tow/articulation;Going ahead other;On main c'way - not in restricted lane;Not at or within 20 metres of junction;None;None;Did not leave carriageway;None;Back;1;Not known;Male;37;36 - 45;1968;Heavy oil;6;-1;Data missing or out of range;-1
2019010161318;537456;191274;-0.016567;51.603538;Metropolitan Police;Slight;3;1;03/02/2019;Sunday;20:00;Waltham Forest;Waltham Forest;A;112;Single carriageway;30 MPH;Not at junction or within 20 metres;Data missing or out of range;-1;0;None within 50 metres ;No physical crossing facilities within 50 metres;Darkness - lights lit;Fine no high winds;Dry;None;None;Urban;Yes;E01004455;3;1;Driver or rider;Male;43;7;Slight;Not a Pedestrian;Not a Pedestrian;Not car passenger;Not a bus or coach passenger;No / Not applicable;9;Cyclist;More deprived 20-30%;3;Car;No tow/articulation;Going ahead other;On main c'way - not in restricted lane;Not at or within 20 metres of junction;None;None;Did not leave carriageway;None;Back;1;Journey as part of work;Male;43;36 - 45;1598;Heavy oil;6;3;Urban area;3
2019010161320;533605;188173;-0.073319;51.576598;Metropolitan Police;Slight;1;2;03/02/2019;Sunday;20:45;Haringey;Haringey;A;10;Single carriageway;30 MPH;Not at junction or within 20 metres;Data missing or out of range;-1;0;Data missing or out of range;Pedestrian phase at traffic signal junction;Darkness - lighting unknown;Fine no high winds;Dry;None;None;Urban;No - accident was reported using a self completion  form (self rep only);E01002055;1;1;Driver or rider;Male;37;7;Slight;Not a Pedestrian;Not a Pedestrian;Not car passenger;Not a bus or coach passenger;No / Not applicable;9;Cyclist;More deprived 10-20%;1;Car;No tow/articulation;Data missing or out of range;Data missing or out of range;Not at or within 20 metres of junction;Data missing or out of range;Data missing or out of range;Data missing or out of range;Data missing or out of range;Data missing or out of range;-1;Commuting to/from work;Male;37;36 - 45;-1;-1;-1;2;Urban area;2
2019010161320;533605;188173;-0.073319;51.576598;Metropolitan Police;Slight;1;2;03/02/2019;Sunday;20:45;Haringey;Haringey;A;10;Single carriageway;30 MPH;Not at junction or within 20 metres;Data missing or out of range;-1;0;Data missing or out of range;Pedestrian phase at traffic signal junction;Darkness - lighting unknown;Fine no high winds;Dry;None;None;Urban;No - accident was reported using a self completion  form (self rep only);E01002055;1;2;Passenger;Female;Data missing or out of range;-1;Slight;Not a Pedestrian;Not a Pedestrian;Front seat passenger;Not a bus or coach passenger;No / Not applicable;9;-1;Data missing or out of range;1;Car;No tow/articulation;Data missing or out of range;Data missing or out of range;Not at or within 20 metres of junction;Data missing or out of range;Data missing or out of range;Data missing or out of range;Data missing or out of range;Data missing or out of range;-1;Commuting to/from work;Male;37;36 - 45;-1;-1;-1;2;Urban area;2
2019010161322;553384;190717;0.213008;51.594425;Metropolitan Police;Slight;1;1;03/02/2019;Sunday;09:10;Havering;Havering;C;0;Single carriageway;30 MPH;T or staggered junction;Give way or uncontrolled;Unclassified;0;Data missing or out of range;Data missing or out of range;Daylight;Fine no high winds;Dry;None;None;Urban;No - accident was reported using a self completion  form (self rep only);E01002310;1;1;Driver or rider;Male;50;8;Slight;Not a Pedestrian;Not a Pedestrian;Not car passenger;Not a bus or coach passenger;No / Not applicable;8;Cyclist;More deprived 40-50%;1;Taxi/Private hire car;No tow/articulation;Data missing or out of range;Data missing or out of range;Approaching junction or waiting/parked at junction approach;Data missing or out of range;Data missing or out of range;Data missing or out of range;Data missing or out of range;Back;-1;Not known;Male;50;46 - 55;-1;-1;-1;5;Urban area;5