Accident_Index;Location_Easting_OSGR;Location_Northing_OSGR;Longitude;Latitude;Police_Force;Accident_Severity;Number_of_Vehicles;Number_of_Casualties;Date;Day_of_Week;Time;Local_Authority_(District);Local_Authority_(Highway);1st_Road_Class;1st_Road_Number;Road_Type;Speed_limit;Junction_Detail;Junction_Control;2nd_Road_Class;2nd_Road_Number;Pedestrian_Crossing-Human_Control;Pedestrian_Crossing-Physical_Facilities;Light_Conditions;Weather_Conditions;Road_Surface_Conditions;Special_Conditions_at_Site;Carriageway_Hazards;Urban_or_Rural_Area;Did_Police_Officer_Attend_Scene_of_Accident;LSOA_of_Accident_Location;Vehicle_Reference_x;Casualty_Reference;Casualty_Class;Sex_of_Casualty;Age_of_Casualty;Age_Band_of_Casualty;Casualty_Severity;Pedestrian_Location;Pedestrian_Movement;Car_Passenger;Bus_or_Coach_Passenger;Pedestrian_Road_Maintenance_Worker;Casualty_Type;Casualty_Home_Area_Type;Casualty_IMD_Decile;Vehicle_Reference_y;Vehicle_Type;Towing_and_Articulation;Vehicle_Manoeuvre;Vehicle_Location-Restricted_Lane;Junction_Location;Skidding_and_Overturning;Hit_Object_in_Carriageway;Vehicle_Leaving_Carriageway;Hit_Object_off_Carriageway;1st_Point_of_Impact;Was_Vehicle_Left_Hand_Drive?;Journey_Purpose_of_Driver;Sex_of_Driver;Age_of_Driver;Age_Band_of_Driver;Engine_Capacity_(CC);Propulsion_Code;Age_of_Vehicle;Driver_IMD_Decile;Driver_Home_Area_Type;Vehicle_IMD_Decile
2019010161323;535954;178675;-0.043105;51.490685;Metropolitan Police;Slight;2;4;03/02/2019;Sunday;15:45;Southwark;Southwark;A;200;Single carriageway;30 MPH;Not at junction or within 20 metres;Data missing or out of range;-1;0;None within 50 metres ;No physical crossing facilities within 50 metres;Daylight;Fine no high winds;Dry;None;None;Urban;Yes;E01004060;1;1;Driver or rider;Male;43;7;Slight;Not a Pedestrian;Not a Pedestrian;Not car passenger;Not a bus or coach passenger;No / Not applicable;9;Cyclist;More deprived 30-40%;1;Car;No tow/articulation;Moving off;On main c'way - not in restricted lane;Not at or within 20 metres of junction;None;None;Did not leave carriageway;None;Back;1;Not known;Male;43;36 - 45;-1;-1;-1;4;Urban area;4
2019010161323;535954;178675;-0.043105;51.490685;Metropolitan Police;Slight;2;4;03/02/2019;Sunday;15:45;Southwark;Southwark;A;200;Single carriageway;30 MPH;Not at junction or within 20 metres;Data missing or out of range;-1;0;None within 50 metres ;No physical crossing facilities within 50 metres;Daylight;Fine no high winds;Dry;None;None;Urban;Yes;E01004060;1;1;Driver or rider;Male;43;7;Slight;Not a Pedestrian;Not a Pedestrian;Not car passenger;Not a bus or coach passenger;No / Not applicable;9;Cyclist;More deprived 30-40%;2;Car;No tow/articulation;Going ahead other;On main c'way - not in restricted lane;Not at or within 20 metres of junction;None;None;Did not leave carriageway;None;Front;1;Not known;Male;56;56 - 65;-1;-1;-1;-1;Data missing or out of range;-1
2019010161323;535954;178675;-0.043105;51.490685;Metropolitan Police;Slight;2;4;03/02/2019;Sunday;15:45;Southwark;Southwark;A;200;Single carriageway;30 MPH;Not at junction or within 20 metres;Data missing or out of range;-1;0;None within 50 metres ;No physical crossing facilities within 50 metres;Daylight;Fine no high winds;Dry;None;None;Urban;Yes;E01004060;1;2;Passenger;Female;38;7;Slight;Not a Pedestrian;Not a Pedestrian;Front seat passenger;Not a bus or coach passenger;No / Not applicable;9;Cyclist;More deprived 10-20%;1;Car;No tow/articulation;Moving off;On main c'way - not in restricted lane;Not at or within 20 metres of junction;None;None;Did not leave carriageway;None;Back;1;Not known;Male;43;36 - 45;-1;-1;-1;4;Urban area;4
2019010161323;535954;178675;-0.043105;51.490685;Metropolitan Police;Slight;2;4;03/02/2019;Sunday;15:45;Southwark;Southwark;A;200;Single carriageway;30 MPH;Not at junction or within 20 metres;Data missing or out of range;-1;0;None within 50 metres ;No physical crossing facilities within 50 metres;Daylight;Fine no high winds;Dry;None;None;Urban;Yes;E01004060;1;2;Passenger;Female;38;7;Slight;Not a Pedestrian;Not a Pedestrian;Front seat passenger;Not a bus or coach passenger;No / Not applicable;9;Cyclist;More deprived 10-20%;2;Car;No tow/articulation;Going ahead other;On main c'way - not in restricted lane;Not at or within 20 metres of junction;None;None;Did not leave carriageway;None;Front;1;Not known;Male;56;56 - 65;-1;-1;-1;-1;Data missing or out of range;-1
2019010161323;535954;178675;-0.043105;51.490685;Metropolitan Police;Slight;2;4;03/02/2019;Sunday;15:45;Southwark;Southwark;A;200;Single carriageway;30 MPH;Not at junction or within 20 metres;Data missing or out of range;-1;0;None within 50 metres ;No physical crossing facilities within 50 metres;Daylight;Fine no high winds;Dry;None;None;Urban;Yes;E01004060;1;3;Passenger;Female;12;3;Slight;Not a Pedestrian;Not a Pedestrian;Rear seat passenger;Not a bus or coach passenger;No / Not applicable;9;Cyclist;More deprived 10-20%;1;Car;No tow/articulation;Moving off;On main c'way - not in restricted lane;Not at or within 20 metres of junction;None;None;Did not leave carriageway;None;Back;1;Not known;Male;43;36 - 45;-1;-1;-1;4;Urban area;4
2019010161323;535954;178675;-0.043105;51.490685;Metropolitan Police;Slight;2;4;03/02/2019;Sunday;15:45;Southwark;Southwark;A;200;Single carriageway;30 MPH;Not at junction or within 20 metres;Data missing or out of range;-1;0;None within 50 metres ;No physical crossing facilities within 50 metres;Daylight;Fine no high winds;Dry;None;None;Urban;Yes;E01004060;1;3;Passenger;Female;12;3;Slight;Not a Pedestrian;Not a Pedestrian;Rear seat passenger;Not a bus or coach passenger;No / Not applicable;9;Cyclist;More deprived 10-20%;2;Car;No tow/articulation;Going ahead other;On main c'way - not in restricted lane;Not at or within 20 metres of junction;None;None;Did not leave carriageway;None;Front;1;Not known;Male;56;56 - 65;-1;-1;-1;-1;Data missing or out of range;-1
2019010161323;535954;178675;-0.043105;51.490685;Metropolitan Police;Slight;2;4;03/02/2019;Sunday;15:45;Southwark;Southwark;A;200;Single carriageway;30 MPH;Not at junction or within 20 metres;Data missing or out of range;-1;0;None within 50 metres ;No physical crossing facilities within 50 metres;Daylight;Fine no high winds;Dry;None;None;Urban;Yes;E01004060;1;4;Passenger;Female;15;3;Slight;Not a Pedestrian;Not a Pedestrian;Rear seat passenger;Not a bus or coach passenger;No / Not applicable;9;Cyclist;More deprived 10-20%;1;Car;No tow/articulation;Moving off;On main c'way - not in restricted lane;Not at or within 20 metres of junction;None;None;Did not leave carriageway;None;Back;1;Not known;Male;43;36 - 45;-1;-1;-1;4;Urban area;4
2019010161323;535954;178675;-0.043105;51.490685;Metropolitan Police;Slight;2;4;03/02/2019;Sunday;15:45;Southwark;Southwark;A;200;Single carriageway;30 MPH;Not at junction or within 20 metres;Data missing or out of range;-1;0;None within 50 metres ;No physical crossing facilities within 50 metres;Daylight;Fine no high winds;Dry;None;None;Urban;Yes;E01004060;1;4;Passenger;Female;15;3;Slight;Not a Pedestrian;Not a Pedestrian;Rear seat passenger;Not a bus or coach passenger;No / Not applicable;9;Cyclist;More deprived 10-20%;2;Car;No tow/articulation;Going ahead other;On main c'way - not in restricted lane;Not at or within 20 metres of junction;None;None;Did not leave carriageway;None;Front;1;Not known;Male;56;56 - 65;-1;-1;-1;-1;Data missing or out of range;-1
2019010161324;537126;179748;-0.025818;51.500045;Metropolitan Police;Slight;2;1;03/02/2019;Sunday;17:30;Tower Hamlets;Tower Hamlets;A;1206;Single carriageway;20 MPH;T or staggered junction;Give way or uncontrolled;Unclassified;0;None within 50 metres ;No physical crossing facilities within 50 metres;Darkness - lights lit;Other;Dry;None;None;Urban;Yes;E01032782;1;1;Driver or rider;Male;26;6;Slight;Not a Pedestrian;Not a Pedestrian;Not car passenger;Not a bus or coach passenger;No / Not applicable;3;Cyclist;More deprived 40-50%;1;Motorcycle 125cc and under;No tow/articulation;Going ahead other;On main c'way - not in restricted lane;Cleared junction or waiting/parked at junction exit;None;None;Did not leave carriageway;None;Back;1;Journey as part of work;Male;26;26 - 35;-1;-1;-1;5;Urban area;5
2019010161324;537126;179748;-0.025818;51.500045;Metropolitan Police;Slight;2;1;03/02/2019;Sunday;17:30;Tower Hamlets;Tower Hamlets;A;1206;Single carriageway;20 MPH;T or staggered junction;Give way or uncontrolled;Unclassified;0;None within 50 metres ;No physical crossing facilities within 50 metres;Darkness - lights lit;Other;Dry;None;None;Urban;Yes;E01032782;1;1;Driver or rider;Male;26;6;Slight;Not a Pedestrian;Not a Pedestrian;Not car passenger;Not a bus or coach passenger;No / Not applicable;3;Cyclist;More deprived 40-50%;2;Car;No tow/articulation;Overtaking moving vehicle - offside;On main c'way - not in restricted lane;Cleared junction or waiting/parked at junction exit;None;None;Offside;None;Front;1;Not known;Not known;-1;Data missing or out of range;-1;-1;-1;-1;Data missing or out of range;-1
2019010161327;529190;183566;-0.138686;51.536225;Metropolitan Police;Slight;2;1;03/02/2019;Sunday;21:20;Camden;Camden;C;0;One way street;20 MPH;Crossroads;Stop sign;Unclassified;0;None within 50 metres ;Zebra;Darkness - lights lit;Fine no high winds;Dry;None;Other object on road;Urban;Yes;E01000959;2;1;Driver or rider;Male;51;8;Slight;Not a Pedestrian;Not a Pedestrian;Not car passenger;Not a bus or coach passenger;No / Not applicable;1;Cyclist;More deprived 20-30%;1;Car;No tow/articulation;Turning right;On main c'way - not in restricted lane;Entering main road;None;None;Offside;Other permanent object;Front;1;Commuting to/from work;Female;37;36 - 45;-1;-1;-1;2;Urban area;2
2019010161327;529190;183566;-0.138686;51.536225;Metropolitan Police;Slight;2;1;03/02/2019;Sunday;21:20;Camden;Camden;C;0;One way street;20 MPH;Crossroads;Stop sign;Unclassified;0;None within 50 metres ;Zebra;Darkness - lights lit;Fine no high winds;Dry;None;Other object on road;Urban;Yes;E01000959;2;1;Driver or rider;Male;51;8;Slight;Not a Pedestrian;Not a Pedestrian;Not car passenger;Not a bus or coach passenger;No / Not applicable;1;Cyclist;More deprived 20-30%;2;Pedal cycle;No tow/articulation;Turning left;On main c'way - not in restricted lane;Entering main road;Skidded and overturned;None;Did not leave carriageway;None;Did not impact;1;Commuting to/from work;Male;51;46 - 55;-1;-1;-1;3;Urban area;3
2019010161328;522012;179186;-0.243643;51.498456;Metropolitan Police;Slight;1;1;01/02/2019;Friday;17:30;Hammersmith and Fulham;Hammersmith and Fulham;A;402;Dual carriageway;30 MPH;Mini-roundabout;Give way or uncontrolled;B;409;None within 50 metres ;Zebra;Darkness - lights lit;Raining no high winds;Wet or damp;Data missing or out of range;None;Urban;No - accident was reported using a self completion  form (self rep only);E01001930;1;1;Pedestrian;Female;46;8;Slight;Crossing on pedestrian crossing facility;Crossing from driver's offside;Not car passenger;Not a bus or coach passenger;No / Not applicable;0;Cyclist;More deprived 40-50%;1;Motorcycle 125cc and under;No tow/articulation;Going ahead other;Data missing or out of range;Leaving roundabout;Data missing or out of range;Data missing or out of range;Data missing or out of range;Data missing or out of range;Front;1;Not known;Male;18;16 - 20;-1;-1;-1;5;Urban area;5
2019010161329;526358;184230;-0.179258;51.542833;Metropolitan Police;Serious;2;1;03/02/2019;Sunday;14:40;Camden;Camden;C;0;Single carriageway;20 MPH;Roundabout;Give way or uncontrolled;Unclassified;0;None within 50 metres ;No physical crossing facilities within 50 metres;Darkness - lights lit;Fine no high winds;Dry;Auto traffic signal - out;None;Urban;Yes;E01000961;2;1;Driver or rider;Male;23;5;Serious;Not a Pedestrian;Not a Pedestrian;Not car passenger;Not a bus or coach passenger;No / Not applicable;1;Cyclist;More deprived 10-20%;1;Car;No tow/articulation;Slowing or stopping;On main c'way - not in restricted lane;Cleared junction or waiting/parked at junction exit;None;Open door of vehicle;Did not leave carriageway;None;Offside;1;Journey as part of work;Male;32;26 - 35;-1;-1;-1;7;Urban area;7
2019010161329;526358;184230;-0.179258;51.542833;Metropolitan Police;Serious;2;1;03/02/2019;Sunday;14:40;Camden;Camden;C;0;Single carriageway;20 MPH;Roundabout;Give way or uncontrolled;Unclassified;0;None within 50 metres ;No physical crossing facilities within 50 metres;Darkness - lights lit;Fine no high winds;Dry;Auto traffic signal - out;None;Urban;Yes;E01000961;2;1;Driver or rider;Male;23;5;Serious;Not a Pedestrian;Not a Pedestrian;Not car passenger;Not a bus or coach passenger;No / Not applicable;1;Cyclist;More deprived 10-20%;2;Pedal cycle;No tow/articulation;Waiting to go - held up;On main c'way - not in restricted lane;Cleared junction or waiting/parked at junction exit;None;Open door of vehicle;Did not leave carriageway;None;Front;1;Not known;Male;23;21 - 25;-1;-1;-1;2;Urban area;2
2019010161331;529797;181375;-0.130746;51.516396;Metropolitan Police;Slight;3;1;03/02/2019;Sunday;20:40;Camden;Camden;A;40;Single carriageway;30 MPH;Crossroads;Auto traffic signal;A;400;None within 50 metres ;Pedestrian phase at traffic signal junction;Darkness - lights lit;Fine no high winds;Dry;None;None;Urban;Yes;E01004763;2;1;Driver or rider;Female;22;5;Slight;Not a Pedestrian;Not a Pedestrian;Not car passenger;Not a bus or coach passenger;No / Not applicable;9;Cyclist;Less deprived 40-50%;1;Car;No tow/articulation;Going ahead other;On main c'way - not in restricted lane;Cleared junction or waiting/parked at junction exit;None;None;Did not leave carriageway;None;Front;1;Not known;Not known;-1;Data missing or out of range;-1;-1;-1;-1;Data missing or out of range;-1
2019010161331;529797;181375;-0.130746;51.516396;Metropolitan Police;Slight;3;1;03/02/2019;Sunday;20:40;Camden;Camden;A;40;Single carriageway;30 MPH;Crossroads;Auto traffic signal;A;400;None within 50 metres ;Pedestrian phase at traffic signal junction;Darkness - lights lit;Fine no high winds;Dry;None;None;Urban;Yes;E01004763;2;1;Driver or rider;Female;22;5;Slight;Not a Pedestrian;Not a Pedestrian;Not car passenger;Not a bus or coach passenger;No / Not applicable;9;Cyclist;Less deprived 40-50%;2;Car;No tow/articulation;Waiting to go - held up;On main c'way - not in restricted lane;Approaching junction or waiting/parked at junction approach;None;None;Did not leave carriageway;None;Front;1;Not known;Female;22;21 - 25;-1;-1;-1;6;Urban area;6
2019010161331;529797;181375;-0.130746;51.516396;Metropolitan Police;Slight;3;1;03/02/2019;Sunday;20:40;Camden;Camden;A;40;Single carriageway;30 MPH;Crossroads;Auto traffic signal;A;400;None within 50 metres ;Pedestrian phase at traffic signal junction;Darkness - lights lit;Fine no high winds;Dry;None;None;Urban;Yes;E01004763;2;1;Driver or rider;Female;22;5;Slight;Not a Pedestrian;Not a Pedestrian;Not car passenger;Not a bus or coach passenger;No / Not applicable;9;Cyclist;Less deprived 40-50%;3;Taxi/Private hire car;No tow/articulation;Waiting to go - held up;On main c'way - not in restricted lane;Approaching junction or waiting/parked at junction approach;None;None;Did not leave carriageway;None;Front;1;Journey as part of work;Male;30;26 - 35;-1;-1;-1;3;Urban area;3
2019010161332;513938;185223;-0.357956;51.554398;Metropolitan Police;Slight;2;1;03/02/2019;Sunday;20:25;Ealing;Ealing;A;4090;Single carriageway;30 MPH;T or staggered junction;Give way or uncontrolled;A;312;None within 50 metres ;No physical crossing facilities within 50 metres;Darkness - lights lit;Fine no high winds;Dry;None;None;Urban;Yes;E01001310;2;1;Driver or rider;Male;21;5;Slight;Not a Pedestrian;Not a Pedestrian;Not car passenger;Not a bus or coach passenger;No / Not applicable;3;-1;Data missing or out of range;1;Car;No tow/articulation;Turning right;On main c'way - not in restricted lane;Leaving main road;None;None;Did not leave carriageway;None;Front;1;Not known;Male;61;56 - 65;-1;-1;-1;-1;Data missing or out of range;-1
2019010161332;513938;185223;-0.357956;51.554398;Metropolitan Police;Slight;2;1;03/02/2019;Sunday;20:25;Ealing;Ealing;A;4090;Single carriageway;30 MPH;T or staggered junction;Give way or uncontrolled;A;312;None within 50 metres ;No physical crossing facilities within 50 metres;Darkness - lights lit;Fine no high winds;Dry;None;None;Urban;Yes;E01001310;2;1;Driver or rider;Male;21;5;Slight;Not a Pedestrian;Not a Pedestrian;Not car passenger;Not a bus or coach passenger;No / Not applicable;3;-1;Data missing or out of range;2;Motorcycle 125cc and under;No tow/articulation;Going ahead other;On main c'way - not in restricted lane;Mid Junction - on roundabout or on main road;None;None;Did not leave carriageway;None;Front;1;Journey as part of work;Male;21;21 - 25;-1;-1;-1;-1;Data missing or out of range;-1
2019010161334;515650;174073;-0.336926;51.453836;Metropolitan Police;Slight;2;1;03/02/2019;Sunday;12:30;Richmond upon Thames;Richmond upon Thames;A;316;Roundabout;30 MPH;Roundabout;Auto traffic signal;B;361;Data missing or out of range;No physical crossing facilities within 50 metres;Daylight;Fine no high winds;Dry;None;None;Urban;No - accident was reported using a self completion  form (self rep only);E01003870;1;1;Driver or rider;Male;33;6;Slight;Not a Pedestrian;Not a Pedestrian;Not car passenger;Not a bus or coach passenger;No / Not applicable;2;Cyclist;Less deprived 40-50%;1;Motorcycle 50cc and under;No tow/articulation;Data missing or out of range;Data missing or out of range;Approaching junction or waiting/parked at junction approach;Data missing or out of range;Data missing or out of range;Data missing or out of range;Data missing or out of range;Back;1;Not known;Male;33;26 - 35;-1;-1;-1;6;Urban area;6
2019010161334;515650;174073;-0.336926;51.453836;Metropolitan Police;Slight;2;1;03/02/2019;Sunday;12:30;Richmond upon Thames;Richmond upon Thames;A;316;Roundabout;30 MPH;Roundabout;Auto traffic signal;B;361;Data missing or out of range;No physical crossing facilities within 50 metres;Daylight;Fine no high winds;Dry;None;None;Urban;No - accident was reported using a self completion  form (self rep only);E01003870;1;1;Driver or rider;Male;33;6;Slight;Not a Pedestrian;Not a Pedestrian;Not car passenger;Not a bus or coach passenger;No / Not applicable;2;Cyclist;Less deprived 40-50%;2;Car;No tow/articulation;Data missing or out of range;Data missing or out of range;Approaching junction or waiting/parked at junction approach;Data missing or out of range;Data missing or out of range;Data missing or out of range;Data missing or out of range;Front;-1;Not known;Not known;-1;Data missing or out of range;-1;-1;-1;8;Urban area;8
2019010161335;539571;179077;0.009118;51.493417;Metropolitan Police;Slight;2;1;03/02/2019;Sunday;14:10;Greenwich;Greenwich;A;2052;Dual carriageway;30 MPH;Roundabout;Give way or uncontrolled;C;0;None within 50 metres ;No physical crossing facilities within 50 metres;Darkness - lights lit;Fine no high winds;Dry;None;None;Rural;Yes;E01001667;1;1;Passenger;Male;19;4;Slight;Not a Pedestrian;Not a Pedestrian;Front seat passenger;Not a bus or coach passenger;No / Not applicable;9;Cyclist;Least deprived 10%;1;Car;No tow/articulation;Turning left;On main c'way - not in restricted lane;Entering main road;None;None;Did not leave carriageway;None;Front;1;Not known;Male;44;36 - 45;-1;-1;-1;10;Urban area;10
2019010161335;539571;179077;0.009118;51.493417;Metropolitan Police;Slight;2;1;03/02/2019;Sunday;14:10;Greenwich;Greenwich;A;2052;Dual carriageway;30 MPH;Roundabout;Give way or uncontrolled;C;0;None within 50 metres ;No physical crossing facilities within 50 metres;Darkness - lights lit;Fine no high winds;Dry;None;None;Rural;Yes;E01001667;1;1;Passenger;Male;19;4;Slight;Not a Pedestrian;Not a Pedestrian;Front seat passenger;Not a bus or coach passenger;No / Not applicable;9;Cyclist;Least deprived 10%;2;Car;No tow/articulation;Turning left;On main c'way - not in restricted lane;Entering roundabout;None;None;Did not leave carriageway;None;Nearside;1;Not known;Male;33;26 - 35;-1;-1;-1;3;Urban area;3
2019010161338;544546;187158;0.084046;51.56478;Metropolitan Police;Slight;5;1;03/02/2019;Sunday;22:40;Redbridge;Redbridge;Unclassified;0;Single carriageway;30 MPH;Not at junction or within 20 metres;Data missing or out of range;-1;0;None within 50 metres ;Pelican, puffin, toucan or similar non-junction pedestrian light crossing;Darkness - lights lit;Fine no high winds;Dry;None;None;Urban;Yes;E01003758;2;1;Passenger;Female;37;7;Slight;Not a Pedestrian;Not a Pedestrian;Front seat passenger;Not a bus or coach passenger;No / Not applicable;9;Cyclist;More deprived 30-40%;1;Car;No tow/articulation;Going ahead other;On main c'way - not in restricted lane;Not at or within 20 metres of junction;Skidded;None;Did not leave carriageway;None;Front;1;Not known;Male;23;21 - 25;2143;Heavy oil;4;2;Urban area;2
2019010161338;544546;187158;0.084046;51.56478;Metropolitan Police;Slight;5;1;03/02/2019;Sunday;22:40;Redbridge;Redbridge;Unclassified;0;Single carriageway;30 MPH;Not at junction or within 20 metres;Data missing or out of range;-1;0;None within 50 metres ;Pelican, puffin, toucan or similar non-junction pedestrian light crossing;Darkness - lights lit;Fine no high winds;Dry;None;None;Urban;Yes;E01003758;2;1;Passenger;Female;37;7;Slight;Not a Pedestrian;Not a Pedestrian;Front seat passenger;Not a bus or coach passenger;No / Not applicable;9;Cyclist;More deprived 30-40%;2;Car;No tow/articulation;Going ahead other;On main c'way - not in restricted lane;Not at or within 20 metres of junction;None;None;Did not leave carriageway;None;Front;1;Not known;Male;35;26 - 35;2148;Heavy oil;10;1;Urban area;1
2019010161338;544546;187158;0.084046;51.56478;Metropolitan Police;Slight;5;1;03/02/2019;Sunday;22:40;Redbridge;Redbridge;Unclassified;0;Single carriageway;30 MPH;Not at junction or within 20 metres;Data missing or out of range;-1;0;None within 50 metres ;Pelican, puffin, toucan or similar non-junction pedestrian light crossing;Darkness - lights lit;Fine no high winds;Dry;None;None;Urban;Yes;E01003758;2;1;Passenger;Female;37;7;Slight;Not a Pedestrian;Not a Pedestrian;Front seat passenger;Not a bus or coach passenger;No / Not applicable;9;Cyclist;More deprived 30-40%;3;Car;No tow/articulation;Parked;On main c'way - not in restricted lane;Not at or within 20 metres of junction;None;None;Did not leave carriageway;None;Front;1;Not known;Not known;-1;Data missing or out of range;1995;Heavy oil;1;-1;Data missing or out of range;-1
2019010161338;544546;187158;0.084046;51.56478;Metropolitan Police;Slight;5;1;03/02/2019;Sunday;22:40;Redbridge;Redbridge;Unclassified;0;Single carriageway;30 MPH;Not at junction or within 20 metres;Data missing or out of range;-1;0;None within 50 metres ;Pelican, puffin, toucan or similar non-junction pedestrian light crossing;Darkness - lights lit;Fine no high winds;Dry;None;None;Urban;Yes;E01003758;2;1;Passenger;Female;37;7;Slight;Not a Pedestrian;Not a Pedestrian;Front seat passenger;Not a bus or coach passenger;No / Not applicable;9;Cyclist;More deprived 30-40%;4;Car;No tow/articulation;Parked;On main c'way - not in restricted lane;Not at or within 20 metres of junction;None;None;Did not leave carriageway;None;Front;1;Not known;Not known;-1;Data missing or out of range;2179;Heavy oil;17;-1;Data missing or out of range;-1
2019010161338;544546;187158;0.084046;51.56478;Metropolitan Police;Slight;5;1;03/02/2019;Sunday;22:40;Redbridge;Redbridge;Unclassified;0;Single carriageway;30 MPH;Not at junction or within 20 metres;Data missing or out of range;-1;0;None within 50 metres ;Pelican, puffin, toucan or similar non-junction pedestrian light crossing;Darkness - lights lit;Fine no high winds;Dry;None;None;Urban;Yes;E01003758;2;1;Passenger;Female;37;7;Slight;Not a Pedestrian;Not a Pedestrian;Front seat passenger;Not a bus or coach passenger;No / Not applicable;9;Cyclist;More deprived 30-40%;5;Car;No tow/articulation;Parked;On main c'way - not in restricted lane;Not at or within 20 metres of junction;None;None;Did not leave carriageway;None;Did not impact;1;Not known;Not known;-1;Data missing or out of range;996;Petrol;10;-1;Data missing or out of range;-1
2019010161341;519184;182285;-0.283317;51.526911;Metropolitan Police;Slight;2;1;04/02/2019;Monday;00:04;Ealing;Ealing;A;40;Dual carriageway;40 MPH;Slip road;Authorised person;Unclassified;0;None within 50 metres ;No physical crossing facilities within 50 metres;Darkness - lights lit;Fine no high winds;Wet or damp;None;None;Urban;Yes;E01001247;2;1;Passenger;Male;28;6;Slight;Not a Pedestrian;Not a Pedestrian;Rear seat passenger;Not a bus or coach passenger;No / Not applicable;9;Cyclist;Less deprived 20-30%;1;Taxi/Private hire car;No tow/articulation;Going ahead other;On main c'way - not in restricted lane;Approaching junction or waiting/parked at junction approach;None;None;Did not leave carriageway;None;Back;1;Journey as part of work;Male;52;46 - 55;1797;Hybrid electric;4;4;Urban area;4
2019010161341;519184;182285;-0.283317;51.526911;Metropolitan Police;Slight;2;1;04/02/2019;Monday;00:04;Ealing;Ealing;A;40;Dual carriageway;40 MPH;Slip road;Authorised person;Unclassified;0;None within 50 metres ;No physical crossing facilities within 50 metres;Darkness - lights lit;Fine no high winds;Wet or damp;None;None;Urban;Yes;E01001247;2;1;Passenger;Male;28;6;Slight;Not a Pedestrian;Not a Pedestrian;Rear seat passenger;Not a bus or coach passenger;No / Not applicable;9;Cyclist;Less deprived 20-30%;2;Car;No tow/articulation;Going ahead other;On main c'way - not in restricted lane;Approaching junction or waiting/parked at junction approach;None;None;Did not leave carriageway;None;Front;1;Not known;Male;38;36 - 45;-1;-1;-1;6;Urban area;6
2019010161342;530205;176086;-0.126819;51.468771;Metropolitan Police;Slight;2;2;03/02/2019;Sunday;22:00;Lambeth;Lambeth;A;3;Single carriageway;30 MPH;T or staggered junction;Auto traffic signal;C;0;None within 50 metres ;Zebra;Darkness - lights lit;Other;Dry;None;None;Urban;Yes;E01003090;1;1;Driver or rider;Female;22;5;Slight;Not a Pedestrian;Not a Pedestrian;Not car passenger;Not a bus or coach passenger;No / Not applicable;9;Cyclist;More deprived 40-50%;1;Car;No tow/articulation;Going ahead other;On main c'way - not in restricted lane;Approaching junction or waiting/parked at junction approach;None;None;Did not leave carriageway;None;Back;1;Not known;Female;22;21 - 25;-1;-1;-1;5;Urban area;5
2019010161342;530205;176086;-0.126819;51.468771;Metropolitan Police;Slight;2;2;03/02/2019;Sunday;22:00;Lambeth;Lambeth;A;3;Single carriageway;30 MPH;T or staggered junction;Auto traffic signal;C;0;None within 50 metres ;Zebra;Darkness - lights lit;Other;Dry;None;None;Urban;Yes;E01003090;1;1;Driver or rider;Female;22;5;Slight;Not a Pedestrian;Not a Pedestrian;Not car passenger;Not a bus or coach passenger;No / Not applicable;9;Cyclist;More deprived 40-50%;2;Car;No tow/articulation;Going ahead other;On main c'way - not in restricted lane;Mid Junction - on roundabout or on main road;None;None;Did not leave carriageway;None;Front;1;Not known;Not known;-1;Data missing or out of range;-1;-1;-1;-1;Data missing or out of range;-1
2019010161342;530205;176086;-0.126819;51.468771;Metropolitan Police;Slight;2;2;03/02/2019;Sunday;22:00;Lambeth;Lambeth;A;3;Single carriageway;30 MPH;T or staggered junction;Auto traffic signal;C;0;None within 50 metres ;Zebra;Darkness - lights lit;Other;Dry;None;None;Urban;Yes;E01003090;1;2;Passenger;Female;22;5;Slight;Not a Pedestrian;Not a Pedestrian;Front seat passenger;Not a bus or coach passenger;No / Not applicable;9;Cyclist;More deprived 30-40%;1;Car;No tow/articulation;Going ahead other;On main c'way - not in restricted lane;Approaching junction or waiting/parked at junction approach;None;None;Did not leave carriageway;None;Back;1;Not known;Female;22;21 - 25;-1;-1;-1;5;Urban area;5
2019010161342;530205;176086;-0.126819;51.468771;Metropolitan Police;Slight;2;2;03/02/2019;Sunday;22:00;Lambeth;Lambeth;A;3;Single carriageway;30 MPH;T or staggered junction;Auto traffic signal;C;0;None within 50 metres ;Zebra;Darkness - lights lit;Other;Dry;None;None;Urban;Yes;E01003090;1;2;Passenger;Female;22;5;Slight;Not a Pedestrian;Not a Pedestrian;Front seat passenger;Not a bus or coach passenger;No / Not applicable;9;Cyclist;More deprived 30-40%;2;Car;No tow/articulation;Going ahead other;On main c'way - not in restricted lane;Mid Junction - on roundabout or on main road;None;None;Did not leave carriageway;None;Front;1;Not known;Not known;-1;Data missing or out of range;-1;-1;-1;-1;Data missing or out of range;-1
2019010161343;530933;175091;-0.116712;51.459661;Metropolitan Police;Slight;2;1;01/02/2019;Friday;13:42;Lambeth;Lambeth;A;23;Single carriageway;20 MPH;Other junction;Auto traffic signal;A;23;None within 50 metres ;Zebra;Darkness - lights lit;Raining no high winds;Wet or damp;None;None;Urban;Yes;E01003020;2;1;Driver or rider;Male;Data missing or out of range;-1;Slight;Not a Pedestrian;Not a Pedestrian;Not car passenger;Not a bus or coach passenger;No / Not applicable;9;-1;Data missing or out of range;1;Bus or coach (17 or more pass seats);No tow/articulation;Turning right;Bus lane;Cleared junction or waiting/parked at junction exit;None;None;Did not leave carriageway;None;Offside;1;Journey as part of work;Male;36;36 - 45;-1;-1;-1;5;Urban area;5