Accident_Index;Location_Easting_OSGR;Location_Northing_OSGR;Longitude;Latitude;Police_Force;Accident_Severity;Number_of_Vehicles;Number_of_Casualties;Date;Day_of_Week;Time;Local_Authority_(District);Local_Authority_(Highway);1st_Road_Class;1st_Road_Number;Road_Type;Speed_limit;Junction_Detail;Junction_Control;2nd_Road_Class;2nd_Road_Number;Pedestrian_Crossing-Human_Control;Pedestrian_Crossing-Physical_Facilities;Light_Conditions;Weather_Conditions;Road_Surface_Conditions;Special_Conditions_at_Site;Carriageway_Hazards;Urban_or_Rural_Area;Did_Police_Officer_Attend_Scene_of_Accident;LSOA_of_Accident_Location;Vehicle_Reference_x;Casualty_Reference;Casualty_Class;Sex_of_Casualty;Age_of_Casualty;Age_Band_of_Casualty;Casualty_Severity;Pedestrian_Location;Pedestrian_Movement;Car_Passenger;Bus_or_Coach_Passenger;Pedestrian_Road_Maintenance_Worker;Casualty_Type;Casualty_Home_Area_Type;Casualty_IMD_Decile;Vehicle_Reference_y;Vehicle_Type;Towing_and_Articulation;Vehicle_Manoeuvre;Vehicle_Location-Restricted_Lane;Junction_Location;Skidding_and_Overturning;Hit_Object_in_Carriageway;Vehicle_Leaving_Carriageway;Hit_Object_off_Carriageway;1st_Point_of_Impact;Was_Vehicle_Left_Hand_Drive?;Journey_Purpose_of_Driver;Sex_of_Driver;Age_of_Driver;Age_Band_of_Driver;Engine_Capacity_(CC);Propulsion_Code;Age_of_Vehicle;Driver_IMD_Decile;Driver_Home_Area_Type;Vehicle_IMD_Decile
2019010161343;530933;175091;-0.116712;51.459661;Metropolitan Police;Slight;2;1;01/02/2019;Friday;13:42;Lambeth;Lambeth;A;23;Single carriageway;20 MPH;Other junction;Auto traffic signal;A;23;None within 50 metres ;Zebra;Darkness - lights lit;Raining no high winds;Wet or damp;None;None;Urban;Yes;E01003020;2;1;Driver or rider;Male;Data missing or out of range;-1;Slight;Not a Pedestrian;Not a Pedestrian;Not car passenger;Not a bus or coach passenger;No / Not applicable;9;-1;Data missing or out of range;2;Car;No tow/articulation;Changing lane to left;On main c'way - not in restricted lane;Approaching junction or waiting/parked at junction approach;None;None;Did not leave carriageway;None;Nearside;1;Not known;Male;-1;Data missing or out of range;-1;-1;-1;-1;Data missing or out of range;-1
2019010161345;523961;169114;-0.219105;51.407511;Metropolitan Police;Slight;1;1;03/02/2019;Sunday;23:29;Merton;Merton;B;286;Single carriageway;30 MPH;T or staggered junction;Auto traffic signal;A;298;None within 50 metres ;Pedestrian phase at traffic signal junction;Darkness - lights lit;Fine no high winds;Wet or damp;None;None;Urban;Yes;E01003366;1;1;Passenger;Female;24;5;Slight;Not a Pedestrian;Not a Pedestrian;Front seat passenger;Not a bus or coach passenger;No / Not applicable;9;Cyclist;Less deprived 20-30%;1;Car;No tow/articulation;Turning left;On main c'way - not in restricted lane;Mid Junction - on roundabout or on main road;Skidded;Bollard or refuge;Did not leave carriageway;None;Front;1;Not known;Male;26;26 - 35;-1;-1;-1;8;Urban area;8
2019010161346;533498;184358;-0.076308;51.54234;Metropolitan Police;Serious;2;1;03/02/2019;Sunday;21:58;Hackney;Hackney;A;10;Dual carriageway;30 MPH;Crossroads;Auto traffic signal;C;0;None within 50 metres ;No physical crossing facilities within 50 metres;Darkness - lights lit;Fine no high winds;Dry;None;Vehicle load on road;Urban;Yes;E01033707;2;1;Driver or rider;Male;22;5;Serious;Not a Pedestrian;Not a Pedestrian;Not car passenger;Not a bus or coach passenger;No / Not applicable;3;Cyclist;More deprived 20-30%;1;Car;No tow/articulation;Going ahead other;On main c'way - not in restricted lane;Cleared junction or waiting/parked at junction exit;None;None;Did not leave carriageway;None;Front;1;Not known;Male;50;46 - 55;-1;-1;-1;4;Urban area;4
2019010161346;533498;184358;-0.076308;51.54234;Metropolitan Police;Serious;2;1;03/02/2019;Sunday;21:58;Hackney;Hackney;A;10;Dual carriageway;30 MPH;Crossroads;Auto traffic signal;C;0;None within 50 metres ;No physical crossing facilities within 50 metres;Darkness - lights lit;Fine no high winds;Dry;None;Vehicle load on road;Urban;Yes;E01033707;2;1;Driver or rider;Male;22;5;Serious;Not a Pedestrian;Not a Pedestrian;Not car passenger;Not a bus or coach passenger;No / Not applicable;3;Cyclist;More deprived 20-30%;2;Motorcycle 125cc and under;No tow/articulation;Going ahead other;On main c'way - not in restricted lane;Cleared junction or waiting/parked at junction exit;None;None;Did not leave carriageway;None;Front;1;Not known;Male;22;21 - 25;-1;-1;-1;3;Urban area;3
2019010161348;528935;174467;-0.145682;51.454511;Metropolitan Police;Slight;2;1;04/02/2019;Monday;05:55;Lambeth;Lambeth;A;24;Dual carriageway;30 MPH;Other junction;Give way or uncontrolled;Unclassified;0;None within 50 metres ;No physical crossing facilities within 50 metres;Darkness - lights lit;Raining no high winds;Wet or damp;None;None;Urban;Yes;E01003030;2;1;Driver or rider;Male;50;8;Slight;Not a Pedestrian;Not a Pedestrian;Not car passenger;Not a bus or coach passenger;No / Not applicable;2;Cyclist;More deprived 30-40%;1;Car;No tow/articulation;Turning right;On main c'way - not in restricted lane;Entering main road;None;None;Did not leave carriageway;None;Offside;1;Not known;Male;25;21 - 25;-1;-1;-1;4;Urban area;4
2019010161348;528935;174467;-0.145682;51.454511;Metropolitan Police;Slight;2;1;04/02/2019;Monday;05:55;Lambeth;Lambeth;A;24;Dual carriageway;30 MPH;Other junction;Give way or uncontrolled;Unclassified;0;None within 50 metres ;No physical crossing facilities within 50 metres;Darkness - lights lit;Raining no high winds;Wet or damp;None;None;Urban;Yes;E01003030;2;1;Driver or rider;Male;50;8;Slight;Not a Pedestrian;Not a Pedestrian;Not car passenger;Not a bus or coach passenger;No / Not applicable;2;Cyclist;More deprived 30-40%;2;Motorcycle 50cc and under;No tow/articulation;Going ahead other;On main c'way - not in restricted lane;Approaching junction or waiting/parked at junction approach;None;None;Did not leave carriageway;None;Front;1;Commuting to/from work;Male;50;46 - 55;-1;-1;-1;4;Urban area;4
2019010161349;524249;181081;-0.210765;51.515;Metropolitan Police;Slight;1;1;03/02/2019;Sunday;21:10;Kensington and Chelsea;Kensington and Chelsea;C;0;Single carriageway;30 MPH;Crossroads;Give way or uncontrolled;C;0;None within 50 metres ;No physical crossing facilities within 50 metres;Darkness - lights lit;Fine + high winds;Wet or damp;None;None;Urban;Yes;E01002874;1;1;Driver or rider;Male;21;5;Slight;Not a Pedestrian;Not a Pedestrian;Not car passenger;Not a bus or coach passenger;No / Not applicable;2;Cyclist;More deprived 10-20%;1;Motorcycle 50cc and under;No tow/articulation;Moving off;On main c'way - not in restricted lane;Leaving main road;None;None;Did not leave carriageway;None;Front;1;Journey as part of work;Male;21;21 - 25;-1;-1;-1;2;Urban area;2
2019010161350;522415;179364;-0.237778;51.499968;Metropolitan Police;Slight;2;1;04/02/2019;Monday;05:55;Hammersmith and Fulham;Hammersmith and Fulham;A;402;Roundabout;30 MPH;Roundabout;Give way or uncontrolled;B;408;None within 50 metres ;Zebra;Darkness - lights lit;Raining no high winds;Wet or damp;None;None;Urban;Yes;E01001928;2;1;Driver or rider;Female;28;6;Slight;Not a Pedestrian;Not a Pedestrian;Not car passenger;Not a bus or coach passenger;No / Not applicable;1;Cyclist;More deprived 30-40%;1;Car;No tow/articulation;Going ahead other;On main c'way - not in restricted lane;Mid Junction - on roundabout or on main road;None;None;Did not leave carriageway;None;Offside;1;Journey as part of work;Male;39;36 - 45;-1;-1;-1;-1;Data missing or out of range;-1
2019010161350;522415;179364;-0.237778;51.499968;Metropolitan Police;Slight;2;1;04/02/2019;Monday;05:55;Hammersmith and Fulham;Hammersmith and Fulham;A;402;Roundabout;30 MPH;Roundabout;Give way or uncontrolled;B;408;None within 50 metres ;Zebra;Darkness - lights lit;Raining no high winds;Wet or damp;None;None;Urban;Yes;E01001928;2;1;Driver or rider;Female;28;6;Slight;Not a Pedestrian;Not a Pedestrian;Not car passenger;Not a bus or coach passenger;No / Not applicable;1;Cyclist;More deprived 30-40%;2;Pedal cycle;No tow/articulation;Turning right;On main c'way - not in restricted lane;Mid Junction - on roundabout or on main road;None;None;Did not leave carriageway;None;Front;1;Commuting to/from work;Female;28;26 - 35;-1;-1;-1;4;Urban area;4
2019010161354;530937;182076;-0.114065;51.522433;Metropolitan Police;Slight;1;1;04/02/2019;Monday;08:15;Camden;Camden;A;5200;Dual carriageway;20 MPH;T or staggered junction;Stop sign;Unclassified;0;None within 50 metres ;Zebra;Daylight;Raining no high winds;Wet or damp;None;None;Urban;Yes;E01000920;1;1;Pedestrian;Female;30;6;Slight;Crossing on pedestrian crossing facility;Crossing from driver's nearside;Not car passenger;Not a bus or coach passenger;No / Not applicable;0;Cyclist;More deprived 40-50%;1;Car;No tow/articulation;Moving off;On main c'way - not in restricted lane;Approaching junction or waiting/parked at junction approach;None;None;Did not leave carriageway;None;Front;1;Not known;Male;66;66 - 75;-1;-1;-1;2;Urban area;2
2019010161360;541181;169282;0.028389;51.405;Metropolitan Police;Slight;2;1;04/02/2019;Monday;07:40;Bromley;Bromley;Unclassified;0;Single carriageway;30 MPH;T or staggered junction;Data missing or out of range;Unclassified;0;None within 50 metres ;No physical crossing facilities within 50 metres;Daylight;Raining no high winds;Wet or damp;None;None;Urban;No - accident was reported using a self completion  form (self rep only);E01000646;1;1;Driver or rider;Female;31;6;Slight;Not a Pedestrian;Not a Pedestrian;Not car passenger;Not a bus or coach passenger;No / Not applicable;9;Cyclist;Least deprived 10%;1;Car;No tow/articulation;Data missing or out of range;Data missing or out of range;Data missing or out of range;Data missing or out of range;Data missing or out of range;Data missing or out of range;Data missing or out of range;Offside;-1;Commuting to/from work;Female;31;26 - 35;-1;-1;-1;10;Urban area;10
2019010161360;541181;169282;0.028389;51.405;Metropolitan Police;Slight;2;1;04/02/2019;Monday;07:40;Bromley;Bromley;Unclassified;0;Single carriageway;30 MPH;T or staggered junction;Data missing or out of range;Unclassified;0;None within 50 metres ;No physical crossing facilities within 50 metres;Daylight;Raining no high winds;Wet or damp;None;None;Urban;No - accident was reported using a self completion  form (self rep only);E01000646;1;1;Driver or rider;Female;31;6;Slight;Not a Pedestrian;Not a Pedestrian;Not car passenger;Not a bus or coach passenger;No / Not applicable;9;Cyclist;Least deprived 10%;2;Car;No tow/articulation;Data missing or out of range;Data missing or out of range;Data missing or out of range;Data missing or out of range;Data missing or out of range;Data missing or out of range;Data missing or out of range;Offside;-1;Not known;Not known;-1;Data missing or out of range;-1;-1;-1;-1;Data missing or out of range;-1
2019010161363;535090;192128;-0.050382;51.611784;Metropolitan Police;Slight;1;1;02/02/2019;Saturday;22:45;Enfield;Enfield;Unclassified;0;Dual carriageway;50 MPH;Data missing or out of range;Data missing or out of range;Unclassified;0;Data missing or out of range;No physical crossing facilities within 50 metres;Darkness - lights lit;Fine no high winds;Dry;None;None;Urban;No - accident was reported using a self completion  form (self rep only);E01001559;1;1;Driver or rider;Male;31;6;Slight;Not a Pedestrian;Not a Pedestrian;Not car passenger;Not a bus or coach passenger;No / Not applicable;9;Cyclist;More deprived 30-40%;1;Car;No tow/articulation;Data missing or out of range;Data missing or out of range;Data missing or out of range;Data missing or out of range;Data missing or out of range;Data missing or out of range;Data missing or out of range;Front;-1;Not known;Male;31;26 - 35;-1;-1;-1;4;Urban area;4
2019010161367;545447;173671;0.091479;51.443361;Metropolitan Police;Slight;2;1;04/02/2019;Monday;07:09;Bexley;Bexley;Unclassified;0;Single carriageway;30 MPH;T or staggered junction;Give way or uncontrolled;Unclassified;0;None within 50 metres ;No physical crossing facilities within 50 metres;Darkness - lights lit;Raining no high winds;Wet or damp;None;None;Urban;Yes;E01000345;2;1;Driver or rider;Female;62;9;Slight;Not a Pedestrian;Not a Pedestrian;Not car passenger;Not a bus or coach passenger;No / Not applicable;9;Cyclist;Least deprived 10%;1;Car;No tow/articulation;Going ahead other;On main c'way - not in restricted lane;Approaching junction or waiting/parked at junction approach;None;None;Did not leave carriageway;None;Nearside;1;Commuting to/from work;Male;35;26 - 35;-1;-1;-1;8;Urban area;8
2019010161367;545447;173671;0.091479;51.443361;Metropolitan Police;Slight;2;1;04/02/2019;Monday;07:09;Bexley;Bexley;Unclassified;0;Single carriageway;30 MPH;T or staggered junction;Give way or uncontrolled;Unclassified;0;None within 50 metres ;No physical crossing facilities within 50 metres;Darkness - lights lit;Raining no high winds;Wet or damp;None;None;Urban;Yes;E01000345;2;1;Driver or rider;Female;62;9;Slight;Not a Pedestrian;Not a Pedestrian;Not car passenger;Not a bus or coach passenger;No / Not applicable;9;Cyclist;Least deprived 10%;2;Car;No tow/articulation;Going ahead other;On main c'way - not in restricted lane;Approaching junction or waiting/parked at junction approach;None;None;Did not leave carriageway;None;Offside;1;Not known;Female;62;56 - 65;-1;-1;-1;10;Urban area;10
2019010161368;527727;177718;-0.161886;51.484002;Metropolitan Police;Slight;2;1;21/01/2019;Monday;19:00;Kensington and Chelsea;Kensington and Chelsea;A;3212;Single carriageway;30 MPH;Not at junction or within 20 metres;Data missing or out of range;-1;0;Data missing or out of range;Data missing or out of range;Darkness - lights lit;Unknown;Data missing or out of range;None;Data missing or out of range;Urban;No - accident was reported using a self completion  form (self rep only);E01002900;1;1;Driver or rider;Female;21;5;Slight;Not a Pedestrian;Not a Pedestrian;Not car passenger;Not a bus or coach passenger;No / Not applicable;1;Cyclist;Less deprived 40-50%;1;Pedal cycle;Data missing or out of range;Going ahead other;On main c'way - not in restricted lane;Not at or within 20 metres of junction;Data missing or out of range;None;Did not leave carriageway;None;Front;1;Not known;Female;21;21 - 25;-1;-1;-1;6;Urban area;6
2019010161368;527727;177718;-0.161886;51.484002;Metropolitan Police;Slight;2;1;21/01/2019;Monday;19:00;Kensington and Chelsea;Kensington and Chelsea;A;3212;Single carriageway;30 MPH;Not at junction or within 20 metres;Data missing or out of range;-1;0;Data missing or out of range;Data missing or out of range;Darkness - lights lit;Unknown;Data missing or out of range;None;Data missing or out of range;Urban;No - accident was reported using a self completion  form (self rep only);E01002900;1;1;Driver or rider;Female;21;5;Slight;Not a Pedestrian;Not a Pedestrian;Not car passenger;Not a bus or coach passenger;No / Not applicable;1;Cyclist;Less deprived 40-50%;2;Taxi/Private hire car;No tow/articulation;Slowing or stopping;On main c'way - not in restricted lane;Not at or within 20 metres of junction;None;Data missing or out of range;Did not leave carriageway;None;Back;-1;Not known;Male;-1;Data missing or out of range;-1;-1;-1;-1;Data missing or out of range;-1
2019010161371;530149;179795;-0.126259;51.502116;Metropolitan Police;Slight;2;1;04/02/2019;Monday;07:38;Westminster;Westminster;Unclassified;0;Single carriageway;30 MPH;Other junction;Auto traffic signal;A;3212;None within 50 metres ;No physical crossing facilities within 50 metres;Daylight;Raining no high winds;Wet or damp;None;None;Urban;Yes;E01004733;2;1;Driver or rider;Male;49;8;Slight;Not a Pedestrian;Not a Pedestrian;Not car passenger;Not a bus or coach passenger;No / Not applicable;10;Cyclist;More deprived 20-30%;1;Taxi/Private hire car;No tow/articulation;Reversing;On main c'way - not in restricted lane;Approaching junction or waiting/parked at junction approach;None;None;Did not leave carriageway;None;Back;1;Journey as part of work;Male;41;36 - 45;-1;-1;-1;-1;Data missing or out of range;-1
2019010161371;530149;179795;-0.126259;51.502116;Metropolitan Police;Slight;2;1;04/02/2019;Monday;07:38;Westminster;Westminster;Unclassified;0;Single carriageway;30 MPH;Other junction;Auto traffic signal;A;3212;None within 50 metres ;No physical crossing facilities within 50 metres;Daylight;Raining no high winds;Wet or damp;None;None;Urban;Yes;E01004733;2;1;Driver or rider;Male;49;8;Slight;Not a Pedestrian;Not a Pedestrian;Not car passenger;Not a bus or coach passenger;No / Not applicable;10;Cyclist;More deprived 20-30%;2;Minibus (8 - 16 passenger seats);No tow/articulation;Waiting to go - held up;On main c'way - not in restricted lane;Approaching junction or waiting/parked at junction approach;None;None;Did not leave carriageway;None;Front;1;Journey as part of work;Male;49;46 - 55;-1;-1;-1;3;Urban area;3
2019010161374;515595;177267;-0.336674;51.482555;Metropolitan Police;Slight;2;1;04/02/2019;Monday;16:40;Hounslow;Hounslow;A;4;Dual carriageway;40 MPH;More than 4 arms (not roundabout);Auto traffic signal;Unclassified;0;None within 50 metres ;No physical crossing facilities within 50 metres;Daylight;Fine no high winds;Wet or damp;None;None;Urban;Yes;E01002675;1;1;Driver or rider;Female;28;6;Slight;Not a Pedestrian;Not a Pedestrian;Not car passenger;Not a bus or coach passenger;No / Not applicable;9;Cyclist;Less deprived 40-50%;1;Car;No tow/articulation;Going ahead other;On main c'way - not in restricted lane;Mid Junction - on roundabout or on main road;None;None;Did not leave carriageway;None;Front;1;Commuting to/from work;Female;28;26 - 35;-1;-1;-1;6;Urban area;6
2019010161374;515595;177267;-0.336674;51.482555;Metropolitan Police;Slight;2;1;04/02/2019;Monday;16:40;Hounslow;Hounslow;A;4;Dual carriageway;40 MPH;More than 4 arms (not roundabout);Auto traffic signal;Unclassified;0;None within 50 metres ;No physical crossing facilities within 50 metres;Daylight;Fine no high winds;Wet or damp;None;None;Urban;Yes;E01002675;1;1;Driver or rider;Female;28;6;Slight;Not a Pedestrian;Not a Pedestrian;Not car passenger;Not a bus or coach passenger;No / Not applicable;9;Cyclist;Less deprived 40-50%;2;Car;No tow/articulation;Turning right;On main c'way - not in restricted lane;Leaving main road;None;None;Did not leave carriageway;None;Offside;1;Commuting to/from work;Female;21;21 - 25;-1;-1;-1;3;Urban area;3
2019010161380;540413;178682;0.021082;51.489659;Metropolitan Police;Slight;2;1;24/01/2019;Thursday;19:30;Greenwich;Greenwich;Unclassified;0;Single carriageway;30 MPH;Other junction;Give way or uncontrolled;Unclassified;0;None within 50 metres ;No physical crossing facilities within 50 metres;Darkness - lights lit;Other;Dry;None;None;Urban;No - accident was reported using a self completion  form (self rep only);E01033738;1;1;Passenger;Female;82;11;Slight;Not a Pedestrian;Not a Pedestrian;Front seat passenger;Not a bus or coach passenger;No / Not applicable;9;Cyclist;More deprived 20-30%;1;Car;No tow/articulation;Parked;On main c'way - not in restricted lane;Cleared junction or waiting/parked at junction exit;None;None;Did not leave carriageway;None;Back;-1;Not known;Not known;-1;Data missing or out of range;-1;-1;-1;-1;Data missing or out of range;-1
2019010161380;540413;178682;0.021082;51.489659;Metropolitan Police;Slight;2;1;24/01/2019;Thursday;19:30;Greenwich;Greenwich;Unclassified;0;Single carriageway;30 MPH;Other junction;Give way or uncontrolled;Unclassified;0;None within 50 metres ;No physical crossing facilities within 50 metres;Darkness - lights lit;Other;Dry;None;None;Urban;No - accident was reported using a self completion  form (self rep only);E01033738;1;1;Passenger;Female;82;11;Slight;Not a Pedestrian;Not a Pedestrian;Front seat passenger;Not a bus or coach passenger;No / Not applicable;9;Cyclist;More deprived 20-30%;2;Car;No tow/articulation;Data missing or out of range;On main c'way - not in restricted lane;Approaching junction or waiting/parked at junction approach;None;None;Did not leave carriageway;None;Front;-1;Not known;Male;-1;Data missing or out of range;-1;-1;-1;-1;Data missing or out of range;-1
2019010161384;545277;187022;0.094528;51.563371;Metropolitan Police;Slight;2;1;04/02/2019;Monday;09:35;Redbridge;Redbridge;A;118;Single carriageway;20 MPH;Not at junction or within 20 metres;Data missing or out of range;-1;0;Data missing or out of range;Data missing or out of range;Daylight;Raining no high winds;Wet or damp;None;None;Urban;No - accident was reported using a self completion  form (self rep only);E01003714;1;1;Driver or rider;Male;21;5;Slight;Not a Pedestrian;Not a Pedestrian;Not car passenger;Not a bus or coach passenger;No / Not applicable;9;Cyclist;More deprived 30-40%;1;Car;No tow/articulation;Data missing or out of range;Data missing or out of range;Not at or within 20 metres of junction;Data missing or out of range;Data missing or out of range;Data missing or out of range;Data missing or out of range;Front;-1;Not known;Male;21;21 - 25;-1;-1;-1;4;Urban area;4
2019010161384;545277;187022;0.094528;51.563371;Metropolitan Police;Slight;2;1;04/02/2019;Monday;09:35;Redbridge;Redbridge;A;118;Single carriageway;20 MPH;Not at junction or within 20 metres;Data missing or out of range;-1;0;Data missing or out of range;Data missing or out of range;Daylight;Raining no high winds;Wet or damp;None;None;Urban;No - accident was reported using a self completion  form (self rep only);E01003714;1;1;Driver or rider;Male;21;5;Slight;Not a Pedestrian;Not a Pedestrian;Not car passenger;Not a bus or coach passenger;No / Not applicable;9;Cyclist;More deprived 30-40%;2;Car;No tow/articulation;Data missing or out of range;Data missing or out of range;Not at or within 20 metres of junction;Data missing or out of range;Data missing or out of range;Data missing or out of range;Data missing or out of range;Back;-1;Not known;Not known;-1;Data missing or out of range;-1;-1;-1;-1;Data missing or out of range;-1
2019010161386;540192;169697;0.014344;51.408974;Metropolitan Police;Slight;3;1;03/02/2019;Sunday;16:00;Bromley;Bromley;A;2212;Single carriageway;30 MPH;Roundabout;Data missing or out of range;A;21;None within 50 metres ;No physical crossing facilities within 50 metres;Daylight;Fine no high winds;Dry;None;None;Urban;No - accident was reported using a self completion  form (self rep only);E01000676;1;1;Driver or rider;Female;32;6;Slight;Not a Pedestrian;Not a Pedestrian;Not car passenger;Not a bus or coach passenger;No / Not applicable;9;Cyclist;More deprived 30-40%;1;Car;No tow/articulation;Data missing or out of range;Data missing or out of range;Data missing or out of range;Data missing or out of range;Data missing or out of range;Data missing or out of range;Data missing or out of range;Back;-1;Not known;Female;32;26 - 35;-1;-1;-1;4;Urban area;4
2019010161386;540192;169697;0.014344;51.408974;Metropolitan Police;Slight;3;1;03/02/2019;Sunday;16:00;Bromley;Bromley;A;2212;Single carriageway;30 MPH;Roundabout;Data missing or out of range;A;21;None within 50 metres ;No physical crossing facilities within 50 metres;Daylight;Fine no high winds;Dry;None;None;Urban;No - accident was reported using a self completion  form (self rep only);E01000676;1;1;Driver or rider;Female;32;6;Slight;Not a Pedestrian;Not a Pedestrian;Not car passenger;Not a bus or coach passenger;No / Not applicable;9;Cyclist;More deprived 30-40%;2;Car;No tow/articulation;Data missing or out of range;Data missing or out of range;Data missing or out of range;Data missing or out of range;Data missing or out of range;Data missing or out of range;Data missing or out of range;Front;-1;Not known;Not known;-1;Data missing or out of range;-1;-1;-1;5;Urban area;5
2019010161386;540192;169697;0.014344;51.408974;Metropolitan Police;Slight;3;1;03/02/2019;Sunday;16:00;Bromley;Bromley;A;2212;Single carriageway;30 MPH;Roundabout;Data missing or out of range;A;21;None within 50 metres ;No physical crossing facilities within 50 metres;Daylight;Fine no high winds;Dry;None;None;Urban;No - accident was reported using a self completion  form (self rep only);E01000676;1;1;Driver or rider;Female;32;6;Slight;Not a Pedestrian;Not a Pedestrian;Not car passenger;Not a bus or coach passenger;No / Not applicable;9;Cyclist;More deprived 30-40%;3;Car;No tow/articulation;Data missing or out of range;Data missing or out of range;Data missing or out of range;Data missing or out of range;Data missing or out of range;Data missing or out of range;Data missing or out of range;Back;-1;Not known;Not known;-1;Data missing or out of range;-1;-1;-1;7;Urban area;7
2019010161388;544397;190146;0.083125;51.591667;Metropolitan Police;Slight;1;1;23/01/2019;Wednesday;16:25;Redbridge;Redbridge;Unclassified;0;One way street;30 MPH;T or staggered junction;Give way or uncontrolled;A;123;None within 50 metres ;No physical crossing facilities within 50 metres;Darkness - lighting unknown;Raining no high winds;Data missing or out of range;None;None;Urban;No - accident was reported using a self completion  form (self rep only);E01003705;1;1;Pedestrian;Male;69;10;Slight;In carriageway, crossing elsewhere;Crossing from driver's offside;Not car passenger;Not a bus or coach passenger;No / Not applicable;0;Cyclist;More deprived 20-30%;1;Car;No tow/articulation;Data missing or out of range;Data missing or out of range;Data missing or out of range;Data missing or out of range;Data missing or out of range;Data missing or out of range;Data missing or out of range;Front;-1;Not known;Not known;-1;Data missing or out of range;-1;-1;-1;-1;Data missing or out of range;-1
2019010161389;520514;188545;-0.26201;51.58289;Metropolitan Police;Slight;2;1;22/01/2019;Tuesday;18:30;Brent;Brent;A;4006;Unknown;30 MPH;Data missing or out of range;Data missing or out of range;B;454;Data missing or out of range;Data missing or out of range;Darkness - lights lit;Snowing + high winds;Data missing or out of range;None;Data missing or out of range;Urban;No - accident was reported using a self completion  form (self rep only);E01000518;1;1;Driver or rider;Male;37;7;Slight;Not a Pedestrian;Not a Pedestrian;Not car passenger;Not a bus or coach passenger;No / Not applicable;1;Cyclist;Less deprived 30-40%;1;Pedal cycle;Data missing or out of range;Data missing or out of range;Data missing or out of range;Data missing or out of range;Data missing or out of range;Data missing or out of range;Data missing or out of range;Data missing or out of range;Data missing or out of range;1;Not known;Male;37;36 - 45;-1;-1;-1;7;Urban area;7
2019010161389;520514;188545;-0.26201;51.58289;Metropolitan Police;Slight;2;1;22/01/2019;Tuesday;18:30;Brent;Brent;A;4006;Unknown;30 MPH;Data missing or out of range;Data missing or out of range;B;454;Data missing or out of range;Data missing or out of range;Darkness - lights lit;Snowing + high winds;Data missing or out of range;None;Data missing or out of range;Urban;No - accident was reported using a self completion  form (self rep only);E01000518;1;1;Driver or rider;Male;37;7;Slight;Not a Pedestrian;Not a Pedestrian;Not car passenger;Not a bus or coach passenger;No / Not applicable;1;Cyclist;Less deprived 30-40%;2;Car;Data missing or out of range;Data missing or out of range;Data missing or out of range;Data missing or out of range;Data missing or out of range;Data missing or out of range;Data missing or out of range;Data missing or out of range;Data missing or out of range;-1;Not known;Male;-1;Data missing or out of range;-1;-1;-1;-1;Data missing or out of range;-1
2019010161390;541694;176919;0.038814;51.473498;Metropolitan Police;Slight;2;1;21/01/2019;Monday;17:00;Greenwich;Greenwich;Unclassified;0;Single carriageway;30 MPH;T or staggered junction;Give way or uncontrolled;Unclassified;0;None within 50 metres ;No physical crossing facilities within 50 metres;Darkness - lights lit;Unknown;Data missing or out of range;None;None;Urban;No - accident was reported using a self completion  form (self rep only);E01001652;1;1;Passenger;Female;30;6;Slight;Not a Pedestrian;Not a Pedestrian;Data missing or out of range;Not a bus or coach passenger;No / Not applicable;9;Cyclist;More deprived 10-20%;1;Car;No tow/articulation;Data missing or out of range;On main c'way - not in restricted lane;Mid Junction - on roundabout or on main road;None;None;Did not leave carriageway;None;Front;-1;Not known;Female;30;26 - 35;-1;-1;-1;2;Urban area;2
2019010161390;541694;176919;0.038814;51.473498;Metropolitan Police;Slight;2;1;21/01/2019;Monday;17:00;Greenwich;Greenwich;Unclassified;0;Single carriageway;30 MPH;T or staggered junction;Give way or uncontrolled;Unclassified;0;None within 50 metres ;No physical crossing facilities within 50 metres;Darkness - lights lit;Unknown;Data missing or out of range;None;None;Urban;No - accident was reported using a self completion  form (self rep only);E01001652;1;1;Passenger;Female;30;6;Slight;Not a Pedestrian;Not a Pedestrian;Data missing or out of range;Not a bus or coach passenger;No / Not applicable;9;Cyclist;More deprived 10-20%;2;Car;No tow/articulation;Going ahead other;On main c'way - not in restricted lane;Mid Junction - on roundabout or on main road;None;None;Did not leave carriageway;None;Data missing or out of range;-1;Not known;Male;-1;Data missing or out of range;-1;-1;-1;-1;Data missing or out of range;-1
2019010161392;557275;190917;0.269225;51.59515;Metropolitan Police;Slight;2;1;04/02/2019;Monday;08:59;Havering;Havering;Motorway;25;Dual carriageway;70 MPH;Not at junction or within 20 metres;Data missing or out of range;-1;0;None within 50 metres ;No physical crossing facilities within 50 metres;Darkness - lights lit;Raining no high winds;Dry;None;None;Rural;Yes;E01002296;1;1;Driver or rider;Male;30;6;Slight;Not a Pedestrian;Not a Pedestrian;Not car passenger;Not a bus or coach passenger;No / Not applicable;9;-1;Data missing or out of range;1;Car;No tow/articulation;Changing lane to left;On main c'way - not in restricted lane;Not at or within 20 metres of junction;None;None;Did not leave carriageway;None;Nearside;1;Journey as part of work;Male;30;26 - 35;-1;-1;-1;-1;Data missing or out of range;-1