Accident_Index;Location_Easting_OSGR;Location_Northing_OSGR;Longitude;Latitude;Police_Force;Accident_Severity;Number_of_Vehicles;Number_of_Casualties;Date;Day_of_Week;Time;Local_Authority_(District);Local_Authority_(Highway);1st_Road_Class;1st_Road_Number;Road_Type;Speed_limit;Junction_Detail;Junction_Control;2nd_Road_Class;2nd_Road_Number;Pedestrian_Crossing-Human_Control;Pedestrian_Crossing-Physical_Facilities;Light_Conditions;Weather_Conditions;Road_Surface_Conditions;Special_Conditions_at_Site;Carriageway_Hazards;Urban_or_Rural_Area;Did_Police_Officer_Attend_Scene_of_Accident;LSOA_of_Accident_Location;Vehicle_Reference_x;Casualty_Reference;Casualty_Class;Sex_of_Casualty;Age_of_Casualty;Age_Band_of_Casualty;Casualty_Severity;Pedestrian_Location;Pedestrian_Movement;Car_Passenger;Bus_or_Coach_Passenger;Pedestrian_Road_Maintenance_Worker;Casualty_Type;Casualty_Home_Area_Type;Casualty_IMD_Decile;Vehicle_Reference_y;Vehicle_Type;Towing_and_Articulation;Vehicle_Manoeuvre;Vehicle_Location-Restricted_Lane;Junction_Location;Skidding_and_Overturning;Hit_Object_in_Carriageway;Vehicle_Leaving_Carriageway;Hit_Object_off_Carriageway;1st_Point_of_Impact;Was_Vehicle_Left_Hand_Drive?;Journey_Purpose_of_Driver;Sex_of_Driver;Age_of_Driver;Age_Band_of_Driver;Engine_Capacity_(CC);Propulsion_Code;Age_of_Vehicle;Driver_IMD_Decile;Driver_Home_Area_Type;Vehicle_IMD_Decile
2019010161392;557275;190917;0.269225;51.59515;Metropolitan Police;Slight;2;1;04/02/2019;Monday;08:59;Havering;Havering;Motorway;25;Dual carriageway;70 MPH;Not at junction or within 20 metres;Data missing or out of range;-1;0;None within 50 metres ;No physical crossing facilities within 50 metres;Darkness - lights lit;Raining no high winds;Dry;None;None;Rural;Yes;E01002296;1;1;Driver or rider;Male;30;6;Slight;Not a Pedestrian;Not a Pedestrian;Not car passenger;Not a bus or coach passenger;No / Not applicable;9;-1;Data missing or out of range;2;Goods 7.5 tonnes mgw and over;Articulated vehicle;Changing lane to right;On main c'way - not in restricted lane;Not at or within 20 metres of junction;None;None;Did not leave carriageway;None;Front;2;Journey as part of work;Male;55;46 - 55;-1;-1;-1;-1;Data missing or out of range;-1
2019010161394;530192;172301;-0.128397;51.434758;Metropolitan Police;Slight;2;2;04/02/2019;Monday;18:08;Lambeth;Lambeth;A;23;Dual carriageway;30 MPH;T or staggered junction;Give way or uncontrolled;Unclassified;0;None within 50 metres ;No physical crossing facilities within 50 metres;Daylight;Fine no high winds;Wet or damp;None;None;Urban;Yes;E01003117;2;1;Passenger;Female;49;8;Slight;Not a Pedestrian;Not a Pedestrian;Not car passenger;Seated passenger;No / Not applicable;11;Cyclist;More deprived 30-40%;1;Car;No tow/articulation;Turning left;On main c'way - not in restricted lane;Leaving main road;None;None;Did not leave carriageway;None;Offside;1;Not known;Female;45;36 - 45;-1;-1;-1;5;Urban area;5
2019010161394;530192;172301;-0.128397;51.434758;Metropolitan Police;Slight;2;2;04/02/2019;Monday;18:08;Lambeth;Lambeth;A;23;Dual carriageway;30 MPH;T or staggered junction;Give way or uncontrolled;Unclassified;0;None within 50 metres ;No physical crossing facilities within 50 metres;Daylight;Fine no high winds;Wet or damp;None;None;Urban;Yes;E01003117;2;1;Passenger;Female;49;8;Slight;Not a Pedestrian;Not a Pedestrian;Not car passenger;Seated passenger;No / Not applicable;11;Cyclist;More deprived 30-40%;2;Bus or coach (17 or more pass seats);No tow/articulation;Moving off;Bus lane;Approaching junction or waiting/parked at junction approach;None;None;Did not leave carriageway;None;Front;1;Journey as part of work;Male;59;56 - 65;-1;-1;-1;-1;Data missing or out of range;-1
2019010161394;530192;172301;-0.128397;51.434758;Metropolitan Police;Slight;2;2;04/02/2019;Monday;18:08;Lambeth;Lambeth;A;23;Dual carriageway;30 MPH;T or staggered junction;Give way or uncontrolled;Unclassified;0;None within 50 metres ;No physical crossing facilities within 50 metres;Daylight;Fine no high winds;Wet or damp;None;None;Urban;Yes;E01003117;2;2;Passenger;Female;58;9;Slight;Not a Pedestrian;Not a Pedestrian;Not car passenger;Standing passenger;No / Not applicable;11;Cyclist;More deprived 30-40%;1;Car;No tow/articulation;Turning left;On main c'way - not in restricted lane;Leaving main road;None;None;Did not leave carriageway;None;Offside;1;Not known;Female;45;36 - 45;-1;-1;-1;5;Urban area;5
2019010161394;530192;172301;-0.128397;51.434758;Metropolitan Police;Slight;2;2;04/02/2019;Monday;18:08;Lambeth;Lambeth;A;23;Dual carriageway;30 MPH;T or staggered junction;Give way or uncontrolled;Unclassified;0;None within 50 metres ;No physical crossing facilities within 50 metres;Daylight;Fine no high winds;Wet or damp;None;None;Urban;Yes;E01003117;2;2;Passenger;Female;58;9;Slight;Not a Pedestrian;Not a Pedestrian;Not car passenger;Standing passenger;No / Not applicable;11;Cyclist;More deprived 30-40%;2;Bus or coach (17 or more pass seats);No tow/articulation;Moving off;Bus lane;Approaching junction or waiting/parked at junction approach;None;None;Did not leave carriageway;None;Front;1;Journey as part of work;Male;59;56 - 65;-1;-1;-1;-1;Data missing or out of range;-1
2019010161400;514833;180077;-0.346729;51.507966;Metropolitan Police;Slight;1;1;04/02/2019;Monday;07:18;Ealing;Ealing;Unclassified;0;Slip road;20 MPH;Roundabout;Give way or uncontrolled;Unclassified;0;None within 50 metres ;Zebra;Daylight;Raining no high winds;Wet or damp;None;None;Urban;Yes;E01001337;1;1;Pedestrian;Female;56;9;Slight;Crossing on pedestrian crossing facility;Crossing from nearside - masked by parked or stationary vehicle;Not car passenger;Not a bus or coach passenger;No / Not applicable;0;Cyclist;Less deprived 40-50%;1;Car;No tow/articulation;Going ahead other;On main c'way - not in restricted lane;Entering roundabout;None;None;Did not leave carriageway;None;Front;1;Not known;Male;64;56 - 65;-1;-1;-1;4;Urban area;4
2019010161402;547941;184402;0.131833;51.539137;Metropolitan Police;Serious;1;1;04/02/2019;Monday;06:45;Barking and Dagenham;Barking and Dagenham;C;0;Dual carriageway;30 MPH;T or staggered junction;Give way or uncontrolled;Unclassified;0;None within 50 metres ;Central refuge;Darkness - lights lit;Raining no high winds;Dry;None;None;Urban;Yes;E01000058;1;1;Pedestrian;Female;50;8;Serious;Crossing on pedestrian crossing facility;Crossing from driver's nearside;Not car passenger;Not a bus or coach passenger;No / Not applicable;0;Cyclist;More deprived 20-30%;1;Car;No tow/articulation;Overtaking moving vehicle - offside;On main c'way - not in restricted lane;Approaching junction or waiting/parked at junction approach;None;None;Did not leave carriageway;None;Front;1;Commuting to/from work;Male;26;26 - 35;-1;-1;-1;8;Urban area;8
2019010161404;535151;191862;-0.049604;51.609379;Metropolitan Police;Slight;3;2;04/02/2019;Monday;14:50;Enfield;Enfield;A;1055;Dual carriageway;40 MPH;Other junction;Auto traffic signal;Unclassified;0;None within 50 metres ;Pelican, puffin, toucan or similar non-junction pedestrian light crossing;Daylight;Raining no high winds;Wet or damp;Auto signal part defective;Other object on road;Urban;Yes;E01001559;2;1;Driver or rider;Male;61;9;Slight;Not a Pedestrian;Not a Pedestrian;Not car passenger;Not a bus or coach passenger;No / Not applicable;9;Cyclist;More deprived 20-30%;1;Car;No tow/articulation;Going ahead other;On main c'way - not in restricted lane;Approaching junction or waiting/parked at junction approach;Skidded;Kerb;Did not leave carriageway;None;Front;1;Not known;Male;21;21 - 25;-1;-1;-1;1;Urban area;1
2019010161404;535151;191862;-0.049604;51.609379;Metropolitan Police;Slight;3;2;04/02/2019;Monday;14:50;Enfield;Enfield;A;1055;Dual carriageway;40 MPH;Other junction;Auto traffic signal;Unclassified;0;None within 50 metres ;Pelican, puffin, toucan or similar non-junction pedestrian light crossing;Daylight;Raining no high winds;Wet or damp;Auto signal part defective;Other object on road;Urban;Yes;E01001559;2;1;Driver or rider;Male;61;9;Slight;Not a Pedestrian;Not a Pedestrian;Not car passenger;Not a bus or coach passenger;No / Not applicable;9;Cyclist;More deprived 20-30%;2;Car;No tow/articulation;Slowing or stopping;On main c'way - not in restricted lane;Approaching junction or waiting/parked at junction approach;None;None;Did not leave carriageway;None;Front;1;Not known;Male;61;56 - 65;-1;-1;-1;3;Urban area;3
2019010161404;535151;191862;-0.049604;51.609379;Metropolitan Police;Slight;3;2;04/02/2019;Monday;14:50;Enfield;Enfield;A;1055;Dual carriageway;40 MPH;Other junction;Auto traffic signal;Unclassified;0;None within 50 metres ;Pelican, puffin, toucan or similar non-junction pedestrian light crossing;Daylight;Raining no high winds;Wet or damp;Auto signal part defective;Other object on road;Urban;Yes;E01001559;2;1;Driver or rider;Male;61;9;Slight;Not a Pedestrian;Not a Pedestrian;Not car passenger;Not a bus or coach passenger;No / Not applicable;9;Cyclist;More deprived 20-30%;3;Van / Goods 3.5 tonnes mgw or under;No tow/articulation;Slowing or stopping;On main c'way - not in restricted lane;Approaching junction or waiting/parked at junction approach;None;None;Did not leave carriageway;None;Front;1;Commuting to/from work;Male;31;26 - 35;-1;-1;-1;4;Urban area;4
2019010161404;535151;191862;-0.049604;51.609379;Metropolitan Police;Slight;3;2;04/02/2019;Monday;14:50;Enfield;Enfield;A;1055;Dual carriageway;40 MPH;Other junction;Auto traffic signal;Unclassified;0;None within 50 metres ;Pelican, puffin, toucan or similar non-junction pedestrian light crossing;Daylight;Raining no high winds;Wet or damp;Auto signal part defective;Other object on road;Urban;Yes;E01001559;3;2;Driver or rider;Male;31;6;Slight;Not a Pedestrian;Not a Pedestrian;Not car passenger;Not a bus or coach passenger;No / Not applicable;19;Cyclist;More deprived 30-40%;1;Car;No tow/articulation;Going ahead other;On main c'way - not in restricted lane;Approaching junction or waiting/parked at junction approach;Skidded;Kerb;Did not leave carriageway;None;Front;1;Not known;Male;21;21 - 25;-1;-1;-1;1;Urban area;1
2019010161404;535151;191862;-0.049604;51.609379;Metropolitan Police;Slight;3;2;04/02/2019;Monday;14:50;Enfield;Enfield;A;1055;Dual carriageway;40 MPH;Other junction;Auto traffic signal;Unclassified;0;None within 50 metres ;Pelican, puffin, toucan or similar non-junction pedestrian light crossing;Daylight;Raining no high winds;Wet or damp;Auto signal part defective;Other object on road;Urban;Yes;E01001559;3;2;Driver or rider;Male;31;6;Slight;Not a Pedestrian;Not a Pedestrian;Not car passenger;Not a bus or coach passenger;No / Not applicable;19;Cyclist;More deprived 30-40%;2;Car;No tow/articulation;Slowing or stopping;On main c'way - not in restricted lane;Approaching junction or waiting/parked at junction approach;None;None;Did not leave carriageway;None;Front;1;Not known;Male;61;56 - 65;-1;-1;-1;3;Urban area;3
2019010161404;535151;191862;-0.049604;51.609379;Metropolitan Police;Slight;3;2;04/02/2019;Monday;14:50;Enfield;Enfield;A;1055;Dual carriageway;40 MPH;Other junction;Auto traffic signal;Unclassified;0;None within 50 metres ;Pelican, puffin, toucan or similar non-junction pedestrian light crossing;Daylight;Raining no high winds;Wet or damp;Auto signal part defective;Other object on road;Urban;Yes;E01001559;3;2;Driver or rider;Male;31;6;Slight;Not a Pedestrian;Not a Pedestrian;Not car passenger;Not a bus or coach passenger;No / Not applicable;19;Cyclist;More deprived 30-40%;3;Van / Goods 3.5 tonnes mgw or under;No tow/articulation;Slowing or stopping;On main c'way - not in restricted lane;Approaching junction or waiting/parked at junction approach;None;None;Did not leave carriageway;None;Front;1;Commuting to/from work;Male;31;26 - 35;-1;-1;-1;4;Urban area;4
2019010161405;524591;176625;-0.207411;51.474877;Metropolitan Police;Slight;2;3;04/02/2019;Monday;14:00;Hammersmith and Fulham;Hammersmith and Fulham;C;0;Single carriageway;20 MPH;T or staggered junction;Auto traffic signal;Unclassified;0;None within 50 metres ;Pedestrian phase at traffic signal junction;Darkness - lights lit;Raining no high winds;Wet or damp;None;None;Urban;Yes;E01001949;1;1;Passenger;Male;9;2;Slight;Not a Pedestrian;Not a Pedestrian;Front seat passenger;Not a bus or coach passenger;No / Not applicable;9;Cyclist;Less deprived 40-50%;1;Car;No tow/articulation;Waiting to turn right;On main c'way - not in restricted lane;Leaving main road;None;None;Did not leave carriageway;None;Back;1;Taking pupil to/from school;Female;33;26 - 35;-1;-1;-1;6;Urban area;6
2019010161405;524591;176625;-0.207411;51.474877;Metropolitan Police;Slight;2;3;04/02/2019;Monday;14:00;Hammersmith and Fulham;Hammersmith and Fulham;C;0;Single carriageway;20 MPH;T or staggered junction;Auto traffic signal;Unclassified;0;None within 50 metres ;Pedestrian phase at traffic signal junction;Darkness - lights lit;Raining no high winds;Wet or damp;None;None;Urban;Yes;E01001949;1;1;Passenger;Male;9;2;Slight;Not a Pedestrian;Not a Pedestrian;Front seat passenger;Not a bus or coach passenger;No / Not applicable;9;Cyclist;Less deprived 40-50%;2;Car;No tow/articulation;Going ahead other;On main c'way - not in restricted lane;Mid Junction - on roundabout or on main road;None;None;Did not leave carriageway;None;Front;1;Not known;Male;26;26 - 35;-1;-1;-1;1;Urban area;1
2019010161405;524591;176625;-0.207411;51.474877;Metropolitan Police;Slight;2;3;04/02/2019;Monday;14:00;Hammersmith and Fulham;Hammersmith and Fulham;C;0;Single carriageway;20 MPH;T or staggered junction;Auto traffic signal;Unclassified;0;None within 50 metres ;Pedestrian phase at traffic signal junction;Darkness - lights lit;Raining no high winds;Wet or damp;None;None;Urban;Yes;E01001949;2;2;Passenger;Male;22;5;Slight;Not a Pedestrian;Not a Pedestrian;Rear seat passenger;Not a bus or coach passenger;No / Not applicable;9;-1;Data missing or out of range;1;Car;No tow/articulation;Waiting to turn right;On main c'way - not in restricted lane;Leaving main road;None;None;Did not leave carriageway;None;Back;1;Taking pupil to/from school;Female;33;26 - 35;-1;-1;-1;6;Urban area;6
2019010161405;524591;176625;-0.207411;51.474877;Metropolitan Police;Slight;2;3;04/02/2019;Monday;14:00;Hammersmith and Fulham;Hammersmith and Fulham;C;0;Single carriageway;20 MPH;T or staggered junction;Auto traffic signal;Unclassified;0;None within 50 metres ;Pedestrian phase at traffic signal junction;Darkness - lights lit;Raining no high winds;Wet or damp;None;None;Urban;Yes;E01001949;2;2;Passenger;Male;22;5;Slight;Not a Pedestrian;Not a Pedestrian;Rear seat passenger;Not a bus or coach passenger;No / Not applicable;9;-1;Data missing or out of range;2;Car;No tow/articulation;Going ahead other;On main c'way - not in restricted lane;Mid Junction - on roundabout or on main road;None;None;Did not leave carriageway;None;Front;1;Not known;Male;26;26 - 35;-1;-1;-1;1;Urban area;1
2019010161405;524591;176625;-0.207411;51.474877;Metropolitan Police;Slight;2;3;04/02/2019;Monday;14:00;Hammersmith and Fulham;Hammersmith and Fulham;C;0;Single carriageway;20 MPH;T or staggered junction;Auto traffic signal;Unclassified;0;None within 50 metres ;Pedestrian phase at traffic signal junction;Darkness - lights lit;Raining no high winds;Wet or damp;None;None;Urban;Yes;E01001949;2;3;Passenger;Male;26;6;Slight;Not a Pedestrian;Not a Pedestrian;Front seat passenger;Not a bus or coach passenger;No / Not applicable;9;-1;Data missing or out of range;1;Car;No tow/articulation;Waiting to turn right;On main c'way - not in restricted lane;Leaving main road;None;None;Did not leave carriageway;None;Back;1;Taking pupil to/from school;Female;33;26 - 35;-1;-1;-1;6;Urban area;6
2019010161405;524591;176625;-0.207411;51.474877;Metropolitan Police;Slight;2;3;04/02/2019;Monday;14:00;Hammersmith and Fulham;Hammersmith and Fulham;C;0;Single carriageway;20 MPH;T or staggered junction;Auto traffic signal;Unclassified;0;None within 50 metres ;Pedestrian phase at traffic signal junction;Darkness - lights lit;Raining no high winds;Wet or damp;None;None;Urban;Yes;E01001949;2;3;Passenger;Male;26;6;Slight;Not a Pedestrian;Not a Pedestrian;Front seat passenger;Not a bus or coach passenger;No / Not applicable;9;-1;Data missing or out of range;2;Car;No tow/articulation;Going ahead other;On main c'way - not in restricted lane;Mid Junction - on roundabout or on main road;None;None;Did not leave carriageway;None;Front;1;Not known;Male;26;26 - 35;-1;-1;-1;1;Urban area;1
2019010161409;516332;183016;-0.324169;51.534074;Metropolitan Police;Slight;2;1;04/02/2019;Monday;07:40;Ealing;Ealing;B;452;Single carriageway;30 MPH;T or staggered junction;Auto traffic signal;C;0;None within 50 metres ;Pedestrian phase at traffic signal junction;Daylight;Raining no high winds;Wet or damp;None;None;Urban;Yes;E01001348;1;1;Driver or rider;Female;55;8;Slight;Not a Pedestrian;Not a Pedestrian;Not car passenger;Not a bus or coach passenger;No / Not applicable;9;Cyclist;Less deprived 40-50%;1;Car;No tow/articulation;Turning right;On main c'way - not in restricted lane;Mid Junction - on roundabout or on main road;None;None;Did not leave carriageway;None;Front;1;Commuting to/from work;Female;55;46 - 55;-1;-1;-1;6;Urban area;6
2019010161409;516332;183016;-0.324169;51.534074;Metropolitan Police;Slight;2;1;04/02/2019;Monday;07:40;Ealing;Ealing;B;452;Single carriageway;30 MPH;T or staggered junction;Auto traffic signal;C;0;None within 50 metres ;Pedestrian phase at traffic signal junction;Daylight;Raining no high winds;Wet or damp;None;None;Urban;Yes;E01001348;1;1;Driver or rider;Female;55;8;Slight;Not a Pedestrian;Not a Pedestrian;Not car passenger;Not a bus or coach passenger;No / Not applicable;9;Cyclist;Less deprived 40-50%;2;Van / Goods 3.5 tonnes mgw or under;No tow/articulation;Turning left;On main c'way - not in restricted lane;Mid Junction - on roundabout or on main road;None;None;Did not leave carriageway;None;Back;1;Not known;Male;29;26 - 35;-1;-1;-1;5;Urban area;5
2019010161410;540367;177277;0.019861;51.477045;Metropolitan Police;Slight;2;1;28/01/2019;Monday;07:45;Greenwich;Greenwich;B;211;Roundabout;30 MPH;T or staggered junction;Give way or uncontrolled;B;210;Data missing or out of range;Data missing or out of range;Daylight;Fine no high winds;Dry;None;None;Urban;No - accident was reported using a self completion  form (self rep only);E01001581;1;1;Driver or rider;Male;37;7;Slight;Not a Pedestrian;Not a Pedestrian;Not car passenger;Not a bus or coach passenger;No / Not applicable;97;Cyclist;Less deprived 40-50%;1;Motorcycle - unknown cc;No tow/articulation;Waiting to go - held up;On main c'way - not in restricted lane;Approaching junction or waiting/parked at junction approach;Overturned;None;Did not leave carriageway;None;Back;1;Not known;Male;37;36 - 45;-1;-1;-1;6;Urban area;6
2019010161410;540367;177277;0.019861;51.477045;Metropolitan Police;Slight;2;1;28/01/2019;Monday;07:45;Greenwich;Greenwich;B;211;Roundabout;30 MPH;T or staggered junction;Give way or uncontrolled;B;210;Data missing or out of range;Data missing or out of range;Daylight;Fine no high winds;Dry;None;None;Urban;No - accident was reported using a self completion  form (self rep only);E01001581;1;1;Driver or rider;Male;37;7;Slight;Not a Pedestrian;Not a Pedestrian;Not car passenger;Not a bus or coach passenger;No / Not applicable;97;Cyclist;Less deprived 40-50%;2;Car;No tow/articulation;Going ahead other;On main c'way - not in restricted lane;Approaching junction or waiting/parked at junction approach;None;None;Did not leave carriageway;None;Front;-1;Not known;Female;-1;Data missing or out of range;-1;-1;-1;-1;Data missing or out of range;-1
2019010161414;524287;178882;-0.210992;51.495228;Metropolitan Police;Slight;2;1;04/02/2019;Monday;09:20;Hammersmith and Fulham;Hammersmith and Fulham;A;315;Single carriageway;30 MPH;T or staggered junction;Auto traffic signal;B;317;None within 50 metres ;Pedestrian phase at traffic signal junction;Daylight;Fine no high winds;Wet or damp;None;None;Urban;Yes;E01001866;2;1;Driver or rider;Male;48;8;Slight;Not a Pedestrian;Not a Pedestrian;Not car passenger;Not a bus or coach passenger;No / Not applicable;1;Cyclist;More deprived 20-30%;1;Goods 7.5 tonnes mgw and over;No tow/articulation;Changing lane to left;Bus lane;Approaching junction or waiting/parked at junction approach;None;None;Did not leave carriageway;None;Back;1;Journey as part of work;Male;31;26 - 35;-1;-1;-1;2;Urban area;2
2019010161414;524287;178882;-0.210992;51.495228;Metropolitan Police;Slight;2;1;04/02/2019;Monday;09:20;Hammersmith and Fulham;Hammersmith and Fulham;A;315;Single carriageway;30 MPH;T or staggered junction;Auto traffic signal;B;317;None within 50 metres ;Pedestrian phase at traffic signal junction;Daylight;Fine no high winds;Wet or damp;None;None;Urban;Yes;E01001866;2;1;Driver or rider;Male;48;8;Slight;Not a Pedestrian;Not a Pedestrian;Not car passenger;Not a bus or coach passenger;No / Not applicable;1;Cyclist;More deprived 20-30%;2;Pedal cycle;No tow/articulation;Going ahead other;Bus lane;Approaching junction or waiting/parked at junction approach;Overturned;None;Did not leave carriageway;None;Back;1;Commuting to/from work;Male;48;46 - 55;-1;-1;-1;3;Urban area;3
2019010161416;533948;168279;-0.075913;51.397739;Metropolitan Police;Slight;2;1;01/02/2019;Friday;09:15;Croydon;Croydon;C;0;One way street;20 MPH;Slip road;Data missing or out of range;Unclassified;0;None within 50 metres ;No physical crossing facilities within 50 metres;Daylight;Snowing no high winds;Frost or ice;None;None;Urban;No - accident was reported using a self completion  form (self rep only);E01001136;1;1;Driver or rider;Male;31;6;Slight;Not a Pedestrian;Not a Pedestrian;Not car passenger;Not a bus or coach passenger;No / Not applicable;9;Cyclist;More deprived 10-20%;1;Car;No tow/articulation;Data missing or out of range;Data missing or out of range;Data missing or out of range;Data missing or out of range;Data missing or out of range;Data missing or out of range;Data missing or out of range;Front;-1;Not known;Male;31;26 - 35;-1;-1;-1;2;Urban area;2
2019010161416;533948;168279;-0.075913;51.397739;Metropolitan Police;Slight;2;1;01/02/2019;Friday;09:15;Croydon;Croydon;C;0;One way street;20 MPH;Slip road;Data missing or out of range;Unclassified;0;None within 50 metres ;No physical crossing facilities within 50 metres;Daylight;Snowing no high winds;Frost or ice;None;None;Urban;No - accident was reported using a self completion  form (self rep only);E01001136;1;1;Driver or rider;Male;31;6;Slight;Not a Pedestrian;Not a Pedestrian;Not car passenger;Not a bus or coach passenger;No / Not applicable;9;Cyclist;More deprived 10-20%;2;Car;Data missing or out of range;Data missing or out of range;Data missing or out of range;Data missing or out of range;Data missing or out of range;Data missing or out of range;Data missing or out of range;Data missing or out of range;Front;-1;Not known;Not known;-1;Data missing or out of range;-1;-1;-1;-1;Data missing or out of range;-1
2019010161419;513471;175793;-0.367721;51.469736;Metropolitan Police;Slight;1;1;04/02/2019;Monday;21:40;Hounslow;Hounslow;Unclassified;0;Single carriageway;20 MPH;Not at junction or within 20 metres;Data missing or out of range;-1;0;None within 50 metres ;No physical crossing facilities within 50 metres;Daylight;Fine no high winds;Wet or damp;None;None;Urban;Yes;E01002662;1;1;Pedestrian;Male;45;7;Slight;In carriageway, crossing elsewhere;Crossing from driver's offside;Not car passenger;Not a bus or coach passenger;No / Not applicable;0;Motorcycle 125cc and under rider or passenger;Least deprived 10%;1;Van / Goods 3.5 tonnes mgw or under;No tow/articulation;Reversing;On main c'way - not in restricted lane;Not at or within 20 metres of junction;None;None;Did not leave carriageway;None;Back;1;Not known;Male;32;26 - 35;-1;-1;-1;5;Urban area;5
2019010161422;529274;183610;-0.137459;51.536601;Metropolitan Police;Slight;2;1;03/02/2019;Sunday;18:00;Camden;Camden;Unclassified;0;One way street;20 MPH;Not at junction or within 20 metres;Data missing or out of range;-1;0;Control by other authorised person;Zebra;Darkness - lights lit;Fine no high winds;Data missing or out of range;None;None;Urban;No - accident was reported using a self completion  form (self rep only);E01000959;1;1;Driver or rider;Male;51;8;Slight;Not a Pedestrian;Not a Pedestrian;Not car passenger;Not a bus or coach passenger;No / Not applicable;1;Cyclist;More deprived 20-30%;1;Pedal cycle;Data missing or out of range;Data missing or out of range;Data missing or out of range;Not at or within 20 metres of junction;Data missing or out of range;Data missing or out of range;Data missing or out of range;Data missing or out of range;Data missing or out of range;1;Not known;Male;51;46 - 55;-1;-1;-1;3;Urban area;3
2019010161422;529274;183610;-0.137459;51.536601;Metropolitan Police;Slight;2;1;03/02/2019;Sunday;18:00;Camden;Camden;Unclassified;0;One way street;20 MPH;Not at junction or within 20 metres;Data missing or out of range;-1;0;Control by other authorised person;Zebra;Darkness - lights lit;Fine no high winds;Data missing or out of range;None;None;Urban;No - accident was reported using a self completion  form (self rep only);E01000959;1;1;Driver or rider;Male;51;8;Slight;Not a Pedestrian;Not a Pedestrian;Not car passenger;Not a bus or coach passenger;No / Not applicable;1;Cyclist;More deprived 20-30%;2;Car;No tow/articulation;Data missing or out of range;Data missing or out of range;Not at or within 20 metres of junction;Data missing or out of range;Data missing or out of range;Data missing or out of range;Data missing or out of range;Data missing or out of range;-1;Not known;Not known;-1;Data missing or out of range;-1;-1;-1;-1;Data missing or out of range;-1
2019010161423;535346;176690;-0.052618;51.472993;Metropolitan Police;Slight;2;1;04/02/2019;Monday;08:30;Lewisham;Lewisham;A;202;Single carriageway;30 MPH;T or staggered junction;Auto traffic signal;B;2227;Data missing or out of range;Pedestrian phase at traffic signal junction;Daylight;Fine no high winds;Wet or damp;None;None;Urban;No - accident was reported using a self completion  form (self rep only);E01003339;1;1;Driver or rider;Male;42;7;Slight;Not a Pedestrian;Not a Pedestrian;Not car passenger;Not a bus or coach passenger;No / Not applicable;1;Cyclist;More deprived 40-50%;1;Pedal cycle;Data missing or out of range;Data missing or out of range;Data missing or out of range;Data missing or out of range;Data missing or out of range;Data missing or out of range;Data missing or out of range;Data missing or out of range;Data missing or out of range;1;Commuting to/from work;Male;42;36 - 45;-1;-1;-1;5;Urban area;5
2019010161423;535346;176690;-0.052618;51.472993;Metropolitan Police;Slight;2;1;04/02/2019;Monday;08:30;Lewisham;Lewisham;A;202;Single carriageway;30 MPH;T or staggered junction;Auto traffic signal;B;2227;Data missing or out of range;Pedestrian phase at traffic signal junction;Daylight;Fine no high winds;Wet or damp;None;None;Urban;No - accident was reported using a self completion  form (self rep only);E01003339;1;1;Driver or rider;Male;42;7;Slight;Not a Pedestrian;Not a Pedestrian;Not car passenger;Not a bus or coach passenger;No / Not applicable;1;Cyclist;More deprived 40-50%;2;Car;No tow/articulation;Data missing or out of range;Data missing or out of range;Data missing or out of range;Data missing or out of range;Data missing or out of range;Data missing or out of range;Data missing or out of range;Front;-1;Not known;Not known;41;36 - 45;-1;-1;-1;4;Urban area;4
2019010161425;520268;166659;-0.273007;51.386241;Metropolitan Police;Slight;3;1;04/02/2019;Monday;07:30;Kingston upon Thames;Kingston upon Thames;A;3;Single carriageway;30 MPH;Not at junction or within 20 metres;Data missing or out of range;-1;0;None within 50 metres ;No physical crossing facilities within 50 metres;Daylight;Raining no high winds;Wet or damp;None;None;Urban;Yes;E01002915;1;1;Driver or rider;Male;41;7;Slight;Not a Pedestrian;Not a Pedestrian;Not car passenger;Not a bus or coach passenger;No / Not applicable;9;Cyclist;Less deprived 20-30%;1;Car;No tow/articulation;Overtaking - nearside;On main c'way - not in restricted lane;Not at or within 20 metres of junction;None;Parked vehicle;Did not leave carriageway;None;Offside;2;Not known;Male;41;36 - 45;-1;-1;-1;8;Urban area;8
2019010161425;520268;166659;-0.273007;51.386241;Metropolitan Police;Slight;3;1;04/02/2019;Monday;07:30;Kingston upon Thames;Kingston upon Thames;A;3;Single carriageway;30 MPH;Not at junction or within 20 metres;Data missing or out of range;-1;0;None within 50 metres ;No physical crossing facilities within 50 metres;Daylight;Raining no high winds;Wet or damp;None;None;Urban;Yes;E01002915;1;1;Driver or rider;Male;41;7;Slight;Not a Pedestrian;Not a Pedestrian;Not car passenger;Not a bus or coach passenger;No / Not applicable;9;Cyclist;Less deprived 20-30%;2;Car;No tow/articulation;Slowing or stopping;On main c'way - not in restricted lane;Not at or within 20 metres of junction;None;None;Did not leave carriageway;None;Offside;1;Not known;Male;33;26 - 35;-1;-1;-1;8;Urban area;8
2019010161425;520268;166659;-0.273007;51.386241;Metropolitan Police;Slight;3;1;04/02/2019;Monday;07:30;Kingston upon Thames;Kingston upon Thames;A;3;Single carriageway;30 MPH;Not at junction or within 20 metres;Data missing or out of range;-1;0;None within 50 metres ;No physical crossing facilities within 50 metres;Daylight;Raining no high winds;Wet or damp;None;None;Urban;Yes;E01002915;1;1;Driver or rider;Male;41;7;Slight;Not a Pedestrian;Not a Pedestrian;Not car passenger;Not a bus or coach passenger;No / Not applicable;9;Cyclist;Less deprived 20-30%;3;Van / Goods 3.5 tonnes mgw or under;No tow/articulation;Parked;On main c'way - not in restricted lane;Not at or within 20 metres of junction;None;None;Did not leave carriageway;None;Offside;1;Not known;Not known;-1;Data missing or out of range;-1;-1;-1;-1;Data missing or out of range;-1