Accident_Index;Location_Easting_OSGR;Location_Northing_OSGR;Longitude;Latitude;Police_Force;Accident_Severity;Number_of_Vehicles;Number_of_Casualties;Date;Day_of_Week;Time;Local_Authority_(District);Local_Authority_(Highway);1st_Road_Class;1st_Road_Number;Road_Type;Speed_limit;Junction_Detail;Junction_Control;2nd_Road_Class;2nd_Road_Number;Pedestrian_Crossing-Human_Control;Pedestrian_Crossing-Physical_Facilities;Light_Conditions;Weather_Conditions;Road_Surface_Conditions;Special_Conditions_at_Site;Carriageway_Hazards;Urban_or_Rural_Area;Did_Police_Officer_Attend_Scene_of_Accident;LSOA_of_Accident_Location;Vehicle_Reference_x;Casualty_Reference;Casualty_Class;Sex_of_Casualty;Age_of_Casualty;Age_Band_of_Casualty;Casualty_Severity;Pedestrian_Location;Pedestrian_Movement;Car_Passenger;Bus_or_Coach_Passenger;Pedestrian_Road_Maintenance_Worker;Casualty_Type;Casualty_Home_Area_Type;Casualty_IMD_Decile;Vehicle_Reference_y;Vehicle_Type;Towing_and_Articulation;Vehicle_Manoeuvre;Vehicle_Location-Restricted_Lane;Junction_Location;Skidding_and_Overturning;Hit_Object_in_Carriageway;Vehicle_Leaving_Carriageway;Hit_Object_off_Carriageway;1st_Point_of_Impact;Was_Vehicle_Left_Hand_Drive?;Journey_Purpose_of_Driver;Sex_of_Driver;Age_of_Driver;Age_Band_of_Driver;Engine_Capacity_(CC);Propulsion_Code;Age_of_Vehicle;Driver_IMD_Decile;Driver_Home_Area_Type;Vehicle_IMD_Decile
2019010161499;534324;182823;-0.06499;51.52835;Metropolitan Police;Slight;2;1;03/02/2019;Sunday;10:20;Tower Hamlets;Tower Hamlets;B;118;Single carriageway;30 MPH;Crossroads;Data missing or out of range;B;118;None within 50 metres ;Zebra;Daylight;Fine no high winds;Dry;None;None;Urban;No - accident was reported using a self completion  form (self rep only);E01004204;1;1;Driver or rider;Male;32;6;Slight;Not a Pedestrian;Not a Pedestrian;Not car passenger;Not a bus or coach passenger;No / Not applicable;3;Cyclist;More deprived 20-30%;1;Motorcycle 125cc and under;No tow/articulation;Data missing or out of range;Data missing or out of range;Data missing or out of range;Data missing or out of range;Data missing or out of range;Data missing or out of range;Data missing or out of range;Data missing or out of range;1;Not known;Male;32;26 - 35;-1;-1;-1;3;Urban area;3
2019010161499;534324;182823;-0.06499;51.52835;Metropolitan Police;Slight;2;1;03/02/2019;Sunday;10:20;Tower Hamlets;Tower Hamlets;B;118;Single carriageway;30 MPH;Crossroads;Data missing or out of range;B;118;None within 50 metres ;Zebra;Daylight;Fine no high winds;Dry;None;None;Urban;No - accident was reported using a self completion  form (self rep only);E01004204;1;1;Driver or rider;Male;32;6;Slight;Not a Pedestrian;Not a Pedestrian;Not car passenger;Not a bus or coach passenger;No / Not applicable;3;Cyclist;More deprived 20-30%;2;Motorcycle 125cc and under;Data missing or out of range;Data missing or out of range;On main c'way - not in restricted lane;Data missing or out of range;None;None;Did not leave carriageway;None;Data missing or out of range;1;Not known;Male;-1;Data missing or out of range;-1;-1;-1;-1;Data missing or out of range;-1
2019010161500;533529;184789;-0.075698;51.546206;Metropolitan Police;Slight;2;1;31/01/2019;Thursday;21:10;Hackney;Hackney;A;104;Single carriageway;20 MPH;Crossroads;Auto traffic signal;A;10;None within 50 metres ;Pedestrian phase at traffic signal junction;Darkness - lights lit;Other;Wet or damp;None;None;Urban;No - accident was reported using a self completion  form (self rep only);E01033699;1;1;Driver or rider;Male;18;4;Slight;Not a Pedestrian;Not a Pedestrian;Not car passenger;Not a bus or coach passenger;No / Not applicable;3;Cyclist;More deprived 30-40%;1;Motorcycle 125cc and under;No tow/articulation;Data missing or out of range;Data missing or out of range;Data missing or out of range;Data missing or out of range;Data missing or out of range;Data missing or out of range;Data missing or out of range;Front;1;Not known;Male;18;16 - 20;-1;-1;-1;4;Urban area;4
2019010161500;533529;184789;-0.075698;51.546206;Metropolitan Police;Slight;2;1;31/01/2019;Thursday;21:10;Hackney;Hackney;A;104;Single carriageway;20 MPH;Crossroads;Auto traffic signal;A;10;None within 50 metres ;Pedestrian phase at traffic signal junction;Darkness - lights lit;Other;Wet or damp;None;None;Urban;No - accident was reported using a self completion  form (self rep only);E01033699;1;1;Driver or rider;Male;18;4;Slight;Not a Pedestrian;Not a Pedestrian;Not car passenger;Not a bus or coach passenger;No / Not applicable;3;Cyclist;More deprived 30-40%;2;Pedal cycle;Data missing or out of range;Data missing or out of range;Data missing or out of range;Data missing or out of range;Data missing or out of range;Data missing or out of range;Data missing or out of range;Data missing or out of range;Data missing or out of range;1;Not known;Not known;-1;Data missing or out of range;-1;-1;-1;3;Urban area;3
2019010161504;554272;193714;0.227135;51.62111;Metropolitan Police;Slight;3;1;04/02/2019;Monday;07:50;Havering;Havering;C;0;Single carriageway;30 MPH;T or staggered junction;Give way or uncontrolled;C;0;None within 50 metres ;No physical crossing facilities within 50 metres;Daylight;Raining no high winds;Wet or damp;None;None;Rural;Yes;E01002276;1;1;Driver or rider;Male;53;8;Slight;Not a Pedestrian;Not a Pedestrian;Not car passenger;Not a bus or coach passenger;No / Not applicable;9;Cyclist;More deprived 40-50%;1;Car;No tow/articulation;Waiting to turn right;On main c'way - not in restricted lane;Approaching junction or waiting/parked at junction approach;None;None;Did not leave carriageway;None;Offside;1;Not known;Male;53;46 - 55;-1;-1;-1;5;Urban area;5
2019010161504;554272;193714;0.227135;51.62111;Metropolitan Police;Slight;3;1;04/02/2019;Monday;07:50;Havering;Havering;C;0;Single carriageway;30 MPH;T or staggered junction;Give way or uncontrolled;C;0;None within 50 metres ;No physical crossing facilities within 50 metres;Daylight;Raining no high winds;Wet or damp;None;None;Rural;Yes;E01002276;1;1;Driver or rider;Male;53;8;Slight;Not a Pedestrian;Not a Pedestrian;Not car passenger;Not a bus or coach passenger;No / Not applicable;9;Cyclist;More deprived 40-50%;2;Car;No tow/articulation;Turning left;On main c'way - not in restricted lane;Leaving main road;None;None;Did not leave carriageway;None;Front;1;Not known;Not known;-1;Data missing or out of range;-1;-1;-1;-1;Data missing or out of range;-1
2019010161504;554272;193714;0.227135;51.62111;Metropolitan Police;Slight;3;1;04/02/2019;Monday;07:50;Havering;Havering;C;0;Single carriageway;30 MPH;T or staggered junction;Give way or uncontrolled;C;0;None within 50 metres ;No physical crossing facilities within 50 metres;Daylight;Raining no high winds;Wet or damp;None;None;Rural;Yes;E01002276;1;1;Driver or rider;Male;53;8;Slight;Not a Pedestrian;Not a Pedestrian;Not car passenger;Not a bus or coach passenger;No / Not applicable;9;Cyclist;More deprived 40-50%;3;Car;No tow/articulation;Waiting to go - held up;On main c'way - not in restricted lane;Approaching junction or waiting/parked at junction approach;None;None;Did not leave carriageway;None;Did not impact;1;Not known;Male;66;66 - 75;-1;-1;-1;5;Rural;5
2019010161507;529362;182096;-0.136747;51.522975;Metropolitan Police;Slight;2;1;03/02/2019;Sunday;16:48;Camden;Camden;A;400;One way street;20 MPH;Crossroads;Auto traffic signal;C;0;Data missing or out of range;Pedestrian phase at traffic signal junction;Daylight;Fine no high winds;Dry;None;None;Urban;No - accident was reported using a self completion  form (self rep only);E01000854;1;1;Driver or rider;Male;20;4;Slight;Not a Pedestrian;Not a Pedestrian;Not car passenger;Not a bus or coach passenger;No / Not applicable;2;Cyclist;More deprived 10-20%;1;Motorcycle 50cc and under;No tow/articulation;Data missing or out of range;Data missing or out of range;Data missing or out of range;Data missing or out of range;Data missing or out of range;Data missing or out of range;Data missing or out of range;Back;1;Not known;Male;20;16 - 20;-1;-1;-1;2;Urban area;2
2019010161507;529362;182096;-0.136747;51.522975;Metropolitan Police;Slight;2;1;03/02/2019;Sunday;16:48;Camden;Camden;A;400;One way street;20 MPH;Crossroads;Auto traffic signal;C;0;Data missing or out of range;Pedestrian phase at traffic signal junction;Daylight;Fine no high winds;Dry;None;None;Urban;No - accident was reported using a self completion  form (self rep only);E01000854;1;1;Driver or rider;Male;20;4;Slight;Not a Pedestrian;Not a Pedestrian;Not car passenger;Not a bus or coach passenger;No / Not applicable;2;Cyclist;More deprived 10-20%;2;Car;No tow/articulation;Data missing or out of range;Data missing or out of range;Data missing or out of range;Data missing or out of range;Data missing or out of range;Data missing or out of range;Data missing or out of range;Front;-1;Not known;Not known;69;66 - 75;-1;-1;-1;2;Urban area;2
2019010161513;534530;181600;-0.062489;51.517311;Metropolitan Police;Slight;2;1;04/02/2019;Monday;18:27;Tower Hamlets;Tower Hamlets;B;108;Single carriageway;20 MPH;Crossroads;Give way or uncontrolled;C;0;None within 50 metres ;No physical crossing facilities within 50 metres;Darkness - lights lit;Other;Wet or damp;None;None;Urban;Yes;E01004321;1;1;Driver or rider;Male;23;5;Slight;Not a Pedestrian;Not a Pedestrian;Not car passenger;Not a bus or coach passenger;No / Not applicable;3;Cyclist;More deprived 10-20%;1;Motorcycle 125cc and under;No tow/articulation;Going ahead other;On main c'way - not in restricted lane;Mid Junction - on roundabout or on main road;Overturned;None;Did not leave carriageway;None;Nearside;1;Commuting to/from work;Male;23;21 - 25;-1;-1;-1;2;Urban area;2
2019010161513;534530;181600;-0.062489;51.517311;Metropolitan Police;Slight;2;1;04/02/2019;Monday;18:27;Tower Hamlets;Tower Hamlets;B;108;Single carriageway;20 MPH;Crossroads;Give way or uncontrolled;C;0;None within 50 metres ;No physical crossing facilities within 50 metres;Darkness - lights lit;Other;Wet or damp;None;None;Urban;Yes;E01004321;1;1;Driver or rider;Male;23;5;Slight;Not a Pedestrian;Not a Pedestrian;Not car passenger;Not a bus or coach passenger;No / Not applicable;3;Cyclist;More deprived 10-20%;2;Car;No tow/articulation;Going ahead other;On main c'way - not in restricted lane;Mid Junction - on roundabout or on main road;None;None;Did not leave carriageway;None;Front;1;Not known;Female;43;36 - 45;-1;-1;-1;2;Urban area;2
2019010161515;532634;183682;-0.089015;51.536469;Metropolitan Police;Slight;1;1;04/02/2019;Monday;18:50;Hackney;Hackney;C;0;Single carriageway;20 MPH;T or staggered junction;Give way or uncontrolled;Unclassified;0;None within 50 metres ;No physical crossing facilities within 50 metres;Darkness - lights lit;Fine no high winds;Wet or damp;None;None;Urban;Yes;E01002798;1;1;Driver or rider;Male;29;6;Slight;Not a Pedestrian;Not a Pedestrian;Not car passenger;Not a bus or coach passenger;No / Not applicable;3;Cyclist;More deprived 40-50%;1;Motorcycle 125cc and under;No tow/articulation;Going ahead other;On main c'way - not in restricted lane;Approaching junction or waiting/parked at junction approach;Skidded;None;Did not leave carriageway;None;Did not impact;1;Journey as part of work;Male;29;26 - 35;-1;-1;-1;5;Urban area;5
2019010161520;522203;180091;-0.240579;51.506548;Metropolitan Police;Slight;2;1;04/02/2019;Monday;17:50;Hammersmith and Fulham;Hammersmith and Fulham;A;4020;Single carriageway;30 MPH;T or staggered junction;Give way or uncontrolled;Unclassified;0;None within 50 metres ;Pelican, puffin, toucan or similar non-junction pedestrian light crossing;Daylight;Fine no high winds;Dry;None;None;Urban;Yes;E01001860;1;1;Driver or rider;Male;18;4;Slight;Not a Pedestrian;Not a Pedestrian;Not car passenger;Not a bus or coach passenger;No / Not applicable;3;Cyclist;More deprived 10-20%;1;Motorcycle 125cc and under;No tow/articulation;Going ahead other;On main c'way - not in restricted lane;Mid Junction - on roundabout or on main road;None;None;Did not leave carriageway;None;Nearside;1;Not known;Male;18;16 - 20;-1;-1;-1;2;Urban area;2
2019010161520;522203;180091;-0.240579;51.506548;Metropolitan Police;Slight;2;1;04/02/2019;Monday;17:50;Hammersmith and Fulham;Hammersmith and Fulham;A;4020;Single carriageway;30 MPH;T or staggered junction;Give way or uncontrolled;Unclassified;0;None within 50 metres ;Pelican, puffin, toucan or similar non-junction pedestrian light crossing;Daylight;Fine no high winds;Dry;None;None;Urban;Yes;E01001860;1;1;Driver or rider;Male;18;4;Slight;Not a Pedestrian;Not a Pedestrian;Not car passenger;Not a bus or coach passenger;No / Not applicable;3;Cyclist;More deprived 10-20%;2;Car;No tow/articulation;Turning right;On main c'way - not in restricted lane;Mid Junction - on roundabout or on main road;None;None;Did not leave carriageway;None;Front;1;Commuting to/from work;Female;67;66 - 75;-1;-1;-1;3;Urban area;3
2019010161521;512330;185944;-0.38091;51.5612;Metropolitan Police;Slight;2;1;04/02/2019;Monday;14:48;Hillingdon;Hillingdon;C;0;One way street;30 MPH;Not at junction or within 20 metres;Data missing or out of range;-1;0;None within 50 metres ;No physical crossing facilities within 50 metres;Daylight;Fog or mist;Wet or damp;None;None;Urban;Yes;E01002496;1;1;Driver or rider;Male;39;7;Slight;Not a Pedestrian;Not a Pedestrian;Not car passenger;Not a bus or coach passenger;No / Not applicable;9;Cyclist;Less deprived 10-20%;1;Car;No tow/articulation;Waiting to go - held up;On main c'way - not in restricted lane;Not at or within 20 metres of junction;None;None;Did not leave carriageway;None;Front;1;Not known;Male;39;36 - 45;-1;-1;-1;9;Urban area;9
2019010161521;512330;185944;-0.38091;51.5612;Metropolitan Police;Slight;2;1;04/02/2019;Monday;14:48;Hillingdon;Hillingdon;C;0;One way street;30 MPH;Not at junction or within 20 metres;Data missing or out of range;-1;0;None within 50 metres ;No physical crossing facilities within 50 metres;Daylight;Fog or mist;Wet or damp;None;None;Urban;Yes;E01002496;1;1;Driver or rider;Male;39;7;Slight;Not a Pedestrian;Not a Pedestrian;Not car passenger;Not a bus or coach passenger;No / Not applicable;9;Cyclist;Less deprived 10-20%;2;Car;No tow/articulation;Turning right;On main c'way - not in restricted lane;Not at or within 20 metres of junction;None;None;Did not leave carriageway;None;Offside;1;Not known;Male;64;56 - 65;-1;-1;-1;7;Urban area;7
2019010161526;531653;173049;-0.107113;51.441143;Metropolitan Police;Slight;2;1;04/02/2019;Monday;02:44;Lambeth;Lambeth;A;205;One way street;30 MPH;Not at junction or within 20 metres;Data missing or out of range;-1;0;Data missing or out of range;Zebra;Daylight;Raining no high winds;Wet or damp;None;None;Urban;No - accident was reported using a self completion  form (self rep only);E01003164;1;1;Driver or rider;Male;44;7;Slight;Not a Pedestrian;Not a Pedestrian;Not car passenger;Not a bus or coach passenger;No / Not applicable;19;Cyclist;More deprived 10-20%;1;Van / Goods 3.5 tonnes mgw or under;No tow/articulation;Data missing or out of range;Data missing or out of range;Not at or within 20 metres of junction;Data missing or out of range;Data missing or out of range;Data missing or out of range;Data missing or out of range;Back;-1;Not known;Male;44;36 - 45;-1;-1;-1;2;Urban area;2
2019010161526;531653;173049;-0.107113;51.441143;Metropolitan Police;Slight;2;1;04/02/2019;Monday;02:44;Lambeth;Lambeth;A;205;One way street;30 MPH;Not at junction or within 20 metres;Data missing or out of range;-1;0;Data missing or out of range;Zebra;Daylight;Raining no high winds;Wet or damp;None;None;Urban;No - accident was reported using a self completion  form (self rep only);E01003164;1;1;Driver or rider;Male;44;7;Slight;Not a Pedestrian;Not a Pedestrian;Not car passenger;Not a bus or coach passenger;No / Not applicable;19;Cyclist;More deprived 10-20%;2;Car;No tow/articulation;Data missing or out of range;Data missing or out of range;Not at or within 20 metres of junction;Data missing or out of range;Data missing or out of range;Data missing or out of range;Data missing or out of range;Front;-1;Not known;Not known;30;26 - 35;-1;-1;-1;9;Urban area;9
2019010161532;535959;180997;-0.042139;51.51155;Metropolitan Police;Slight;2;1;04/02/2019;Monday;19:37;Tower Hamlets;Tower Hamlets;B;145;Single carriageway;20 MPH;T or staggered junction;Auto traffic signal;B;126;None within 50 metres ;No physical crossing facilities within 50 metres;Darkness - lights lit;Raining no high winds;Wet or damp;None;None;Urban;No - accident was reported using a self completion  form (self rep only);E01032769;1;1;Driver or rider;Male;33;6;Slight;Not a Pedestrian;Not a Pedestrian;Not car passenger;Not a bus or coach passenger;No / Not applicable;9;Cyclist;More deprived 20-30%;1;Car;No tow/articulation;Data missing or out of range;Data missing or out of range;Data missing or out of range;Data missing or out of range;Data missing or out of range;Data missing or out of range;Data missing or out of range;Back;-1;Commuting to/from work;Male;33;26 - 35;-1;-1;-1;3;Urban area;3
2019010161532;535959;180997;-0.042139;51.51155;Metropolitan Police;Slight;2;1;04/02/2019;Monday;19:37;Tower Hamlets;Tower Hamlets;B;145;Single carriageway;20 MPH;T or staggered junction;Auto traffic signal;B;126;None within 50 metres ;No physical crossing facilities within 50 metres;Darkness - lights lit;Raining no high winds;Wet or damp;None;None;Urban;No - accident was reported using a self completion  form (self rep only);E01032769;1;1;Driver or rider;Male;33;6;Slight;Not a Pedestrian;Not a Pedestrian;Not car passenger;Not a bus or coach passenger;No / Not applicable;9;Cyclist;More deprived 20-30%;2;Car;No tow/articulation;Data missing or out of range;Data missing or out of range;Data missing or out of range;Data missing or out of range;Data missing or out of range;Data missing or out of range;Data missing or out of range;Front;-1;Not known;Not known;-1;Data missing or out of range;-1;-1;-1;4;Urban area;4
2019010161538;542943;171853;0.05474;51.427662;Metropolitan Police;Slight;2;1;30/01/2019;Wednesday;08:50;Bromley;Bromley;A;208;Single carriageway;30 MPH;Crossroads;Auto traffic signal;C;0;None within 50 metres ;Pedestrian phase at traffic signal junction;Daylight;Fine no high winds;Wet or damp;None;None;Urban;No - accident was reported using a self completion  form (self rep only);E01001602;1;1;Driver or rider;Male;35;6;Slight;Not a Pedestrian;Not a Pedestrian;Not car passenger;Not a bus or coach passenger;No / Not applicable;9;Cyclist;Least deprived 10%;1;Car;No tow/articulation;Data missing or out of range;Data missing or out of range;Data missing or out of range;Data missing or out of range;Data missing or out of range;Data missing or out of range;Data missing or out of range;Data missing or out of range;-1;Not known;Male;35;26 - 35;-1;-1;-1;10;Urban area;10
2019010161538;542943;171853;0.05474;51.427662;Metropolitan Police;Slight;2;1;30/01/2019;Wednesday;08:50;Bromley;Bromley;A;208;Single carriageway;30 MPH;Crossroads;Auto traffic signal;C;0;None within 50 metres ;Pedestrian phase at traffic signal junction;Daylight;Fine no high winds;Wet or damp;None;None;Urban;No - accident was reported using a self completion  form (self rep only);E01001602;1;1;Driver or rider;Male;35;6;Slight;Not a Pedestrian;Not a Pedestrian;Not car passenger;Not a bus or coach passenger;No / Not applicable;9;Cyclist;Least deprived 10%;2;Car;No tow/articulation;Data missing or out of range;Data missing or out of range;Data missing or out of range;Data missing or out of range;Data missing or out of range;Data missing or out of range;Data missing or out of range;Data missing or out of range;-1;Not known;Not known;-1;Data missing or out of range;-1;-1;-1;-1;Data missing or out of range;-1
2019010161539;526941;189999;-0.168774;51.594547;Metropolitan Police;Serious;1;2;04/02/2019;Monday;17:48;Barnet;Barnet;A;1000;Single carriageway;30 MPH;Other junction;Give way or uncontrolled;A;1000;None within 50 metres ;Pelican, puffin, toucan or similar non-junction pedestrian light crossing;Darkness - lights lit;Fine no high winds;Dry;None;None;Urban;Yes;E01000178;1;1;Pedestrian;Male;42;7;Serious;Crossing on pedestrian crossing facility;Crossing from driver's nearside;Not car passenger;Not a bus or coach passenger;No / Not applicable;0;Cyclist;More deprived 20-30%;1;Car;No tow/articulation;Going ahead other;On main c'way - not in restricted lane;Approaching junction or waiting/parked at junction approach;None;None;Did not leave carriageway;None;Front;1;Commuting to/from work;Female;28;26 - 35;1328;Petrol;12;9;Urban area;9
2019010161539;526941;189999;-0.168774;51.594547;Metropolitan Police;Serious;1;2;04/02/2019;Monday;17:48;Barnet;Barnet;A;1000;Single carriageway;30 MPH;Other junction;Give way or uncontrolled;A;1000;None within 50 metres ;Pelican, puffin, toucan or similar non-junction pedestrian light crossing;Darkness - lights lit;Fine no high winds;Dry;None;None;Urban;Yes;E01000178;1;2;Pedestrian;Female;7;2;Serious;Crossing on pedestrian crossing facility;Crossing from driver's nearside;Not car passenger;Not a bus or coach passenger;No / Not applicable;0;Cyclist;More deprived 20-30%;1;Car;No tow/articulation;Going ahead other;On main c'way - not in restricted lane;Approaching junction or waiting/parked at junction approach;None;None;Did not leave carriageway;None;Front;1;Commuting to/from work;Female;28;26 - 35;1328;Petrol;12;9;Urban area;9
2019010161540;529688;182669;-0.13184;51.52805;Metropolitan Police;Slight;1;1;04/02/2019;Monday;14:30;Camden;Camden;A;4200;Single carriageway;20 MPH;T or staggered junction;Give way or uncontrolled;Unclassified;0;None within 50 metres ;No physical crossing facilities within 50 metres;Daylight;Fine no high winds;Wet or damp;None;None;Urban;Yes;E01000945;1;1;Pedestrian;Female;66;10;Slight;In carriageway, crossing elsewhere;Crossing from driver's offside;Not car passenger;Not a bus or coach passenger;No / Not applicable;0;Cyclist;More deprived 10-20%;1;Car;No tow/articulation;Turning left;On main c'way - not in restricted lane;Mid Junction - on roundabout or on main road;None;None;Did not leave carriageway;None;Nearside;1;Not known;Not known;29;26 - 35;-1;-1;-1;2;Urban area;2
2019010161541;531832;169466;-0.105871;51.408902;Metropolitan Police;Slight;1;1;03/02/2019;Sunday;18:00;Croydon;Croydon;B;273;Dual carriageway;30 MPH;Other junction;Data missing or out of range;Unclassified;0;None within 50 metres ;No physical crossing facilities within 50 metres;Darkness - lights lit;Fine no high winds;Wet or damp;None;None;Urban;No - accident was reported using a self completion  form (self rep only);E01001160;1;1;Pedestrian;Female;27;6;Slight;In carriageway, crossing elsewhere;Crossing from driver's nearside;Not car passenger;Not a bus or coach passenger;No / Not applicable;0;Cyclist;More deprived 20-30%;1;Car;No tow/articulation;Going ahead other;On main c'way - not in restricted lane;Not at or within 20 metres of junction;None;Data missing or out of range;Data missing or out of range;None;Data missing or out of range;-1;Not known;Not known;-1;Data missing or out of range;-1;-1;-1;-1;Data missing or out of range;-1
2019010161542;533196;166321;-0.08745;51.38032;Metropolitan Police;Serious;2;1;04/02/2019;Monday;21:15;Croydon;Croydon;A;222;Single carriageway;30 MPH;T or staggered junction;Give way or uncontrolled;Unclassified;0;None within 50 metres ;Zebra;Darkness - lights lit;Fine no high winds;Wet or damp;None;None;Urban;Yes;E01000976;2;1;Pedestrian;Male;53;8;Serious;Crossing on pedestrian crossing facility;Crossing from driver's offside;Not car passenger;Not a bus or coach passenger;No / Not applicable;0;Cyclist;More deprived 40-50%;1;Car;No tow/articulation;Going ahead other;On main c'way - not in restricted lane;Leaving roundabout;None;Parked vehicle;Did not leave carriageway;None;Front;1;Not known;Male;20;16 - 20;-1;-1;-1;3;Urban area;3
2019010161542;533196;166321;-0.08745;51.38032;Metropolitan Police;Serious;2;1;04/02/2019;Monday;21:15;Croydon;Croydon;A;222;Single carriageway;30 MPH;T or staggered junction;Give way or uncontrolled;Unclassified;0;None within 50 metres ;Zebra;Darkness - lights lit;Fine no high winds;Wet or damp;None;None;Urban;Yes;E01000976;2;1;Pedestrian;Male;53;8;Serious;Crossing on pedestrian crossing facility;Crossing from driver's offside;Not car passenger;Not a bus or coach passenger;No / Not applicable;0;Cyclist;More deprived 40-50%;2;Car;No tow/articulation;Waiting to go - held up;On main c'way - not in restricted lane;Approaching junction or waiting/parked at junction approach;None;None;Did not leave carriageway;None;Back;1;Journey as part of work;Male;39;36 - 45;-1;-1;-1;3;Urban area;3
2019010161543;546475;192400;0.114042;51.611384;Metropolitan Police;Slight;1;1;04/02/2019;Monday;20:45;Redbridge;Redbridge;Unclassified;0;Unknown;30 MPH;Not at junction or within 20 metres;Data missing or out of range;-1;0;Data missing or out of range;Data missing or out of range;Darkness - lights lit;Unknown;Data missing or out of range;Data missing or out of range;Data missing or out of range;Urban;No - accident was reported using a self completion  form (self rep only);E01003722;1;1;Pedestrian;Male;36;7;Slight;On footway or verge;Unknown or other;Not car passenger;Not a bus or coach passenger;No / Not applicable;0;Cyclist;More deprived 30-40%;1;Car;Data missing or out of range;Data missing or out of range;On main c'way - not in restricted lane;Not at or within 20 metres of junction;Data missing or out of range;None;Did not leave carriageway;None;Front;-1;Not known;Not known;-1;Data missing or out of range;-1;-1;-1;-1;Data missing or out of range;-1
2019010161545;512928;176400;-0.375342;51.4753;Metropolitan Police;Fatal;2;1;04/02/2019;Monday;19:55;Hounslow;Hounslow;A;3063;Dual carriageway;20 MPH;More than 4 arms (not roundabout);Give way or uncontrolled;Unclassified;0;None within 50 metres ;No physical crossing facilities within 50 metres;Darkness - lights lit;Fine no high winds;Wet or damp;None;None;Urban;Yes;E01002621;2;1;Driver or rider;Male;34;6;Fatal;Not a Pedestrian;Not a Pedestrian;Not car passenger;Not a bus or coach passenger;No / Not applicable;1;Cyclist;More deprived 10-20%;1;Car;No tow/articulation;Going ahead other;On main c'way - not in restricted lane;Approaching junction or waiting/parked at junction approach;None;None;Did not leave carriageway;None;Front;1;Commuting to/from work;Male;60;56 - 65;1796;Petrol;14;-1;Data missing or out of range;-1
2019010161545;512928;176400;-0.375342;51.4753;Metropolitan Police;Fatal;2;1;04/02/2019;Monday;19:55;Hounslow;Hounslow;A;3063;Dual carriageway;20 MPH;More than 4 arms (not roundabout);Give way or uncontrolled;Unclassified;0;None within 50 metres ;No physical crossing facilities within 50 metres;Darkness - lights lit;Fine no high winds;Wet or damp;None;None;Urban;Yes;E01002621;2;1;Driver or rider;Male;34;6;Fatal;Not a Pedestrian;Not a Pedestrian;Not car passenger;Not a bus or coach passenger;No / Not applicable;1;Cyclist;More deprived 10-20%;2;Pedal cycle;No tow/articulation;Going ahead other;On main c'way - not in restricted lane;Approaching junction or waiting/parked at junction approach;None;None;Did not leave carriageway;None;Offside;1;Not known;Male;34;26 - 35;-1;-1;-1;2;Urban area;2
2019010161546;531018;192075;-0.109175;51.61227;Metropolitan Police;Slight;2;1;02/02/2019;Saturday;12:40;Enfield;Enfield;A;406;Dual carriageway;50 MPH;Data missing or out of range;Data missing or out of range;A;105;None within 50 metres ;No physical crossing facilities within 50 metres;Darkness - lights lit;Fine no high winds;Dry;None;None;Urban;No - accident was reported using a self completion  form (self rep only);E01001394;1;1;Driver or rider;Female;31;6;Slight;Not a Pedestrian;Not a Pedestrian;Not car passenger;Not a bus or coach passenger;No / Not applicable;9;-1;Least deprived 10%;1;Car;No tow/articulation;Data missing or out of range;Data missing or out of range;Data missing or out of range;Data missing or out of range;Data missing or out of range;Data missing or out of range;Data missing or out of range;Back;-1;Not known;Female;31;26 - 35;-1;-1;-1;10;Data missing or out of range;10
2019010161546;531018;192075;-0.109175;51.61227;Metropolitan Police;Slight;2;1;02/02/2019;Saturday;12:40;Enfield;Enfield;A;406;Dual carriageway;50 MPH;Data missing or out of range;Data missing or out of range;A;105;None within 50 metres ;No physical crossing facilities within 50 metres;Darkness - lights lit;Fine no high winds;Dry;None;None;Urban;No - accident was reported using a self completion  form (self rep only);E01001394;1;1;Driver or rider;Female;31;6;Slight;Not a Pedestrian;Not a Pedestrian;Not car passenger;Not a bus or coach passenger;No / Not applicable;9;-1;Least deprived 10%;2;Car;No tow/articulation;Data missing or out of range;Data missing or out of range;Data missing or out of range;Data missing or out of range;Data missing or out of range;Data missing or out of range;Data missing or out of range;Back;-1;Not known;Not known;-1;Data missing or out of range;-1;-1;-1;-1;Data missing or out of range;-1
2019010161549;532905;184187;-0.084919;51.540944;Metropolitan Police;Slight;3;1;03/02/2019;Sunday;01:15;Hackney;Hackney;B;102;Single carriageway;20 MPH;Roundabout;Give way or uncontrolled;Unclassified;0;Data missing or out of range;Zebra;Darkness - lighting unknown;Fine no high winds;Dry;Data missing or out of range;None;Urban;No - accident was reported using a self completion  form (self rep only);E01001751;1;1;Driver or rider;Female;31;6;Slight;Not a Pedestrian;Not a Pedestrian;Not car passenger;Not a bus or coach passenger;No / Not applicable;1;Cyclist;More deprived 20-30%;1;Pedal cycle;Data missing or out of range;Data missing or out of range;Data missing or out of range;Data missing or out of range;Data missing or out of range;Data missing or out of range;Data missing or out of range;Data missing or out of range;Data missing or out of range;1;Not known;Female;31;26 - 35;-1;-1;-1;3;Urban area;3