Accident_Index;Location_Easting_OSGR;Location_Northing_OSGR;Longitude;Latitude;Police_Force;Accident_Severity;Number_of_Vehicles;Number_of_Casualties;Date;Day_of_Week;Time;Local_Authority_(District);Local_Authority_(Highway);1st_Road_Class;1st_Road_Number;Road_Type;Speed_limit;Junction_Detail;Junction_Control;2nd_Road_Class;2nd_Road_Number;Pedestrian_Crossing-Human_Control;Pedestrian_Crossing-Physical_Facilities;Light_Conditions;Weather_Conditions;Road_Surface_Conditions;Special_Conditions_at_Site;Carriageway_Hazards;Urban_or_Rural_Area;Did_Police_Officer_Attend_Scene_of_Accident;LSOA_of_Accident_Location;Vehicle_Reference_x;Casualty_Reference;Casualty_Class;Sex_of_Casualty;Age_of_Casualty;Age_Band_of_Casualty;Casualty_Severity;Pedestrian_Location;Pedestrian_Movement;Car_Passenger;Bus_or_Coach_Passenger;Pedestrian_Road_Maintenance_Worker;Casualty_Type;Casualty_Home_Area_Type;Casualty_IMD_Decile;Vehicle_Reference_y;Vehicle_Type;Towing_and_Articulation;Vehicle_Manoeuvre;Vehicle_Location-Restricted_Lane;Junction_Location;Skidding_and_Overturning;Hit_Object_in_Carriageway;Vehicle_Leaving_Carriageway;Hit_Object_off_Carriageway;1st_Point_of_Impact;Was_Vehicle_Left_Hand_Drive?;Journey_Purpose_of_Driver;Sex_of_Driver;Age_of_Driver;Age_Band_of_Driver;Engine_Capacity_(CC);Propulsion_Code;Age_of_Vehicle;Driver_IMD_Decile;Driver_Home_Area_Type;Vehicle_IMD_Decile
2019010161549;532905;184187;-0.084919;51.540944;Metropolitan Police;Slight;3;1;03/02/2019;Sunday;01:15;Hackney;Hackney;B;102;Single carriageway;20 MPH;Roundabout;Give way or uncontrolled;Unclassified;0;Data missing or out of range;Zebra;Darkness - lighting unknown;Fine no high winds;Dry;Data missing or out of range;None;Urban;No - accident was reported using a self completion  form (self rep only);E01001751;1;1;Driver or rider;Female;31;6;Slight;Not a Pedestrian;Not a Pedestrian;Not car passenger;Not a bus or coach passenger;No / Not applicable;1;Cyclist;More deprived 20-30%;2;Car;No tow/articulation;Data missing or out of range;Data missing or out of range;Data missing or out of range;Data missing or out of range;Data missing or out of range;Data missing or out of range;Data missing or out of range;Data missing or out of range;-1;Not known;Not known;-1;Data missing or out of range;-1;-1;-1;3;Urban area;3
2019010161549;532905;184187;-0.084919;51.540944;Metropolitan Police;Slight;3;1;03/02/2019;Sunday;01:15;Hackney;Hackney;B;102;Single carriageway;20 MPH;Roundabout;Give way or uncontrolled;Unclassified;0;Data missing or out of range;Zebra;Darkness - lighting unknown;Fine no high winds;Dry;Data missing or out of range;None;Urban;No - accident was reported using a self completion  form (self rep only);E01001751;1;1;Driver or rider;Female;31;6;Slight;Not a Pedestrian;Not a Pedestrian;Not car passenger;Not a bus or coach passenger;No / Not applicable;1;Cyclist;More deprived 20-30%;3;Car;No tow/articulation;Data missing or out of range;Data missing or out of range;Data missing or out of range;Data missing or out of range;Data missing or out of range;Data missing or out of range;Data missing or out of range;Data missing or out of range;-1;Not known;Not known;-1;Data missing or out of range;-1;-1;-1;-1;Data missing or out of range;-1
2019010161553;530546;174030;-0.12267;51.450215;Metropolitan Police;Slight;1;1;05/02/2019;Tuesday;00:12;Lambeth;Lambeth;A;23;Single carriageway;30 MPH;T or staggered junction;Stop sign;Unclassified;0;None within 50 metres ;No physical crossing facilities within 50 metres;Darkness - lights lit;Other;Wet or damp;None;None;Urban;Yes;E01003024;1;1;Passenger;Female;29;6;Slight;Not a Pedestrian;Not a Pedestrian;Front seat passenger;Not a bus or coach passenger;No / Not applicable;9;-1;Data missing or out of range;1;Car;No tow/articulation;Turning right;On main c'way - not in restricted lane;Leaving main road;None;Kerb;Nearside and rebounded;Wall or fence;Front;1;Not known;Male;28;26 - 35;-1;-1;-1;4;Urban area;4
2019010161557;532631;182457;-0.089519;51.525462;Metropolitan Police;Slight;2;1;10/01/2019;Thursday;19:30;Islington;Islington;A;5201;Single carriageway;30 MPH;Not at junction or within 20 metres;Data missing or out of range;-1;0;None within 50 metres ;No physical crossing facilities within 50 metres;Darkness - lights lit;Unknown;Dry;None;None;Urban;Yes;E01002701;2;1;Driver or rider;Male;34;6;Slight;Not a Pedestrian;Not a Pedestrian;Not car passenger;Not a bus or coach passenger;No / Not applicable;3;Cyclist;More deprived 10-20%;1;Car;No tow/articulation;U-turn;On main c'way - not in restricted lane;Not at or within 20 metres of junction;None;None;Did not leave carriageway;None;Offside;1;Not known;Male;41;36 - 45;-1;-1;-1;9;Urban area;9
2019010161557;532631;182457;-0.089519;51.525462;Metropolitan Police;Slight;2;1;10/01/2019;Thursday;19:30;Islington;Islington;A;5201;Single carriageway;30 MPH;Not at junction or within 20 metres;Data missing or out of range;-1;0;None within 50 metres ;No physical crossing facilities within 50 metres;Darkness - lights lit;Unknown;Dry;None;None;Urban;Yes;E01002701;2;1;Driver or rider;Male;34;6;Slight;Not a Pedestrian;Not a Pedestrian;Not car passenger;Not a bus or coach passenger;No / Not applicable;3;Cyclist;More deprived 10-20%;2;Motorcycle 125cc and under;No tow/articulation;Going ahead other;On main c'way - not in restricted lane;Not at or within 20 metres of junction;None;None;Did not leave carriageway;None;Back;1;Not known;Male;34;26 - 35;-1;-1;-1;2;Urban area;2
2019010161559;529722;182638;-0.131361;51.527763;Metropolitan Police;Slight;3;1;05/02/2019;Tuesday;07:24;Camden;Camden;A;4200;Single carriageway;20 MPH;Crossroads;Auto traffic signal;C;0;None within 50 metres ;No physical crossing facilities within 50 metres;Daylight;Fine no high winds;Dry;None;None;Urban;Yes;E01000945;1;1;Driver or rider;Male;28;6;Slight;Not a Pedestrian;Not a Pedestrian;Not car passenger;Not a bus or coach passenger;No / Not applicable;9;Cyclist;Less deprived 10-20%;1;Car;No tow/articulation;Waiting to go - held up;On main c'way - not in restricted lane;Approaching junction or waiting/parked at junction approach;None;None;Did not leave carriageway;None;Front;1;Commuting to/from work;Male;28;26 - 35;-1;-1;-1;9;Urban area;9
2019010161559;529722;182638;-0.131361;51.527763;Metropolitan Police;Slight;3;1;05/02/2019;Tuesday;07:24;Camden;Camden;A;4200;Single carriageway;20 MPH;Crossroads;Auto traffic signal;C;0;None within 50 metres ;No physical crossing facilities within 50 metres;Daylight;Fine no high winds;Dry;None;None;Urban;Yes;E01000945;1;1;Driver or rider;Male;28;6;Slight;Not a Pedestrian;Not a Pedestrian;Not car passenger;Not a bus or coach passenger;No / Not applicable;9;Cyclist;Less deprived 10-20%;2;Taxi/Private hire car;No tow/articulation;Turning right;On main c'way - not in restricted lane;Approaching junction or waiting/parked at junction approach;None;None;Did not leave carriageway;None;Back;1;Journey as part of work;Male;50;46 - 55;-1;-1;-1;3;Urban area;3
2019010161559;529722;182638;-0.131361;51.527763;Metropolitan Police;Slight;3;1;05/02/2019;Tuesday;07:24;Camden;Camden;A;4200;Single carriageway;20 MPH;Crossroads;Auto traffic signal;C;0;None within 50 metres ;No physical crossing facilities within 50 metres;Daylight;Fine no high winds;Dry;None;None;Urban;Yes;E01000945;1;1;Driver or rider;Male;28;6;Slight;Not a Pedestrian;Not a Pedestrian;Not car passenger;Not a bus or coach passenger;No / Not applicable;9;Cyclist;Less deprived 10-20%;3;Taxi/Private hire car;No tow/articulation;Waiting to turn right;On main c'way - not in restricted lane;Approaching junction or waiting/parked at junction approach;None;None;Did not leave carriageway;None;Front;1;Not known;Male;41;36 - 45;-1;-1;-1;9;Urban area;9
2019010161562;537514;190847;-0.015897;51.599687;Metropolitan Police;Slight;2;1;05/02/2019;Tuesday;06:50;Waltham Forest;Waltham Forest;A;112;Single carriageway;30 MPH;T or staggered junction;Give way or uncontrolled;B;179;Data missing or out of range;Data missing or out of range;Daylight;Other;Wet or damp;None;None;Urban;No - accident was reported using a self completion  form (self rep only);E01004344;2;1;Pedestrian;Female;Data missing or out of range;-1;Slight;Unknown or other;Unknown or other;Not car passenger;Not a bus or coach passenger;No / Not applicable;0;-1;Data missing or out of range;1;Car;No tow/articulation;Data missing or out of range;Data missing or out of range;Approaching junction or waiting/parked at junction approach;None;Data missing or out of range;Data missing or out of range;Data missing or out of range;Data missing or out of range;-1;Commuting to/from work;Male;50;46 - 55;1242;Petrol;4;-1;Data missing or out of range;-1
2019010161562;537514;190847;-0.015897;51.599687;Metropolitan Police;Slight;2;1;05/02/2019;Tuesday;06:50;Waltham Forest;Waltham Forest;A;112;Single carriageway;30 MPH;T or staggered junction;Give way or uncontrolled;B;179;Data missing or out of range;Data missing or out of range;Daylight;Other;Wet or damp;None;None;Urban;No - accident was reported using a self completion  form (self rep only);E01004344;2;1;Pedestrian;Female;Data missing or out of range;-1;Slight;Unknown or other;Unknown or other;Not car passenger;Not a bus or coach passenger;No / Not applicable;0;-1;Data missing or out of range;2;Car;No tow/articulation;Data missing or out of range;Data missing or out of range;Approaching junction or waiting/parked at junction approach;None;Data missing or out of range;Data missing or out of range;Data missing or out of range;Data missing or out of range;-1;Not known;Not known;-1;Data missing or out of range;-1;-1;-1;-1;Data missing or out of range;-1
2019010161564;527843;178673;-0.15987;51.492558;Metropolitan Police;Slight;1;1;05/02/2019;Tuesday;07:20;Kensington and Chelsea;Kensington and Chelsea;C;0;Single carriageway;20 MPH;More than 4 arms (not roundabout);Give way or uncontrolled;C;0;None within 50 metres ;No physical crossing facilities within 50 metres;Daylight;Fine no high winds;Wet or damp;None;None;Urban;Yes;E01002859;1;1;Pedestrian;Male;64;9;Slight;In carriageway, crossing elsewhere;Crossing from driver's nearside;Not car passenger;Not a bus or coach passenger;No / Not applicable;0;-1;Data missing or out of range;1;Taxi/Private hire car;No tow/articulation;Turning right;On main c'way - not in restricted lane;Mid Junction - on roundabout or on main road;None;None;Did not leave carriageway;None;Front;1;Journey as part of work;Male;63;56 - 65;-1;-1;-1;-1;Data missing or out of range;-1
2019010161568;544621;185911;0.084615;51.553556;Metropolitan Police;Slight;2;1;05/01/2019;Saturday;08:32;Redbridge;Redbridge;Unclassified;0;Roundabout;30 MPH;Mini-roundabout;Give way or uncontrolled;Unclassified;0;None within 50 metres ;No physical crossing facilities within 50 metres;Daylight;Fine no high winds;Wet or damp;None;None;Urban;Yes;E01003683;1;1;Driver or rider;Male;28;6;Slight;Not a Pedestrian;Not a Pedestrian;Not car passenger;Not a bus or coach passenger;No / Not applicable;9;Cyclist;More deprived 30-40%;1;Car;No tow/articulation;Turning left;On main c'way - not in restricted lane;Mid Junction - on roundabout or on main road;None;None;Did not leave carriageway;None;Back;1;Journey as part of work;Male;28;26 - 35;-1;-1;-1;4;Urban area;4
2019010161568;544621;185911;0.084615;51.553556;Metropolitan Police;Slight;2;1;05/01/2019;Saturday;08:32;Redbridge;Redbridge;Unclassified;0;Roundabout;30 MPH;Mini-roundabout;Give way or uncontrolled;Unclassified;0;None within 50 metres ;No physical crossing facilities within 50 metres;Daylight;Fine no high winds;Wet or damp;None;None;Urban;Yes;E01003683;1;1;Driver or rider;Male;28;6;Slight;Not a Pedestrian;Not a Pedestrian;Not car passenger;Not a bus or coach passenger;No / Not applicable;9;Cyclist;More deprived 30-40%;2;Car;No tow/articulation;Going ahead other;On main c'way - not in restricted lane;Approaching junction or waiting/parked at junction approach;None;None;Did not leave carriageway;None;Front;1;Journey as part of work;Female;48;46 - 55;-1;-1;-1;4;Urban area;4
2019010161578;547257;168486;0.115352;51.396304;Metropolitan Police;Slight;1;1;05/02/2019;Tuesday;15:40;Bromley;Bromley;Unclassified;0;Single carriageway;30 MPH;Other junction;Give way or uncontrolled;C;0;None within 50 metres ;No physical crossing facilities within 50 metres;Daylight;Fine no high winds;Dry;None;Vehicle load on road;Urban;Yes;E01000719;1;1;Pedestrian;Female;16;4;Slight;In carriageway, crossing elsewhere;Crossing from driver's nearside;Not car passenger;Not a bus or coach passenger;No / Not applicable;0;Cyclist;More deprived 20-30%;1;Car;No tow/articulation;Waiting to go - held up;On main c'way - not in restricted lane;Approaching junction or waiting/parked at junction approach;None;Other object;Did not leave carriageway;None;Front;1;Journey as part of work;Male;30;26 - 35;-1;-1;-1;3;Urban area;3
2019010161585;538293;176716;-0.010203;51.472514;Metropolitan Police;Slight;2;1;04/02/2019;Monday;10:55;Greenwich;Greenwich;A;2;Single carriageway;30 MPH;T or staggered junction;Give way or uncontrolled;Unclassified;0;None within 50 metres ;No physical crossing facilities within 50 metres;Daylight;Raining no high winds;Wet or damp;None;None;Urban;Yes;E01003204;1;1;Driver or rider;Male;45;7;Slight;Not a Pedestrian;Not a Pedestrian;Not car passenger;Not a bus or coach passenger;No / Not applicable;3;Cyclist;More deprived 20-30%;1;Motorcycle 125cc and under;No tow/articulation;Going ahead other;On main c'way - not in restricted lane;Approaching junction or waiting/parked at junction approach;None;None;Nearside;None;Front;1;Journey as part of work;Male;45;36 - 45;125;Petrol;5;3;Urban area;3
2019010161585;538293;176716;-0.010203;51.472514;Metropolitan Police;Slight;2;1;04/02/2019;Monday;10:55;Greenwich;Greenwich;A;2;Single carriageway;30 MPH;T or staggered junction;Give way or uncontrolled;Unclassified;0;None within 50 metres ;No physical crossing facilities within 50 metres;Daylight;Raining no high winds;Wet or damp;None;None;Urban;Yes;E01003204;1;1;Driver or rider;Male;45;7;Slight;Not a Pedestrian;Not a Pedestrian;Not car passenger;Not a bus or coach passenger;No / Not applicable;3;Cyclist;More deprived 20-30%;2;Car;No tow/articulation;Going ahead other;On main c'way - not in restricted lane;Approaching junction or waiting/parked at junction approach;None;None;Nearside;None;Front;1;Journey as part of work;Male;34;26 - 35;1108;Petrol;10;9;Urban area;9
2019010161588;511859;190529;-0.386242;51.602505;Metropolitan Police;Serious;2;1;05/02/2019;Tuesday;10:00;Harrow;Harrow;A;410;Single carriageway;30 MPH;Not at junction or within 20 metres;Data missing or out of range;-1;0;None within 50 metres ;No physical crossing facilities within 50 metres;Daylight;Fine no high winds;Dry;None;None;Urban;Yes;E01002187;1;1;Pedestrian;Female;32;6;Serious;On footway or verge;Unknown or other;Not car passenger;Not a bus or coach passenger;No / Not applicable;0;-1;Data missing or out of range;1;Car;No tow/articulation;Going ahead other;On main c'way - not in restricted lane;Not at or within 20 metres of junction;None;None;Did not leave carriageway;None;Nearside;1;Commuting to/from work;Male;56;56 - 65;-1;-1;-1;7;Urban area;7
2019010161588;511859;190529;-0.386242;51.602505;Metropolitan Police;Serious;2;1;05/02/2019;Tuesday;10:00;Harrow;Harrow;A;410;Single carriageway;30 MPH;Not at junction or within 20 metres;Data missing or out of range;-1;0;None within 50 metres ;No physical crossing facilities within 50 metres;Daylight;Fine no high winds;Dry;None;None;Urban;Yes;E01002187;1;1;Pedestrian;Female;32;6;Serious;On footway or verge;Unknown or other;Not car passenger;Not a bus or coach passenger;No / Not applicable;0;-1;Data missing or out of range;2;Car;No tow/articulation;Going ahead other;On main c'way - not in restricted lane;Not at or within 20 metres of junction;None;None;Did not leave carriageway;None;Nearside;1;Not known;Female;22;21 - 25;-1;-1;-1;6;Urban area;6
2019010161594;532558;177337;-0.092494;51.479467;Metropolitan Police;Slight;2;1;05/02/2019;Tuesday;09:10;Southwark;Southwark;C;0;Single carriageway;30 MPH;T or staggered junction;Give way or uncontrolled;Unclassified;0;None within 50 metres ;No physical crossing facilities within 50 metres;Daylight;Fine no high winds;Wet or damp;None;None;Urban;Yes;E01003969;2;1;Driver or rider;Male;46;8;Slight;Not a Pedestrian;Not a Pedestrian;Not car passenger;Not a bus or coach passenger;No / Not applicable;3;Cyclist;More deprived 10-20%;1;Car;No tow/articulation;Turning right;On main c'way - not in restricted lane;Approaching junction or waiting/parked at junction approach;None;None;Did not leave carriageway;None;Front;1;Not known;Male;63;56 - 65;-1;-1;-1;7;Urban area;7
2019010161594;532558;177337;-0.092494;51.479467;Metropolitan Police;Slight;2;1;05/02/2019;Tuesday;09:10;Southwark;Southwark;C;0;Single carriageway;30 MPH;T or staggered junction;Give way or uncontrolled;Unclassified;0;None within 50 metres ;No physical crossing facilities within 50 metres;Daylight;Fine no high winds;Wet or damp;None;None;Urban;Yes;E01003969;2;1;Driver or rider;Male;46;8;Slight;Not a Pedestrian;Not a Pedestrian;Not car passenger;Not a bus or coach passenger;No / Not applicable;3;Cyclist;More deprived 10-20%;2;Motorcycle 125cc and under;No tow/articulation;Going ahead other;On main c'way - not in restricted lane;Mid Junction - on roundabout or on main road;Overturned;None;Did not leave carriageway;None;Front;1;Not known;Male;46;46 - 55;-1;-1;-1;2;Urban area;2
2019010161601;528519;179586;-0.149806;51.50061;Metropolitan Police;Serious;1;1;05/02/2019;Tuesday;07:35;Westminster;Westminster;Unclassified;0;Single carriageway;30 MPH;T or staggered junction;Give way or uncontrolled;A;302;None within 50 metres ;Zebra;Daylight;Fine no high winds;Dry;None;None;Urban;Yes;E01004690;1;1;Pedestrian;Male;36;7;Serious;Crossing on pedestrian crossing facility;Crossing from driver's nearside;Not car passenger;Not a bus or coach passenger;No / Not applicable;0;Cyclist;More deprived 10-20%;1;Taxi/Private hire car;No tow/articulation;Turning left;On main c'way - not in restricted lane;Leaving main road;None;None;Did not leave carriageway;None;Front;1;Journey as part of work;Male;67;66 - 75;1798;Hybrid electric;2;1;Urban area;1
2019010161603;535905;181352;-0.042779;51.514754;Metropolitan Police;Slight;3;1;05/02/2019;Tuesday;22:40;Tower Hamlets;Tower Hamlets;Unclassified;0;One way street;20 MPH;T or staggered junction;Give way or uncontrolled;Unclassified;0;None within 50 metres ;No physical crossing facilities within 50 metres;Daylight;Fine no high winds;Wet or damp;None;None;Urban;Yes;E01004288;2;1;Passenger;Female;22;5;Slight;Not a Pedestrian;Not a Pedestrian;Front seat passenger;Not a bus or coach passenger;No / Not applicable;9;Cyclist;More deprived 40-50%;1;Car;No tow/articulation;Going ahead other;On main c'way - not in restricted lane;Cleared junction or waiting/parked at junction exit;None;None;Did not leave carriageway;None;Front;1;Not known;Not known;-1;Data missing or out of range;-1;-1;-1;-1;Data missing or out of range;-1
2019010161603;535905;181352;-0.042779;51.514754;Metropolitan Police;Slight;3;1;05/02/2019;Tuesday;22:40;Tower Hamlets;Tower Hamlets;Unclassified;0;One way street;20 MPH;T or staggered junction;Give way or uncontrolled;Unclassified;0;None within 50 metres ;No physical crossing facilities within 50 metres;Daylight;Fine no high winds;Wet or damp;None;None;Urban;Yes;E01004288;2;1;Passenger;Female;22;5;Slight;Not a Pedestrian;Not a Pedestrian;Front seat passenger;Not a bus or coach passenger;No / Not applicable;9;Cyclist;More deprived 40-50%;2;Car;No tow/articulation;Parked;On main c'way - not in restricted lane;Cleared junction or waiting/parked at junction exit;None;None;Offside;None;Nearside;1;Not known;Not known;-1;Data missing or out of range;-1;-1;-1;-1;Data missing or out of range;-1
2019010161603;535905;181352;-0.042779;51.514754;Metropolitan Police;Slight;3;1;05/02/2019;Tuesday;22:40;Tower Hamlets;Tower Hamlets;Unclassified;0;One way street;20 MPH;T or staggered junction;Give way or uncontrolled;Unclassified;0;None within 50 metres ;No physical crossing facilities within 50 metres;Daylight;Fine no high winds;Wet or damp;None;None;Urban;Yes;E01004288;2;1;Passenger;Female;22;5;Slight;Not a Pedestrian;Not a Pedestrian;Front seat passenger;Not a bus or coach passenger;No / Not applicable;9;Cyclist;More deprived 40-50%;3;Car;No tow/articulation;Parked;On main c'way - not in restricted lane;Cleared junction or waiting/parked at junction exit;None;None;Offside;None;Nearside;1;Not known;Not known;-1;Data missing or out of range;-1;-1;-1;-1;Data missing or out of range;-1
2019010161604;541618;191089;0.043416;51.600845;Metropolitan Police;Slight;1;1;19/01/2019;Saturday;10:00;Redbridge;Redbridge;A;1009;Single carriageway;30 MPH;T or staggered junction;Data missing or out of range;A;113;None within 50 metres ;No physical crossing facilities within 50 metres;Daylight;Fine no high winds;Dry;None;None;Urban;No - accident was reported using a self completion  form (self rep only);E01003761;1;1;Pedestrian;Female;2;1;Slight;Unknown or other;Unknown or other;Not car passenger;Not a bus or coach passenger;No / Not applicable;0;Cyclist;Most deprived 10%;1;Car;No tow/articulation;Going ahead other;On main c'way - not in restricted lane;Data missing or out of range;None;Data missing or out of range;Did not leave carriageway;None;Front;-1;Not known;Not known;-1;Data missing or out of range;-1;-1;-1;-1;Data missing or out of range;-1
2019010161606;551588;176579;0.18102;51.467881;Metropolitan Police;Slight;1;1;04/02/2019;Monday;05:10;Bexley;Bexley;A;206;Roundabout;40 MPH;Roundabout;Data missing or out of range;Unclassified;0;Data missing or out of range;Data missing or out of range;Daylight;Raining no high winds;Dry;None;None;Urban;No - accident was reported using a self completion  form (self rep only);E01000433;1;1;Driver or rider;Female;24;5;Slight;Not a Pedestrian;Not a Pedestrian;Not car passenger;Not a bus or coach passenger;No / Not applicable;9;Cyclist;Less deprived 10-20%;1;Car;No tow/articulation;Data missing or out of range;Data missing or out of range;Data missing or out of range;Data missing or out of range;Data missing or out of range;Data missing or out of range;Data missing or out of range;Data missing or out of range;-1;Not known;Female;24;21 - 25;-1;-1;-1;9;Urban area;9
2019010161609;524877;181890;-0.201433;51.522132;Metropolitan Police;Slight;2;1;05/02/2019;Tuesday;22:20;Westminster;Westminster;A;4207;Single carriageway;30 MPH;T or staggered junction;Give way or uncontrolled;C;0;None within 50 metres ;Zebra;Daylight;Fine no high winds;Dry;None;None;Urban;Yes;E01004755;2;1;Driver or rider;Male;27;6;Slight;Not a Pedestrian;Not a Pedestrian;Not car passenger;Not a bus or coach passenger;No / Not applicable;1;Cyclist;More deprived 20-30%;1;Car;No tow/articulation;Turning right;On main c'way - not in restricted lane;Cleared junction or waiting/parked at junction exit;None;None;Did not leave carriageway;None;Offside;1;Journey as part of work;Male;30;26 - 35;-1;-1;-1;3;Urban area;3
2019010161609;524877;181890;-0.201433;51.522132;Metropolitan Police;Slight;2;1;05/02/2019;Tuesday;22:20;Westminster;Westminster;A;4207;Single carriageway;30 MPH;T or staggered junction;Give way or uncontrolled;C;0;None within 50 metres ;Zebra;Daylight;Fine no high winds;Dry;None;None;Urban;Yes;E01004755;2;1;Driver or rider;Male;27;6;Slight;Not a Pedestrian;Not a Pedestrian;Not car passenger;Not a bus or coach passenger;No / Not applicable;1;Cyclist;More deprived 20-30%;2;Pedal cycle;No tow/articulation;Going ahead other;On main c'way - not in restricted lane;Mid Junction - on roundabout or on main road;None;None;Did not leave carriageway;None;Nearside;1;Not known;Male;27;26 - 35;-1;-1;-1;3;Urban area;3
2019010161613;542964;182174;0.059215;51.520399;Metropolitan Police;Slight;2;1;05/02/2019;Tuesday;17:38;Newham;Newham;A;13;Dual carriageway;50 MPH;Crossroads;Auto traffic signal;A;117;None within 50 metres ;No physical crossing facilities within 50 metres;Daylight;Fine no high winds;Dry;None;None;Urban;Yes;E01003482;2;1;Driver or rider;Male;26;6;Slight;Not a Pedestrian;Not a Pedestrian;Not car passenger;Not a bus or coach passenger;No / Not applicable;5;Cyclist;Less deprived 10-20%;1;Car;No tow/articulation;Changing lane to right;On main c'way - not in restricted lane;Approaching junction or waiting/parked at junction approach;None;None;Did not leave carriageway;None;Offside;1;Commuting to/from work;Female;46;46 - 55;-1;-1;-1;10;Urban area;10
2019010161613;542964;182174;0.059215;51.520399;Metropolitan Police;Slight;2;1;05/02/2019;Tuesday;17:38;Newham;Newham;A;13;Dual carriageway;50 MPH;Crossroads;Auto traffic signal;A;117;None within 50 metres ;No physical crossing facilities within 50 metres;Daylight;Fine no high winds;Dry;None;None;Urban;Yes;E01003482;2;1;Driver or rider;Male;26;6;Slight;Not a Pedestrian;Not a Pedestrian;Not car passenger;Not a bus or coach passenger;No / Not applicable;5;Cyclist;Less deprived 10-20%;2;Motorcycle over 500cc;No tow/articulation;Going ahead other;On main c'way - not in restricted lane;Approaching junction or waiting/parked at junction approach;None;None;Did not leave carriageway;None;Nearside;1;Commuting to/from work;Male;26;26 - 35;-1;-1;-1;9;Urban area;9
2019010161622;518443;169307;-0.29834;51.410424;Metropolitan Police;Serious;2;1;05/02/2019;Tuesday;11:13;Kingston upon Thames;Kingston upon Thames;A;308;One way street;30 MPH;Not at junction or within 20 metres;Data missing or out of range;-1;0;Control by other authorised person;Pelican, puffin, toucan or similar non-junction pedestrian light crossing;Daylight;Fine no high winds;Wet or damp;None;None;Urban;Yes;E01002964;1;1;Driver or rider;Male;18;4;Serious;Not a Pedestrian;Not a Pedestrian;Not car passenger;Not a bus or coach passenger;No / Not applicable;9;Cyclist;Less deprived 20-30%;1;Car;No tow/articulation;Going ahead right-hand bend;On main c'way - not in restricted lane;Not at or within 20 metres of junction;Skidded;Kerb;Nearside;Road sign or traffic signal;Front;1;Not known;Male;18;16 - 20;-1;-1;-1;8;Urban area;8
2019010161622;518443;169307;-0.29834;51.410424;Metropolitan Police;Serious;2;1;05/02/2019;Tuesday;11:13;Kingston upon Thames;Kingston upon Thames;A;308;One way street;30 MPH;Not at junction or within 20 metres;Data missing or out of range;-1;0;Control by other authorised person;Pelican, puffin, toucan or similar non-junction pedestrian light crossing;Daylight;Fine no high winds;Wet or damp;None;None;Urban;Yes;E01002964;1;1;Driver or rider;Male;18;4;Serious;Not a Pedestrian;Not a Pedestrian;Not car passenger;Not a bus or coach passenger;No / Not applicable;9;Cyclist;Less deprived 20-30%;2;Car;No tow/articulation;Changing lane to left;On main c'way - not in restricted lane;Not at or within 20 metres of junction;None;None;Did not leave carriageway;None;Front;1;Not known;Female;58;56 - 65;-1;-1;-1;10;Urban area;10
2019010161629;544042;178582;0.073276;51.487849;Metropolitan Police;Slight;1;1;05/02/2019;Tuesday;09:25;Greenwich;Greenwich;C;0;Single carriageway;30 MPH;Crossroads;Give way or uncontrolled;C;0;None within 50 metres ;No physical crossing facilities within 50 metres;Daylight;Fine no high winds;Dry;None;None;Urban;Yes;E01001695;1;1;Pedestrian;Female;33;6;Slight;In carriageway, crossing elsewhere;Crossing from driver's nearside;Not car passenger;Not a bus or coach passenger;No / Not applicable;0;Cyclist;More deprived 20-30%;1;Car;No tow/articulation;Turning right;On main c'way - not in restricted lane;Leaving main road;None;None;Did not leave carriageway;None;Front;1;Not known;Female;21;21 - 25;1200;Petrol;5;2;Urban area;2
2019010161630;535912;194850;-0.037462;51.636046;Metropolitan Police;Slight;1;1;04/02/2019;Monday;14:10;Enfield;Enfield;A;1055;Unknown;30 MPH;Data missing or out of range;Data missing or out of range;Unclassified;0;Data missing or out of range;Data missing or out of range;Daylight;Fine no high winds;Dry;None;Data missing or out of range;Rural;No - accident was reported using a self completion  form (self rep only);E01001477;1;1;Pedestrian;Male;23;5;Slight;Unknown or other;Unknown or other;Not car passenger;Not a bus or coach passenger;No / Not applicable;0;Cyclist;Most deprived 10%;1;Car;Data missing or out of range;Data missing or out of range;Data missing or out of range;Data missing or out of range;Data missing or out of range;Data missing or out of range;Data missing or out of range;Data missing or out of range;Data missing or out of range;-1;Not known;Not known;-1;Data missing or out of range;-1;-1;-1;9;Urban area;9
2019010161631;552059;188531;0.192949;51.575143;Metropolitan Police;Slight;1;1;04/02/2019;Monday;05:00;Havering;Havering;Unclassified;0;Single carriageway;30 MPH;T or staggered junction;Give way or uncontrolled;Unclassified;0;None within 50 metres ;No physical crossing facilities within 50 metres;Daylight;Fine no high winds;Dry;None;None;Urban;Yes;E01002352;1;1;Pedestrian;Male;33;6;Slight;In centre of carriageway - not on refuge, island or central reservation;Walking along in carriageway, back to traffic;Not car passenger;Not a bus or coach passenger;No / Not applicable;0;Cyclist;More deprived 40-50%;1;Car;No tow/articulation;Data missing or out of range;On main c'way - not in restricted lane;Approaching junction or waiting/parked at junction approach;None;Other object;Did not leave carriageway;None;Back;1;Not known;Not known;-1;Data missing or out of range;-1;-1;-1;-1;Data missing or out of range;-1