Accident_Index;Location_Easting_OSGR;Location_Northing_OSGR;Longitude;Latitude;Police_Force;Accident_Severity;Number_of_Vehicles;Number_of_Casualties;Date;Day_of_Week;Time;Local_Authority_(District);Local_Authority_(Highway);1st_Road_Class;1st_Road_Number;Road_Type;Speed_limit;Junction_Detail;Junction_Control;2nd_Road_Class;2nd_Road_Number;Pedestrian_Crossing-Human_Control;Pedestrian_Crossing-Physical_Facilities;Light_Conditions;Weather_Conditions;Road_Surface_Conditions;Special_Conditions_at_Site;Carriageway_Hazards;Urban_or_Rural_Area;Did_Police_Officer_Attend_Scene_of_Accident;LSOA_of_Accident_Location;Vehicle_Reference_x;Casualty_Reference;Casualty_Class;Sex_of_Casualty;Age_of_Casualty;Age_Band_of_Casualty;Casualty_Severity;Pedestrian_Location;Pedestrian_Movement;Car_Passenger;Bus_or_Coach_Passenger;Pedestrian_Road_Maintenance_Worker;Casualty_Type;Casualty_Home_Area_Type;Casualty_IMD_Decile;Vehicle_Reference_y;Vehicle_Type;Towing_and_Articulation;Vehicle_Manoeuvre;Vehicle_Location-Restricted_Lane;Junction_Location;Skidding_and_Overturning;Hit_Object_in_Carriageway;Vehicle_Leaving_Carriageway;Hit_Object_off_Carriageway;1st_Point_of_Impact;Was_Vehicle_Left_Hand_Drive?;Journey_Purpose_of_Driver;Sex_of_Driver;Age_of_Driver;Age_Band_of_Driver;Engine_Capacity_(CC);Propulsion_Code;Age_of_Vehicle;Driver_IMD_Decile;Driver_Home_Area_Type;Vehicle_IMD_Decile
2019010161635;534061;176697;-0.071106;51.473362;Metropolitan Police;Serious;2;1;05/02/2019;Tuesday;13:27;Southwark;Southwark;A;202;Single carriageway;30 MPH;T or staggered junction;Auto traffic signal;Unclassified;0;None within 50 metres ;Pedestrian phase at traffic signal junction;Daylight;Fine no high winds;Dry;None;None;Urban;Yes;E01004067;2;1;Driver or rider;Male;18;4;Serious;Not a Pedestrian;Not a Pedestrian;Not car passenger;Not a bus or coach passenger;No / Not applicable;1;Cyclist;More deprived 10-20%;1;Car;No tow/articulation;Turning left;On main c'way - not in restricted lane;Approaching junction or waiting/parked at junction approach;None;None;Did not leave carriageway;None;Did not impact;1;Not known;Male;59;56 - 65;-1;-1;-1;2;Urban area;2
2019010161635;534061;176697;-0.071106;51.473362;Metropolitan Police;Serious;2;1;05/02/2019;Tuesday;13:27;Southwark;Southwark;A;202;Single carriageway;30 MPH;T or staggered junction;Auto traffic signal;Unclassified;0;None within 50 metres ;Pedestrian phase at traffic signal junction;Daylight;Fine no high winds;Dry;None;None;Urban;Yes;E01004067;2;1;Driver or rider;Male;18;4;Serious;Not a Pedestrian;Not a Pedestrian;Not car passenger;Not a bus or coach passenger;No / Not applicable;1;Cyclist;More deprived 10-20%;2;Pedal cycle;No tow/articulation;Overtaking - nearside;Footway (pavement);Approaching junction or waiting/parked at junction approach;Skidded and overturned;None;Did not leave carriageway;None;Did not impact;1;Not known;Male;18;16 - 20;-1;-1;-1;2;Urban area;2
2019010161636;531000;191973;-0.109473;51.611358;Metropolitan Police;Slight;2;1;05/01/2019;Saturday;10:09;Enfield;Enfield;A;105;Slip road;30 MPH;Data missing or out of range;Auto traffic signal;Unclassified;0;None within 50 metres ;Data missing or out of range;Daylight;Other;Wet or damp;None;None;Urban;No - accident was reported using a self completion  form (self rep only);E01001394;1;1;Driver or rider;Male;36;7;Slight;Not a Pedestrian;Not a Pedestrian;Not car passenger;Not a bus or coach passenger;No / Not applicable;9;Cyclist;More deprived 20-30%;1;Car;No tow/articulation;Data missing or out of range;Data missing or out of range;Data missing or out of range;Data missing or out of range;Data missing or out of range;Data missing or out of range;Data missing or out of range;Back;-1;Not known;Male;36;36 - 45;-1;-1;-1;3;Urban area;3
2019010161636;531000;191973;-0.109473;51.611358;Metropolitan Police;Slight;2;1;05/01/2019;Saturday;10:09;Enfield;Enfield;A;105;Slip road;30 MPH;Data missing or out of range;Auto traffic signal;Unclassified;0;None within 50 metres ;Data missing or out of range;Daylight;Other;Wet or damp;None;None;Urban;No - accident was reported using a self completion  form (self rep only);E01001394;1;1;Driver or rider;Male;36;7;Slight;Not a Pedestrian;Not a Pedestrian;Not car passenger;Not a bus or coach passenger;No / Not applicable;9;Cyclist;More deprived 20-30%;2;Car;No tow/articulation;Data missing or out of range;Data missing or out of range;Data missing or out of range;Data missing or out of range;Data missing or out of range;Data missing or out of range;Data missing or out of range;Front;-1;Not known;Not known;-1;Data missing or out of range;-1;-1;-1;7;Urban area;7
2019010161637;530726;174499;-0.119908;51.454389;Metropolitan Police;Slight;1;1;01/02/2019;Friday;17:03;Lambeth;Lambeth;A;23;Single carriageway;30 MPH;Other junction;Data missing or out of range;Unclassified;0;None within 50 metres ;Pedestrian phase at traffic signal junction;Darkness - lights lit;Snowing no high winds;Frost or ice;None;None;Urban;No - accident was reported using a self completion  form (self rep only);E01003018;1;1;Pedestrian;Male;Data missing or out of range;-1;Slight;In carriageway, crossing elsewhere;Crossing from driver's offside;Not car passenger;Not a bus or coach passenger;No / Not applicable;0;-1;Data missing or out of range;1;Car;No tow/articulation;Going ahead other;Data missing or out of range;Data missing or out of range;Data missing or out of range;Data missing or out of range;Data missing or out of range;Data missing or out of range;Offside;-1;Not known;Female;38;36 - 45;-1;-1;-1;4;Urban area;4
2019010161643;526406;177757;-0.180886;51.484649;Metropolitan Police;Slight;1;1;05/02/2019;Tuesday;22:20;Kensington and Chelsea;Kensington and Chelsea;Unclassified;0;Single carriageway;30 MPH;Not at junction or within 20 metres;Data missing or out of range;-1;0;None within 50 metres ;No physical crossing facilities within 50 metres;Daylight;Fine no high winds;Wet or damp;None;None;Urban;Yes;E01002912;1;1;Pedestrian;Female;82;11;Slight;In carriageway, crossing elsewhere;Crossing from driver's offside;Not car passenger;Not a bus or coach passenger;No / Not applicable;0;Cyclist;More deprived 10-20%;1;Car;No tow/articulation;Reversing;On main c'way - not in restricted lane;Not at or within 20 metres of junction;None;None;Did not leave carriageway;None;Back;1;Not known;Not known;-1;Data missing or out of range;-1;-1;-1;-1;Data missing or out of range;-1
2019010161645;516602;171320;-0.324137;51.428898;Metropolitan Police;Serious;1;1;04/02/2019;Monday;17:40;Richmond upon Thames;Richmond upon Thames;A;310;Single carriageway;30 MPH;Crossroads;Auto traffic signal;A;313;Control by school crossing patrol;Pedestrian phase at traffic signal junction;Darkness - lights lit;Fine no high winds;Wet or damp;None;None;Urban;Yes;E01003891;1;1;Pedestrian;Male;51;8;Serious;Crossing on pedestrian crossing facility;Crossing from driver's nearside;Not car passenger;Not a bus or coach passenger;No / Not applicable;0;Cyclist;More deprived 10-20%;1;Car;No tow/articulation;Going ahead other;On main c'way - not in restricted lane;Mid Junction - on roundabout or on main road;Skidded;None;Did not leave carriageway;None;Front;1;Commuting to/from work;Male;35;26 - 35;999;Petrol;1;6;Urban area;6
2019010161648;531135;185238;-0.110036;51.550803;Metropolitan Police;Slight;2;1;05/02/2019;Tuesday;13:44;Islington;Islington;A;1;Single carriageway;20 MPH;T or staggered junction;Give way or uncontrolled;B;515;None within 50 metres ;Zebra;Daylight;Fine no high winds;Dry;None;None;Urban;Yes;E01002795;2;1;Driver or rider;Female;26;6;Slight;Not a Pedestrian;Not a Pedestrian;Not car passenger;Not a bus or coach passenger;No / Not applicable;1;Cyclist;More deprived 10-20%;1;Car;No tow/articulation;Overtaking static vehicle - offside;On main c'way - not in restricted lane;Approaching junction or waiting/parked at junction approach;None;None;Did not leave carriageway;None;Did not impact;1;Journey as part of work;Male;40;36 - 45;-1;-1;-1;4;Urban area;4
2019010161648;531135;185238;-0.110036;51.550803;Metropolitan Police;Slight;2;1;05/02/2019;Tuesday;13:44;Islington;Islington;A;1;Single carriageway;20 MPH;T or staggered junction;Give way or uncontrolled;B;515;None within 50 metres ;Zebra;Daylight;Fine no high winds;Dry;None;None;Urban;Yes;E01002795;2;1;Driver or rider;Female;26;6;Slight;Not a Pedestrian;Not a Pedestrian;Not car passenger;Not a bus or coach passenger;No / Not applicable;1;Cyclist;More deprived 10-20%;2;Pedal cycle;No tow/articulation;Turning left;On main c'way - not in restricted lane;Approaching junction or waiting/parked at junction approach;Skidded;None;Did not leave carriageway;None;Did not impact;1;Journey as part of work;Female;26;26 - 35;-1;-1;-1;2;Urban area;2
2019010161650;520119;178518;-0.271128;51.492857;Metropolitan Police;Serious;1;2;05/02/2019;Tuesday;22:10;Hounslow;Hounslow;A;315;Dual carriageway;30 MPH;Other junction;Give way or uncontrolled;Unclassified;0;None within 50 metres ;Pelican, puffin, toucan or similar non-junction pedestrian light crossing;Daylight;Fine no high winds;Dry;None;None;Urban;Yes;E01002692;1;1;Driver or rider;Male;18;4;Slight;Not a Pedestrian;Not a Pedestrian;Not car passenger;Not a bus or coach passenger;No / Not applicable;3;Cyclist;Most deprived 10%;1;Motorcycle 125cc and under;No tow/articulation;Moving off;On main c'way - not in restricted lane;Approaching junction or waiting/parked at junction approach;None;None;Did not leave carriageway;None;Front;1;Not known;Male;18;16 - 20;-1;-1;-1;1;Urban area;1
2019010161650;520119;178518;-0.271128;51.492857;Metropolitan Police;Serious;1;2;05/02/2019;Tuesday;22:10;Hounslow;Hounslow;A;315;Dual carriageway;30 MPH;Other junction;Give way or uncontrolled;Unclassified;0;None within 50 metres ;Pelican, puffin, toucan or similar non-junction pedestrian light crossing;Daylight;Fine no high winds;Dry;None;None;Urban;Yes;E01002692;1;2;Pedestrian;Female;28;6;Serious;Crossing on pedestrian crossing facility;Crossing from driver's nearside;Not car passenger;Not a bus or coach passenger;No / Not applicable;0;Cyclist;Less deprived 40-50%;1;Motorcycle 125cc and under;No tow/articulation;Moving off;On main c'way - not in restricted lane;Approaching junction or waiting/parked at junction approach;None;None;Did not leave carriageway;None;Front;1;Not known;Male;18;16 - 20;-1;-1;-1;1;Urban area;1
2019010161651;524652;176552;-0.206559;51.474208;Metropolitan Police;Slight;2;1;04/02/2019;Monday;08:36;Hammersmith and Fulham;Hammersmith and Fulham;C;0;Single carriageway;30 MPH;Crossroads;Auto traffic signal;A;304;None within 50 metres ;Pedestrian phase at traffic signal junction;Daylight;Fine no high winds;Wet or damp;None;None;Urban;No - accident was reported using a self completion  form (self rep only);E01001951;1;1;Driver or rider;Male;30;6;Slight;Not a Pedestrian;Not a Pedestrian;Not car passenger;Not a bus or coach passenger;No / Not applicable;1;Cyclist;Less deprived 20-30%;1;Pedal cycle;Data missing or out of range;Data missing or out of range;Data missing or out of range;Cleared junction or waiting/parked at junction exit;Data missing or out of range;Data missing or out of range;Data missing or out of range;Data missing or out of range;Data missing or out of range;1;Commuting to/from work;Male;30;26 - 35;-1;-1;-1;8;Urban area;8
2019010161651;524652;176552;-0.206559;51.474208;Metropolitan Police;Slight;2;1;04/02/2019;Monday;08:36;Hammersmith and Fulham;Hammersmith and Fulham;C;0;Single carriageway;30 MPH;Crossroads;Auto traffic signal;A;304;None within 50 metres ;Pedestrian phase at traffic signal junction;Daylight;Fine no high winds;Wet or damp;None;None;Urban;No - accident was reported using a self completion  form (self rep only);E01001951;1;1;Driver or rider;Male;30;6;Slight;Not a Pedestrian;Not a Pedestrian;Not car passenger;Not a bus or coach passenger;No / Not applicable;1;Cyclist;Less deprived 20-30%;2;Van / Goods 3.5 tonnes mgw or under;No tow/articulation;Data missing or out of range;Data missing or out of range;Cleared junction or waiting/parked at junction exit;Data missing or out of range;Data missing or out of range;Data missing or out of range;Data missing or out of range;Data missing or out of range;-1;Not known;Not known;-1;Data missing or out of range;-1;-1;-1;-1;Data missing or out of range;-1
2019010161654;530929;185994;-0.112724;51.557644;Metropolitan Police;Slight;1;1;05/02/2019;Tuesday;14:00;Islington;Islington;A;103;One way street;20 MPH;T or staggered junction;Auto traffic signal;A;103;Control by other authorised person;Pedestrian phase at traffic signal junction;Daylight;Fine no high winds;Dry;None;None;Urban;Yes;E01002751;1;1;Pedestrian;Female;80;11;Slight;Crossing on pedestrian crossing facility;Crossing from driver's nearside;Not car passenger;Not a bus or coach passenger;No / Not applicable;0;Cyclist;Most deprived 10%;1;Car;No tow/articulation;Turning right;On main c'way - not in restricted lane;Mid Junction - on roundabout or on main road;None;None;Did not leave carriageway;None;Front;1;Not known;Male;60;56 - 65;-1;-1;-1;2;Urban area;2
2019010161657;537982;168551;-0.017856;51.399217;Metropolitan Police;Slight;2;1;05/02/2019;Tuesday;04:16;Bromley;Bromley;B;251;Roundabout;30 MPH;Roundabout;Give way or uncontrolled;B;230;None within 50 metres ;No physical crossing facilities within 50 metres;Daylight;Fine no high winds;Dry;None;None;Urban;Yes;E01000772;2;1;Driver or rider;Male;71;10;Slight;Not a Pedestrian;Not a Pedestrian;Not car passenger;Not a bus or coach passenger;No / Not applicable;2;Cyclist;More deprived 20-30%;1;Car;No tow/articulation;Going ahead other;On main c'way - not in restricted lane;Approaching junction or waiting/parked at junction approach;None;None;Did not leave carriageway;None;Offside;1;Not known;Male;46;46 - 55;-1;-1;-1;9;Urban area;9
2019010161657;537982;168551;-0.017856;51.399217;Metropolitan Police;Slight;2;1;05/02/2019;Tuesday;04:16;Bromley;Bromley;B;251;Roundabout;30 MPH;Roundabout;Give way or uncontrolled;B;230;None within 50 metres ;No physical crossing facilities within 50 metres;Daylight;Fine no high winds;Dry;None;None;Urban;Yes;E01000772;2;1;Driver or rider;Male;71;10;Slight;Not a Pedestrian;Not a Pedestrian;Not car passenger;Not a bus or coach passenger;No / Not applicable;2;Cyclist;More deprived 20-30%;2;Motorcycle 50cc and under;No tow/articulation;Going ahead other;On main c'way - not in restricted lane;Mid Junction - on roundabout or on main road;None;None;Did not leave carriageway;None;Front;1;Not known;Male;71;66 - 75;-1;-1;-1;3;Urban area;3
2019010161660;519911;173131;-0.275948;51.444484;Metropolitan Police;Slight;2;1;05/02/2019;Tuesday;14:20;Richmond upon Thames;Richmond upon Thames;Unclassified;0;Single carriageway;20 MPH;Not at junction or within 20 metres;Data missing or out of range;-1;0;None within 50 metres ;No physical crossing facilities within 50 metres;Daylight;Fine no high winds;Wet or damp;None;None;Rural;Yes;E01003806;2;1;Driver or rider;Male;65;9;Slight;Not a Pedestrian;Not a Pedestrian;Not car passenger;Not a bus or coach passenger;No / Not applicable;1;-1;Data missing or out of range;1;Car;No tow/articulation;Waiting to go - held up;On main c'way - not in restricted lane;Not at or within 20 metres of junction;None;None;Did not leave carriageway;None;Back;1;Not known;Male;55;46 - 55;-1;-1;-1;8;Urban area;8
2019010161660;519911;173131;-0.275948;51.444484;Metropolitan Police;Slight;2;1;05/02/2019;Tuesday;14:20;Richmond upon Thames;Richmond upon Thames;Unclassified;0;Single carriageway;20 MPH;Not at junction or within 20 metres;Data missing or out of range;-1;0;None within 50 metres ;No physical crossing facilities within 50 metres;Daylight;Fine no high winds;Wet or damp;None;None;Rural;Yes;E01003806;2;1;Driver or rider;Male;65;9;Slight;Not a Pedestrian;Not a Pedestrian;Not car passenger;Not a bus or coach passenger;No / Not applicable;1;-1;Data missing or out of range;2;Pedal cycle;No tow/articulation;Going ahead other;On main c'way - not in restricted lane;Not at or within 20 metres of junction;None;Parked vehicle;Did not leave carriageway;None;Front;1;Not known;Male;65;56 - 65;-1;-1;-1;-1;Data missing or out of range;-1
2019010161666;537029;187511;-0.024195;51.569828;Metropolitan Police;Slight;2;1;05/02/2019;Tuesday;07:30;Waltham Forest;Waltham Forest;A;1006;Single carriageway;20 MPH;T or staggered junction;Give way or uncontrolled;C;0;None within 50 metres ;Pedestrian phase at traffic signal junction;Daylight;Fine no high winds;Dry;None;None;Urban;Yes;E01004424;1;1;Driver or rider;Male;28;6;Slight;Not a Pedestrian;Not a Pedestrian;Not car passenger;Not a bus or coach passenger;No / Not applicable;9;Cyclist;More deprived 10-20%;1;Car;No tow/articulation;Going ahead right-hand bend;On main c'way - not in restricted lane;Cleared junction or waiting/parked at junction exit;Skidded;None;Did not leave carriageway;None;Front;1;Not known;Male;28;26 - 35;-1;-1;-1;2;Urban area;2
2019010161666;537029;187511;-0.024195;51.569828;Metropolitan Police;Slight;2;1;05/02/2019;Tuesday;07:30;Waltham Forest;Waltham Forest;A;1006;Single carriageway;20 MPH;T or staggered junction;Give way or uncontrolled;C;0;None within 50 metres ;Pedestrian phase at traffic signal junction;Daylight;Fine no high winds;Dry;None;None;Urban;Yes;E01004424;1;1;Driver or rider;Male;28;6;Slight;Not a Pedestrian;Not a Pedestrian;Not car passenger;Not a bus or coach passenger;No / Not applicable;9;Cyclist;More deprived 10-20%;2;Car;No tow/articulation;Waiting to turn right;On main c'way - not in restricted lane;Leaving main road;None;None;Did not leave carriageway;None;Front;1;Not known;Male;55;46 - 55;-1;-1;-1;5;Urban area;5
2019010161676;552937;192393;0.207291;51.609605;Metropolitan Police;Slight;2;1;05/02/2019;Tuesday;07:50;Havering;Havering;C;0;Slip road;30 MPH;Slip road;Give way or uncontrolled;C;0;None within 50 metres ;No physical crossing facilities within 50 metres;Daylight;Fine no high winds;Dry;None;None;Urban;No - accident was reported using a self completion  form (self rep only);E01002313;1;1;Driver or rider;Female;30;6;Slight;Not a Pedestrian;Not a Pedestrian;Not car passenger;Not a bus or coach passenger;No / Not applicable;9;Cyclist;Less deprived 40-50%;1;Car;No tow/articulation;Data missing or out of range;Data missing or out of range;Approaching junction or waiting/parked at junction approach;Data missing or out of range;Data missing or out of range;Data missing or out of range;Data missing or out of range;Back;-1;Not known;Female;30;26 - 35;-1;-1;-1;6;Urban area;6
2019010161676;552937;192393;0.207291;51.609605;Metropolitan Police;Slight;2;1;05/02/2019;Tuesday;07:50;Havering;Havering;C;0;Slip road;30 MPH;Slip road;Give way or uncontrolled;C;0;None within 50 metres ;No physical crossing facilities within 50 metres;Daylight;Fine no high winds;Dry;None;None;Urban;No - accident was reported using a self completion  form (self rep only);E01002313;1;1;Driver or rider;Female;30;6;Slight;Not a Pedestrian;Not a Pedestrian;Not car passenger;Not a bus or coach passenger;No / Not applicable;9;Cyclist;Less deprived 40-50%;2;Car;No tow/articulation;Data missing or out of range;Data missing or out of range;Approaching junction or waiting/parked at junction approach;Data missing or out of range;Data missing or out of range;Data missing or out of range;Data missing or out of range;Front;-1;Not known;Not known;-1;Data missing or out of range;-1;-1;-1;-1;Data missing or out of range;-1
2019010161678;533036;169882;-0.088414;51.412359;Metropolitan Police;Slight;2;1;05/02/2019;Tuesday;15:15;Croydon;Croydon;A;215;Single carriageway;30 MPH;Crossroads;Give way or uncontrolled;Unclassified;0;None within 50 metres ;Zebra;Daylight;Fine no high winds;Dry;None;None;Urban;Yes;E01001156;2;1;Passenger;Female;13;3;Slight;Not a Pedestrian;Not a Pedestrian;Front seat passenger;Not a bus or coach passenger;No / Not applicable;9;Cyclist;More deprived 30-40%;1;Car;No tow/articulation;Slowing or stopping;On main c'way - not in restricted lane;Approaching junction or waiting/parked at junction approach;None;None;Did not leave carriageway;None;Nearside;1;Journey as part of work;Male;19;16 - 20;-1;-1;-1;9;Rural;9
2019010161678;533036;169882;-0.088414;51.412359;Metropolitan Police;Slight;2;1;05/02/2019;Tuesday;15:15;Croydon;Croydon;A;215;Single carriageway;30 MPH;Crossroads;Give way or uncontrolled;Unclassified;0;None within 50 metres ;Zebra;Daylight;Fine no high winds;Dry;None;None;Urban;Yes;E01001156;2;1;Passenger;Female;13;3;Slight;Not a Pedestrian;Not a Pedestrian;Front seat passenger;Not a bus or coach passenger;No / Not applicable;9;Cyclist;More deprived 30-40%;2;Car;No tow/articulation;Waiting to turn left;On main c'way - not in restricted lane;Entering main road;None;None;Did not leave carriageway;None;Front;1;Not known;Female;32;26 - 35;-1;-1;-1;4;Urban area;4
2019010161680;530575;187490;-0.117273;51.57117;Metropolitan Police;Slight;1;1;04/02/2019;Monday;17:40;Islington;Islington;A;1201;Single carriageway;30 MPH;Not at junction or within 20 metres;Data missing or out of range;-1;0;None within 50 metres ;Zebra;Darkness - lighting unknown;Raining no high winds;Wet or damp;None;None;Urban;No - accident was reported using a self completion  form (self rep only);E01002805;1;1;Pedestrian;Male;38;7;Slight;Crossing on pedestrian crossing facility;Crossing from driver's offside;Not car passenger;Not a bus or coach passenger;No / Not applicable;0;Cyclist;More deprived 20-30%;1;Car;No tow/articulation;Data missing or out of range;Data missing or out of range;Not at or within 20 metres of junction;Data missing or out of range;Data missing or out of range;Data missing or out of range;Data missing or out of range;Front;-1;Not known;Not known;-1;Data missing or out of range;-1;-1;-1;7;Urban area;7
2019010161681;523503;179573;-0.222039;51.50161;Metropolitan Police;Slight;2;1;05/02/2019;Tuesday;18:25;Hammersmith and Fulham;Hammersmith and Fulham;Unclassified;0;Single carriageway;30 MPH;T or staggered junction;Give way or uncontrolled;A;219;None within 50 metres ;Pelican, puffin, toucan or similar non-junction pedestrian light crossing;Darkness - lights lit;Fine no high winds;Wet or damp;None;None;Urban;Yes;E01001857;2;1;Driver or rider;Female;28;6;Slight;Not a Pedestrian;Not a Pedestrian;Not car passenger;Not a bus or coach passenger;No / Not applicable;3;Cyclist;More deprived 20-30%;1;Car;No tow/articulation;Turning right;On main c'way - not in restricted lane;Entering main road;None;None;Did not leave carriageway;None;Front;1;Commuting to/from work;Female;30;26 - 35;-1;-1;-1;5;Urban area;5
2019010161681;523503;179573;-0.222039;51.50161;Metropolitan Police;Slight;2;1;05/02/2019;Tuesday;18:25;Hammersmith and Fulham;Hammersmith and Fulham;Unclassified;0;Single carriageway;30 MPH;T or staggered junction;Give way or uncontrolled;A;219;None within 50 metres ;Pelican, puffin, toucan or similar non-junction pedestrian light crossing;Darkness - lights lit;Fine no high winds;Wet or damp;None;None;Urban;Yes;E01001857;2;1;Driver or rider;Female;28;6;Slight;Not a Pedestrian;Not a Pedestrian;Not car passenger;Not a bus or coach passenger;No / Not applicable;3;Cyclist;More deprived 20-30%;2;Motorcycle 125cc and under;No tow/articulation;Overtaking moving vehicle - offside;On main c'way - not in restricted lane;Approaching junction or waiting/parked at junction approach;Skidded and overturned;None;Did not leave carriageway;None;Front;1;Commuting to/from work;Female;28;26 - 35;-1;-1;-1;3;Urban area;3
2019010161682;523635;165318;-0.22511;51.373466;Metropolitan Police;Slight;2;2;05/02/2019;Tuesday;14:18;Sutton;Sutton;A;24;Single carriageway;30 MPH;Other junction;Auto traffic signal;Unclassified;0;None within 50 metres ;Pedestrian phase at traffic signal junction;Daylight;Fine no high winds;Dry;None;None;Urban;Yes;E01004118;1;1;Driver or rider;Female;52;8;Slight;Not a Pedestrian;Not a Pedestrian;Not car passenger;Not a bus or coach passenger;No / Not applicable;9;Cyclist;Less deprived 10-20%;1;Car;No tow/articulation;Going ahead other;On main c'way - not in restricted lane;Mid Junction - on roundabout or on main road;None;None;Did not leave carriageway;None;Front;1;Not known;Female;52;46 - 55;-1;-1;-1;9;Urban area;9
2019010161682;523635;165318;-0.22511;51.373466;Metropolitan Police;Slight;2;2;05/02/2019;Tuesday;14:18;Sutton;Sutton;A;24;Single carriageway;30 MPH;Other junction;Auto traffic signal;Unclassified;0;None within 50 metres ;Pedestrian phase at traffic signal junction;Daylight;Fine no high winds;Dry;None;None;Urban;Yes;E01004118;1;1;Driver or rider;Female;52;8;Slight;Not a Pedestrian;Not a Pedestrian;Not car passenger;Not a bus or coach passenger;No / Not applicable;9;Cyclist;Less deprived 10-20%;2;Car;No tow/articulation;Turning right;On main c'way - not in restricted lane;Mid Junction - on roundabout or on main road;None;None;Did not leave carriageway;None;Nearside;1;Not known;Female;24;21 - 25;-1;-1;-1;8;Urban area;8
2019010161682;523635;165318;-0.22511;51.373466;Metropolitan Police;Slight;2;2;05/02/2019;Tuesday;14:18;Sutton;Sutton;A;24;Single carriageway;30 MPH;Other junction;Auto traffic signal;Unclassified;0;None within 50 metres ;Pedestrian phase at traffic signal junction;Daylight;Fine no high winds;Dry;None;None;Urban;Yes;E01004118;2;2;Driver or rider;Female;24;5;Slight;Not a Pedestrian;Not a Pedestrian;Not car passenger;Not a bus or coach passenger;No / Not applicable;9;Cyclist;Less deprived 20-30%;1;Car;No tow/articulation;Going ahead other;On main c'way - not in restricted lane;Mid Junction - on roundabout or on main road;None;None;Did not leave carriageway;None;Front;1;Not known;Female;52;46 - 55;-1;-1;-1;9;Urban area;9
2019010161682;523635;165318;-0.22511;51.373466;Metropolitan Police;Slight;2;2;05/02/2019;Tuesday;14:18;Sutton;Sutton;A;24;Single carriageway;30 MPH;Other junction;Auto traffic signal;Unclassified;0;None within 50 metres ;Pedestrian phase at traffic signal junction;Daylight;Fine no high winds;Dry;None;None;Urban;Yes;E01004118;2;2;Driver or rider;Female;24;5;Slight;Not a Pedestrian;Not a Pedestrian;Not car passenger;Not a bus or coach passenger;No / Not applicable;9;Cyclist;Less deprived 20-30%;2;Car;No tow/articulation;Turning right;On main c'way - not in restricted lane;Mid Junction - on roundabout or on main road;None;None;Did not leave carriageway;None;Nearside;1;Not known;Female;24;21 - 25;-1;-1;-1;8;Urban area;8
2019010161685;519458;191947;-0.276087;51.613689;Metropolitan Police;Slight;1;1;05/02/2019;Tuesday;17:57;Barnet;Barnet;A;5100;Single carriageway;30 MPH;Crossroads;Give way or uncontrolled;Unclassified;0;None within 50 metres ;No physical crossing facilities within 50 metres;Darkness - lights lit;Raining no high winds;Wet or damp;None;None;Urban;Yes;E01000193;1;1;Passenger;Male;25;5;Slight;Not a Pedestrian;Not a Pedestrian;Not car passenger;Alighting;No / Not applicable;11;Cyclist;Less deprived 30-40%;1;Bus or coach (17 or more pass seats);No tow/articulation;Slowing or stopping;On main c'way - not in restricted lane;Approaching junction or waiting/parked at junction approach;None;None;Did not leave carriageway;None;Did not impact;1;Journey as part of work;Male;74;66 - 75;-1;-1;-1;8;Urban area;8
2019010161687;526786;170175;-0.17813;51.416423;Metropolitan Police;Slight;2;1;05/02/2019;Tuesday;16:54;Merton;Merton;A;24;Single carriageway;30 MPH;T or staggered junction;Give way or uncontrolled;A;24;None within 50 metres ;Pelican, puffin, toucan or similar non-junction pedestrian light crossing;Darkness - lights lit;Fine no high winds;Dry;None;None;Urban;Yes;E01003367;2;1;Driver or rider;Male;32;6;Slight;Not a Pedestrian;Not a Pedestrian;Not car passenger;Not a bus or coach passenger;No / Not applicable;3;Cyclist;Less deprived 40-50%;1;Car;No tow/articulation;Moving off;On main c'way - not in restricted lane;Entering main road;None;None;Did not leave carriageway;None;Front;1;Not known;Female;28;26 - 35;-1;-1;-1;6;Urban area;6
2019010161687;526786;170175;-0.17813;51.416423;Metropolitan Police;Slight;2;1;05/02/2019;Tuesday;16:54;Merton;Merton;A;24;Single carriageway;30 MPH;T or staggered junction;Give way or uncontrolled;A;24;None within 50 metres ;Pelican, puffin, toucan or similar non-junction pedestrian light crossing;Darkness - lights lit;Fine no high winds;Dry;None;None;Urban;Yes;E01003367;2;1;Driver or rider;Male;32;6;Slight;Not a Pedestrian;Not a Pedestrian;Not car passenger;Not a bus or coach passenger;No / Not applicable;3;Cyclist;Less deprived 40-50%;2;Motorcycle 125cc and under;No tow/articulation;Going ahead right-hand bend;On main c'way - not in restricted lane;Approaching junction or waiting/parked at junction approach;Overturned;None;Did not leave carriageway;None;Front;1;Commuting to/from work;Male;32;26 - 35;-1;-1;-1;6;Urban area;6
2019010161688;536109;182208;-0.039511;51.522397;Metropolitan Police;Serious;1;1;05/02/2019;Tuesday;07:20;Tower Hamlets;Tower Hamlets;C;0;Single carriageway;20 MPH;T or staggered junction;Give way or uncontrolled;Unclassified;0;Control by school crossing patrol;No physical crossing facilities within 50 metres;Daylight;Fine no high winds;Dry;None;None;Urban;Yes;E01004261;1;1;Pedestrian;Male;14;3;Serious;In carriageway, crossing elsewhere;Crossing from driver's nearside;Not car passenger;Not a bus or coach passenger;No / Not applicable;0;Cyclist;More deprived 10-20%;1;Car;No tow/articulation;Going ahead other;On main c'way - not in restricted lane;Cleared junction or waiting/parked at junction exit;None;None;Did not leave carriageway;None;Front;1;Taking pupil to/from school;Female;38;36 - 45;-1;-1;-1;3;Urban area;3