Accident_Index;Location_Easting_OSGR;Location_Northing_OSGR;Longitude;Latitude;Police_Force;Accident_Severity;Number_of_Vehicles;Number_of_Casualties;Date;Day_of_Week;Time;Local_Authority_(District);Local_Authority_(Highway);1st_Road_Class;1st_Road_Number;Road_Type;Speed_limit;Junction_Detail;Junction_Control;2nd_Road_Class;2nd_Road_Number;Pedestrian_Crossing-Human_Control;Pedestrian_Crossing-Physical_Facilities;Light_Conditions;Weather_Conditions;Road_Surface_Conditions;Special_Conditions_at_Site;Carriageway_Hazards;Urban_or_Rural_Area;Did_Police_Officer_Attend_Scene_of_Accident;LSOA_of_Accident_Location;Vehicle_Reference_x;Casualty_Reference;Casualty_Class;Sex_of_Casualty;Age_of_Casualty;Age_Band_of_Casualty;Casualty_Severity;Pedestrian_Location;Pedestrian_Movement;Car_Passenger;Bus_or_Coach_Passenger;Pedestrian_Road_Maintenance_Worker;Casualty_Type;Casualty_Home_Area_Type;Casualty_IMD_Decile;Vehicle_Reference_y;Vehicle_Type;Towing_and_Articulation;Vehicle_Manoeuvre;Vehicle_Location-Restricted_Lane;Junction_Location;Skidding_and_Overturning;Hit_Object_in_Carriageway;Vehicle_Leaving_Carriageway;Hit_Object_off_Carriageway;1st_Point_of_Impact;Was_Vehicle_Left_Hand_Drive?;Journey_Purpose_of_Driver;Sex_of_Driver;Age_of_Driver;Age_Band_of_Driver;Engine_Capacity_(CC);Propulsion_Code;Age_of_Vehicle;Driver_IMD_Decile;Driver_Home_Area_Type;Vehicle_IMD_Decile
2019010161734;535343;182704;-0.050355;51.527038;Metropolitan Police;Slight;2;1;01/02/2019;Friday;07:54;Tower Hamlets;Tower Hamlets;B;120;Single carriageway;30 MPH;Not at junction or within 20 metres;Data missing or out of range;-1;0;Data missing or out of range;Data missing or out of range;Daylight;Raining no high winds;Wet or damp;None;None;Urban;No - accident was reported using a self completion  form (self rep only);E01004259;1;1;Driver or rider;Male;52;8;Slight;Not a Pedestrian;Not a Pedestrian;Not car passenger;Not a bus or coach passenger;No / Not applicable;9;Cyclist;Most deprived 10%;1;Car;No tow/articulation;Data missing or out of range;Data missing or out of range;Not at or within 20 metres of junction;Data missing or out of range;Data missing or out of range;Data missing or out of range;Data missing or out of range;Back;-1;Not known;Male;52;46 - 55;-1;-1;-1;1;Urban area;1
2019010161734;535343;182704;-0.050355;51.527038;Metropolitan Police;Slight;2;1;01/02/2019;Friday;07:54;Tower Hamlets;Tower Hamlets;B;120;Single carriageway;30 MPH;Not at junction or within 20 metres;Data missing or out of range;-1;0;Data missing or out of range;Data missing or out of range;Daylight;Raining no high winds;Wet or damp;None;None;Urban;No - accident was reported using a self completion  form (self rep only);E01004259;1;1;Driver or rider;Male;52;8;Slight;Not a Pedestrian;Not a Pedestrian;Not car passenger;Not a bus or coach passenger;No / Not applicable;9;Cyclist;Most deprived 10%;2;Car;No tow/articulation;Data missing or out of range;Data missing or out of range;Not at or within 20 metres of junction;Data missing or out of range;Data missing or out of range;Data missing or out of range;Data missing or out of range;Front;-1;Not known;Not known;34;26 - 35;-1;-1;-1;2;Urban area;2
2019010161735;531468;166359;-0.112252;51.381064;Metropolitan Police;Serious;2;1;05/02/2019;Tuesday;17:30;Croydon;Croydon;A;236;Single carriageway;30 MPH;Other junction;Give way or uncontrolled;A;213;None within 50 metres ;No physical crossing facilities within 50 metres;Darkness - lights lit;Raining no high winds;Wet or damp;None;None;Urban;Yes;E01001011;1;1;Driver or rider;Female;34;6;Serious;Not a Pedestrian;Not a Pedestrian;Not car passenger;Not a bus or coach passenger;No / Not applicable;2;Cyclist;More deprived 20-30%;1;Motorcycle 50cc and under;No tow/articulation;Overtaking - nearside;On main c'way - not in restricted lane;Approaching junction or waiting/parked at junction approach;Skidded;None;Did not leave carriageway;None;Nearside;1;Journey as part of work;Female;34;26 - 35;-1;-1;-1;3;Urban area;3
2019010161735;531468;166359;-0.112252;51.381064;Metropolitan Police;Serious;2;1;05/02/2019;Tuesday;17:30;Croydon;Croydon;A;236;Single carriageway;30 MPH;Other junction;Give way or uncontrolled;A;213;None within 50 metres ;No physical crossing facilities within 50 metres;Darkness - lights lit;Raining no high winds;Wet or damp;None;None;Urban;Yes;E01001011;1;1;Driver or rider;Female;34;6;Serious;Not a Pedestrian;Not a Pedestrian;Not car passenger;Not a bus or coach passenger;No / Not applicable;2;Cyclist;More deprived 20-30%;2;Car;No tow/articulation;Turning right;On main c'way - not in restricted lane;Entering from slip road;None;None;Did not leave carriageway;None;Nearside;1;Commuting to/from work;Male;28;26 - 35;-1;-1;-1;2;Urban area;2
2019010161737;527204;168102;-0.172865;51.397699;Metropolitan Police;Slight;2;1;05/02/2019;Tuesday;21:10;Merton;Merton;A;217;Single carriageway;30 MPH;Crossroads;Auto traffic signal;A;239;None within 50 metres ;Pedestrian phase at traffic signal junction;Darkness - lighting unknown;Raining no high winds;Wet or damp;None;None;Urban;No - accident was reported using a self completion  form (self rep only);E01003441;1;1;Driver or rider;Male;27;6;Slight;Not a Pedestrian;Not a Pedestrian;Not car passenger;Not a bus or coach passenger;No / Not applicable;3;Cyclist;More deprived 30-40%;1;Motorcycle 125cc and under;No tow/articulation;Data missing or out of range;Data missing or out of range;Data missing or out of range;Data missing or out of range;Data missing or out of range;Data missing or out of range;Data missing or out of range;Front;1;Commuting to/from work;Male;27;26 - 35;-1;-1;-1;4;Urban area;4
2019010161737;527204;168102;-0.172865;51.397699;Metropolitan Police;Slight;2;1;05/02/2019;Tuesday;21:10;Merton;Merton;A;217;Single carriageway;30 MPH;Crossroads;Auto traffic signal;A;239;None within 50 metres ;Pedestrian phase at traffic signal junction;Darkness - lighting unknown;Raining no high winds;Wet or damp;None;None;Urban;No - accident was reported using a self completion  form (self rep only);E01003441;1;1;Driver or rider;Male;27;6;Slight;Not a Pedestrian;Not a Pedestrian;Not car passenger;Not a bus or coach passenger;No / Not applicable;3;Cyclist;More deprived 30-40%;2;Car;No tow/articulation;Data missing or out of range;Data missing or out of range;Data missing or out of range;Data missing or out of range;Data missing or out of range;Data missing or out of range;Data missing or out of range;Front;-1;Not known;Not known;-1;Data missing or out of range;-1;-1;-1;3;Urban area;3
2019010161740;531168;177558;-0.112417;51.481777;Metropolitan Police;Serious;1;2;05/02/2019;Tuesday;22:23;Lambeth;Lambeth;A;3;Dual carriageway;30 MPH;Crossroads;Auto traffic signal;A;202;None within 50 metres ;Pelican, puffin, toucan or similar non-junction pedestrian light crossing;Darkness - lights lit;Raining no high winds;Wet or damp;None;None;Urban;Yes;E01003100;1;1;Driver or rider;Male;32;6;Serious;Not a Pedestrian;Not a Pedestrian;Not car passenger;Not a bus or coach passenger;No / Not applicable;3;Cyclist;More deprived 20-30%;1;Motorcycle 125cc and under;No tow/articulation;Going ahead other;On main c'way - not in restricted lane;Cleared junction or waiting/parked at junction exit;None;None;Did not leave carriageway;None;Front;1;Commuting to/from work;Male;32;26 - 35;125;Petrol;4;3;Urban area;3
2019010161740;531168;177558;-0.112417;51.481777;Metropolitan Police;Serious;1;2;05/02/2019;Tuesday;22:23;Lambeth;Lambeth;A;3;Dual carriageway;30 MPH;Crossroads;Auto traffic signal;A;202;None within 50 metres ;Pelican, puffin, toucan or similar non-junction pedestrian light crossing;Darkness - lights lit;Raining no high winds;Wet or damp;None;None;Urban;Yes;E01003100;1;2;Pedestrian;Male;57;9;Serious;Crossing on pedestrian crossing facility;Unknown or other;Not car passenger;Not a bus or coach passenger;No / Not applicable;0;Cyclist;More deprived 20-30%;1;Motorcycle 125cc and under;No tow/articulation;Going ahead other;On main c'way - not in restricted lane;Cleared junction or waiting/parked at junction exit;None;None;Did not leave carriageway;None;Front;1;Commuting to/from work;Male;32;26 - 35;125;Petrol;4;3;Urban area;3
2019010161745;508823;178426;-0.433802;51.494315;Metropolitan Police;Slight;1;1;05/02/2019;Tuesday;13:40;Hillingdon;Hillingdon;C;0;One way street;40 MPH;Not at junction or within 20 metres;Data missing or out of range;-1;0;None within 50 metres ;Pelican, puffin, toucan or similar non-junction pedestrian light crossing;Darkness - lights lit;Raining no high winds;Wet or damp;None;None;Urban;Yes;E01002490;1;1;Pedestrian;Male;26;6;Slight;Crossing on pedestrian crossing facility;Crossing from driver's offside;Not car passenger;Not a bus or coach passenger;No / Not applicable;0;Cyclist;More deprived 30-40%;1;Car;No tow/articulation;Going ahead left-hand bend;On main c'way - not in restricted lane;Not at or within 20 metres of junction;None;None;Did not leave carriageway;None;Front;1;Commuting to/from work;Male;64;56 - 65;-1;-1;-1;3;Urban area;3
2019010161746;529057;184003;-0.140442;51.540183;Metropolitan Police;Fatal;1;1;05/02/2019;Tuesday;22:06;Camden;Camden;A;503;Dual carriageway;20 MPH;Not at junction or within 20 metres;Data missing or out of range;-1;0;None within 50 metres ;Pedestrian phase at traffic signal junction;Darkness - lights lit;Raining no high winds;Wet or damp;None;None;Urban;Yes;E01000856;1;1;Pedestrian;Male;57;9;Fatal;Unknown or other;Unknown or other;Not car passenger;Not a bus or coach passenger;No / Not applicable;0;-1;Data missing or out of range;1;Bus or coach (17 or more pass seats);No tow/articulation;Moving off;Bus lane;Not at or within 20 metres of junction;None;None;Did not leave carriageway;None;Nearside;1;Journey as part of work;Male;34;26 - 35;-1;-1;-1;6;Urban area;6
2019010161747;537011;170289;-0.031135;51.41507;Metropolitan Police;Slight;2;1;05/02/2019;Tuesday;19:10;Bromley;Bromley;Unclassified;0;Single carriageway;30 MPH;Crossroads;Give way or uncontrolled;Unclassified;0;None within 50 metres ;No physical crossing facilities within 50 metres;Darkness - lights lit;Fine no high winds;Wet or damp;None;None;Urban;Yes;E01000711;1;1;Driver or rider;Male;22;5;Slight;Not a Pedestrian;Not a Pedestrian;Not car passenger;Not a bus or coach passenger;No / Not applicable;9;Cyclist;Less deprived 30-40%;1;Car;No tow/articulation;U-turn;On main c'way - not in restricted lane;Mid Junction - on roundabout or on main road;None;None;Nearside;Wall or fence;Offside;1;Not known;Male;22;21 - 25;-1;-1;-1;7;Urban area;7
2019010161747;537011;170289;-0.031135;51.41507;Metropolitan Police;Slight;2;1;05/02/2019;Tuesday;19:10;Bromley;Bromley;Unclassified;0;Single carriageway;30 MPH;Crossroads;Give way or uncontrolled;Unclassified;0;None within 50 metres ;No physical crossing facilities within 50 metres;Darkness - lights lit;Fine no high winds;Wet or damp;None;None;Urban;Yes;E01000711;1;1;Driver or rider;Male;22;5;Slight;Not a Pedestrian;Not a Pedestrian;Not car passenger;Not a bus or coach passenger;No / Not applicable;9;Cyclist;Less deprived 30-40%;2;Van / Goods 3.5 tonnes mgw or under;No tow/articulation;Going ahead other;On main c'way - not in restricted lane;Approaching junction or waiting/parked at junction approach;None;None;Offside;Wall or fence;Front;1;Not known;Male;19;16 - 20;-1;-1;-1;7;Urban area;7
2019010161752;520328;186689;-0.265329;51.566249;Metropolitan Police;Slight;2;3;05/02/2019;Tuesday;21:00;Brent;Brent;A;4088;Roundabout;30 MPH;Roundabout;Data missing or out of range;A;4140;None within 50 metres ;Zebra;Darkness - lights lit;Raining + high winds;Wet or damp;None;None;Urban;No - accident was reported using a self completion  form (self rep only);E01000625;1;1;Driver or rider;Male;35;6;Slight;Not a Pedestrian;Not a Pedestrian;Not car passenger;Not a bus or coach passenger;No / Not applicable;9;Cyclist;Less deprived 40-50%;1;Car;No tow/articulation;Data missing or out of range;Data missing or out of range;Data missing or out of range;Data missing or out of range;Data missing or out of range;Data missing or out of range;Data missing or out of range;Data missing or out of range;-1;Commuting to/from work;Male;35;26 - 35;1339;Petrol;13;6;Urban area;6
2019010161752;520328;186689;-0.265329;51.566249;Metropolitan Police;Slight;2;3;05/02/2019;Tuesday;21:00;Brent;Brent;A;4088;Roundabout;30 MPH;Roundabout;Data missing or out of range;A;4140;None within 50 metres ;Zebra;Darkness - lights lit;Raining + high winds;Wet or damp;None;None;Urban;No - accident was reported using a self completion  form (self rep only);E01000625;1;1;Driver or rider;Male;35;6;Slight;Not a Pedestrian;Not a Pedestrian;Not car passenger;Not a bus or coach passenger;No / Not applicable;9;Cyclist;Less deprived 40-50%;2;Car;No tow/articulation;Data missing or out of range;Data missing or out of range;Data missing or out of range;None;Data missing or out of range;Data missing or out of range;Data missing or out of range;Data missing or out of range;-1;Not known;Not known;-1;Data missing or out of range;1598;Petrol;12;-1;Data missing or out of range;-1
2019010161752;520328;186689;-0.265329;51.566249;Metropolitan Police;Slight;2;3;05/02/2019;Tuesday;21:00;Brent;Brent;A;4088;Roundabout;30 MPH;Roundabout;Data missing or out of range;A;4140;None within 50 metres ;Zebra;Darkness - lights lit;Raining + high winds;Wet or damp;None;None;Urban;No - accident was reported using a self completion  form (self rep only);E01000625;1;2;Passenger;Female;Data missing or out of range;-1;Slight;Not a Pedestrian;Not a Pedestrian;Front seat passenger;Not a bus or coach passenger;No / Not applicable;9;Cyclist;Less deprived 40-50%;1;Car;No tow/articulation;Data missing or out of range;Data missing or out of range;Data missing or out of range;Data missing or out of range;Data missing or out of range;Data missing or out of range;Data missing or out of range;Data missing or out of range;-1;Commuting to/from work;Male;35;26 - 35;1339;Petrol;13;6;Urban area;6
2019010161752;520328;186689;-0.265329;51.566249;Metropolitan Police;Slight;2;3;05/02/2019;Tuesday;21:00;Brent;Brent;A;4088;Roundabout;30 MPH;Roundabout;Data missing or out of range;A;4140;None within 50 metres ;Zebra;Darkness - lights lit;Raining + high winds;Wet or damp;None;None;Urban;No - accident was reported using a self completion  form (self rep only);E01000625;1;2;Passenger;Female;Data missing or out of range;-1;Slight;Not a Pedestrian;Not a Pedestrian;Front seat passenger;Not a bus or coach passenger;No / Not applicable;9;Cyclist;Less deprived 40-50%;2;Car;No tow/articulation;Data missing or out of range;Data missing or out of range;Data missing or out of range;None;Data missing or out of range;Data missing or out of range;Data missing or out of range;Data missing or out of range;-1;Not known;Not known;-1;Data missing or out of range;1598;Petrol;12;-1;Data missing or out of range;-1
2019010161752;520328;186689;-0.265329;51.566249;Metropolitan Police;Slight;2;3;05/02/2019;Tuesday;21:00;Brent;Brent;A;4088;Roundabout;30 MPH;Roundabout;Data missing or out of range;A;4140;None within 50 metres ;Zebra;Darkness - lights lit;Raining + high winds;Wet or damp;None;None;Urban;No - accident was reported using a self completion  form (self rep only);E01000625;1;3;Passenger;Male;Data missing or out of range;-1;Slight;Not a Pedestrian;Not a Pedestrian;Rear seat passenger;Not a bus or coach passenger;No / Not applicable;9;Cyclist;Less deprived 40-50%;1;Car;No tow/articulation;Data missing or out of range;Data missing or out of range;Data missing or out of range;Data missing or out of range;Data missing or out of range;Data missing or out of range;Data missing or out of range;Data missing or out of range;-1;Commuting to/from work;Male;35;26 - 35;1339;Petrol;13;6;Urban area;6
2019010161752;520328;186689;-0.265329;51.566249;Metropolitan Police;Slight;2;3;05/02/2019;Tuesday;21:00;Brent;Brent;A;4088;Roundabout;30 MPH;Roundabout;Data missing or out of range;A;4140;None within 50 metres ;Zebra;Darkness - lights lit;Raining + high winds;Wet or damp;None;None;Urban;No - accident was reported using a self completion  form (self rep only);E01000625;1;3;Passenger;Male;Data missing or out of range;-1;Slight;Not a Pedestrian;Not a Pedestrian;Rear seat passenger;Not a bus or coach passenger;No / Not applicable;9;Cyclist;Less deprived 40-50%;2;Car;No tow/articulation;Data missing or out of range;Data missing or out of range;Data missing or out of range;None;Data missing or out of range;Data missing or out of range;Data missing or out of range;Data missing or out of range;-1;Not known;Not known;-1;Data missing or out of range;1598;Petrol;12;-1;Data missing or out of range;-1
2019010161759;530632;183029;-0.118106;51.531068;Metropolitan Police;Slight;1;1;05/02/2019;Tuesday;10:35;Islington;Islington;A;501;Single carriageway;20 MPH;Other junction;Give way or uncontrolled;Unclassified;0;None within 50 metres ;Central refuge;Daylight;Fine no high winds;Dry;None;None;Urban;Yes;E01002711;1;1;Pedestrian;Male;22;5;Slight;In carriageway, crossing elsewhere;Crossing from driver's offside;Not car passenger;Not a bus or coach passenger;No / Not applicable;0;-1;Data missing or out of range;1;Bus or coach (17 or more pass seats);No tow/articulation;Going ahead other;Bus lane;Cleared junction or waiting/parked at junction exit;None;None;Did not leave carriageway;None;Front;1;Journey as part of work;Male;28;26 - 35;4500;Heavy oil;5;2;Urban area;2
2019010161762;554458;190045;0.228205;51.588094;Metropolitan Police;Slight;1;1;05/02/2019;Tuesday;16:50;Havering;Havering;C;0;Single carriageway;30 MPH;Not at junction or within 20 metres;Data missing or out of range;-1;0;Data missing or out of range;Data missing or out of range;Daylight;Fine no high winds;Wet or damp;Data missing or out of range;Data missing or out of range;Urban;No - accident was reported using a self completion  form (self rep only);E01002268;1;1;Pedestrian;Male;14;3;Slight;Crossing on pedestrian crossing facility;Crossing from driver's nearside;Not car passenger;Not a bus or coach passenger;No / Not applicable;0;Cyclist;More deprived 30-40%;1;Car;No tow/articulation;Data missing or out of range;Data missing or out of range;Not at or within 20 metres of junction;Data missing or out of range;Data missing or out of range;Data missing or out of range;Data missing or out of range;Data missing or out of range;-1;Not known;Not known;-1;Data missing or out of range;-1;-1;-1;-1;Data missing or out of range;-1
2019010161768;535929;174104;-0.045222;51.449614;Metropolitan Police;Slight;1;1;06/02/2019;Wednesday;07:20;Lewisham;Lewisham;B;238;One way street;30 MPH;Crossroads;Data missing or out of range;Unclassified;0;None within 50 metres ;Zebra;Daylight;Fine no high winds;Wet or damp;None;None;Urban;No - accident was reported using a self completion  form (self rep only);E01003226;1;1;Pedestrian;Male;34;6;Slight;Crossing on pedestrian crossing facility;Crossing from driver's nearside;Not car passenger;Not a bus or coach passenger;No / Not applicable;0;Cyclist;Less deprived 40-50%;1;Car;No tow/articulation;Data missing or out of range;Data missing or out of range;Data missing or out of range;Data missing or out of range;Data missing or out of range;Data missing or out of range;Data missing or out of range;Front;-1;Not known;Not known;-1;Data missing or out of range;-1;-1;-1;-1;Data missing or out of range;-1
2019010161782;530036;175500;-0.129465;51.463543;Metropolitan Police;Slight;1;1;31/01/2019;Thursday;08:40;Lambeth;Lambeth;B;221;Single carriageway;30 MPH;Data missing or out of range;Data missing or out of range;Unclassified;0;Data missing or out of range;Data missing or out of range;Daylight;Unknown;Data missing or out of range;Data missing or out of range;Data missing or out of range;Urban;No - accident was reported using a self completion  form (self rep only);E01003054;1;1;Driver or rider;Female;Data missing or out of range;-1;Slight;Not a Pedestrian;Not a Pedestrian;Not car passenger;Not a bus or coach passenger;No / Not applicable;1;-1;Data missing or out of range;1;Pedal cycle;Data missing or out of range;Going ahead other;On main c'way - not in restricted lane;Data missing or out of range;Data missing or out of range;None;Data missing or out of range;Data missing or out of range;Data missing or out of range;1;Not known;Female;-1;Data missing or out of range;-1;-1;-1;-1;Data missing or out of range;-1
2019010161787;529507;182248;-0.134602;51.524308;Metropolitan Police;Slight;2;1;06/02/2019;Wednesday;16:10;Camden;Camden;A;400;One way street;30 MPH;Crossroads;Auto traffic signal;C;0;None within 50 metres ;Data missing or out of range;Daylight;Fine no high winds;Dry;None;None;Urban;No - accident was reported using a self completion  form (self rep only);E01000854;1;1;Driver or rider;Male;40;7;Slight;Not a Pedestrian;Not a Pedestrian;Not car passenger;Not a bus or coach passenger;No / Not applicable;1;Motorcycle 50cc and under rider or passenger;Less deprived 20-30%;1;Pedal cycle;Data missing or out of range;Data missing or out of range;Data missing or out of range;Data missing or out of range;Data missing or out of range;Data missing or out of range;Data missing or out of range;Data missing or out of range;Back;1;Commuting to/from work;Male;40;36 - 45;-1;-1;-1;8;Small town;8
2019010161787;529507;182248;-0.134602;51.524308;Metropolitan Police;Slight;2;1;06/02/2019;Wednesday;16:10;Camden;Camden;A;400;One way street;30 MPH;Crossroads;Auto traffic signal;C;0;None within 50 metres ;Data missing or out of range;Daylight;Fine no high winds;Dry;None;None;Urban;No - accident was reported using a self completion  form (self rep only);E01000854;1;1;Driver or rider;Male;40;7;Slight;Not a Pedestrian;Not a Pedestrian;Not car passenger;Not a bus or coach passenger;No / Not applicable;1;Motorcycle 50cc and under rider or passenger;Less deprived 20-30%;2;Taxi/Private hire car;No tow/articulation;Data missing or out of range;Data missing or out of range;Data missing or out of range;Data missing or out of range;Data missing or out of range;Data missing or out of range;Data missing or out of range;Front;-1;Not known;Not known;-1;Data missing or out of range;-1;-1;-1;2;Urban area;2
2019010161793;525447;182388;-0.193044;51.526481;Metropolitan Police;Slight;2;1;15/01/2019;Tuesday;08:48;Westminster;Westminster;B;413;Single carriageway;20 MPH;Data missing or out of range;Auto traffic signal;C;0;Control by school crossing patrol;Pedestrian phase at traffic signal junction;Daylight;Fine no high winds;Dry;None;Data missing or out of range;Urban;No - accident was reported using a self completion  form (self rep only);E01004708;1;1;Driver or rider;Female;37;7;Slight;Not a Pedestrian;Not a Pedestrian;Not car passenger;Not a bus or coach passenger;No / Not applicable;9;Cyclist;More deprived 20-30%;1;Car;No tow/articulation;Data missing or out of range;Data missing or out of range;Data missing or out of range;Data missing or out of range;Data missing or out of range;Data missing or out of range;Data missing or out of range;Back;-1;Not known;Female;37;36 - 45;-1;-1;-1;3;Urban area;3
2019010161793;525447;182388;-0.193044;51.526481;Metropolitan Police;Slight;2;1;15/01/2019;Tuesday;08:48;Westminster;Westminster;B;413;Single carriageway;20 MPH;Data missing or out of range;Auto traffic signal;C;0;Control by school crossing patrol;Pedestrian phase at traffic signal junction;Daylight;Fine no high winds;Dry;None;Data missing or out of range;Urban;No - accident was reported using a self completion  form (self rep only);E01004708;1;1;Driver or rider;Female;37;7;Slight;Not a Pedestrian;Not a Pedestrian;Not car passenger;Not a bus or coach passenger;No / Not applicable;9;Cyclist;More deprived 20-30%;2;Car;No tow/articulation;Data missing or out of range;Data missing or out of range;Data missing or out of range;Data missing or out of range;Data missing or out of range;Data missing or out of range;Data missing or out of range;Front;-1;Not known;Not known;32;26 - 35;-1;-1;-1;2;Urban area;2
2019010161797;550762;189444;0.174639;51.583695;Metropolitan Police;Slight;2;1;04/02/2019;Monday;17:04;Havering;Havering;Unclassified;0;Single carriageway;30 MPH;T or staggered junction;Give way or uncontrolled;A;125;None within 50 metres ;Pedestrian phase at traffic signal junction;Daylight;Raining no high winds;Wet or damp;None;None;Urban;No - accident was reported using a self completion  form (self rep only);E01002243;2;1;Pedestrian;Female;26;6;Slight;In carriageway, crossing elsewhere;Crossing from driver's nearside;Not car passenger;Not a bus or coach passenger;No / Not applicable;0;Cyclist;Less deprived 30-40%;1;Car;No tow/articulation;Data missing or out of range;Data missing or out of range;Approaching junction or waiting/parked at junction approach;Data missing or out of range;Data missing or out of range;Data missing or out of range;Data missing or out of range;Data missing or out of range;-1;Not known;Not known;-1;Data missing or out of range;-1;-1;-1;-1;Data missing or out of range;-1
2019010161797;550762;189444;0.174639;51.583695;Metropolitan Police;Slight;2;1;04/02/2019;Monday;17:04;Havering;Havering;Unclassified;0;Single carriageway;30 MPH;T or staggered junction;Give way or uncontrolled;A;125;None within 50 metres ;Pedestrian phase at traffic signal junction;Daylight;Raining no high winds;Wet or damp;None;None;Urban;No - accident was reported using a self completion  form (self rep only);E01002243;2;1;Pedestrian;Female;26;6;Slight;In carriageway, crossing elsewhere;Crossing from driver's nearside;Not car passenger;Not a bus or coach passenger;No / Not applicable;0;Cyclist;Less deprived 30-40%;2;Bus or coach (17 or more pass seats);No tow/articulation;Data missing or out of range;Data missing or out of range;Approaching junction or waiting/parked at junction approach;Data missing or out of range;Data missing or out of range;Data missing or out of range;Data missing or out of range;Did not impact;-1;Not known;Not known;-1;Data missing or out of range;-1;-1;-1;-1;Data missing or out of range;-1
2019010161799;523272;175858;-0.226661;51.468272;Metropolitan Police;Slight;2;1;30/01/2019;Wednesday;17:50;Wandsworth;Wandsworth;Unclassified;0;Single carriageway;30 MPH;T or staggered junction;Give way or uncontrolled;B;306;Data missing or out of range;Data missing or out of range;Darkness - lighting unknown;Unknown;Dry;Data missing or out of range;Data missing or out of range;Urban;No - accident was reported using a self completion  form (self rep only);E01004605;1;1;Driver or rider;Male;56;9;Slight;Not a Pedestrian;Not a Pedestrian;Not car passenger;Not a bus or coach passenger;No / Not applicable;1;Cyclist;Less deprived 10-20%;1;Pedal cycle;Data missing or out of range;Data missing or out of range;Data missing or out of range;Data missing or out of range;Data missing or out of range;Data missing or out of range;Data missing or out of range;Data missing or out of range;Data missing or out of range;1;Journey as part of work;Male;56;56 - 65;-1;-1;-1;9;Urban area;9
2019010161799;523272;175858;-0.226661;51.468272;Metropolitan Police;Slight;2;1;30/01/2019;Wednesday;17:50;Wandsworth;Wandsworth;Unclassified;0;Single carriageway;30 MPH;T or staggered junction;Give way or uncontrolled;B;306;Data missing or out of range;Data missing or out of range;Darkness - lighting unknown;Unknown;Dry;Data missing or out of range;Data missing or out of range;Urban;No - accident was reported using a self completion  form (self rep only);E01004605;1;1;Driver or rider;Male;56;9;Slight;Not a Pedestrian;Not a Pedestrian;Not car passenger;Not a bus or coach passenger;No / Not applicable;1;Cyclist;Less deprived 10-20%;2;Car;Data missing or out of range;Data missing or out of range;Data missing or out of range;Data missing or out of range;Data missing or out of range;Data missing or out of range;Data missing or out of range;Data missing or out of range;Data missing or out of range;-1;Not known;Not known;-1;Data missing or out of range;-1;-1;-1;-1;Data missing or out of range;-1
2019010161804;533699;181695;-0.074422;51.518362;Metropolitan Police;Slight;2;1;12/01/2019;Saturday;08:30;Tower Hamlets;Tower Hamlets;A;1202;Single carriageway;30 MPH;T or staggered junction;Auto traffic signal;Unclassified;0;Data missing or out of range;Data missing or out of range;Daylight;Fine no high winds;Dry;None;None;Urban;No - accident was reported using a self completion  form (self rep only);E01004310;1;1;Driver or rider;Male;28;6;Slight;Not a Pedestrian;Not a Pedestrian;Not car passenger;Not a bus or coach passenger;No / Not applicable;9;Cyclist;More deprived 20-30%;1;Car;No tow/articulation;Waiting to go - held up;On main c'way - not in restricted lane;Approaching junction or waiting/parked at junction approach;None;None;Did not leave carriageway;None;Back;-1;Commuting to/from work;Male;28;26 - 35;-1;-1;-1;3;Urban area;3
2019010161804;533699;181695;-0.074422;51.518362;Metropolitan Police;Slight;2;1;12/01/2019;Saturday;08:30;Tower Hamlets;Tower Hamlets;A;1202;Single carriageway;30 MPH;T or staggered junction;Auto traffic signal;Unclassified;0;Data missing or out of range;Data missing or out of range;Daylight;Fine no high winds;Dry;None;None;Urban;No - accident was reported using a self completion  form (self rep only);E01004310;1;1;Driver or rider;Male;28;6;Slight;Not a Pedestrian;Not a Pedestrian;Not car passenger;Not a bus or coach passenger;No / Not applicable;9;Cyclist;More deprived 20-30%;2;Car;No tow/articulation;Going ahead other;On main c'way - not in restricted lane;Approaching junction or waiting/parked at junction approach;None;None;Did not leave carriageway;None;Front;-1;Not known;Not known;-1;Data missing or out of range;-1;-1;-1;-1;Data missing or out of range;-1