Accident_Index;Location_Easting_OSGR;Location_Northing_OSGR;Longitude;Latitude;Police_Force;Accident_Severity;Number_of_Vehicles;Number_of_Casualties;Date;Day_of_Week;Time;Local_Authority_(District);Local_Authority_(Highway);1st_Road_Class;1st_Road_Number;Road_Type;Speed_limit;Junction_Detail;Junction_Control;2nd_Road_Class;2nd_Road_Number;Pedestrian_Crossing-Human_Control;Pedestrian_Crossing-Physical_Facilities;Light_Conditions;Weather_Conditions;Road_Surface_Conditions;Special_Conditions_at_Site;Carriageway_Hazards;Urban_or_Rural_Area;Did_Police_Officer_Attend_Scene_of_Accident;LSOA_of_Accident_Location;Vehicle_Reference_x;Casualty_Reference;Casualty_Class;Sex_of_Casualty;Age_of_Casualty;Age_Band_of_Casualty;Casualty_Severity;Pedestrian_Location;Pedestrian_Movement;Car_Passenger;Bus_or_Coach_Passenger;Pedestrian_Road_Maintenance_Worker;Casualty_Type;Casualty_Home_Area_Type;Casualty_IMD_Decile;Vehicle_Reference_y;Vehicle_Type;Towing_and_Articulation;Vehicle_Manoeuvre;Vehicle_Location-Restricted_Lane;Junction_Location;Skidding_and_Overturning;Hit_Object_in_Carriageway;Vehicle_Leaving_Carriageway;Hit_Object_off_Carriageway;1st_Point_of_Impact;Was_Vehicle_Left_Hand_Drive?;Journey_Purpose_of_Driver;Sex_of_Driver;Age_of_Driver;Age_Band_of_Driver;Engine_Capacity_(CC);Propulsion_Code;Age_of_Vehicle;Driver_IMD_Decile;Driver_Home_Area_Type;Vehicle_IMD_Decile
2019010161916;546049;165620;0.096822;51.370864;Metropolitan Police;Slight;4;3;06/02/2019;Wednesday;17:29;Bromley;Bromley;A;223;Single carriageway;30 MPH;T or staggered junction;Give way or uncontrolled;Unclassified;0;None within 50 metres ;No physical crossing facilities within 50 metres;Darkness - lights lit;Fine no high winds;Dry;None;None;Urban;Yes;E01000790;3;2;Driver or rider;Female;51;8;Slight;Not a Pedestrian;Not a Pedestrian;Not car passenger;Not a bus or coach passenger;No / Not applicable;9;Cyclist;Least deprived 10%;4;Van / Goods 3.5 tonnes mgw or under;No tow/articulation;Going ahead other;On main c'way - not in restricted lane;Approaching junction or waiting/parked at junction approach;None;None;Did not leave carriageway;None;Did not impact;1;Journey as part of work;Male;40;36 - 45;-1;-1;-1;7;Urban area;7
2019010161916;546049;165620;0.096822;51.370864;Metropolitan Police;Slight;4;3;06/02/2019;Wednesday;17:29;Bromley;Bromley;A;223;Single carriageway;30 MPH;T or staggered junction;Give way or uncontrolled;Unclassified;0;None within 50 metres ;No physical crossing facilities within 50 metres;Darkness - lights lit;Fine no high winds;Dry;None;None;Urban;Yes;E01000790;3;3;Passenger;Female;17;4;Slight;Not a Pedestrian;Not a Pedestrian;Front seat passenger;Not a bus or coach passenger;No / Not applicable;9;Cyclist;Least deprived 10%;1;Car;No tow/articulation;Going ahead other;On main c'way - not in restricted lane;Approaching junction or waiting/parked at junction approach;Skidded;None;Offside;Wall or fence;Offside;1;Not known;Male;22;21 - 25;-1;-1;-1;7;Urban area;7
2019010161916;546049;165620;0.096822;51.370864;Metropolitan Police;Slight;4;3;06/02/2019;Wednesday;17:29;Bromley;Bromley;A;223;Single carriageway;30 MPH;T or staggered junction;Give way or uncontrolled;Unclassified;0;None within 50 metres ;No physical crossing facilities within 50 metres;Darkness - lights lit;Fine no high winds;Dry;None;None;Urban;Yes;E01000790;3;3;Passenger;Female;17;4;Slight;Not a Pedestrian;Not a Pedestrian;Front seat passenger;Not a bus or coach passenger;No / Not applicable;9;Cyclist;Least deprived 10%;2;Car;No tow/articulation;Waiting to go - held up;On main c'way - not in restricted lane;Approaching junction or waiting/parked at junction approach;None;None;Did not leave carriageway;None;Front;1;Commuting to/from work;Female;50;46 - 55;-1;-1;-1;8;Urban area;8
2019010161916;546049;165620;0.096822;51.370864;Metropolitan Police;Slight;4;3;06/02/2019;Wednesday;17:29;Bromley;Bromley;A;223;Single carriageway;30 MPH;T or staggered junction;Give way or uncontrolled;Unclassified;0;None within 50 metres ;No physical crossing facilities within 50 metres;Darkness - lights lit;Fine no high winds;Dry;None;None;Urban;Yes;E01000790;3;3;Passenger;Female;17;4;Slight;Not a Pedestrian;Not a Pedestrian;Front seat passenger;Not a bus or coach passenger;No / Not applicable;9;Cyclist;Least deprived 10%;3;Car;No tow/articulation;Going ahead other;On main c'way - not in restricted lane;Approaching junction or waiting/parked at junction approach;None;None;Did not leave carriageway;None;Front;1;Commuting to/from work;Female;51;46 - 55;-1;-1;-1;10;Urban area;10
2019010161916;546049;165620;0.096822;51.370864;Metropolitan Police;Slight;4;3;06/02/2019;Wednesday;17:29;Bromley;Bromley;A;223;Single carriageway;30 MPH;T or staggered junction;Give way or uncontrolled;Unclassified;0;None within 50 metres ;No physical crossing facilities within 50 metres;Darkness - lights lit;Fine no high winds;Dry;None;None;Urban;Yes;E01000790;3;3;Passenger;Female;17;4;Slight;Not a Pedestrian;Not a Pedestrian;Front seat passenger;Not a bus or coach passenger;No / Not applicable;9;Cyclist;Least deprived 10%;4;Van / Goods 3.5 tonnes mgw or under;No tow/articulation;Going ahead other;On main c'way - not in restricted lane;Approaching junction or waiting/parked at junction approach;None;None;Did not leave carriageway;None;Did not impact;1;Journey as part of work;Male;40;36 - 45;-1;-1;-1;7;Urban area;7
2019010161919;531533;182080;-0.105478;51.52233;Metropolitan Police;Serious;2;1;06/02/2019;Wednesday;18:36;Islington;Islington;A;5201;Dual carriageway;30 MPH;Other junction;Give way or uncontrolled;Unclassified;0;None within 50 metres ;Pelican, puffin, toucan or similar non-junction pedestrian light crossing;Darkness - lights lit;Fine no high winds;Dry;None;None;Urban;Yes;E01002724;2;1;Driver or rider;Male;68;10;Serious;Not a Pedestrian;Not a Pedestrian;Not car passenger;Not a bus or coach passenger;No / Not applicable;1;Cyclist;Less deprived 40-50%;1;Car;No tow/articulation;Moving off;On main c'way - not in restricted lane;Approaching junction or waiting/parked at junction approach;None;None;Did not leave carriageway;None;Nearside;1;Not known;Female;27;26 - 35;-1;-1;-1;2;Urban area;2
2019010161919;531533;182080;-0.105478;51.52233;Metropolitan Police;Serious;2;1;06/02/2019;Wednesday;18:36;Islington;Islington;A;5201;Dual carriageway;30 MPH;Other junction;Give way or uncontrolled;Unclassified;0;None within 50 metres ;Pelican, puffin, toucan or similar non-junction pedestrian light crossing;Darkness - lights lit;Fine no high winds;Dry;None;None;Urban;Yes;E01002724;2;1;Driver or rider;Male;68;10;Serious;Not a Pedestrian;Not a Pedestrian;Not car passenger;Not a bus or coach passenger;No / Not applicable;1;Cyclist;Less deprived 40-50%;2;Pedal cycle;No tow/articulation;Waiting to go - held up;On main c'way - not in restricted lane;Approaching junction or waiting/parked at junction approach;None;None;Did not leave carriageway;None;Offside;1;Commuting to/from work;Male;68;66 - 75;-1;-1;-1;6;Urban area;6
2019010161920;534790;182382;-0.058445;51.524276;Metropolitan Police;Serious;2;1;06/02/2019;Wednesday;18:41;Tower Hamlets;Tower Hamlets;Unclassified;0;Single carriageway;20 MPH;T or staggered junction;Give way or uncontrolled;B;135;None within 50 metres ;No physical crossing facilities within 50 metres;Darkness - lights lit;Fine no high winds;Dry;None;None;Urban;Yes;E01004212;2;1;Driver or rider;Male;35;6;Serious;Not a Pedestrian;Not a Pedestrian;Not car passenger;Not a bus or coach passenger;No / Not applicable;1;-1;More deprived 20-30%;1;Car;No tow/articulation;Turning right;On main c'way - not in restricted lane;Mid Junction - on roundabout or on main road;None;None;Did not leave carriageway;None;Front;1;Not known;Male;25;21 - 25;-1;-1;-1;2;Urban area;2
2019010161920;534790;182382;-0.058445;51.524276;Metropolitan Police;Serious;2;1;06/02/2019;Wednesday;18:41;Tower Hamlets;Tower Hamlets;Unclassified;0;Single carriageway;20 MPH;T or staggered junction;Give way or uncontrolled;B;135;None within 50 metres ;No physical crossing facilities within 50 metres;Darkness - lights lit;Fine no high winds;Dry;None;None;Urban;Yes;E01004212;2;1;Driver or rider;Male;35;6;Serious;Not a Pedestrian;Not a Pedestrian;Not car passenger;Not a bus or coach passenger;No / Not applicable;1;-1;More deprived 20-30%;2;Pedal cycle;No tow/articulation;Going ahead other;On main c'way - not in restricted lane;Mid Junction - on roundabout or on main road;None;None;Did not leave carriageway;None;Front;1;Commuting to/from work;Male;35;26 - 35;-1;-1;-1;3;Data missing or out of range;3
2019010161925;525329;180460;-0.19543;51.50918;Metropolitan Police;Slight;1;1;06/02/2019;Wednesday;19:15;Kensington and Chelsea;Kensington and Chelsea;A;402;Slip road;30 MPH;T or staggered junction;Give way or uncontrolled;A;4204;None within 50 metres ;No physical crossing facilities within 50 metres;Darkness - lights lit;Raining no high winds;Wet or damp;None;None;Urban;Yes;E01002827;1;1;Pedestrian;Male;16;4;Slight;In carriageway, crossing elsewhere;Crossing from driver's offside;Not car passenger;Not a bus or coach passenger;No / Not applicable;0;Cyclist;More deprived 40-50%;1;Van / Goods 3.5 tonnes mgw or under;No tow/articulation;Going ahead other;On main c'way - not in restricted lane;Approaching junction or waiting/parked at junction approach;None;None;Did not leave carriageway;None;Offside;1;Journey as part of work;Male;37;36 - 45;-1;-1;-1;-1;Data missing or out of range;-1
2019010161928;543720;178991;0.068808;51.491606;Metropolitan Police;Slight;1;1;05/02/2019;Tuesday;11:13;Greenwich;Greenwich;A;206;Dual carriageway;30 MPH;Not at junction or within 20 metres;Data missing or out of range;-1;0;None within 50 metres ;Pelican, puffin, toucan or similar non-junction pedestrian light crossing;Daylight;Fine no high winds;Dry;None;None;Urban;Yes;E01033731;1;1;Pedestrian;Male;30;6;Slight;On footway or verge;Unknown or other;Not car passenger;Not a bus or coach passenger;No / Not applicable;0;Cyclist;More deprived 20-30%;1;Car;No tow/articulation;Parked;On lay-by or hard shoulder;Not at or within 20 metres of junction;None;None;Nearside;Lamp post;Offside;1;Not known;Not known;-1;Data missing or out of range;-1;-1;-1;-1;Data missing or out of range;-1
2019010161929;525803;162494;-0.194976;51.34761;Metropolitan Police;Slight;1;1;06/02/2019;Wednesday;18:18;Sutton;Sutton;B;2230;Single carriageway;30 MPH;More than 4 arms (not roundabout);Give way or uncontrolled;B;2230;None within 50 metres ;Pelican, puffin, toucan or similar non-junction pedestrian light crossing;Darkness - lights lit;Raining no high winds;Wet or damp;None;None;Urban;Yes;E01004090;1;1;Pedestrian;Male;14;3;Slight;Crossing elsewhere within 50m. of pedestrian crossing;Crossing from driver's nearside;Not car passenger;Not a bus or coach passenger;No / Not applicable;0;Cyclist;More deprived 30-40%;1;Car;No tow/articulation;Going ahead other;On main c'way - not in restricted lane;Mid Junction - on roundabout or on main road;None;None;Did not leave carriageway;None;Nearside;1;Not known;Not known;-1;Data missing or out of range;-1;-1;-1;-1;Data missing or out of range;-1
2019010161933;553250;191480;0.211408;51.601317;Metropolitan Police;Slight;2;1;04/02/2019;Monday;23:46;Havering;Havering;Unclassified;0;Unknown;30 MPH;Not at junction or within 20 metres;Data missing or out of range;-1;0;None within 50 metres ;Data missing or out of range;Daylight;Raining no high winds;Wet or damp;None;None;Urban;No - accident was reported using a self completion  form (self rep only);E01002314;1;1;Driver or rider;Female;46;8;Slight;Not a Pedestrian;Not a Pedestrian;Not car passenger;Not a bus or coach passenger;No / Not applicable;9;Cyclist;Most deprived 10%;1;Car;No tow/articulation;Data missing or out of range;Data missing or out of range;Not at or within 20 metres of junction;Data missing or out of range;Data missing or out of range;Data missing or out of range;Data missing or out of range;Data missing or out of range;-1;Not known;Female;46;46 - 55;-1;-1;-1;1;Urban area;1
2019010161933;553250;191480;0.211408;51.601317;Metropolitan Police;Slight;2;1;04/02/2019;Monday;23:46;Havering;Havering;Unclassified;0;Unknown;30 MPH;Not at junction or within 20 metres;Data missing or out of range;-1;0;None within 50 metres ;Data missing or out of range;Daylight;Raining no high winds;Wet or damp;None;None;Urban;No - accident was reported using a self completion  form (self rep only);E01002314;1;1;Driver or rider;Female;46;8;Slight;Not a Pedestrian;Not a Pedestrian;Not car passenger;Not a bus or coach passenger;No / Not applicable;9;Cyclist;Most deprived 10%;2;Car;No tow/articulation;Data missing or out of range;Data missing or out of range;Not at or within 20 metres of junction;Data missing or out of range;Data missing or out of range;Data missing or out of range;Data missing or out of range;Did not impact;-1;Not known;Not known;-1;Data missing or out of range;-1;-1;-1;-1;Data missing or out of range;-1
2019010161936;513221;186587;-0.367855;51.566802;Metropolitan Police;Slight;2;1;06/02/2019;Wednesday;06:15;Harrow;Harrow;A;4090;Single carriageway;30 MPH;T or staggered junction;Data missing or out of range;Unclassified;0;None within 50 metres ;No physical crossing facilities within 50 metres;Daylight;Fine no high winds;Dry;None;None;Urban;No - accident was reported using a self completion  form (self rep only);E01002212;1;1;Driver or rider;Male;37;7;Slight;Not a Pedestrian;Not a Pedestrian;Not car passenger;Not a bus or coach passenger;No / Not applicable;8;Cyclist;More deprived 40-50%;1;Taxi/Private hire car;No tow/articulation;Data missing or out of range;Data missing or out of range;Data missing or out of range;Data missing or out of range;Data missing or out of range;Data missing or out of range;Data missing or out of range;Data missing or out of range;-1;Not known;Male;37;36 - 45;-1;-1;-1;5;Urban area;5
2019010161936;513221;186587;-0.367855;51.566802;Metropolitan Police;Slight;2;1;06/02/2019;Wednesday;06:15;Harrow;Harrow;A;4090;Single carriageway;30 MPH;T or staggered junction;Data missing or out of range;Unclassified;0;None within 50 metres ;No physical crossing facilities within 50 metres;Daylight;Fine no high winds;Dry;None;None;Urban;No - accident was reported using a self completion  form (self rep only);E01002212;1;1;Driver or rider;Male;37;7;Slight;Not a Pedestrian;Not a Pedestrian;Not car passenger;Not a bus or coach passenger;No / Not applicable;8;Cyclist;More deprived 40-50%;2;Motorcycle over 500cc;No tow/articulation;Data missing or out of range;Data missing or out of range;Data missing or out of range;Data missing or out of range;Data missing or out of range;Data missing or out of range;Data missing or out of range;Data missing or out of range;1;Not known;Not known;-1;Data missing or out of range;-1;-1;-1;8;Urban area;8
2019010161937;526395;183808;-0.178876;51.539032;Metropolitan Police;Slight;2;1;06/02/2019;Wednesday;15:50;Westminster;Westminster;Unclassified;0;Single carriageway;30 MPH;Other junction;Give way or uncontrolled;Unclassified;0;Data missing or out of range;Data missing or out of range;Darkness - lighting unknown;Unknown;Data missing or out of range;Data missing or out of range;Data missing or out of range;Urban;No - accident was reported using a self completion  form (self rep only);E01004646;1;1;Driver or rider;Male;48;8;Slight;Not a Pedestrian;Not a Pedestrian;Not car passenger;Not a bus or coach passenger;No / Not applicable;3;Cyclist;More deprived 40-50%;1;Motorcycle 125cc and under;No tow/articulation;Waiting to go - held up;On main c'way - not in restricted lane;Cleared junction or waiting/parked at junction exit;Data missing or out of range;None;Did not leave carriageway;None;Back;1;Not known;Male;48;46 - 55;-1;-1;-1;5;Urban area;5
2019010161937;526395;183808;-0.178876;51.539032;Metropolitan Police;Slight;2;1;06/02/2019;Wednesday;15:50;Westminster;Westminster;Unclassified;0;Single carriageway;30 MPH;Other junction;Give way or uncontrolled;Unclassified;0;Data missing or out of range;Data missing or out of range;Darkness - lighting unknown;Unknown;Data missing or out of range;Data missing or out of range;Data missing or out of range;Urban;No - accident was reported using a self completion  form (self rep only);E01004646;1;1;Driver or rider;Male;48;8;Slight;Not a Pedestrian;Not a Pedestrian;Not car passenger;Not a bus or coach passenger;No / Not applicable;3;Cyclist;More deprived 40-50%;2;Car;Data missing or out of range;Turning left;On main c'way - not in restricted lane;Cleared junction or waiting/parked at junction exit;Data missing or out of range;None;Did not leave carriageway;None;Front;-1;Not known;Not known;-1;Data missing or out of range;-1;-1;-1;-1;Data missing or out of range;-1
2019010161938;519153;186644;-0.282289;51.566094;Metropolitan Police;Slight;2;1;06/02/2019;Wednesday;18:50;Brent;Brent;A;4088;Single carriageway;30 MPH;Other junction;Data missing or out of range;C;0;Data missing or out of range;Zebra;Darkness - lights lit;Fine no high winds;Dry;None;None;Urban;No - accident was reported using a self completion  form (self rep only);E01000480;1;1;Driver or rider;Female;59;9;Slight;Not a Pedestrian;Not a Pedestrian;Not car passenger;Not a bus or coach passenger;No / Not applicable;9;Cyclist;Less deprived 40-50%;1;Car;No tow/articulation;Data missing or out of range;Data missing or out of range;Data missing or out of range;Data missing or out of range;Data missing or out of range;Data missing or out of range;Data missing or out of range;Front;-1;Not known;Female;59;56 - 65;-1;-1;-1;6;Urban area;6
2019010161938;519153;186644;-0.282289;51.566094;Metropolitan Police;Slight;2;1;06/02/2019;Wednesday;18:50;Brent;Brent;A;4088;Single carriageway;30 MPH;Other junction;Data missing or out of range;C;0;Data missing or out of range;Zebra;Darkness - lights lit;Fine no high winds;Dry;None;None;Urban;No - accident was reported using a self completion  form (self rep only);E01000480;1;1;Driver or rider;Female;59;9;Slight;Not a Pedestrian;Not a Pedestrian;Not car passenger;Not a bus or coach passenger;No / Not applicable;9;Cyclist;Less deprived 40-50%;2;Van / Goods 3.5 tonnes mgw or under;No tow/articulation;Data missing or out of range;Data missing or out of range;Data missing or out of range;Data missing or out of range;Data missing or out of range;Data missing or out of range;Data missing or out of range;Data missing or out of range;-1;Not known;Not known;-1;Data missing or out of range;-1;-1;-1;7;Urban area;7
2019010161940;515385;185014;-0.337162;51.552226;Metropolitan Police;Slight;1;1;06/02/2019;Wednesday;15:00;Ealing;Ealing;Unclassified;0;Single carriageway;20 MPH;Private drive or entrance;Give way or uncontrolled;Unclassified;0;None within 50 metres ;No physical crossing facilities within 50 metres;Darkness - lights lit;Raining no high winds;Wet or damp;None;None;Urban;Yes;E01001312;1;1;Driver or rider;Female;70;10;Slight;Not a Pedestrian;Not a Pedestrian;Not car passenger;Not a bus or coach passenger;No / Not applicable;9;Cyclist;More deprived 10-20%;1;Car;No tow/articulation;Moving off;Footway (pavement);Approaching junction or waiting/parked at junction approach;Skidded;None;Did not leave carriageway;None;Offside;1;Not known;Female;70;66 - 75;-1;-1;-1;2;Urban area;2
2019010161941;530672;180874;-0.118328;51.511692;Metropolitan Police;Slight;1;1;06/02/2019;Wednesday;10:32;Westminster;Westminster;A;4;One way street;30 MPH;Other junction;Auto traffic signal;Unclassified;0;None within 50 metres ;Pedestrian phase at traffic signal junction;Darkness - lights lit;Fine no high winds;Dry;None;None;Urban;Yes;E01004735;1;1;Driver or rider;Male;35;6;Slight;Not a Pedestrian;Not a Pedestrian;Not car passenger;Not a bus or coach passenger;No / Not applicable;5;Cyclist;More deprived 20-30%;1;Motorcycle over 500cc;No tow/articulation;Going ahead other;On main c'way - not in restricted lane;Cleared junction or waiting/parked at junction exit;None;None;Did not leave carriageway;None;Front;1;Not known;Male;35;26 - 35;-1;-1;-1;3;Urban area;3
2019010161943;527448;178229;-0.165717;51.488657;Metropolitan Police;Slight;1;1;06/02/2019;Wednesday;19:45;Kensington and Chelsea;Kensington and Chelsea;A;3217;Single carriageway;30 MPH;T or staggered junction;Give way or uncontrolled;Unclassified;0;Data missing or out of range;Zebra;Darkness - lights lit;Raining no high winds;Wet or damp;None;Data missing or out of range;Urban;No - accident was reported using a self completion  form (self rep only);E01002903;1;1;Pedestrian;Female;25;5;Slight;Crossing on pedestrian crossing facility;Crossing from driver's offside;Not car passenger;Not a bus or coach passenger;No / Not applicable;0;Cyclist;Less deprived 40-50%;1;Car;No tow/articulation;Data missing or out of range;Data missing or out of range;Approaching junction or waiting/parked at junction approach;Data missing or out of range;Data missing or out of range;Data missing or out of range;Data missing or out of range;Front;-1;Not known;Not known;-1;Data missing or out of range;-1;-1;-1;-1;Data missing or out of range;-1
2019010161948;529217;182811;-0.138574;51.529434;Metropolitan Police;Slight;2;1;05/02/2019;Tuesday;18:50;Camden;Camden;A;400;Single carriageway;20 MPH;T or staggered junction;Data missing or out of range;A;400;None within 50 metres ;Pedestrian phase at traffic signal junction;Daylight;Raining no high winds;Wet or damp;None;None;Urban;No - accident was reported using a self completion  form (self rep only);E01000945;1;1;Driver or rider;Female;28;6;Slight;Not a Pedestrian;Not a Pedestrian;Not car passenger;Not a bus or coach passenger;No / Not applicable;1;Cyclist;Less deprived 10-20%;1;Pedal cycle;Data missing or out of range;Data missing or out of range;Data missing or out of range;Data missing or out of range;Data missing or out of range;Data missing or out of range;Data missing or out of range;Data missing or out of range;Front;1;Commuting to/from work;Female;28;26 - 35;-1;-1;-1;9;Urban area;9
2019010161948;529217;182811;-0.138574;51.529434;Metropolitan Police;Slight;2;1;05/02/2019;Tuesday;18:50;Camden;Camden;A;400;Single carriageway;20 MPH;T or staggered junction;Data missing or out of range;A;400;None within 50 metres ;Pedestrian phase at traffic signal junction;Daylight;Raining no high winds;Wet or damp;None;None;Urban;No - accident was reported using a self completion  form (self rep only);E01000945;1;1;Driver or rider;Female;28;6;Slight;Not a Pedestrian;Not a Pedestrian;Not car passenger;Not a bus or coach passenger;No / Not applicable;1;Cyclist;Less deprived 10-20%;2;Taxi/Private hire car;No tow/articulation;Data missing or out of range;Data missing or out of range;Data missing or out of range;Data missing or out of range;Data missing or out of range;Data missing or out of range;Data missing or out of range;Data missing or out of range;-1;Not known;Male;42;36 - 45;-1;-1;-1;2;Urban area;2
2019010161950;535785;178856;-0.045468;51.492353;Metropolitan Police;Slight;1;1;06/02/2019;Wednesday;14:57;Southwark;Southwark;A;200;Dual carriageway;30 MPH;Not at junction or within 20 metres;Data missing or out of range;-1;0;Control by other authorised person;No physical crossing facilities within 50 metres;Daylight;Fine no high winds;Dry;None;None;Urban;Yes;E01004060;1;1;Pedestrian;Female;30;6;Slight;On footway or verge;Unknown or other;Not car passenger;Not a bus or coach passenger;No / Not applicable;0;Cyclist;More deprived 10-20%;1;Motorcycle - unknown cc;No tow/articulation;Going ahead other;Footway (pavement);Not at or within 20 metres of junction;None;None;Did not leave carriageway;None;Front;1;Not known;Not known;-1;Data missing or out of range;-1;-1;-1;-1;Data missing or out of range;-1
2019010161951;535876;198804;-0.036446;51.671586;Metropolitan Police;Serious;2;1;06/02/2019;Wednesday;21:00;Enfield;Enfield;C;0;Single carriageway;30 MPH;T or staggered junction;Give way or uncontrolled;Unclassified;0;None within 50 metres ;No physical crossing facilities within 50 metres;Darkness - lights lit;Raining no high winds;Wet or damp;None;None;Urban;Yes;E01001448;1;1;Driver or rider;Male;17;4;Serious;Not a Pedestrian;Not a Pedestrian;Not car passenger;Not a bus or coach passenger;No / Not applicable;3;Cyclist;More deprived 40-50%;1;Motorcycle 125cc and under;No tow/articulation;Going ahead other;On main c'way - not in restricted lane;Approaching junction or waiting/parked at junction approach;None;None;Did not leave carriageway;None;Front;1;Journey as part of work;Male;17;16 - 20;-1;-1;-1;5;Urban area;5
2019010161951;535876;198804;-0.036446;51.671586;Metropolitan Police;Serious;2;1;06/02/2019;Wednesday;21:00;Enfield;Enfield;C;0;Single carriageway;30 MPH;T or staggered junction;Give way or uncontrolled;Unclassified;0;None within 50 metres ;No physical crossing facilities within 50 metres;Darkness - lights lit;Raining no high winds;Wet or damp;None;None;Urban;Yes;E01001448;1;1;Driver or rider;Male;17;4;Serious;Not a Pedestrian;Not a Pedestrian;Not car passenger;Not a bus or coach passenger;No / Not applicable;3;Cyclist;More deprived 40-50%;2;Car;No tow/articulation;U-turn;On main c'way - not in restricted lane;Not at or within 20 metres of junction;None;None;Did not leave carriageway;None;Nearside;1;Not known;Not known;-1;Data missing or out of range;-1;-1;-1;-1;Data missing or out of range;-1
2019010161952;528753;192472;-0.141722;51.61636;Metropolitan Police;Serious;1;1;06/02/2019;Wednesday;21:40;Enfield;Enfield;A;109;Roundabout;30 MPH;Roundabout;Give way or uncontrolled;A;1003;None within 50 metres ;Zebra;Darkness - lights lit;Raining no high winds;Wet or damp;None;None;Urban;Yes;E01001529;1;1;Pedestrian;Male;42;7;Serious;Crossing on pedestrian crossing facility;Crossing from driver's nearside;Not car passenger;Not a bus or coach passenger;No / Not applicable;0;-1;Data missing or out of range;1;Car;No tow/articulation;Going ahead other;On main c'way - not in restricted lane;Leaving roundabout;None;None;Did not leave carriageway;None;Front;1;Not known;Not known;-1;Data missing or out of range;-1;-1;-1;-1;Data missing or out of range;-1
2019010161953;521249;171816;-0.257154;51.432381;Metropolitan Police;Serious;7;1;06/02/2019;Wednesday;21:23;Kingston upon Thames;Kingston upon Thames;A;3;Single carriageway;30 MPH;Not at junction or within 20 metres;Data missing or out of range;-1;0;None within 50 metres ;No physical crossing facilities within 50 metres;Darkness - lights lit;Raining no high winds;Wet or damp;None;None;Urban;Yes;E01002955;1;1;Driver or rider;Male;19;4;Serious;Not a Pedestrian;Not a Pedestrian;Not car passenger;Not a bus or coach passenger;No / Not applicable;9;Cyclist;More deprived 30-40%;1;Car;No tow/articulation;Going ahead other;On main c'way - not in restricted lane;Not at or within 20 metres of junction;Skidded and overturned;None;Nearside;Wall or fence;Front;1;Not known;Male;19;16 - 20;-1;-1;-1;4;Urban area;4
2019010161953;521249;171816;-0.257154;51.432381;Metropolitan Police;Serious;7;1;06/02/2019;Wednesday;21:23;Kingston upon Thames;Kingston upon Thames;A;3;Single carriageway;30 MPH;Not at junction or within 20 metres;Data missing or out of range;-1;0;None within 50 metres ;No physical crossing facilities within 50 metres;Darkness - lights lit;Raining no high winds;Wet or damp;None;None;Urban;Yes;E01002955;1;1;Driver or rider;Male;19;4;Serious;Not a Pedestrian;Not a Pedestrian;Not car passenger;Not a bus or coach passenger;No / Not applicable;9;Cyclist;More deprived 30-40%;2;Car;No tow/articulation;Going ahead other;On main c'way - not in restricted lane;Not at or within 20 metres of junction;None;None;Did not leave carriageway;None;Did not impact;1;Not known;Female;49;46 - 55;-1;-1;-1;9;Urban area;9
2019010161953;521249;171816;-0.257154;51.432381;Metropolitan Police;Serious;7;1;06/02/2019;Wednesday;21:23;Kingston upon Thames;Kingston upon Thames;A;3;Single carriageway;30 MPH;Not at junction or within 20 metres;Data missing or out of range;-1;0;None within 50 metres ;No physical crossing facilities within 50 metres;Darkness - lights lit;Raining no high winds;Wet or damp;None;None;Urban;Yes;E01002955;1;1;Driver or rider;Male;19;4;Serious;Not a Pedestrian;Not a Pedestrian;Not car passenger;Not a bus or coach passenger;No / Not applicable;9;Cyclist;More deprived 30-40%;3;Car;No tow/articulation;Going ahead other;On main c'way - not in restricted lane;Not at or within 20 metres of junction;None;None;Did not leave carriageway;None;Did not impact;1;Not known;Male;62;56 - 65;-1;-1;-1;10;Urban area;10
2019010161953;521249;171816;-0.257154;51.432381;Metropolitan Police;Serious;7;1;06/02/2019;Wednesday;21:23;Kingston upon Thames;Kingston upon Thames;A;3;Single carriageway;30 MPH;Not at junction or within 20 metres;Data missing or out of range;-1;0;None within 50 metres ;No physical crossing facilities within 50 metres;Darkness - lights lit;Raining no high winds;Wet or damp;None;None;Urban;Yes;E01002955;1;1;Driver or rider;Male;19;4;Serious;Not a Pedestrian;Not a Pedestrian;Not car passenger;Not a bus or coach passenger;No / Not applicable;9;Cyclist;More deprived 30-40%;4;Car;No tow/articulation;Parked;Footway (pavement);Not at or within 20 metres of junction;None;None;Did not leave carriageway;None;Did not impact;1;Not known;Not known;-1;Data missing or out of range;-1;-1;-1;-1;Data missing or out of range;-1