Accident_Index;Location_Easting_OSGR;Location_Northing_OSGR;Longitude;Latitude;Police_Force;Accident_Severity;Number_of_Vehicles;Number_of_Casualties;Date;Day_of_Week;Time;Local_Authority_(District);Local_Authority_(Highway);1st_Road_Class;1st_Road_Number;Road_Type;Speed_limit;Junction_Detail;Junction_Control;2nd_Road_Class;2nd_Road_Number;Pedestrian_Crossing-Human_Control;Pedestrian_Crossing-Physical_Facilities;Light_Conditions;Weather_Conditions;Road_Surface_Conditions;Special_Conditions_at_Site;Carriageway_Hazards;Urban_or_Rural_Area;Did_Police_Officer_Attend_Scene_of_Accident;LSOA_of_Accident_Location;Vehicle_Reference_x;Casualty_Reference;Casualty_Class;Sex_of_Casualty;Age_of_Casualty;Age_Band_of_Casualty;Casualty_Severity;Pedestrian_Location;Pedestrian_Movement;Car_Passenger;Bus_or_Coach_Passenger;Pedestrian_Road_Maintenance_Worker;Casualty_Type;Casualty_Home_Area_Type;Casualty_IMD_Decile;Vehicle_Reference_y;Vehicle_Type;Towing_and_Articulation;Vehicle_Manoeuvre;Vehicle_Location-Restricted_Lane;Junction_Location;Skidding_and_Overturning;Hit_Object_in_Carriageway;Vehicle_Leaving_Carriageway;Hit_Object_off_Carriageway;1st_Point_of_Impact;Was_Vehicle_Left_Hand_Drive?;Journey_Purpose_of_Driver;Sex_of_Driver;Age_of_Driver;Age_Band_of_Driver;Engine_Capacity_(CC);Propulsion_Code;Age_of_Vehicle;Driver_IMD_Decile;Driver_Home_Area_Type;Vehicle_IMD_Decile
2019010162191;537766;180588;-0.016275;51.507438;Metropolitan Police;Slight;3;4;25/01/2019;Friday;19:21;Tower Hamlets;Tower Hamlets;A;1261;Single carriageway;30 MPH;T or staggered junction;Give way or uncontrolled;Unclassified;0;None within 50 metres ;No physical crossing facilities within 50 metres;Darkness - lights lit;Fine no high winds;Data missing or out of range;None;Data missing or out of range;Urban;No - accident was reported using a self completion  form (self rep only);E01004277;1;1;Driver or rider;Female;52;8;Slight;Not a Pedestrian;Not a Pedestrian;Not car passenger;Not a bus or coach passenger;No / Not applicable;9;Cyclist;More deprived 20-30%;3;Van / Goods 3.5 tonnes mgw or under;No tow/articulation;Going ahead other;On main c'way - not in restricted lane;Approaching junction or waiting/parked at junction approach;None;None;Did not leave carriageway;None;Front;1;Not known;Male;-1;Data missing or out of range;-1;-1;-1;4;Urban area;4
2019010162191;537766;180588;-0.016275;51.507438;Metropolitan Police;Slight;3;4;25/01/2019;Friday;19:21;Tower Hamlets;Tower Hamlets;A;1261;Single carriageway;30 MPH;T or staggered junction;Give way or uncontrolled;Unclassified;0;None within 50 metres ;No physical crossing facilities within 50 metres;Darkness - lights lit;Fine no high winds;Data missing or out of range;None;Data missing or out of range;Urban;No - accident was reported using a self completion  form (self rep only);E01004277;1;2;Passenger;Female;78;11;Slight;Not a Pedestrian;Not a Pedestrian;Data missing or out of range;Not a bus or coach passenger;No / Not applicable;9;Cyclist;More deprived 20-30%;1;Car;No tow/articulation;Going ahead other;On main c'way - not in restricted lane;Approaching junction or waiting/parked at junction approach;None;Data missing or out of range;Did not leave carriageway;None;Offside;1;Not known;Female;52;46 - 55;-1;-1;-1;3;Urban area;3
2019010162191;537766;180588;-0.016275;51.507438;Metropolitan Police;Slight;3;4;25/01/2019;Friday;19:21;Tower Hamlets;Tower Hamlets;A;1261;Single carriageway;30 MPH;T or staggered junction;Give way or uncontrolled;Unclassified;0;None within 50 metres ;No physical crossing facilities within 50 metres;Darkness - lights lit;Fine no high winds;Data missing or out of range;None;Data missing or out of range;Urban;No - accident was reported using a self completion  form (self rep only);E01004277;1;2;Passenger;Female;78;11;Slight;Not a Pedestrian;Not a Pedestrian;Data missing or out of range;Not a bus or coach passenger;No / Not applicable;9;Cyclist;More deprived 20-30%;2;Car;No tow/articulation;Going ahead other;On main c'way - not in restricted lane;Approaching junction or waiting/parked at junction approach;None;None;Did not leave carriageway;None;Back;-1;Not known;Female;41;36 - 45;-1;-1;-1;3;Urban area;3
2019010162191;537766;180588;-0.016275;51.507438;Metropolitan Police;Slight;3;4;25/01/2019;Friday;19:21;Tower Hamlets;Tower Hamlets;A;1261;Single carriageway;30 MPH;T or staggered junction;Give way or uncontrolled;Unclassified;0;None within 50 metres ;No physical crossing facilities within 50 metres;Darkness - lights lit;Fine no high winds;Data missing or out of range;None;Data missing or out of range;Urban;No - accident was reported using a self completion  form (self rep only);E01004277;1;2;Passenger;Female;78;11;Slight;Not a Pedestrian;Not a Pedestrian;Data missing or out of range;Not a bus or coach passenger;No / Not applicable;9;Cyclist;More deprived 20-30%;3;Van / Goods 3.5 tonnes mgw or under;No tow/articulation;Going ahead other;On main c'way - not in restricted lane;Approaching junction or waiting/parked at junction approach;None;None;Did not leave carriageway;None;Front;1;Not known;Male;-1;Data missing or out of range;-1;-1;-1;4;Urban area;4
2019010162191;537766;180588;-0.016275;51.507438;Metropolitan Police;Slight;3;4;25/01/2019;Friday;19:21;Tower Hamlets;Tower Hamlets;A;1261;Single carriageway;30 MPH;T or staggered junction;Give way or uncontrolled;Unclassified;0;None within 50 metres ;No physical crossing facilities within 50 metres;Darkness - lights lit;Fine no high winds;Data missing or out of range;None;Data missing or out of range;Urban;No - accident was reported using a self completion  form (self rep only);E01004277;1;3;Passenger;Male;44;7;Slight;Not a Pedestrian;Not a Pedestrian;Data missing or out of range;Not a bus or coach passenger;No / Not applicable;9;Motorcycle 125cc and under rider or passenger;Less deprived 10-20%;1;Car;No tow/articulation;Going ahead other;On main c'way - not in restricted lane;Approaching junction or waiting/parked at junction approach;None;Data missing or out of range;Did not leave carriageway;None;Offside;1;Not known;Female;52;46 - 55;-1;-1;-1;3;Urban area;3
2019010162191;537766;180588;-0.016275;51.507438;Metropolitan Police;Slight;3;4;25/01/2019;Friday;19:21;Tower Hamlets;Tower Hamlets;A;1261;Single carriageway;30 MPH;T or staggered junction;Give way or uncontrolled;Unclassified;0;None within 50 metres ;No physical crossing facilities within 50 metres;Darkness - lights lit;Fine no high winds;Data missing or out of range;None;Data missing or out of range;Urban;No - accident was reported using a self completion  form (self rep only);E01004277;1;3;Passenger;Male;44;7;Slight;Not a Pedestrian;Not a Pedestrian;Data missing or out of range;Not a bus or coach passenger;No / Not applicable;9;Motorcycle 125cc and under rider or passenger;Less deprived 10-20%;2;Car;No tow/articulation;Going ahead other;On main c'way - not in restricted lane;Approaching junction or waiting/parked at junction approach;None;None;Did not leave carriageway;None;Back;-1;Not known;Female;41;36 - 45;-1;-1;-1;3;Urban area;3
2019010162191;537766;180588;-0.016275;51.507438;Metropolitan Police;Slight;3;4;25/01/2019;Friday;19:21;Tower Hamlets;Tower Hamlets;A;1261;Single carriageway;30 MPH;T or staggered junction;Give way or uncontrolled;Unclassified;0;None within 50 metres ;No physical crossing facilities within 50 metres;Darkness - lights lit;Fine no high winds;Data missing or out of range;None;Data missing or out of range;Urban;No - accident was reported using a self completion  form (self rep only);E01004277;1;3;Passenger;Male;44;7;Slight;Not a Pedestrian;Not a Pedestrian;Data missing or out of range;Not a bus or coach passenger;No / Not applicable;9;Motorcycle 125cc and under rider or passenger;Less deprived 10-20%;3;Van / Goods 3.5 tonnes mgw or under;No tow/articulation;Going ahead other;On main c'way - not in restricted lane;Approaching junction or waiting/parked at junction approach;None;None;Did not leave carriageway;None;Front;1;Not known;Male;-1;Data missing or out of range;-1;-1;-1;4;Urban area;4
2019010162191;537766;180588;-0.016275;51.507438;Metropolitan Police;Slight;3;4;25/01/2019;Friday;19:21;Tower Hamlets;Tower Hamlets;A;1261;Single carriageway;30 MPH;T or staggered junction;Give way or uncontrolled;Unclassified;0;None within 50 metres ;No physical crossing facilities within 50 metres;Darkness - lights lit;Fine no high winds;Data missing or out of range;None;Data missing or out of range;Urban;No - accident was reported using a self completion  form (self rep only);E01004277;1;4;Passenger;Male;27;6;Slight;Not a Pedestrian;Not a Pedestrian;Data missing or out of range;Not a bus or coach passenger;No / Not applicable;9;Cyclist;More deprived 20-30%;1;Car;No tow/articulation;Going ahead other;On main c'way - not in restricted lane;Approaching junction or waiting/parked at junction approach;None;Data missing or out of range;Did not leave carriageway;None;Offside;1;Not known;Female;52;46 - 55;-1;-1;-1;3;Urban area;3
2019010162191;537766;180588;-0.016275;51.507438;Metropolitan Police;Slight;3;4;25/01/2019;Friday;19:21;Tower Hamlets;Tower Hamlets;A;1261;Single carriageway;30 MPH;T or staggered junction;Give way or uncontrolled;Unclassified;0;None within 50 metres ;No physical crossing facilities within 50 metres;Darkness - lights lit;Fine no high winds;Data missing or out of range;None;Data missing or out of range;Urban;No - accident was reported using a self completion  form (self rep only);E01004277;1;4;Passenger;Male;27;6;Slight;Not a Pedestrian;Not a Pedestrian;Data missing or out of range;Not a bus or coach passenger;No / Not applicable;9;Cyclist;More deprived 20-30%;2;Car;No tow/articulation;Going ahead other;On main c'way - not in restricted lane;Approaching junction or waiting/parked at junction approach;None;None;Did not leave carriageway;None;Back;-1;Not known;Female;41;36 - 45;-1;-1;-1;3;Urban area;3
2019010162191;537766;180588;-0.016275;51.507438;Metropolitan Police;Slight;3;4;25/01/2019;Friday;19:21;Tower Hamlets;Tower Hamlets;A;1261;Single carriageway;30 MPH;T or staggered junction;Give way or uncontrolled;Unclassified;0;None within 50 metres ;No physical crossing facilities within 50 metres;Darkness - lights lit;Fine no high winds;Data missing or out of range;None;Data missing or out of range;Urban;No - accident was reported using a self completion  form (self rep only);E01004277;1;4;Passenger;Male;27;6;Slight;Not a Pedestrian;Not a Pedestrian;Data missing or out of range;Not a bus or coach passenger;No / Not applicable;9;Cyclist;More deprived 20-30%;3;Van / Goods 3.5 tonnes mgw or under;No tow/articulation;Going ahead other;On main c'way - not in restricted lane;Approaching junction or waiting/parked at junction approach;None;None;Did not leave carriageway;None;Front;1;Not known;Male;-1;Data missing or out of range;-1;-1;-1;4;Urban area;4
2019010162195;538454;171802;-0.009807;51.428317;Metropolitan Police;Slight;2;1;08/02/2019;Friday;08:30;Lewisham;Lewisham;Unclassified;0;Single carriageway;20 MPH;Crossroads;Give way or uncontrolled;Unclassified;0;None within 50 metres ;No physical crossing facilities within 50 metres;Daylight;Raining no high winds;Wet or damp;None;None;Urban;Yes;E01003353;2;1;Driver or rider;Male;63;9;Slight;Not a Pedestrian;Not a Pedestrian;Not car passenger;Not a bus or coach passenger;No / Not applicable;9;-1;Data missing or out of range;1;Car;No tow/articulation;Going ahead other;On main c'way - not in restricted lane;Entering main road;None;None;Did not leave carriageway;None;Front;1;Not known;Male;39;36 - 45;-1;-1;-1;3;Urban area;3
2019010162195;538454;171802;-0.009807;51.428317;Metropolitan Police;Slight;2;1;08/02/2019;Friday;08:30;Lewisham;Lewisham;Unclassified;0;Single carriageway;20 MPH;Crossroads;Give way or uncontrolled;Unclassified;0;None within 50 metres ;No physical crossing facilities within 50 metres;Daylight;Raining no high winds;Wet or damp;None;None;Urban;Yes;E01003353;2;1;Driver or rider;Male;63;9;Slight;Not a Pedestrian;Not a Pedestrian;Not car passenger;Not a bus or coach passenger;No / Not applicable;9;-1;Data missing or out of range;2;Car;No tow/articulation;Going ahead other;On main c'way - not in restricted lane;Approaching junction or waiting/parked at junction approach;None;None;Did not leave carriageway;None;Offside;1;Not known;Male;63;56 - 65;-1;-1;-1;-1;Data missing or out of range;-1
2019010162201;537386;178661;-0.022497;51.490213;Metropolitan Police;Slight;2;1;06/02/2019;Wednesday;18:21;Tower Hamlets;Tower Hamlets;A;1206;Single carriageway;30 MPH;T or staggered junction;Data missing or out of range;C;0;Data missing or out of range;Data missing or out of range;Darkness - lights lit;Fine no high winds;Dry;None;None;Urban;No - accident was reported using a self completion  form (self rep only);E01004274;1;1;Driver or rider;Male;46;8;Slight;Not a Pedestrian;Not a Pedestrian;Not car passenger;Not a bus or coach passenger;No / Not applicable;1;Cyclist;Less deprived 10-20%;1;Pedal cycle;Data missing or out of range;Data missing or out of range;Data missing or out of range;Data missing or out of range;Data missing or out of range;Data missing or out of range;Data missing or out of range;Data missing or out of range;Front;1;Not known;Male;46;46 - 55;-1;-1;-1;9;Urban area;9
2019010162201;537386;178661;-0.022497;51.490213;Metropolitan Police;Slight;2;1;06/02/2019;Wednesday;18:21;Tower Hamlets;Tower Hamlets;A;1206;Single carriageway;30 MPH;T or staggered junction;Data missing or out of range;C;0;Data missing or out of range;Data missing or out of range;Darkness - lights lit;Fine no high winds;Dry;None;None;Urban;No - accident was reported using a self completion  form (self rep only);E01004274;1;1;Driver or rider;Male;46;8;Slight;Not a Pedestrian;Not a Pedestrian;Not car passenger;Not a bus or coach passenger;No / Not applicable;1;Cyclist;Less deprived 10-20%;2;Car;No tow/articulation;Data missing or out of range;Data missing or out of range;Data missing or out of range;Data missing or out of range;Data missing or out of range;Data missing or out of range;Data missing or out of range;Data missing or out of range;-1;Not known;Not known;21;21 - 25;-1;-1;-1;7;Data missing or out of range;7
2019010162207;512100;183563;-0.384985;51.539846;Metropolitan Police;Slight;1;1;08/02/2019;Friday;08:29;Ealing;Ealing;Unclassified;0;Single carriageway;20 MPH;Other junction;Give way or uncontrolled;A;312;None within 50 metres ;No physical crossing facilities within 50 metres;Daylight;Raining + high winds;Wet or damp;None;None;Urban;Yes;E01001326;1;1;Pedestrian;Male;12;3;Slight;In centre of carriageway - not on refuge, island or central reservation;Walking along in carriageway, facing traffic;Not car passenger;Not a bus or coach passenger;No / Not applicable;0;Cyclist;Most deprived 10%;1;Car;No tow/articulation;Moving off;On main c'way - not in restricted lane;Approaching junction or waiting/parked at junction approach;None;None;Did not leave carriageway;None;Front;1;Taking pupil to/from school;Male;38;36 - 45;-1;-1;-1;3;Urban area;3
2019010162219;532933;178497;-0.08666;51.489804;Metropolitan Police;Slight;3;1;08/02/2019;Friday;17:44;Southwark;Southwark;C;0;Single carriageway;20 MPH;T or staggered junction;Give way or uncontrolled;Unclassified;0;None within 50 metres ;Pelican, puffin, toucan or similar non-junction pedestrian light crossing;Daylight;Fine no high winds;Wet or damp;None;None;Urban;Yes;E01003961;1;1;Driver or rider;Male;52;8;Slight;Not a Pedestrian;Not a Pedestrian;Not car passenger;Not a bus or coach passenger;No / Not applicable;1;Cyclist;More deprived 40-50%;1;Pedal cycle;No tow/articulation;Going ahead other;On main c'way - not in restricted lane;Cleared junction or waiting/parked at junction exit;None;None;Did not leave carriageway;None;Offside;1;Journey as part of work;Male;52;46 - 55;-1;-1;-1;5;Urban area;5
2019010162219;532933;178497;-0.08666;51.489804;Metropolitan Police;Slight;3;1;08/02/2019;Friday;17:44;Southwark;Southwark;C;0;Single carriageway;20 MPH;T or staggered junction;Give way or uncontrolled;Unclassified;0;None within 50 metres ;Pelican, puffin, toucan or similar non-junction pedestrian light crossing;Daylight;Fine no high winds;Wet or damp;None;None;Urban;Yes;E01003961;1;1;Driver or rider;Male;52;8;Slight;Not a Pedestrian;Not a Pedestrian;Not car passenger;Not a bus or coach passenger;No / Not applicable;1;Cyclist;More deprived 40-50%;2;Goods over 3.5t. and under 7.5t;No tow/articulation;Slowing or stopping;On main c'way - not in restricted lane;Approaching junction or waiting/parked at junction approach;None;None;Did not leave carriageway;None;Did not impact;1;Journey as part of work;Male;53;46 - 55;-1;-1;-1;5;Urban area;5
2019010162219;532933;178497;-0.08666;51.489804;Metropolitan Police;Slight;3;1;08/02/2019;Friday;17:44;Southwark;Southwark;C;0;Single carriageway;20 MPH;T or staggered junction;Give way or uncontrolled;Unclassified;0;None within 50 metres ;Pelican, puffin, toucan or similar non-junction pedestrian light crossing;Daylight;Fine no high winds;Wet or damp;None;None;Urban;Yes;E01003961;1;1;Driver or rider;Male;52;8;Slight;Not a Pedestrian;Not a Pedestrian;Not car passenger;Not a bus or coach passenger;No / Not applicable;1;Cyclist;More deprived 40-50%;3;Bus or coach (17 or more pass seats);No tow/articulation;Going ahead other;On main c'way - not in restricted lane;Approaching junction or waiting/parked at junction approach;None;None;Did not leave carriageway;None;Nearside;1;Journey as part of work;Female;24;21 - 25;-1;-1;-1;4;Urban area;4
2019010162228;530251;180705;-0.124454;51.51027;Metropolitan Police;Serious;1;1;08/02/2019;Friday;11:45;Westminster;Westminster;Unclassified;0;Single carriageway;30 MPH;Not at junction or within 20 metres;Data missing or out of range;-1;0;None within 50 metres ;No physical crossing facilities within 50 metres;Daylight;Raining no high winds;Wet or damp;None;None;Urban;Yes;E01004734;1;1;Pedestrian;Female;22;5;Serious;In carriageway, crossing elsewhere;Crossing from driver's nearside;Not car passenger;Not a bus or coach passenger;No / Not applicable;0;Cyclist;More deprived 10-20%;1;Van / Goods 3.5 tonnes mgw or under;No tow/articulation;Going ahead other;On main c'way - not in restricted lane;Not at or within 20 metres of junction;None;None;Did not leave carriageway;None;Nearside;1;Journey as part of work;Male;49;46 - 55;-1;-1;-1;3;Urban area;3
2019010162229;534433;197732;-0.057712;51.6623;Metropolitan Police;Serious;3;3;08/02/2019;Friday;10:05;Enfield;Enfield;A;10;Dual carriageway;40 MPH;Not at junction or within 20 metres;Data missing or out of range;-1;0;None within 50 metres ;No physical crossing facilities within 50 metres;Daylight;Raining no high winds;Wet or damp;None;None;Urban;Yes;E01001516;1;1;Driver or rider;Male;73;10;Serious;Not a Pedestrian;Not a Pedestrian;Not car passenger;Not a bus or coach passenger;No / Not applicable;9;Cyclist;More deprived 30-40%;1;Car;No tow/articulation;Going ahead other;On main c'way - not in restricted lane;Not at or within 20 metres of junction;None;None;Did not leave carriageway;None;Front;1;Not known;Male;73;66 - 75;-1;-1;-1;4;Urban area;4
2019010162229;534433;197732;-0.057712;51.6623;Metropolitan Police;Serious;3;3;08/02/2019;Friday;10:05;Enfield;Enfield;A;10;Dual carriageway;40 MPH;Not at junction or within 20 metres;Data missing or out of range;-1;0;None within 50 metres ;No physical crossing facilities within 50 metres;Daylight;Raining no high winds;Wet or damp;None;None;Urban;Yes;E01001516;1;1;Driver or rider;Male;73;10;Serious;Not a Pedestrian;Not a Pedestrian;Not car passenger;Not a bus or coach passenger;No / Not applicable;9;Cyclist;More deprived 30-40%;2;Car;No tow/articulation;Going ahead other;On main c'way - not in restricted lane;Not at or within 20 metres of junction;None;None;Did not leave carriageway;None;Back;1;Not known;Male;60;56 - 65;-1;-1;-1;1;Urban area;1
2019010162229;534433;197732;-0.057712;51.6623;Metropolitan Police;Serious;3;3;08/02/2019;Friday;10:05;Enfield;Enfield;A;10;Dual carriageway;40 MPH;Not at junction or within 20 metres;Data missing or out of range;-1;0;None within 50 metres ;No physical crossing facilities within 50 metres;Daylight;Raining no high winds;Wet or damp;None;None;Urban;Yes;E01001516;1;1;Driver or rider;Male;73;10;Serious;Not a Pedestrian;Not a Pedestrian;Not car passenger;Not a bus or coach passenger;No / Not applicable;9;Cyclist;More deprived 30-40%;3;Car;No tow/articulation;Going ahead other;On main c'way - not in restricted lane;Not at or within 20 metres of junction;None;None;Did not leave carriageway;None;Back;1;Not known;Female;45;36 - 45;-1;-1;-1;6;Small town;6
2019010162229;534433;197732;-0.057712;51.6623;Metropolitan Police;Serious;3;3;08/02/2019;Friday;10:05;Enfield;Enfield;A;10;Dual carriageway;40 MPH;Not at junction or within 20 metres;Data missing or out of range;-1;0;None within 50 metres ;No physical crossing facilities within 50 metres;Daylight;Raining no high winds;Wet or damp;None;None;Urban;Yes;E01001516;2;2;Driver or rider;Male;60;9;Slight;Not a Pedestrian;Not a Pedestrian;Not car passenger;Not a bus or coach passenger;No / Not applicable;9;Cyclist;Most deprived 10%;1;Car;No tow/articulation;Going ahead other;On main c'way - not in restricted lane;Not at or within 20 metres of junction;None;None;Did not leave carriageway;None;Front;1;Not known;Male;73;66 - 75;-1;-1;-1;4;Urban area;4
2019010162229;534433;197732;-0.057712;51.6623;Metropolitan Police;Serious;3;3;08/02/2019;Friday;10:05;Enfield;Enfield;A;10;Dual carriageway;40 MPH;Not at junction or within 20 metres;Data missing or out of range;-1;0;None within 50 metres ;No physical crossing facilities within 50 metres;Daylight;Raining no high winds;Wet or damp;None;None;Urban;Yes;E01001516;2;2;Driver or rider;Male;60;9;Slight;Not a Pedestrian;Not a Pedestrian;Not car passenger;Not a bus or coach passenger;No / Not applicable;9;Cyclist;Most deprived 10%;2;Car;No tow/articulation;Going ahead other;On main c'way - not in restricted lane;Not at or within 20 metres of junction;None;None;Did not leave carriageway;None;Back;1;Not known;Male;60;56 - 65;-1;-1;-1;1;Urban area;1
2019010162229;534433;197732;-0.057712;51.6623;Metropolitan Police;Serious;3;3;08/02/2019;Friday;10:05;Enfield;Enfield;A;10;Dual carriageway;40 MPH;Not at junction or within 20 metres;Data missing or out of range;-1;0;None within 50 metres ;No physical crossing facilities within 50 metres;Daylight;Raining no high winds;Wet or damp;None;None;Urban;Yes;E01001516;2;2;Driver or rider;Male;60;9;Slight;Not a Pedestrian;Not a Pedestrian;Not car passenger;Not a bus or coach passenger;No / Not applicable;9;Cyclist;Most deprived 10%;3;Car;No tow/articulation;Going ahead other;On main c'way - not in restricted lane;Not at or within 20 metres of junction;None;None;Did not leave carriageway;None;Back;1;Not known;Female;45;36 - 45;-1;-1;-1;6;Small town;6
2019010162229;534433;197732;-0.057712;51.6623;Metropolitan Police;Serious;3;3;08/02/2019;Friday;10:05;Enfield;Enfield;A;10;Dual carriageway;40 MPH;Not at junction or within 20 metres;Data missing or out of range;-1;0;None within 50 metres ;No physical crossing facilities within 50 metres;Daylight;Raining no high winds;Wet or damp;None;None;Urban;Yes;E01001516;3;3;Driver or rider;Female;45;7;Slight;Not a Pedestrian;Not a Pedestrian;Not car passenger;Not a bus or coach passenger;No / Not applicable;9;Motorcycle 50cc and under rider or passenger;Less deprived 40-50%;1;Car;No tow/articulation;Going ahead other;On main c'way - not in restricted lane;Not at or within 20 metres of junction;None;None;Did not leave carriageway;None;Front;1;Not known;Male;73;66 - 75;-1;-1;-1;4;Urban area;4
2019010162229;534433;197732;-0.057712;51.6623;Metropolitan Police;Serious;3;3;08/02/2019;Friday;10:05;Enfield;Enfield;A;10;Dual carriageway;40 MPH;Not at junction or within 20 metres;Data missing or out of range;-1;0;None within 50 metres ;No physical crossing facilities within 50 metres;Daylight;Raining no high winds;Wet or damp;None;None;Urban;Yes;E01001516;3;3;Driver or rider;Female;45;7;Slight;Not a Pedestrian;Not a Pedestrian;Not car passenger;Not a bus or coach passenger;No / Not applicable;9;Motorcycle 50cc and under rider or passenger;Less deprived 40-50%;2;Car;No tow/articulation;Going ahead other;On main c'way - not in restricted lane;Not at or within 20 metres of junction;None;None;Did not leave carriageway;None;Back;1;Not known;Male;60;56 - 65;-1;-1;-1;1;Urban area;1
2019010162229;534433;197732;-0.057712;51.6623;Metropolitan Police;Serious;3;3;08/02/2019;Friday;10:05;Enfield;Enfield;A;10;Dual carriageway;40 MPH;Not at junction or within 20 metres;Data missing or out of range;-1;0;None within 50 metres ;No physical crossing facilities within 50 metres;Daylight;Raining no high winds;Wet or damp;None;None;Urban;Yes;E01001516;3;3;Driver or rider;Female;45;7;Slight;Not a Pedestrian;Not a Pedestrian;Not car passenger;Not a bus or coach passenger;No / Not applicable;9;Motorcycle 50cc and under rider or passenger;Less deprived 40-50%;3;Car;No tow/articulation;Going ahead other;On main c'way - not in restricted lane;Not at or within 20 metres of junction;None;None;Did not leave carriageway;None;Back;1;Not known;Female;45;36 - 45;-1;-1;-1;6;Small town;6
2019010162233;524577;177630;-0.207259;51.483913;Metropolitan Police;Slight;2;1;08/02/2019;Friday;22:40;Hammersmith and Fulham;Hammersmith and Fulham;A;3218;Single carriageway;30 MPH;T or staggered junction;Give way or uncontrolled;Unclassified;0;None within 50 metres ;Pelican, puffin, toucan or similar non-junction pedestrian light crossing;Daylight;Raining no high winds;Wet or damp;None;None;Urban;Yes;E01001879;2;1;Driver or rider;Male;34;6;Slight;Not a Pedestrian;Not a Pedestrian;Not car passenger;Not a bus or coach passenger;No / Not applicable;9;Cyclist;Less deprived 10-20%;1;Van / Goods 3.5 tonnes mgw or under;No tow/articulation;Turning right;On main c'way - not in restricted lane;Approaching junction or waiting/parked at junction approach;None;None;Did not leave carriageway;None;Front;1;Journey as part of work;Male;27;26 - 35;-1;-1;-1;3;Urban area;3
2019010162233;524577;177630;-0.207259;51.483913;Metropolitan Police;Slight;2;1;08/02/2019;Friday;22:40;Hammersmith and Fulham;Hammersmith and Fulham;A;3218;Single carriageway;30 MPH;T or staggered junction;Give way or uncontrolled;Unclassified;0;None within 50 metres ;Pelican, puffin, toucan or similar non-junction pedestrian light crossing;Daylight;Raining no high winds;Wet or damp;None;None;Urban;Yes;E01001879;2;1;Driver or rider;Male;34;6;Slight;Not a Pedestrian;Not a Pedestrian;Not car passenger;Not a bus or coach passenger;No / Not applicable;9;Cyclist;Less deprived 10-20%;2;Car;No tow/articulation;Waiting to turn left;On main c'way - not in restricted lane;Approaching junction or waiting/parked at junction approach;None;None;Did not leave carriageway;None;Offside;1;Journey as part of work;Male;34;26 - 35;-1;-1;-1;9;Urban area;9
2019010162236;538122;189443;-0.007676;51.586922;Metropolitan Police;Slight;1;1;08/02/2019;Friday;22:44;Waltham Forest;Waltham Forest;Unclassified;0;Dual carriageway;30 MPH;Not at junction or within 20 metres;Data missing or out of range;-1;0;None within 50 metres ;No physical crossing facilities within 50 metres;Daylight;Unknown;Dry;None;None;Urban;Yes;E01004464;1;1;Driver or rider;Female;28;6;Slight;Not a Pedestrian;Not a Pedestrian;Not car passenger;Not a bus or coach passenger;No / Not applicable;9;Cyclist;Most deprived 10%;1;Car;No tow/articulation;Turning left;On main c'way - not in restricted lane;Not at or within 20 metres of junction;None;None;Did not leave carriageway;None;Front;1;Not known;Female;28;26 - 35;-1;-1;-1;1;Urban area;1
2019010162238;527566;181849;-0.16271;51.521163;Metropolitan Police;Slight;2;1;08/02/2019;Friday;06:00;Westminster;Westminster;A;501;Dual carriageway;30 MPH;Crossroads;Auto traffic signal;Unclassified;0;None within 50 metres ;Pedestrian phase at traffic signal junction;Darkness - lights lit;Fine no high winds;Wet or damp;None;None;Urban;Yes;E01004661;1;1;Driver or rider;Male;42;7;Slight;Not a Pedestrian;Not a Pedestrian;Not car passenger;Not a bus or coach passenger;No / Not applicable;19;Cyclist;More deprived 10-20%;1;Van / Goods 3.5 tonnes mgw or under;No tow/articulation;Going ahead other;On main c'way - not in restricted lane;Approaching junction or waiting/parked at junction approach;None;None;Did not leave carriageway;None;Front;1;Journey as part of work;Male;42;36 - 45;-1;-1;-1;2;Urban area;2
2019010162238;527566;181849;-0.16271;51.521163;Metropolitan Police;Slight;2;1;08/02/2019;Friday;06:00;Westminster;Westminster;A;501;Dual carriageway;30 MPH;Crossroads;Auto traffic signal;Unclassified;0;None within 50 metres ;Pedestrian phase at traffic signal junction;Darkness - lights lit;Fine no high winds;Wet or damp;None;None;Urban;Yes;E01004661;1;1;Driver or rider;Male;42;7;Slight;Not a Pedestrian;Not a Pedestrian;Not car passenger;Not a bus or coach passenger;No / Not applicable;19;Cyclist;More deprived 10-20%;2;Car;No tow/articulation;Going ahead other;On main c'way - not in restricted lane;Approaching junction or waiting/parked at junction approach;None;None;Did not leave carriageway;None;Front;1;Not known;Female;39;36 - 45;-1;-1;-1;5;Urban area;5