Accident_Index;Location_Easting_OSGR;Location_Northing_OSGR;Longitude;Latitude;Police_Force;Accident_Severity;Number_of_Vehicles;Number_of_Casualties;Date;Day_of_Week;Time;Local_Authority_(District);Local_Authority_(Highway);1st_Road_Class;1st_Road_Number;Road_Type;Speed_limit;Junction_Detail;Junction_Control;2nd_Road_Class;2nd_Road_Number;Pedestrian_Crossing-Human_Control;Pedestrian_Crossing-Physical_Facilities;Light_Conditions;Weather_Conditions;Road_Surface_Conditions;Special_Conditions_at_Site;Carriageway_Hazards;Urban_or_Rural_Area;Did_Police_Officer_Attend_Scene_of_Accident;LSOA_of_Accident_Location;Vehicle_Reference_x;Casualty_Reference;Casualty_Class;Sex_of_Casualty;Age_of_Casualty;Age_Band_of_Casualty;Casualty_Severity;Pedestrian_Location;Pedestrian_Movement;Car_Passenger;Bus_or_Coach_Passenger;Pedestrian_Road_Maintenance_Worker;Casualty_Type;Casualty_Home_Area_Type;Casualty_IMD_Decile;Vehicle_Reference_y;Vehicle_Type;Towing_and_Articulation;Vehicle_Manoeuvre;Vehicle_Location-Restricted_Lane;Junction_Location;Skidding_and_Overturning;Hit_Object_in_Carriageway;Vehicle_Leaving_Carriageway;Hit_Object_off_Carriageway;1st_Point_of_Impact;Was_Vehicle_Left_Hand_Drive?;Journey_Purpose_of_Driver;Sex_of_Driver;Age_of_Driver;Age_Band_of_Driver;Engine_Capacity_(CC);Propulsion_Code;Age_of_Vehicle;Driver_IMD_Decile;Driver_Home_Area_Type;Vehicle_IMD_Decile
2019010162416;543607;186497;0.070238;51.559081;Metropolitan Police;Slight;1;1;08/02/2019;Friday;20:00;Redbridge;Redbridge;A;123;Single carriageway;30 MPH;Data missing or out of range;Give way or uncontrolled;A;123;Data missing or out of range;Data missing or out of range;Darkness - lights lit;Fine no high winds;Dry;None;None;Urban;No - accident was reported using a self completion  form (self rep only);E01003728;1;1;Pedestrian;Female;20;4;Slight;Crossing on pedestrian crossing facility;Crossing from driver's nearside;Not car passenger;Not a bus or coach passenger;No / Not applicable;0;Cyclist;Less deprived 10-20%;1;Car;No tow/articulation;Data missing or out of range;Data missing or out of range;Data missing or out of range;None;Any animal (except ridden horse);Data missing or out of range;None;Data missing or out of range;-1;Not known;Not known;-1;Data missing or out of range;-1;-1;-1;-1;Data missing or out of range;-1
2019010162419;535839;181568;-0.043647;51.516711;Metropolitan Police;Slight;2;1;03/02/2019;Sunday;13:00;Tower Hamlets;Tower Hamlets;C;0;Unknown;30 MPH;Not at junction or within 20 metres;Data missing or out of range;-1;0;Data missing or out of range;Data missing or out of range;Darkness - lighting unknown;Unknown;Data missing or out of range;Data missing or out of range;Data missing or out of range;Urban;No - accident was reported using a self completion  form (self rep only);E01004284;1;1;Driver or rider;Male;18;4;Slight;Not a Pedestrian;Not a Pedestrian;Not car passenger;Not a bus or coach passenger;No / Not applicable;9;Cyclist;Most deprived 10%;1;Car;No tow/articulation;Data missing or out of range;On main c'way - not in restricted lane;Not at or within 20 metres of junction;None;None;Did not leave carriageway;None;Offside;-1;Not known;Male;18;16 - 20;-1;-1;-1;1;Urban area;1
2019010162419;535839;181568;-0.043647;51.516711;Metropolitan Police;Slight;2;1;03/02/2019;Sunday;13:00;Tower Hamlets;Tower Hamlets;C;0;Unknown;30 MPH;Not at junction or within 20 metres;Data missing or out of range;-1;0;Data missing or out of range;Data missing or out of range;Darkness - lighting unknown;Unknown;Data missing or out of range;Data missing or out of range;Data missing or out of range;Urban;No - accident was reported using a self completion  form (self rep only);E01004284;1;1;Driver or rider;Male;18;4;Slight;Not a Pedestrian;Not a Pedestrian;Not car passenger;Not a bus or coach passenger;No / Not applicable;9;Cyclist;Most deprived 10%;2;Car;No tow/articulation;Going ahead other;On main c'way - not in restricted lane;Not at or within 20 metres of junction;None;None;Did not leave carriageway;None;Nearside;-1;Not known;Male;-1;Data missing or out of range;-1;-1;-1;1;Urban area;1
2019010162428;530885;175211;-0.117358;51.46075;Metropolitan Police;Slight;2;1;09/02/2019;Saturday;12:47;Lambeth;Lambeth;A;2217;Single carriageway;20 MPH;T or staggered junction;Give way or uncontrolled;Unclassified;0;None within 50 metres ;Pelican, puffin, toucan or similar non-junction pedestrian light crossing;Daylight;Fine + high winds;Dry;None;None;Urban;Yes;E01003020;2;1;Driver or rider;Male;56;9;Slight;Not a Pedestrian;Not a Pedestrian;Not car passenger;Not a bus or coach passenger;No / Not applicable;3;Cyclist;More deprived 20-30%;1;Van / Goods 3.5 tonnes mgw or under;No tow/articulation;Overtaking static vehicle - offside;On main c'way - not in restricted lane;Cleared junction or waiting/parked at junction exit;None;None;Did not leave carriageway;None;Front;1;Journey as part of work;Female;23;21 - 25;-1;-1;-1;1;Urban area;1
2019010162428;530885;175211;-0.117358;51.46075;Metropolitan Police;Slight;2;1;09/02/2019;Saturday;12:47;Lambeth;Lambeth;A;2217;Single carriageway;20 MPH;T or staggered junction;Give way or uncontrolled;Unclassified;0;None within 50 metres ;Pelican, puffin, toucan or similar non-junction pedestrian light crossing;Daylight;Fine + high winds;Dry;None;None;Urban;Yes;E01003020;2;1;Driver or rider;Male;56;9;Slight;Not a Pedestrian;Not a Pedestrian;Not car passenger;Not a bus or coach passenger;No / Not applicable;3;Cyclist;More deprived 20-30%;2;Motorcycle 125cc and under;No tow/articulation;U-turn;On main c'way - not in restricted lane;Cleared junction or waiting/parked at junction exit;None;None;Did not leave carriageway;None;Offside;1;Not known;Male;56;56 - 65;-1;-1;-1;3;Urban area;3
2019010162431;525579;178188;-0.192637;51.488706;Metropolitan Police;Slight;1;1;09/02/2019;Saturday;12:02;Kensington and Chelsea;Kensington and Chelsea;A;3218;Dual carriageway;30 MPH;T or staggered junction;Auto traffic signal;A;3220;None within 50 metres ;Pedestrian phase at traffic signal junction;Daylight;Fine no high winds;Dry;None;None;Urban;Yes;E01002849;1;1;Pedestrian;Female;21;5;Slight;Crossing on pedestrian crossing facility;Crossing from driver's nearside;Not car passenger;Not a bus or coach passenger;No / Not applicable;0;Cyclist;Less deprived 30-40%;1;Car;No tow/articulation;Turning right;On main c'way - not in restricted lane;Cleared junction or waiting/parked at junction exit;None;None;Did not leave carriageway;None;Front;1;Not known;Male;57;56 - 65;-1;-1;-1;7;Urban area;7
2019010162435;527543;163634;-0.169597;51.357468;Metropolitan Police;Slight;1;1;09/02/2019;Saturday;13:06;Sutton;Sutton;Unclassified;0;Single carriageway;30 MPH;T or staggered junction;Give way or uncontrolled;Unclassified;0;None within 50 metres ;No physical crossing facilities within 50 metres;Daylight;Fine + high winds;Dry;None;None;Urban;Yes;E01004104;1;1;Pedestrian;Female;23;5;Slight;In carriageway, crossing elsewhere;Crossing from driver's offside;Not car passenger;Not a bus or coach passenger;No / Not applicable;0;Cyclist;Least deprived 10%;1;Car;No tow/articulation;Going ahead other;On main c'way - not in restricted lane;Approaching junction or waiting/parked at junction approach;None;None;Did not leave carriageway;None;Front;1;Not known;Male;17;16 - 20;-1;-1;-1;10;Urban area;10
2019010162445;538322;177641;-0.009424;51.480819;Metropolitan Police;Slight;1;1;09/02/2019;Saturday;13:28;Greenwich;Greenwich;A;206;Single carriageway;30 MPH;T or staggered junction;Auto traffic signal;A;206;Control by other authorised person;Pelican, puffin, toucan or similar non-junction pedestrian light crossing;Daylight;Fine no high winds;Dry;None;None;Urban;Yes;E01001641;1;1;Pedestrian;Female;54;8;Slight;Crossing on pedestrian crossing facility;Crossing from driver's nearside;Not car passenger;Not a bus or coach passenger;No / Not applicable;0;Cyclist;Less deprived 30-40%;1;Car;No tow/articulation;Turning right;On main c'way - not in restricted lane;Approaching junction or waiting/parked at junction approach;None;Kerb;Did not leave carriageway;None;Front;1;Not known;Male;42;36 - 45;-1;-1;-1;3;Urban area;3
2019010162446;526915;177481;-0.173659;51.482054;Metropolitan Police;Slight;2;1;06/02/2019;Wednesday;08:15;Kensington and Chelsea;Kensington and Chelsea;A;3220;Single carriageway;30 MPH;Crossroads;Auto traffic signal;A;3212;None within 50 metres ;Pedestrian phase at traffic signal junction;Daylight;Fine no high winds;Dry;None;None;Urban;No - accident was reported using a self completion  form (self rep only);E01002840;1;1;Driver or rider;Male;29;6;Slight;Not a Pedestrian;Not a Pedestrian;Not car passenger;Not a bus or coach passenger;No / Not applicable;1;Cyclist;Less deprived 30-40%;1;Pedal cycle;Data missing or out of range;Data missing or out of range;Data missing or out of range;Approaching junction or waiting/parked at junction approach;Data missing or out of range;Data missing or out of range;Data missing or out of range;Data missing or out of range;Front;1;Commuting to/from work;Male;29;26 - 35;-1;-1;-1;7;Urban area;7
2019010162446;526915;177481;-0.173659;51.482054;Metropolitan Police;Slight;2;1;06/02/2019;Wednesday;08:15;Kensington and Chelsea;Kensington and Chelsea;A;3220;Single carriageway;30 MPH;Crossroads;Auto traffic signal;A;3212;None within 50 metres ;Pedestrian phase at traffic signal junction;Daylight;Fine no high winds;Dry;None;None;Urban;No - accident was reported using a self completion  form (self rep only);E01002840;1;1;Driver or rider;Male;29;6;Slight;Not a Pedestrian;Not a Pedestrian;Not car passenger;Not a bus or coach passenger;No / Not applicable;1;Cyclist;Less deprived 30-40%;2;Car;No tow/articulation;Data missing or out of range;Data missing or out of range;Approaching junction or waiting/parked at junction approach;Data missing or out of range;Data missing or out of range;Data missing or out of range;Data missing or out of range;Back;-1;Not known;Not known;-1;Data missing or out of range;-1;-1;-1;-1;Data missing or out of range;-1
2019010162447;508709;177703;-0.435666;51.487838;Metropolitan Police;Slight;2;2;09/02/2019;Saturday;05:20;Hillingdon;Hillingdon;A;437;Single carriageway;30 MPH;Mini-roundabout;Give way or uncontrolled;Unclassified;0;None within 50 metres ;No physical crossing facilities within 50 metres;Daylight;Fine no high winds;Dry;None;None;Urban;Yes;E01002448;1;1;Passenger;Male;54;8;Slight;Not a Pedestrian;Not a Pedestrian;Front seat passenger;Not a bus or coach passenger;No / Not applicable;9;Cyclist;Most deprived 10%;1;Car;No tow/articulation;Going ahead other;On main c'way - not in restricted lane;Leaving roundabout;None;None;Did not leave carriageway;None;Nearside;1;Not known;Male;22;21 - 25;-1;-1;-1;6;Urban area;6
2019010162447;508709;177703;-0.435666;51.487838;Metropolitan Police;Slight;2;2;09/02/2019;Saturday;05:20;Hillingdon;Hillingdon;A;437;Single carriageway;30 MPH;Mini-roundabout;Give way or uncontrolled;Unclassified;0;None within 50 metres ;No physical crossing facilities within 50 metres;Daylight;Fine no high winds;Dry;None;None;Urban;Yes;E01002448;1;1;Passenger;Male;54;8;Slight;Not a Pedestrian;Not a Pedestrian;Front seat passenger;Not a bus or coach passenger;No / Not applicable;9;Cyclist;Most deprived 10%;2;Car;No tow/articulation;Going ahead other;On main c'way - not in restricted lane;Entering roundabout;None;None;Did not leave carriageway;None;Offside;1;Not known;Male;50;46 - 55;-1;-1;-1;6;Urban area;6
2019010162447;508709;177703;-0.435666;51.487838;Metropolitan Police;Slight;2;2;09/02/2019;Saturday;05:20;Hillingdon;Hillingdon;A;437;Single carriageway;30 MPH;Mini-roundabout;Give way or uncontrolled;Unclassified;0;None within 50 metres ;No physical crossing facilities within 50 metres;Daylight;Fine no high winds;Dry;None;None;Urban;Yes;E01002448;1;2;Passenger;Male;53;8;Slight;Not a Pedestrian;Not a Pedestrian;Rear seat passenger;Not a bus or coach passenger;No / Not applicable;9;Cyclist;Most deprived 10%;1;Car;No tow/articulation;Going ahead other;On main c'way - not in restricted lane;Leaving roundabout;None;None;Did not leave carriageway;None;Nearside;1;Not known;Male;22;21 - 25;-1;-1;-1;6;Urban area;6
2019010162447;508709;177703;-0.435666;51.487838;Metropolitan Police;Slight;2;2;09/02/2019;Saturday;05:20;Hillingdon;Hillingdon;A;437;Single carriageway;30 MPH;Mini-roundabout;Give way or uncontrolled;Unclassified;0;None within 50 metres ;No physical crossing facilities within 50 metres;Daylight;Fine no high winds;Dry;None;None;Urban;Yes;E01002448;1;2;Passenger;Male;53;8;Slight;Not a Pedestrian;Not a Pedestrian;Rear seat passenger;Not a bus or coach passenger;No / Not applicable;9;Cyclist;Most deprived 10%;2;Car;No tow/articulation;Going ahead other;On main c'way - not in restricted lane;Entering roundabout;None;None;Did not leave carriageway;None;Offside;1;Not known;Male;50;46 - 55;-1;-1;-1;6;Urban area;6
2019010162449;536797;188297;-0.027235;51.576947;Metropolitan Police;Slight;2;1;09/02/2019;Saturday;20:00;Waltham Forest;Waltham Forest;Unclassified;0;Single carriageway;20 MPH;T or staggered junction;Give way or uncontrolled;Unclassified;0;None within 50 metres ;No physical crossing facilities within 50 metres;Daylight;Fine + high winds;Dry;None;None;Urban;No - accident was reported using a self completion  form (self rep only);E01004445;1;1;Driver or rider;Female;58;9;Slight;Not a Pedestrian;Not a Pedestrian;Not car passenger;Not a bus or coach passenger;No / Not applicable;1;Cyclist;More deprived 30-40%;1;Pedal cycle;Data missing or out of range;Data missing or out of range;Data missing or out of range;Approaching junction or waiting/parked at junction approach;Data missing or out of range;Data missing or out of range;Data missing or out of range;Data missing or out of range;Data missing or out of range;1;Not known;Female;58;56 - 65;-1;-1;-1;4;Urban area;4
2019010162449;536797;188297;-0.027235;51.576947;Metropolitan Police;Slight;2;1;09/02/2019;Saturday;20:00;Waltham Forest;Waltham Forest;Unclassified;0;Single carriageway;20 MPH;T or staggered junction;Give way or uncontrolled;Unclassified;0;None within 50 metres ;No physical crossing facilities within 50 metres;Daylight;Fine + high winds;Dry;None;None;Urban;No - accident was reported using a self completion  form (self rep only);E01004445;1;1;Driver or rider;Female;58;9;Slight;Not a Pedestrian;Not a Pedestrian;Not car passenger;Not a bus or coach passenger;No / Not applicable;1;Cyclist;More deprived 30-40%;2;Car;No tow/articulation;Data missing or out of range;Data missing or out of range;Approaching junction or waiting/parked at junction approach;Data missing or out of range;Data missing or out of range;Data missing or out of range;Data missing or out of range;Front;-1;Not known;Not known;-1;Data missing or out of range;-1;-1;-1;-1;Data missing or out of range;-1
2019010162453;530670;173603;-0.121044;51.446349;Metropolitan Police;Slight;1;1;09/02/2019;Saturday;14:15;Lambeth;Lambeth;Unclassified;0;Single carriageway;30 MPH;Other junction;Give way or uncontrolled;Unclassified;0;None within 50 metres ;No physical crossing facilities within 50 metres;Daylight;Fine no high winds;Dry;None;None;Urban;Yes;E01003025;1;1;Pedestrian;Male;4;1;Slight;In carriageway, not crossing;Unknown or other;Not car passenger;Not a bus or coach passenger;No / Not applicable;0;Cyclist;More deprived 10-20%;1;Car;No tow/articulation;Going ahead other;On main c'way - not in restricted lane;Approaching junction or waiting/parked at junction approach;None;None;Did not leave carriageway;None;Front;1;Not known;Male;25;21 - 25;-1;-1;-1;5;Urban area;5
2019010162456;531666;179444;-0.104546;51.49861;Metropolitan Police;Slight;2;1;08/02/2019;Friday;08:12;Southwark;Southwark;A;201;Roundabout;20 MPH;Roundabout;Auto traffic signal;A;3202;Data missing or out of range;Pedestrian phase at traffic signal junction;Darkness - lights lit;Fine + high winds;Data missing or out of range;None;None;Urban;No - accident was reported using a self completion  form (self rep only);E01032584;1;1;Driver or rider;Male;29;6;Slight;Not a Pedestrian;Not a Pedestrian;Not car passenger;Not a bus or coach passenger;No / Not applicable;9;Cyclist;More deprived 20-30%;1;Car;No tow/articulation;Data missing or out of range;Data missing or out of range;Data missing or out of range;Data missing or out of range;Data missing or out of range;Data missing or out of range;Data missing or out of range;Back;-1;Not known;Male;29;26 - 35;-1;-1;-1;3;Urban area;3
2019010162456;531666;179444;-0.104546;51.49861;Metropolitan Police;Slight;2;1;08/02/2019;Friday;08:12;Southwark;Southwark;A;201;Roundabout;20 MPH;Roundabout;Auto traffic signal;A;3202;Data missing or out of range;Pedestrian phase at traffic signal junction;Darkness - lights lit;Fine + high winds;Data missing or out of range;None;None;Urban;No - accident was reported using a self completion  form (self rep only);E01032584;1;1;Driver or rider;Male;29;6;Slight;Not a Pedestrian;Not a Pedestrian;Not car passenger;Not a bus or coach passenger;No / Not applicable;9;Cyclist;More deprived 20-30%;2;Car;No tow/articulation;Data missing or out of range;Data missing or out of range;Data missing or out of range;Data missing or out of range;Data missing or out of range;Data missing or out of range;Data missing or out of range;Data missing or out of range;-1;Not known;Not known;-1;Data missing or out of range;-1;-1;-1;-1;Data missing or out of range;-1
2019010162457;534101;183084;-0.068103;51.530749;Metropolitan Police;Slight;1;1;06/02/2019;Wednesday;22:50;Tower Hamlets;Tower Hamlets;Unclassified;0;Unknown;20 MPH;Not at junction or within 20 metres;Data missing or out of range;-1;0;None within 50 metres ;No physical crossing facilities within 50 metres;Darkness - lights lit;Raining no high winds;Wet or damp;None;None;Urban;No - accident was reported using a self completion  form (self rep only);E01004318;1;1;Driver or rider;Male;33;6;Slight;Not a Pedestrian;Not a Pedestrian;Not car passenger;Not a bus or coach passenger;No / Not applicable;8;Cyclist;Most deprived 10%;1;Taxi/Private hire car;No tow/articulation;Data missing or out of range;Data missing or out of range;Not at or within 20 metres of junction;Data missing or out of range;Data missing or out of range;Data missing or out of range;Data missing or out of range;Data missing or out of range;-1;Not known;Male;33;26 - 35;-1;-1;-1;1;Urban area;1
2019010162458;533597;193816;-0.071287;51.627309;Metropolitan Police;Slight;2;1;09/02/2019;Saturday;02:00;Enfield;Enfield;B;154;Single carriageway;30 MPH;Data missing or out of range;Data missing or out of range;Unclassified;0;Data missing or out of range;Data missing or out of range;Daylight;Fine no high winds;Wet or damp;None;None;Urban;No - accident was reported using a self completion  form (self rep only);E01001461;1;1;Driver or rider;Male;31;6;Slight;Not a Pedestrian;Not a Pedestrian;Not car passenger;Not a bus or coach passenger;No / Not applicable;9;Cyclist;Less deprived 30-40%;1;Car;No tow/articulation;Data missing or out of range;Data missing or out of range;Data missing or out of range;Data missing or out of range;Data missing or out of range;Data missing or out of range;Data missing or out of range;Data missing or out of range;-1;Not known;Male;31;26 - 35;-1;-1;-1;7;Urban area;7
2019010162458;533597;193816;-0.071287;51.627309;Metropolitan Police;Slight;2;1;09/02/2019;Saturday;02:00;Enfield;Enfield;B;154;Single carriageway;30 MPH;Data missing or out of range;Data missing or out of range;Unclassified;0;Data missing or out of range;Data missing or out of range;Daylight;Fine no high winds;Wet or damp;None;None;Urban;No - accident was reported using a self completion  form (self rep only);E01001461;1;1;Driver or rider;Male;31;6;Slight;Not a Pedestrian;Not a Pedestrian;Not car passenger;Not a bus or coach passenger;No / Not applicable;9;Cyclist;Less deprived 30-40%;2;Car;No tow/articulation;Data missing or out of range;Data missing or out of range;Data missing or out of range;Data missing or out of range;Data missing or out of range;Data missing or out of range;Data missing or out of range;Data missing or out of range;-1;Not known;Not known;-1;Data missing or out of range;-1;-1;-1;8;Urban area;8
2019010162463;534757;172488;-0.062692;51.435372;Metropolitan Police;Slight;1;1;09/02/2019;Saturday;14:00;Lewisham;Lewisham;C;0;Single carriageway;20 MPH;T or staggered junction;Stop sign;Unclassified;0;None within 50 metres ;No physical crossing facilities within 50 metres;Daylight;Fine + high winds;Dry;None;None;Urban;Yes;E01003257;1;1;Pedestrian;Female;19;4;Slight;In carriageway, not crossing;In carriageway, stationary - not crossing  (standing or playing);Not car passenger;Not a bus or coach passenger;No / Not applicable;0;-1;Data missing or out of range;1;Car;No tow/articulation;Going ahead other;On main c'way - not in restricted lane;Mid Junction - on roundabout or on main road;None;None;Did not leave carriageway;None;Front;1;Commuting to/from work;Male;42;36 - 45;-1;-1;-1;9;Urban area;9
2019010162465;519557;182255;-0.277953;51.526562;Metropolitan Police;Slight;2;1;09/02/2019;Saturday;12:30;Ealing;Ealing;A;40;Dual carriageway;20 MPH;Data missing or out of range;Data missing or out of range;Unclassified;0;None within 50 metres ;No physical crossing facilities within 50 metres;Daylight;Fine no high winds;Dry;None;None;Urban;No - accident was reported using a self completion  form (self rep only);E01001247;1;1;Driver or rider;Male;49;8;Slight;Not a Pedestrian;Not a Pedestrian;Not car passenger;Not a bus or coach passenger;No / Not applicable;9;Cyclist;More deprived 10-20%;1;Car;No tow/articulation;Data missing or out of range;Data missing or out of range;Data missing or out of range;Data missing or out of range;Data missing or out of range;Data missing or out of range;Data missing or out of range;Back;-1;Commuting to/from work;Male;49;46 - 55;-1;-1;-1;2;Urban area;2
2019010162465;519557;182255;-0.277953;51.526562;Metropolitan Police;Slight;2;1;09/02/2019;Saturday;12:30;Ealing;Ealing;A;40;Dual carriageway;20 MPH;Data missing or out of range;Data missing or out of range;Unclassified;0;None within 50 metres ;No physical crossing facilities within 50 metres;Daylight;Fine no high winds;Dry;None;None;Urban;No - accident was reported using a self completion  form (self rep only);E01001247;1;1;Driver or rider;Male;49;8;Slight;Not a Pedestrian;Not a Pedestrian;Not car passenger;Not a bus or coach passenger;No / Not applicable;9;Cyclist;More deprived 10-20%;2;Car;No tow/articulation;Data missing or out of range;Data missing or out of range;Data missing or out of range;Data missing or out of range;Data missing or out of range;Data missing or out of range;Data missing or out of range;Front;-1;Not known;Not known;-1;Data missing or out of range;-1;-1;-1;-1;Data missing or out of range;-1
2019010162466;525996;180610;-0.18577;51.51038;Metropolitan Police;Serious;3;7;09/02/2019;Saturday;05:44;Westminster;Westminster;A;402;One way street;30 MPH;T or staggered junction;Auto traffic signal;B;411;Control by other authorised person;Pedestrian phase at traffic signal junction;Daylight;Fine no high winds;Dry;None;None;Urban;Yes;E01004695;1;1;Pedestrian;Male;35;6;Slight;Crossing on pedestrian crossing facility;Crossing from driver's offside;Not car passenger;Not a bus or coach passenger;No / Not applicable;0;-1;Data missing or out of range;1;Taxi/Private hire car;No tow/articulation;Turning left;On main c'way - not in restricted lane;Mid Junction - on roundabout or on main road;None;None;Did not leave carriageway;None;Front;1;Journey as part of work;Male;43;36 - 45;-1;-1;-1;-1;Data missing or out of range;-1
2019010162466;525996;180610;-0.18577;51.51038;Metropolitan Police;Serious;3;7;09/02/2019;Saturday;05:44;Westminster;Westminster;A;402;One way street;30 MPH;T or staggered junction;Auto traffic signal;B;411;Control by other authorised person;Pedestrian phase at traffic signal junction;Daylight;Fine no high winds;Dry;None;None;Urban;Yes;E01004695;1;1;Pedestrian;Male;35;6;Slight;Crossing on pedestrian crossing facility;Crossing from driver's offside;Not car passenger;Not a bus or coach passenger;No / Not applicable;0;-1;Data missing or out of range;2;Taxi/Private hire car;No tow/articulation;Going ahead other;On main c'way - not in restricted lane;Mid Junction - on roundabout or on main road;None;None;Straight ahead at junction;None;Front;1;Journey as part of work;Male;56;56 - 65;-1;-1;-1;6;Urban area;6
2019010162466;525996;180610;-0.18577;51.51038;Metropolitan Police;Serious;3;7;09/02/2019;Saturday;05:44;Westminster;Westminster;A;402;One way street;30 MPH;T or staggered junction;Auto traffic signal;B;411;Control by other authorised person;Pedestrian phase at traffic signal junction;Daylight;Fine no high winds;Dry;None;None;Urban;Yes;E01004695;1;1;Pedestrian;Male;35;6;Slight;Crossing on pedestrian crossing facility;Crossing from driver's offside;Not car passenger;Not a bus or coach passenger;No / Not applicable;0;-1;Data missing or out of range;3;Taxi/Private hire car;No tow/articulation;Going ahead other;On main c'way - not in restricted lane;Mid Junction - on roundabout or on main road;None;None;Did not leave carriageway;None;Front;1;Journey as part of work;Male;52;46 - 55;-1;-1;-1;9;Urban area;9
2019010162466;525996;180610;-0.18577;51.51038;Metropolitan Police;Serious;3;7;09/02/2019;Saturday;05:44;Westminster;Westminster;A;402;One way street;30 MPH;T or staggered junction;Auto traffic signal;B;411;Control by other authorised person;Pedestrian phase at traffic signal junction;Daylight;Fine no high winds;Dry;None;None;Urban;Yes;E01004695;1;2;Pedestrian;Female;35;6;Serious;Crossing on pedestrian crossing facility;Crossing from driver's nearside;Not car passenger;Not a bus or coach passenger;No / Not applicable;0;-1;Data missing or out of range;1;Taxi/Private hire car;No tow/articulation;Turning left;On main c'way - not in restricted lane;Mid Junction - on roundabout or on main road;None;None;Did not leave carriageway;None;Front;1;Journey as part of work;Male;43;36 - 45;-1;-1;-1;-1;Data missing or out of range;-1
2019010162466;525996;180610;-0.18577;51.51038;Metropolitan Police;Serious;3;7;09/02/2019;Saturday;05:44;Westminster;Westminster;A;402;One way street;30 MPH;T or staggered junction;Auto traffic signal;B;411;Control by other authorised person;Pedestrian phase at traffic signal junction;Daylight;Fine no high winds;Dry;None;None;Urban;Yes;E01004695;1;2;Pedestrian;Female;35;6;Serious;Crossing on pedestrian crossing facility;Crossing from driver's nearside;Not car passenger;Not a bus or coach passenger;No / Not applicable;0;-1;Data missing or out of range;2;Taxi/Private hire car;No tow/articulation;Going ahead other;On main c'way - not in restricted lane;Mid Junction - on roundabout or on main road;None;None;Straight ahead at junction;None;Front;1;Journey as part of work;Male;56;56 - 65;-1;-1;-1;6;Urban area;6
2019010162466;525996;180610;-0.18577;51.51038;Metropolitan Police;Serious;3;7;09/02/2019;Saturday;05:44;Westminster;Westminster;A;402;One way street;30 MPH;T or staggered junction;Auto traffic signal;B;411;Control by other authorised person;Pedestrian phase at traffic signal junction;Daylight;Fine no high winds;Dry;None;None;Urban;Yes;E01004695;1;2;Pedestrian;Female;35;6;Serious;Crossing on pedestrian crossing facility;Crossing from driver's nearside;Not car passenger;Not a bus or coach passenger;No / Not applicable;0;-1;Data missing or out of range;3;Taxi/Private hire car;No tow/articulation;Going ahead other;On main c'way - not in restricted lane;Mid Junction - on roundabout or on main road;None;None;Did not leave carriageway;None;Front;1;Journey as part of work;Male;52;46 - 55;-1;-1;-1;9;Urban area;9
2019010162466;525996;180610;-0.18577;51.51038;Metropolitan Police;Serious;3;7;09/02/2019;Saturday;05:44;Westminster;Westminster;A;402;One way street;30 MPH;T or staggered junction;Auto traffic signal;B;411;Control by other authorised person;Pedestrian phase at traffic signal junction;Daylight;Fine no high winds;Dry;None;None;Urban;Yes;E01004695;1;3;Pedestrian;Female;2;1;Slight;Crossing on pedestrian crossing facility;Crossing from driver's nearside;Not car passenger;Not a bus or coach passenger;No / Not applicable;0;-1;Data missing or out of range;1;Taxi/Private hire car;No tow/articulation;Turning left;On main c'way - not in restricted lane;Mid Junction - on roundabout or on main road;None;None;Did not leave carriageway;None;Front;1;Journey as part of work;Male;43;36 - 45;-1;-1;-1;-1;Data missing or out of range;-1
2019010162466;525996;180610;-0.18577;51.51038;Metropolitan Police;Serious;3;7;09/02/2019;Saturday;05:44;Westminster;Westminster;A;402;One way street;30 MPH;T or staggered junction;Auto traffic signal;B;411;Control by other authorised person;Pedestrian phase at traffic signal junction;Daylight;Fine no high winds;Dry;None;None;Urban;Yes;E01004695;1;3;Pedestrian;Female;2;1;Slight;Crossing on pedestrian crossing facility;Crossing from driver's nearside;Not car passenger;Not a bus or coach passenger;No / Not applicable;0;-1;Data missing or out of range;2;Taxi/Private hire car;No tow/articulation;Going ahead other;On main c'way - not in restricted lane;Mid Junction - on roundabout or on main road;None;None;Straight ahead at junction;None;Front;1;Journey as part of work;Male;56;56 - 65;-1;-1;-1;6;Urban area;6